bombs,coins,death,entropy,entropy_coef,explained_variance,loss,pg_loss,return,turns,value_loss,progress,world_steps,stage_iteration,network,stage,stage_index,iteration,win,opp_coins,opp_death,opp_win
0.0,2.109375,0.0,1.2767392,0.00868701,-0.035310388,-0.050886538,-0.052378826,-1.8906244,200.0,0.02516667,0.0,200.0,0,FC128,collect,0,0,,,,
0.0,2.0234375,0.0,1.2772293,0.008682914,-0.03621435,-0.050581105,-0.051517,-1.976562,200.0,0.024051934,0.00050025014,200.0,1,FC128,collect,0,1,,,,
0.0,2.0351562,0.0,1.2754257,0.008678819,-0.028868675,-0.045699622,-0.047019195,-1.9648432,200.0,0.024777522,0.0010005003,200.0,2,FC128,collect,0,2,,,,
0.0,1.9648438,0.0,1.2749555,0.008674723,-0.029326916,-0.04581012,-0.04671485,-2.0351558,200.0,0.02392924,0.0015007504,200.0,3,FC128,collect,0,3,,,,
0.0,1.984375,0.0,1.2736562,0.008670628,-0.024492383,-0.041548017,-0.042632725,-2.0156245,200.0,0.024256213,0.0020010006,200.0,4,FC128,collect,0,4,,,,
0.0,2.1289062,0.0,1.2717053,0.008666532,-0.014325142,-0.03210098,-0.03435012,-1.871093,200.0,0.026540827,0.0025012507,200.0,5,FC128,collect,0,5,,,,
0.0,2.2539062,0.0,1.2726524,0.008662437,-0.008662462,-0.024190694,-0.027100401,-1.746093,200.0,0.027867958,0.0030015009,200.0,6,FC128,collect,0,6,,,,
0.0,2.0078125,0.0,1.2718451,0.008658341,-0.01201117,-0.02937537,-0.030928835,-1.992187,200.0,0.025131067,0.003501751,200.0,7,FC128,collect,0,7,,,,
0.0,2.0117188,0.0,1.2730956,0.008654245,-0.008733392,-0.02474833,-0.026077904,-1.9882808,200.0,0.02469451,0.004002001,200.0,8,FC128,collect,0,8,,,,
0.0,1.9414062,0.0,1.2705437,0.00865015,-0.0062214136,-0.020049877,-0.021687323,-2.0585933,200.0,0.02525568,0.0045022513,200.0,9,FC128,collect,0,9,,,,
0.0,2.1835938,0.0,1.2704519,0.008646054,-0.0011410713,-0.0063194735,-0.009653732,-1.8164057,200.0,0.028637309,0.0050025014,200.0,10,FC128,collect,0,10,,,,
0.0,1.9921875,0.0,1.2674035,0.008641959,-0.0008904934,-0.006283927,-0.008991266,-2.007812,200.0,0.027320376,0.0055027516,200.0,11,FC128,collect,0,11,,,,
0.0,2.0546875,0.0,1.2650774,0.008637863,4.5478344e-05,0.0022845902,-0.0010176032,-1.9453118,200.0,0.028459517,0.0060030017,200.0,12,FC128,collect,0,12,,,,
0.0,2.1328125,0.0,1.2622589,0.008633768,-0.0005233288,0.013173229,0.0083102,-1.8671868,200.0,0.03152216,0.006503252,200.0,13,FC128,collect,0,13,,,,
0.0,1.984375,0.0,1.2572877,0.008629672,-0.000715971,0.013319226,0.009123442,-2.0156245,200.0,0.030091528,0.007003502,200.0,14,FC128,collect,0,14,,,,
0.0,2.015625,0.0,1.2561547,0.008625576,-0.0015678406,0.017732568,0.013160176,-1.9843745,200.0,0.030814903,0.007503752,200.0,15,FC128,collect,0,15,,,,
0.0,2.0429688,0.0,1.2539587,0.008621481,-0.0025738478,0.023234155,0.017418163,-1.9570305,200.0,0.03325395,0.008004002,200.0,16,FC128,collect,0,16,,,,
0.0,2.0351562,0.0,1.253249,0.008617385,-0.0027991533,0.02380879,0.018107798,-1.9648433,200.0,0.033001445,0.008504253,200.0,17,FC128,collect,0,17,,,,
0.0,2.0,0.0,1.2509785,0.00861329,-0.0020282269,0.02047243,0.015286687,-1.9999995,200.0,0.031921566,0.009004503,200.0,18,FC128,collect,0,18,,,,
0.0,2.2578125,0.0,1.2536047,0.008609194,-0.004129529,0.029012349,0.022496752,-1.7421868,200.0,0.03461625,0.009504752,200.0,19,FC128,collect,0,19,,,,
0.0,2.0664062,0.0,1.2502195,0.008605099,-0.0018335581,0.018605772,0.013680175,-1.9335932,200.0,0.03136772,0.010005003,200.0,20,FC128,collect,0,20,,,,
0.0,2.2851562,0.0,1.2506872,0.008601003,-0.0026330948,0.023092022,0.016823469,-1.714843,200.0,0.034051433,0.010505253,200.0,21,FC128,collect,0,21,,,,
0.0,2.1992188,0.0,1.251083,0.008596908,-0.0012125969,0.016921159,0.011496013,-1.8007805,200.0,0.032361183,0.011005503,200.0,22,FC128,collect,0,22,,,,
0.0,2.0664062,0.0,1.2508649,0.008592812,-0.0001809597,0.008894329,0.004738202,-1.9335933,200.0,0.029809147,0.011505753,200.0,23,FC128,collect,0,23,,,,
0.0,2.1953125,0.0,1.2529248,0.008588716,-0.0002040863,0.010082983,0.0054150326,-1.8046868,200.0,0.030857934,0.012006003,200.0,24,FC128,collect,0,24,,,,
0.0,2.0351562,0.0,1.2513036,0.008584621,2.7120113e-05,0.0026313327,-0.0012844935,-1.9648432,200.0,0.029315585,0.012506254,200.0,25,FC128,collect,0,25,,,,
0.0,2.140625,0.0,1.2546262,0.008580525,2.783537e-05,0.0041150516,-0.00010971903,-1.8593744,200.0,0.029980244,0.013006504,200.0,26,FC128,collect,0,26,,,,
0.0,2.140625,0.0,1.2524891,0.00857643,-0.00010204315,0.0014554076,-0.0023564964,-1.8593744,200.0,0.02910758,0.013506753,200.0,27,FC128,collect,0,27,,,,
0.0,2.203125,0.0,1.2506245,0.008572334,-0.00014197826,0.0022731218,-0.0021089336,-1.7968743,200.0,0.030205654,0.014007004,200.0,28,FC128,collect,0,28,,,,
0.0,2.0078125,0.0,1.2513679,0.008568239,-0.0009716749,-0.0062711705,-0.0093564065,-1.992187,200.0,0.027614512,0.014507255,200.0,29,FC128,collect,0,29,,,,
0.0,1.9804688,0.0,1.2474955,0.008564143,-0.0011597872,-0.006524021,-0.009571479,-2.0195308,200.0,0.027462376,0.015007504,200.0,30,FC128,collect,0,30,,,,
0.0,2.2070312,0.0,1.2490438,0.0085600475,-0.00018000603,0.00048744213,-0.003560442,-1.792968,200.0,0.029479517,0.015507754,200.0,31,FC128,collect,0,31,,,,
0.0,2.171875,0.0,1.2473762,0.008555952,-0.0002977848,-0.0014201514,-0.005536603,-1.8281243,200.0,0.029577885,0.016008005,200.0,32,FC128,collect,0,32,,,,
0.0,2.1757812,0.0,1.249065,0.0085518565,-0.00030982494,-0.0008530691,-0.00482454,-1.824218,200.0,0.029306592,0.016508255,200.0,33,FC128,collect,0,33,,,,
0.0,1.9960938,0.0,1.2430797,0.0085477615,-0.0011355877,-0.0065902267,-0.009753148,-2.0039055,200.0,0.02757694,0.017008506,200.0,34,FC128,collect,0,34,,,,
0.0,2.296875,0.0,1.2469116,0.0085436655,-2.4557114e-05,0.0037507657,-0.001208862,-1.7031243,200.0,0.031225648,0.017508755,200.0,35,FC128,collect,0,35,,,,
0.0,2.1132812,0.0,1.2424486,0.0085395705,-0.00038731098,-0.0024500415,-0.0062477565,-1.8867182,200.0,0.028815383,0.018009005,200.0,36,FC128,collect,0,36,,,,
0.0,2.1328125,0.0,1.2401766,0.008535475,-7.724762e-05,5.2543357e-05,-0.003889325,-1.8671868,200.0,0.029054727,0.018509256,200.0,37,FC128,collect,0,37,,,,
0.0,2.2109375,0.0,1.239449,0.008531379,-1.3113022e-06,0.0035804966,-0.0012028578,-1.7890618,200.0,0.030715127,0.019009504,200.0,38,FC128,collect,0,38,,,,
0.0,2.2851562,0.0,1.2366914,0.008527284,4.5597553e-05,0.004867661,0.00045537367,-1.7148432,200.0,0.02991581,0.019509755,200.0,39,FC128,collect,0,39,,,,
0.0,2.1210938,0.0,1.2357675,0.008523188,2.43783e-05,0.002537705,-0.0017282,-1.8789057,200.0,0.029597167,0.020010006,200.0,40,FC128,collect,0,40,,,,
0.0,2.3359375,0.0,1.2337162,0.008519093,-0.0003376007,0.010596123,0.00500014,-1.6626556,199.92969,0.03221225,0.020510256,199.92969,41,FC128,collect,0,41,,,,
0.0,2.234375,0.0,1.2300733,0.008514997,-9.691715e-05,0.0075005675,0.0025045725,-1.7656243,200.0,0.030940128,0.021010507,200.0,42,FC128,collect,0,42,,,,
0.0,2.34375,0.0,1.2328082,0.008510902,-0.00041019917,0.01194251,0.0061304662,-1.6562493,200.0,0.032608707,0.021510756,200.0,43,FC128,collect,0,43,,,,
0.0,2.1445312,0.0,1.2257403,0.008506806,2.4497509e-05,0.005514753,0.0007921868,-1.8554682,200.0,0.030299403,0.022011006,200.0,44,FC128,collect,0,44,,,,
0.0,2.2851562,0.0,1.2223194,0.008502711,-0.00023639202,0.010261749,0.004899923,-1.714843,200.0,0.03150971,0.022511257,200.0,45,FC128,collect,0,45,,,,
0.0,2.203125,0.0,1.224614,0.008498615,-0.00015556812,0.008969219,0.003784196,-1.7968743,200.0,0.03118509,0.023011506,200.0,46,FC128,collect,0,46,,,,
0.0,2.2070312,0.0,1.2210732,0.008494519,-8.225441e-06,0.007300685,0.0023441236,-1.7929682,200.0,0.030657982,0.023511756,200.0,47,FC128,collect,0,47,,,,
0.0,2.2734375,0.0,1.2189808,0.008490424,-0.0002772808,0.011032954,0.0056156316,-1.7265618,200.0,0.03153397,0.024012007,200.0,48,FC128,collect,0,48,,,,
0.0,2.046875,0.0,1.216409,0.008486328,5.8233738e-05,0.0030300142,-0.0012487345,-1.9531245,200.0,0.02920319,0.024512257,200.0,49,FC128,collect,0,49,,,,
0.0,2.2421875,0.0,1.2152301,0.008482233,-5.51939e-05,0.00932387,0.004076333,-1.7578118,200.0,0.031110803,0.025012508,200.0,50,FC128,collect,0,50,,,,
0.0,2.2148438,0.0,1.2160885,0.008478137,-7.045269e-05,0.0077547254,0.0027211325,-1.7851555,200.0,0.030687515,0.025512757,200.0,51,FC128,collect,0,51,,,,
0.0,2.1992188,0.0,1.2147015,0.008474042,2.771616e-05,0.008110823,0.0028041978,-1.8007805,200.0,0.031200113,0.026013007,200.0,52,FC128,collect,0,52,,,,
0.0,2.3710938,0.0,1.2143837,0.008469946,-0.00035429,0.012154353,0.0065193614,-1.6289055,200.0,0.031841513,0.026513258,200.0,53,FC128,collect,0,53,,,,
0.0,2.1328125,0.0,1.2116898,0.00846585,8.08835e-05,0.0047957385,0.000120841265,-1.8671869,200.0,0.029865764,0.027013507,200.0,54,FC128,collect,0,54,,,,
0.0,2.3007812,0.0,1.2108905,0.008461755,-2.18153e-05,0.0075310124,0.002146204,-1.699218,200.0,0.031262133,0.027513757,200.0,55,FC128,collect,0,55,,,,
0.0,2.2695312,0.0,1.2108612,0.008457659,5.978346e-05,0.0069597745,0.0018263629,-1.730468,200.0,0.030748926,0.028014008,200.0,56,FC128,collect,0,56,,,,
0.0,2.3554688,0.0,1.2121108,0.008453564,-5.1140785e-05,0.009802672,0.0040715765,-1.6445305,200.0,0.031955503,0.028514259,200.0,57,FC128,collect,0,57,,,,
0.0,2.3085938,0.0,1.2125407,0.008449468,1.1861324e-05,0.007958717,0.0025390612,-1.6914055,200.0,0.03132996,0.02901451,200.0,58,FC128,collect,0,58,,,,
0.0,2.2070312,0.0,1.2096189,0.008445373,-8.225441e-06,0.0035727862,-0.0015489467,-1.792968,200.0,0.030674832,0.029514758,200.0,59,FC128,collect,0,59,,,,
0.0,2.4101562,0.0,1.2127018,0.008441277,-5.4836273e-06,0.008381052,0.0024152435,-1.589843,200.0,0.03240512,0.030015009,200.0,60,FC128,collect,0,60,,,,
0.0,2.3554688,0.0,1.2128466,0.008437181,0.000107228756,0.0069857156,0.001428616,-1.6445305,200.0,0.031580213,0.03051526,200.0,61,FC128,collect,0,61,,,,
0.0,2.328125,0.0,1.2137371,0.008433086,2.1994114e-05,0.0061824806,0.00081044505,-1.6718743,200.0,0.03121517,0.031015508,200.0,62,FC128,collect,0,62,,,,
0.0,2.2578125,0.0,1.212326,0.00842899,6.407499e-05,0.0022830442,-0.0026682294,-1.7421868,200.0,0.030339913,0.03151576,200.0,63,FC128,collect,0,63,,,,
0.0,2.125,0.0,1.2094862,0.008424895,-0.00027418137,-0.00068401825,-0.005003411,-1.8749993,200.0,0.029018376,0.03201601,200.0,64,FC128,collect,0,64,,,,
0.0,2.3515625,0.0,1.2095261,0.008420799,6.1154366e-05,0.006335466,0.0007987329,-1.6484368,200.0,0.03144382,0.03251626,200.0,65,FC128,collect,0,65,,,,
0.0,2.3046875,0.0,1.2102324,0.008416704,0.00010895729,0.004098841,-0.00096633314,-1.6953119,200.0,0.030502683,0.03301651,200.0,66,FC128,collect,0,66,,,,
0.0,2.1445312,0.0,1.2060356,0.008412608,-0.00013661385,-6.75777e-05,-0.0047021955,-1.855468,200.0,0.029561045,0.03351676,200.0,67,FC128,collect,0,67,,,,
0.0,2.1875,0.0,1.2054437,0.008408513,-0.000118136406,-0.00019600149,-0.004698447,-1.8124994,200.0,0.02927687,0.03401701,200.0,68,FC128,collect,0,68,,,,
0.0,2.3320312,0.0,1.2057356,0.008404417,9.11355e-05,0.007403454,0.0015869366,-1.667968,200.0,0.031900045,0.03451726,200.0,69,FC128,collect,0,69,,,,
0.0,2.234375,0.0,1.2036358,0.008400321,0.0001296401,0.0041562505,-0.0010339406,-1.7656243,200.0,0.030602235,0.03501751,200.0,70,FC128,collect,0,70,,,,
0.0,2.2734375,0.0,1.2049634,0.008396226,0.00017541647,0.005474291,0.00043500273,-1.7265618,200.0,0.030312866,0.03551776,200.0,71,FC128,collect,0,71,,,,
0.0,2.2578125,0.0,1.199688,0.00839213,0.00011879206,0.005054733,7.444858e-05,-1.7421868,200.0,0.030096442,0.03601801,200.0,72,FC128,collect,0,72,,,,
0.0,2.2929688,0.0,1.1976173,0.008388035,5.4121017e-05,0.0060856184,0.0009847757,-1.7070305,200.0,0.030292997,0.03651826,200.0,73,FC128,collect,0,73,,,,
0.0,2.1367188,0.0,1.1991802,0.008383939,1.2993813e-05,0.0014384631,-0.003189462,-1.8632805,200.0,0.02936356,0.03701851,200.0,74,FC128,collect,0,74,,,,
0.0,2.2304688,0.0,1.1971257,0.008379844,6.0021877e-05,0.0054583605,0.00019974052,-1.7695305,200.0,0.030580692,0.037518762,200.0,75,FC128,collect,0,75,,,,
0.0,2.3007812,0.0,1.1949923,0.008375748,-5.9604645e-05,0.007252292,0.0016973311,-1.699218,200.0,0.031127831,0.03801901,200.0,76,FC128,collect,0,76,,,,
0.0,2.4257812,0.0,1.1936753,0.008371652,-0.00026369095,0.011690262,0.005338891,-1.574218,200.0,0.03268881,0.03851926,200.0,77,FC128,collect,0,77,,,,
0.0,2.421875,0.0,1.1948913,0.008367557,-0.0002529621,0.012330206,0.005896131,-1.5781243,200.0,0.032864794,0.03901951,200.0,78,FC128,collect,0,78,,,,
0.0,2.2070312,0.0,1.1957659,0.008363461,9.5009804e-05,0.0047592996,-0.00028950215,-1.792968,200.0,0.030099086,0.03951976,200.0,79,FC128,collect,0,79,,,,
0.0,2.4570312,0.0,1.1944975,0.008359366,-0.00024223328,0.011078358,0.004649494,-1.542968,200.0,0.03282821,0.04002001,200.0,80,FC128,collect,0,80,,,,
0.0,2.3085938,0.0,1.1951237,0.00835527,9.793043e-05,0.0073331203,0.0018412641,-1.6914055,200.0,0.030954875,0.040520262,200.0,81,FC128,collect,0,81,,,,
0.0,2.3007812,0.0,1.1929301,0.008351175,8.350611e-05,0.0058837747,0.00050066115,-1.699218,200.0,0.030690964,0.041020513,200.0,82,FC128,collect,0,82,,,,
0.0,2.3398438,0.0,1.1949294,0.008347079,0.00012773275,0.0061262483,0.0003958909,-1.6601555,200.0,0.031409055,0.041520763,200.0,83,FC128,collect,0,83,,,,
0.0,2.3242188,0.0,1.1937691,0.008342983,0.000111460686,0.0053369766,-0.00010005772,-1.6757805,200.0,0.030793259,0.042021014,200.0,84,FC128,collect,0,84,,,,
0.0,2.2382812,0.0,1.1969111,0.008338888,6.0617924e-05,0.0030708387,-0.002151049,-1.761718,200.0,0.03040559,0.04252126,200.0,85,FC128,collect,0,85,,,,
0.0,2.453125,0.0,1.1959605,0.008334792,0.00012421608,0.008748638,0.00247034,-1.5468743,200.0,0.03249276,0.04302151,200.0,86,FC128,collect,0,86,,,,
0.0,2.3164062,0.0,1.1965266,0.008330697,0.00010496378,0.0042240135,-0.0013196197,-1.683593,200.0,0.031023068,0.043521762,200.0,87,FC128,collect,0,87,,,,
0.0,2.2460938,0.0,1.1937288,0.008326601,4.5597553e-05,0.0010011671,-0.004124648,-1.7539055,200.0,0.030131038,0.044022013,200.0,88,FC128,collect,0,88,,,,
0.0,2.2851562,0.0,1.1950591,0.008322506,8.755922e-05,0.0035748128,-0.0018936291,-1.714843,200.0,0.030828657,0.044522263,200.0,89,FC128,collect,0,89,,,,
0.0,2.140625,0.0,1.1959637,0.00831841,-0.00031805038,-0.002178173,-0.00664165,-1.8593743,200.0,0.028823989,0.045022514,200.0,90,FC128,collect,0,90,,,,
0.0,2.2929688,0.0,1.1946719,0.008314314,0.00019353628,0.0032758955,-0.002280466,-1.7070305,200.0,0.030978478,0.045522764,200.0,91,FC128,collect,0,91,,,,
0.0,2.2929688,0.0,1.1925987,0.008310219,0.00020724535,0.004169883,-0.0011594142,-1.7070305,200.0,0.030480107,0.04602301,200.0,92,FC128,collect,0,92,,,,
0.0,2.265625,0.0,1.1886637,0.008306123,0.00016349554,0.003995301,-0.0014449629,-1.7343743,200.0,0.030626902,0.04652326,200.0,93,FC128,collect,0,93,,,,
0.0,2.3671875,0.0,1.1881253,0.008302028,0.00019913912,0.0076894425,0.0019818272,-1.6328118,200.0,0.03114293,0.047023512,200.0,94,FC128,collect,0,94,,,,
0.0,2.3085938,0.0,1.1880108,0.008297932,0.00021612644,0.006511544,0.0009101802,-1.6914055,200.0,0.030918796,0.047523763,200.0,95,FC128,collect,0,95,,,,
0.0,2.2226562,0.0,1.1820695,0.008293837,0.00019866228,0.0043254467,-0.0010839179,-1.777343,200.0,0.030426513,0.048024014,200.0,96,FC128,collect,0,96,,,,
0.0,2.375,0.0,1.1842735,0.008289741,0.000104010105,0.009494934,0.0033520262,-1.6249993,200.0,0.03192046,0.048524264,200.0,97,FC128,collect,0,97,,,,
0.0,2.34375,0.0,1.1844356,0.008285645,0.00015312433,0.008037908,0.0017614202,-1.6562493,200.0,0.032180604,0.049024515,200.0,98,FC128,collect,0,98,,,,
0.0,2.21875,0.0,1.1831771,0.00828155,0.00032562017,0.002415251,-0.0027406293,-1.7812493,200.0,0.029908841,0.049524765,200.0,99,FC128,collect,0,99,,,,
0.0,2.296875,0.0,1.1810396,0.008277454,0.00030088425,0.0065925876,0.00053732144,-1.6982024,199.7539,0.031662535,0.050025016,199.7539,100,FC128,collect,0,100,,,,
0.0,2.1796875,0.0,1.1784637,0.008273359,0.00022423267,0.0034025759,-0.0017658352,-1.8203118,200.0,0.02983653,0.050525263,200.0,101,FC128,collect,0,101,,,,
0.0,2.3476562,0.0,1.1779317,0.008269263,0.00016504526,0.009063165,0.002834167,-1.652343,200.0,0.03193925,0.051025514,200.0,102,FC128,collect,0,102,,,,
0.0,2.2695312,0.0,1.1769935,0.008265168,0.00028419495,0.0073800664,0.001758402,-1.730468,200.0,0.030699428,0.051525764,200.0,103,FC128,collect,0,103,,,,
0.0,2.3867188,0.0,1.1775861,0.008261072,0.00011497736,0.009827597,0.003435481,-1.6132805,200.0,0.03224048,0.052026015,200.0,104,FC128,collect,0,104,,,,
0.0,2.375,0.0,1.1813153,0.008256977,0.00021445751,0.008402878,0.0024059238,-1.6249993,200.0,0.031502098,0.052526265,200.0,105,FC128,collect,0,105,,,,
0.0,2.3476562,0.0,1.1781108,0.0082528815,0.00025373697,0.00796388,0.0017149183,-1.652343,200.0,0.03194354,0.053026516,200.0,106,FC128,collect,0,106,,,,
0.0,2.1875,0.0,1.1790501,0.0082487855,0.00017464161,0.0013876092,-0.003700715,-1.8124993,200.0,0.02962811,0.053526767,200.0,107,FC128,collect,0,107,,,,
0.0,2.3242188,0.0,1.1817634,0.0082446905,0.00030744076,0.0053568976,-0.0005443181,-1.6757805,200.0,0.031288978,0.054027013,200.0,108,FC128,collect,0,108,,,,
0.0,2.2929688,0.0,1.1797541,0.0082405945,0.00029832125,0.004482935,-0.0011688563,-1.7070305,200.0,0.030747334,0.054527264,200.0,109,FC128,collect,0,109,,,,
0.0,2.2148438,0.0,1.1790049,0.0082364995,0.0002900958,0.0017404594,-0.003435328,-1.7851557,200.0,0.029773321,0.055027515,200.0,110,FC128,collect,0,110,,,,
0.0,2.3554688,0.0,1.1817005,0.008232404,0.00038796663,0.0059444914,2.286747e-05,-1.6445305,200.0,0.031299718,0.055527765,200.0,111,FC128,collect,0,111,,,,
0.0,2.2851562,0.0,1.1805416,0.0082283085,0.00050902367,0.0046156663,-0.0011908492,-1.714843,200.0,0.031040754,0.056028016,200.0,112,FC128,collect,0,112,,,,
0.0,2.1523438,0.0,1.1769873,0.008224213,0.00014913082,-0.00044127833,-0.0051117013,-1.8476555,200.0,0.028700434,0.056528267,200.0,113,FC128,collect,0,113,,,,
0.0,2.140625,0.0,1.1739435,0.008220117,0.00012803078,-0.0009901216,-0.0055591827,-1.8593743,200.0,0.028438028,0.057028517,200.0,114,FC128,collect,0,114,,,,
0.0,2.3242188,0.0,1.173395,0.008216022,0.0004094839,0.006833124,0.000799717,-1.6757805,200.0,0.03134809,0.057528768,200.0,115,FC128,collect,0,115,,,,
0.0,2.1171875,0.0,1.1726608,0.008211926,0.00035566092,0.002070575,-0.002887377,-1.8828119,200.0,0.02917551,0.05802902,200.0,116,FC128,collect,0,116,,,,
0.0,2.296875,0.0,1.1707056,0.008207831,0.0004441142,0.007902182,0.002030128,-1.7031243,200.0,0.030962013,0.058529265,200.0,117,FC128,collect,0,117,,,,
0.0,2.3125,0.0,1.1733049,0.008203735,0.000377357,0.009415853,0.0033068594,-1.6874993,200.0,0.03146895,0.059029516,200.0,118,FC128,collect,0,118,,,,
0.0,2.28125,0.0,1.1702085,0.00819964,0.00046521425,0.008053811,0.002346856,-1.7187493,200.0,0.030604485,0.059529766,200.0,119,FC128,collect,0,119,,,,
0.0,2.2460938,0.0,1.170712,0.008195544,0.0005316138,0.0065961573,0.0005336314,-1.7539055,200.0,0.031314295,0.060030017,200.0,120,FC128,collect,0,120,,,,
0.0,2.34375,0.0,1.169894,0.008191448,0.000500679,0.010022107,0.0038768903,-1.6503117,199.70312,0.031456683,0.060530268,199.70312,121,FC128,collect,0,121,,,,
0.0,2.1992188,0.0,1.1715857,0.008187353,0.000557065,0.0039527975,-0.001450817,-1.7940617,199.66406,0.029991599,0.06103052,199.66406,122,FC128,collect,0,122,,,,
0.0,2.4140625,0.0,1.1747501,0.008183257,0.0004671216,0.011470033,0.004498203,-1.5859368,200.0,0.033170223,0.06153077,200.0,123,FC128,collect,0,123,,,,
0.0,2.234375,0.0,1.1724812,0.008179162,0.0007508993,0.0058014905,0.00040675342,-1.7656243,200.0,0.029969301,0.062031016,200.0,124,FC128,collect,0,124,,,,
0.0,2.1445312,0.0,1.1765488,0.008175066,0.00073313713,0.0012264354,-0.0036993509,-1.8554682,200.0,0.029088302,0.06253127,200.0,125,FC128,collect,0,125,,,,
0.0,2.3203125,0.0,1.1764362,0.008170971,0.0007699728,0.0067710616,0.0008166253,-1.6796868,200.0,0.031134123,0.06303152,200.0,126,FC128,collect,0,126,,,,
0.0,2.4257812,0.0,1.1805357,0.008166875,0.0008382201,0.009116485,0.0026514113,-1.574218,200.0,0.03221272,0.06353177,200.0,127,FC128,collect,0,127,,,,
0.0,2.515625,0.0,1.1803503,0.00816278,0.0006040931,0.011876233,0.0050254054,-1.4822648,199.89453,0.032971535,0.06403202,199.89453,128,FC128,collect,0,128,,,,
0.0,2.2460938,0.0,1.1814126,0.008158684,0.0008046627,0.0028266953,-0.0025476983,-1.7539055,200.0,0.03002633,0.064532265,200.0,129,FC128,collect,0,129,,,,
0.0,2.3046875,0.0,1.18341,0.008154588,0.0010374784,0.0047617014,-0.0010846728,-1.6953118,200.0,0.03099319,0.06503252,200.0,130,FC128,collect,0,130,,,,
0.0,2.2109375,0.0,1.1827416,0.008150493,0.0010334253,0.0012847595,-0.003556694,-1.7890618,200.0,0.028962761,0.06553277,200.0,131,FC128,collect,0,131,,,,
0.0,2.3398438,0.0,1.1818558,0.008146397,0.0011107922,0.0051474823,-0.00038073165,-1.6601555,200.0,0.03031216,0.06603302,200.0,132,FC128,collect,0,132,,,,
0.0,2.140625,0.0,1.1838117,0.008142302,0.00070154667,-0.002151569,-0.0067146323,-1.8593744,200.0,0.028404031,0.06653327,200.0,133,FC128,collect,0,133,,,,
0.0,2.3320312,0.0,1.1774044,0.008138206,0.0014266968,0.006212908,-0.000118698175,-1.667968,200.0,0.031827133,0.06703352,200.0,134,FC128,collect,0,134,,,,
0.0,2.3515625,0.0,1.1813556,0.008134111,0.0013495088,0.0053583886,-0.0006935349,-1.6484368,200.0,0.0313224,0.06753377,200.0,135,FC128,collect,0,135,,,,
0.0,2.4296875,0.0,1.1784837,0.008130015,0.0011671185,0.010298495,0.003617748,-1.5703118,200.0,0.032523673,0.06803402,200.0,136,FC128,collect,0,136,,,,
0.0,2.1914062,0.0,1.1765933,0.008125919,0.0011917353,0.0027054623,-0.0027430006,-1.808593,200.0,0.03001873,0.06853427,200.0,137,FC128,collect,0,137,,,,
0.0,2.2734375,0.0,1.176233,0.008121824,0.0013519526,0.0058982586,0.00013402477,-1.7265618,200.0,0.030634783,0.06903452,200.0,138,FC128,collect,0,138,,,,
0.0,2.1484375,0.0,1.1705872,0.008117728,0.0015327334,0.0022883043,-0.0029229496,-1.8515618,200.0,0.029427525,0.06953477,200.0,139,FC128,collect,0,139,,,,
0.0,2.2617188,0.0,1.1733117,0.008113633,0.00143677,0.006705624,0.0008530524,-1.7382805,200.0,0.030744784,0.07003502,200.0,140,FC128,collect,0,140,,,,
0.0,2.2734375,0.0,1.1680648,0.008109537,0.0018161535,0.0071285088,0.0011221805,-1.7265618,200.0,0.030957585,0.07053527,200.0,141,FC128,collect,0,141,,,,
0.0,2.3359375,0.0,1.1675004,0.008105442,0.0017338991,0.008636796,0.0023966841,-1.6640618,200.0,0.031406436,0.07103552,200.0,142,FC128,collect,0,142,,,,
0.0,2.421875,0.0,1.1701348,0.008101346,0.0016255379,0.012186986,0.0054050004,-1.5781243,200.0,0.032523304,0.07153577,200.0,143,FC128,collect,0,143,,,,
0.0,2.3789062,0.0,1.1710632,0.00809725,0.0020012856,0.010698147,0.004077144,-1.621093,200.0,0.03220679,0.07203602,200.0,144,FC128,collect,0,144,,,,
0.0,2.4648438,0.0,1.1705389,0.008093155,0.001998961,0.012314298,0.0053756437,-1.5351555,200.0,0.032824013,0.07253627,200.0,145,FC128,collect,0,145,,,,
0.0,2.328125,0.0,1.1706952,0.008089059,0.002557516,0.005615386,3.1253396e-05,-1.6718743,200.0,0.03010791,0.07303652,200.0,146,FC128,collect,0,146,,,,
0.0,2.2226562,0.0,1.1761575,0.008084964,0.0026103854,0.0020825732,-0.0033779724,-1.777343,200.0,0.029939473,0.07353677,200.0,147,FC128,collect,0,147,,,,
0.0,2.1992188,0.0,1.1733462,0.008080868,0.0027041435,0.0007837396,-0.0043240143,-1.8007805,200.0,0.029178819,0.07403702,200.0,148,FC128,collect,0,148,,,,
0.0,2.3828125,0.0,1.1720104,0.008076773,0.0030325055,0.007839159,0.0011215982,-1.6171868,200.0,0.032367248,0.07453727,200.0,149,FC128,collect,0,149,,,,
0.0,2.34375,0.0,1.1721175,0.008072677,0.0031808615,0.006889757,0.0010539762,-1.6562493,200.0,0.030595813,0.075037524,200.0,150,FC128,collect,0,150,,,,
0.0,2.3554688,0.0,1.172961,0.008068582,0.0034421682,0.00507861,-0.001053561,-1.6445305,200.0,0.031192606,0.07553777,200.0,151,FC128,collect,0,151,,,,
0.0,2.4101562,0.0,1.1753877,0.008064486,0.0035443306,0.007785556,0.0010555586,-1.589843,200.0,0.03241779,0.07603802,200.0,152,FC128,collect,0,152,,,,
0.0,2.3359375,0.0,1.1710621,0.00806039,0.0043201447,0.0062580323,0.00020385116,-1.6640618,200.0,0.030986799,0.07653827,200.0,153,FC128,collect,0,153,,,,
0.0,2.4140625,0.0,1.1756513,0.008056295,0.0036649108,0.009472251,0.0027351165,-1.5859368,200.0,0.03241706,0.07703852,200.0,154,FC128,collect,0,154,,,,
0.0,2.4023438,0.0,1.1747671,0.008052199,0.0043224096,0.0071027325,0.00047623247,-1.5976555,200.0,0.03217192,0.07753877,200.0,155,FC128,collect,0,155,,,,
0.0,2.359375,0.0,1.1762179,0.008048104,0.004337251,0.0041008387,-0.0017372122,-1.6406243,200.0,0.030608749,0.07803902,200.0,156,FC128,collect,0,156,,,,
0.0,2.3515625,0.0,1.1729813,0.008044008,0.004491329,0.0045926655,-0.0015594241,-1.6484368,200.0,0.031175122,0.078539275,200.0,157,FC128,collect,0,157,,,,
0.0,2.3789062,0.0,1.1754457,0.008039912,0.005076945,0.0055440348,-0.00052688894,-1.621093,200.0,0.031042809,0.07903952,200.0,158,FC128,collect,0,158,,,,
0.0,2.2421875,0.0,1.1730385,0.008035817,0.00459671,0.0019047381,-0.0035812675,-1.7578118,200.0,0.029824657,0.079539776,200.0,159,FC128,collect,0,159,,,,
0.0,2.2265625,0.0,1.1744053,0.008031721,0.004920423,0.00039958302,-0.0048378333,-1.7734368,200.0,0.029339826,0.08004002,200.0,160,FC128,collect,0,160,,,,
0.0,2.3242188,0.0,1.167115,0.008027626,0.0051745176,0.0061935605,-0.00015932083,-1.6757805,200.0,0.031444088,0.08054027,200.0,161,FC128,collect,0,161,,,,
0.0,2.3554688,0.0,1.1668869,0.00802353,0.0054073334,0.0071958266,0.0008822372,-1.6445305,200.0,0.031352285,0.081040524,200.0,162,FC128,collect,0,162,,,,
0.0,2.4257812,0.0,1.1672286,0.008019435,0.0055831075,0.010312569,0.0034372436,-1.574218,200.0,0.03247168,0.08154077,200.0,163,FC128,collect,0,163,,,,
0.0,2.3203125,0.0,1.1626437,0.008015339,0.006977141,0.0072381757,0.001084868,-1.6796868,200.0,0.030944582,0.082041025,200.0,164,FC128,collect,0,164,,,,
0.0,2.3867188,0.0,1.1633341,0.008011244,0.0069233775,0.008884676,0.0018581968,-1.6132805,200.0,0.032692466,0.08254127,200.0,165,FC128,collect,0,165,,,,
0.0,2.125,0.0,1.1647481,0.008007148,0.0072229505,0.00038243644,-0.0044310796,-1.8749993,200.0,0.028279653,0.08304153,200.0,166,FC128,collect,0,166,,,,
0.0,2.3398438,0.0,1.1645473,0.008003052,0.008306563,0.007966647,0.0018410619,-1.6601555,200.0,0.030891037,0.08354177,200.0,167,FC128,collect,0,167,,,,
0.0,2.4648438,0.0,1.1649417,0.007998957,0.010348558,0.011979803,0.0050681913,-1.5351555,200.0,0.03245986,0.08404203,200.0,168,FC128,collect,0,168,,,,
0.0,2.2695312,0.0,1.1682576,0.007994861,0.010387659,0.0040354123,-0.0018915021,-1.730468,200.0,0.030533943,0.084542274,200.0,169,FC128,collect,0,169,,,,
0.0,2.2148438,0.0,1.1661733,0.007990766,0.012443006,0.00086039864,-0.004506048,-1.7851555,200.0,0.029370131,0.08504252,200.0,170,FC128,collect,0,170,,,,
0.0,2.2070312,0.0,1.1670603,0.00798667,0.011384785,0.00045874622,-0.0046121255,-1.7929682,200.0,0.028783595,0.085542776,200.0,171,FC128,collect,0,171,,,,
0.0,2.2304688,0.0,1.1636713,0.007982575,0.012891948,0.0024381205,-0.002868811,-1.7695305,200.0,0.029192049,0.08604302,200.0,172,FC128,collect,0,172,,,,
0.0,2.4609375,0.0,1.1602063,0.007978479,0.012970209,0.012825365,0.0055105686,-1.5390618,200.0,0.033142958,0.08654328,200.0,173,FC128,collect,0,173,,,,
0.0,2.2578125,0.0,1.1599472,0.007974383,0.013365984,0.0049207965,-0.00079663337,-1.7421868,200.0,0.029934587,0.087043524,200.0,174,FC128,collect,0,174,,,,
0.0,2.4296875,0.0,1.1591238,0.007970288,0.01267159,0.011975767,0.005006161,-1.5703118,200.0,0.032416314,0.08754378,200.0,175,FC128,collect,0,175,,,,
0.0,2.2695312,0.0,1.1572846,0.007966192,0.015321553,0.007422588,0.0012742304,-1.730468,200.0,0.03073502,0.088044025,200.0,176,FC128,collect,0,176,,,,
0.0,2.3710938,0.0,1.1630571,0.007962097,0.016419947,0.00936271,0.0028317058,-1.6289057,200.0,0.031582754,0.08854427,200.0,177,FC128,collect,0,177,,,,
0.0,2.3476562,0.0,1.1624049,0.007958001,0.018457294,0.0087012565,0.0022706606,-1.652343,200.0,0.03136203,0.089044526,200.0,178,FC128,collect,0,178,,,,
0.0,2.453125,0.0,1.1637559,0.007953906,0.019246578,0.010499818,0.0036248288,-1.5468743,200.0,0.03226279,0.08954477,200.0,179,FC128,collect,0,179,,,,
0.0,2.4921875,0.0,1.1689833,0.0079498105,0.022963047,0.009042622,0.0022271618,-1.5078118,200.0,0.032217313,0.09004503,200.0,180,FC128,collect,0,180,,,,
0.0,2.3789062,0.0,1.1747828,0.0079457145,0.023126662,0.0029348964,-0.002725951,-1.621093,200.0,0.029990673,0.090545274,200.0,181,FC128,collect,0,181,,,,
0.0,2.4375,0.0,1.1729788,0.0079416195,0.025002837,0.0032407567,-0.002808274,-1.5624993,200.0,0.030728763,0.09104553,200.0,182,FC128,collect,0,182,,,,
0.0,2.3515625,0.0,1.1712686,0.007937524,0.027750432,0.0021644272,-0.0034201038,-1.6484368,200.0,0.029763006,0.091545776,200.0,183,FC128,collect,0,183,,,,
0.0,2.28125,0.0,1.1639007,0.0079334285,0.026502669,0.002663604,-0.0029463863,-1.7187493,200.0,0.029687427,0.09204602,200.0,184,FC128,collect,0,184,,,,
0.0,2.3789062,0.0,1.1581606,0.007929333,0.024734974,0.0049550068,-0.00077696383,-1.621093,200.0,0.029830823,0.09254628,200.0,185,FC128,collect,0,185,,,,
0.0,2.3007812,0.0,1.1558926,0.0079252375,0.025978506,0.0048522046,-0.0007638275,-1.699218,200.0,0.029553512,0.09304652,200.0,186,FC128,collect,0,186,,,,
0.0,2.3359375,0.0,1.1555039,0.007921142,0.027483046,0.008663194,0.002221581,-1.6640618,200.0,0.031189047,0.09354678,200.0,187,FC128,collect,0,187,,,,
0.0,2.2460938,0.0,1.1544712,0.007917047,0.026461005,0.0047962563,-0.0010813769,-1.7539055,200.0,0.03003527,0.094047025,200.0,188,FC128,collect,0,188,,,,
0.0,2.5039062,0.0,1.1560916,0.007912951,0.028907299,0.012871112,0.006071856,-1.4960929,200.0,0.031894702,0.09454728,200.0,189,FC128,collect,0,189,,,,
0.0,2.2851562,0.0,1.1588185,0.007908855,0.034658134,0.0038918694,-0.0021045944,-1.714843,200.0,0.03032278,0.095047526,200.0,190,FC128,collect,0,190,,,,
0.0,2.1640625,0.0,1.1588488,0.00790476,0.04009348,-0.0016230573,-0.0065153656,-1.8359369,200.0,0.028105458,0.09554778,200.0,191,FC128,collect,0,191,,,,
0.0,2.3164062,0.0,1.1636653,0.007900664,0.04908532,0.0031674504,-0.0023291784,-1.683593,200.0,0.029380713,0.09604803,200.0,192,FC128,collect,0,192,,,,
0.0,2.4414062,0.0,1.1659786,0.007896569,0.052793086,0.0065189824,0.00052675366,-1.558593,200.0,0.030398916,0.096548274,200.0,193,FC128,collect,0,193,,,,
0.0,2.3671875,0.0,1.1625599,0.007892473,0.054066658,0.0035821833,-0.0020168014,-1.6328118,200.0,0.029548913,0.09704853,200.0,194,FC128,collect,0,194,,,,
0.0,2.3710938,0.0,1.166262,0.007888378,0.058111906,0.0044678776,-0.0012375877,-1.6289055,200.0,0.029810762,0.097548775,200.0,195,FC128,collect,0,195,,,,
0.0,2.4414062,0.0,1.1667411,0.007884282,0.06226462,0.0061718095,1.1751055e-05,-1.558593,200.0,0.030717948,0.09804903,200.0,196,FC128,collect,0,196,,,,
0.0,2.3554688,0.0,1.1650283,0.007880186,0.06635457,0.0049176235,-0.00045559256,-1.6445305,200.0,0.029107712,0.09854928,200.0,197,FC128,collect,0,197,,,,
0.0,2.1835938,0.0,1.1633878,0.007876091,0.06239015,0.00022209994,-0.004415425,-1.8164055,200.0,0.027600946,0.09904953,200.0,198,FC128,collect,0,198,,,,
0.0,2.390625,0.0,1.1607301,0.007871995,0.06890303,0.009298461,0.0029509717,-1.6058586,199.82422,0.030969502,0.09954978,199.82422,199,FC128,collect,0,199,,,,
0.0,2.3242188,0.0,1.1624905,0.0078679,0.07044369,0.008237481,0.0025752874,-1.6757805,200.0,0.029617105,0.10005003,200.0,200,FC128,collect,0,200,,,,
0.0,2.1640625,0.0,1.1578376,0.007863804,0.08252555,0.0033322154,-0.0018794116,-1.8359368,200.0,0.02863327,0.10055028,200.0,201,FC128,collect,0,201,,,,
0.0,2.4179688,0.0,1.1626334,0.007859709,0.08119106,0.011640856,0.005563062,-1.5820305,200.0,0.030431509,0.101050526,200.0,202,FC128,collect,0,202,,,,
0.0,2.4921875,0.0,1.1622,0.007855613,0.09388757,0.0116547765,0.0054130596,-1.5078118,200.0,0.030743022,0.10155078,200.0,203,FC128,collect,0,203,,,,
0.0,2.375,0.0,1.1714779,0.007851517,0.11556494,0.0018158415,-0.0032267806,-1.6249993,200.0,0.028481001,0.10205103,200.0,204,FC128,collect,0,204,,,,
0.0,2.3554688,0.0,1.1741359,0.007847422,0.1267367,-0.0006939713,-0.0056234617,-1.6445305,200.0,0.028286861,0.10255128,200.0,205,FC128,collect,0,205,,,,
0.0,2.4101562,0.0,1.170599,0.007843326,0.13161129,0.002134189,-0.0031283596,-1.589843,200.0,0.028887877,0.10305153,200.0,206,FC128,collect,0,206,,,,
0.0,2.2773438,0.0,1.1631188,0.007839231,0.11611712,0.0024468023,-0.0023395354,-1.7226555,200.0,0.02780859,0.10355178,200.0,207,FC128,collect,0,207,,,,
0.0,2.2226562,0.0,1.1594636,0.007835135,0.107429564,0.0065457504,0.0013437092,-1.777343,200.0,0.028573193,0.10405203,200.0,208,FC128,collect,0,208,,,,
0.0,2.4882812,0.0,1.1533756,0.00783104,0.103505194,0.017312877,0.010521348,-1.511718,200.0,0.03164732,0.10455228,200.0,209,FC128,collect,0,209,,,,
0.0,2.3554688,0.0,1.1577736,0.007826944,0.10287762,0.0105743585,0.00496126,-1.6445305,200.0,0.029349856,0.10505253,200.0,210,FC128,collect,0,210,,,,
0.0,2.2578125,0.0,1.1618663,0.007822849,0.12196094,0.004889627,-0.00023539274,-1.7421868,200.0,0.028428249,0.10555278,200.0,211,FC128,collect,0,211,,,,
0.0,2.375,0.0,1.164679,0.007818753,0.15463775,0.0061517907,0.00080913986,-1.6249993,200.0,0.028897978,0.10605303,200.0,212,FC128,collect,0,212,,,,
0.0,2.4375,0.0,1.1689395,0.007814657,0.15644783,0.003193302,-0.002131705,-1.5624993,200.0,0.028919736,0.10655328,200.0,213,FC128,collect,0,213,,,,
0.0,2.34375,0.0,1.172109,0.007810562,0.19092673,-0.0022883192,-0.006846629,-1.6562493,200.0,0.02742628,0.10705353,200.0,214,FC128,collect,0,214,,,,
0.0,2.2578125,0.0,1.1701163,0.007806466,0.17445546,-0.0033175023,-0.0073917424,-1.7421868,200.0,0.026417427,0.10755378,200.0,215,FC128,collect,0,215,,,,
0.0,2.3007812,0.0,1.1641077,0.0078023705,0.17398798,0.0040803105,-0.00092503324,-1.699218,200.0,0.028176287,0.10805403,200.0,216,FC128,collect,0,216,,,,
0.0,2.3984375,0.0,1.1615486,0.007798275,0.16119504,0.009998496,0.004557501,-1.6015618,200.0,0.028998142,0.10855428,200.0,217,FC128,collect,0,217,,,,
0.0,2.3945312,0.0,1.1631496,0.0077941795,0.17058551,0.012248694,0.0066446285,-1.605468,200.0,0.029339723,0.10905453,200.0,218,FC128,collect,0,218,,,,
0.0,2.3828125,0.0,1.1641797,0.007790084,0.16305363,0.008870721,0.003639585,-1.6171868,200.0,0.028600387,0.10955478,200.0,219,FC128,collect,0,219,,,,
0.0,2.1875,0.0,1.16681,0.0077859885,0.19630814,-2.1706335e-05,-0.0041152393,-1.8124993,200.0,0.026356606,0.11005503,200.0,220,FC128,collect,0,220,,,,
0.0,2.4375,0.0,1.1700268,0.007781893,0.22577798,0.0061960816,0.0010887799,-1.5624993,200.0,0.028424649,0.11055528,200.0,221,FC128,collect,0,221,,,,
0.0,2.3789062,0.0,1.1721349,0.007777797,0.23499757,0.0013923254,-0.003194739,-1.621093,200.0,0.027407384,0.11105553,200.0,222,FC128,collect,0,222,,,,
0.0,2.25,0.0,1.1716621,0.0077737016,0.25953716,-0.001758737,-0.0058220807,-1.7499993,200.0,0.02634299,0.111555785,200.0,223,FC128,collect,0,223,,,,
0.0,2.21875,0.0,1.1667999,0.007769606,0.25305414,-0.00019718707,-0.0042194678,-1.7812494,200.0,0.026175713,0.11205603,200.0,224,FC128,collect,0,224,,,,
0.0,2.34375,0.0,1.16209,0.0077655106,0.2314632,0.007584268,0.0027348693,-1.6562493,200.0,0.027747242,0.11255628,200.0,225,FC128,collect,0,225,,,,
0.0,2.390625,0.0,1.163535,0.007761415,0.23275107,0.010140668,0.004970809,-1.6093743,200.0,0.028401073,0.11305653,200.0,226,FC128,collect,0,226,,,,
0.0,2.390625,0.0,1.1640071,0.0077573196,0.27124333,0.008635512,0.0033743386,-1.6093742,200.0,0.028581496,0.11355678,200.0,227,FC128,collect,0,227,,,,
0.0,2.3242188,0.0,1.164912,0.007753224,0.2907542,0.005468716,0.00085909484,-1.6757805,200.0,0.02728289,0.114057034,200.0,228,FC128,collect,0,228,,,,
0.0,2.40625,0.0,1.1685507,0.0077491286,0.28658634,0.006098056,0.0008726677,-1.5937493,200.0,0.028561277,0.11455728,200.0,229,FC128,collect,0,229,,,,
0.0,2.28125,0.0,1.1712266,0.007745033,0.3038085,0.00086080097,-0.0034762772,-1.7187493,200.0,0.026816534,0.115057535,200.0,230,FC128,collect,0,230,,,,
0.0,2.25,0.0,1.1734788,0.007740937,0.31399703,-0.0013234206,-0.005332525,-1.7499993,200.0,0.02618586,0.11555778,200.0,231,FC128,collect,0,231,,,,
0.0,2.25,0.0,1.164213,0.0077368417,0.27900243,0.005035299,0.00035403727,-1.7499994,200.0,0.027377184,0.11605804,200.0,232,FC128,collect,0,232,,,,
0.0,2.484375,0.0,1.1630621,0.007732746,0.22136271,0.018616062,0.012489018,-1.5156243,200.0,0.030241417,0.11655828,200.0,233,FC128,collect,0,233,,,,
0.0,2.6210938,0.0,1.1596981,0.0077286507,0.24196309,0.022537155,0.015584139,-1.3789055,200.0,0.03183183,0.11705853,200.0,234,FC128,collect,0,234,,,,
0.0,2.1796875,0.0,1.1658281,0.007724555,0.27261192,0.003020838,-0.001090244,-1.8203119,200.0,0.026233172,0.117558785,200.0,235,FC128,collect,0,235,,,,
0.0,2.3398438,0.0,1.1728458,0.0077204597,0.29085726,0.0024738945,-0.001860432,-1.6601555,200.0,0.026778473,0.11805903,200.0,236,FC128,collect,0,236,,,,
0.0,2.3320312,0.0,1.1788403,0.007716364,0.31956822,-0.0020886012,-0.0061470377,-1.667968,200.0,0.026309595,0.118559286,200.0,237,FC128,collect,0,237,,,,
0.0,2.2695312,0.0,1.1783373,0.0077122683,0.31827873,-0.0033885636,-0.007547977,-1.7276555,199.85938,0.026494134,0.11905953,199.85938,238,FC128,collect,0,238,,,,
0.0,2.4140625,0.0,1.172201,0.007708173,0.2964844,0.0044350913,-0.0006884995,-1.5859368,200.0,0.028318238,0.11955979,200.0,239,FC128,collect,0,239,,,,
0.0,2.3242188,0.0,1.1713876,0.0077040773,0.2802921,0.004979728,0.00032070486,-1.6757805,200.0,0.027366966,0.120060034,200.0,240,FC128,collect,0,240,,,,
0.0,2.2929688,0.0,1.1636916,0.007699982,0.2576791,0.009097305,0.0040128953,-1.7070305,200.0,0.028089628,0.12056028,200.0,241,FC128,collect,0,241,,,,
0.0,2.3125,0.0,1.1658107,0.0076958863,0.26591033,0.008143494,0.0028549847,-1.6874993,200.0,0.028520912,0.121060535,200.0,242,FC128,collect,0,242,,,,
0.0,2.2421875,0.0,1.1637303,0.007691791,0.27029204,0.0069025913,0.0021291135,-1.7578118,200.0,0.027449295,0.12156078,200.0,243,FC128,collect,0,243,,,,
0.0,2.4296875,0.0,1.1648401,0.0076876953,0.28806055,0.009806923,0.003902816,-1.5703118,200.0,0.029718086,0.12206104,200.0,244,FC128,collect,0,244,,,,
0.0,2.2695312,0.0,1.1679999,0.0076835994,0.31458384,0.0022830842,-0.0023622597,-1.730468,200.0,0.027239574,0.12256128,200.0,245,FC128,collect,0,245,,,,
0.0,2.3515625,0.0,1.1720923,0.007679504,0.3344893,0.003380863,-0.0012870019,-1.6484368,200.0,0.027337905,0.12306154,200.0,246,FC128,collect,0,246,,,,
0.0,2.25,0.0,1.1661624,0.0076754084,0.3358333,-0.001452426,-0.005844409,-1.7499994,200.0,0.026685512,0.123561785,200.0,247,FC128,collect,0,247,,,,
0.0,2.3515625,0.0,1.1662872,0.007671313,0.31547487,0.0019365083,-0.0033273238,-1.6484368,200.0,0.028421573,0.12406203,200.0,248,FC128,collect,0,248,,,,
0.0,2.4492188,0.0,1.1599509,0.0076672174,0.3309508,0.009247287,0.0033705297,-1.5507805,200.0,0.029540705,0.124562286,200.0,249,FC128,collect,0,249,,,,
0.0,2.4648438,0.0,1.1544834,0.007663122,0.33426517,0.014245777,0.00814247,-1.5351555,200.0,0.029900508,0.12506254,200.0,250,FC128,collect,0,250,,,,
0.0,2.53125,0.0,1.1529148,0.0076590264,0.3132512,0.016278965,0.009935916,-1.4687493,200.0,0.030346507,0.12556279,200.0,251,FC128,collect,0,251,,,,
0.0,2.265625,0.0,1.1558567,0.0076549305,0.34297103,0.0048557464,-0.0003943506,-1.7343743,200.0,0.0281962,0.12606303,200.0,252,FC128,collect,0,252,,,,
0.0,2.3867188,0.0,1.1584392,0.0076508354,0.31676507,0.006093096,0.0006318697,-1.6132805,200.0,0.028648507,0.12656328,200.0,253,FC128,collect,0,253,,,,
0.0,2.3945312,0.0,1.1613666,0.0076467395,0.32374197,0.0024633454,-0.0029430867,-1.605468,200.0,0.028574198,0.12706354,200.0,254,FC128,collect,0,254,,,,
0.0,2.359375,0.0,1.1645387,0.007642644,0.3345728,0.0015812414,-0.0034513054,-1.6406243,200.0,0.027865404,0.12756379,200.0,255,FC128,collect,0,255,,,,
0.0,2.2890625,0.0,1.16125,0.0076385485,0.31996763,0.0005581863,-0.004353139,-1.7109368,200.0,0.02756318,0.12806404,200.0,256,FC128,collect,0,256,,,,
0.0,2.3710938,0.0,1.1597311,0.007634453,0.3180644,0.0051537603,-1.7956942e-05,-1.6289055,200.0,0.02805126,0.12856428,200.0,257,FC128,collect,0,257,,,,
0.0,2.4648438,0.0,1.15512,0.0076303575,0.2969181,0.0118231755,0.0058301794,-1.5351555,200.0,0.029613951,0.12906453,200.0,258,FC128,collect,0,258,,,,
0.0,2.2382812,0.0,1.1573972,0.0076262616,0.30189365,0.0047147768,-0.00015948847,-1.761718,200.0,0.027401756,0.12956479,200.0,259,FC128,collect,0,259,,,,
0.0,2.2890625,0.0,1.1535615,0.0076221665,0.301722,0.004485757,-0.0007128157,-1.7109368,200.0,0.027982421,0.13006504,200.0,260,FC128,collect,0,260,,,,
0.0,2.359375,0.0,1.1570535,0.0076180706,0.3299175,0.0068832906,0.0013376396,-1.6406243,200.0,0.02872033,0.13056529,200.0,261,FC128,collect,0,261,,,,
0.0,2.5039062,0.0,1.1562762,0.007613975,0.3188281,0.010367998,0.0041777864,-1.496093,200.0,0.029988138,0.13106553,200.0,262,FC128,collect,0,262,,,,
0.0,2.3007812,0.0,1.1579413,0.0076098796,0.34807467,0.001963742,-0.0032808834,-1.699218,200.0,0.02811284,0.1315658,200.0,263,FC128,collect,0,263,,,,
0.0,2.3515625,0.0,1.1586818,0.007605784,0.32239097,0.0055159535,-0.0003510949,-1.6484368,200.0,0.029359464,0.13206604,200.0,264,FC128,collect,0,264,,,,
0.0,2.3320312,0.0,1.1533538,0.0076016886,0.33912683,0.0042197276,-0.0013847636,-1.667968,200.0,0.028743856,0.13256629,200.0,265,FC128,collect,0,265,,,,
0.0,2.3320312,0.0,1.1526183,0.007597593,0.3384794,0.0071804067,0.0015015843,-1.667968,200.0,0.028871896,0.13306653,200.0,266,FC128,collect,0,266,,,,
0.0,2.3164062,0.0,1.1509643,0.0075934976,0.33273762,0.0076034963,0.00191253,-1.683593,200.0,0.02886162,0.13356678,200.0,267,FC128,collect,0,267,,,,
0.0,2.4101562,0.0,1.1487886,0.0075894017,0.3265381,0.009134733,0.0032318363,-1.589843,200.0,0.029243032,0.13406704,200.0,268,FC128,collect,0,268,,,,
0.0,2.4765625,0.0,1.1557178,0.007585306,0.35077637,0.010451876,0.004190485,-1.5234368,200.0,0.03005573,0.13456729,200.0,269,FC128,collect,0,269,,,,
0.0,2.4296875,0.0,1.1550616,0.0075812107,0.33511305,0.005668602,-0.00017167628,-1.5703118,200.0,0.029194087,0.13506754,200.0,270,FC128,collect,0,270,,,,
0.0,2.2382812,0.0,1.1616178,0.007577115,0.36665207,-0.0042764405,-0.009088604,-1.761718,200.0,0.02722775,0.13556778,200.0,271,FC128,collect,0,271,,,,
0.0,2.484375,0.0,1.1574627,0.0075730197,0.35768807,0.006039029,0.00054849504,-1.5156243,200.0,0.028512044,0.13606805,200.0,272,FC128,collect,0,272,,,,
0.0,2.265625,0.0,1.1588972,0.007568924,0.32102913,7.843133e-05,-0.005317577,-1.7343744,200.0,0.028335227,0.1365683,200.0,273,FC128,collect,0,273,,,,
0.0,2.4648438,0.0,1.155148,0.0075648287,0.31704384,0.0075026453,0.0015548582,-1.5351555,200.0,0.029372567,0.13706854,200.0,274,FC128,collect,0,274,,,,
0.0,2.4921875,0.0,1.1496819,0.007560733,0.3159449,0.00871912,0.0027953058,-1.5078118,200.0,0.029232506,0.13756879,200.0,275,FC128,collect,0,275,,,,
0.0,2.3046875,0.0,1.1483951,0.0075566373,0.31819314,0.0033085067,-0.0021826848,-1.6953118,200.0,0.028338393,0.13806903,200.0,276,FC128,collect,0,276,,,,
0.0,2.3945312,0.0,1.1477829,0.007552542,0.34313214,0.0042073624,-0.0014913332,-1.605468,200.0,0.02873475,0.1385693,200.0,277,FC128,collect,0,277,,,,
0.0,2.6054688,0.0,1.1476302,0.0075484463,0.31783378,0.011184143,0.004213731,-1.3945305,200.0,0.031266477,0.13906954,200.0,278,FC128,collect,0,278,,,,
0.0,2.5039062,0.0,1.1486957,0.007544351,0.35434932,0.006508259,0.0003479606,-1.496093,200.0,0.029652923,0.13956979,200.0,279,FC128,collect,0,279,,,,
0.0,2.34375,0.0,1.1534418,0.0075402553,0.37775683,-0.0039924653,-0.009381745,-1.6562493,200.0,0.02817305,0.14007004,200.0,280,FC128,collect,0,280,,,,
0.0,2.3984375,0.0,1.1538799,0.00753616,0.35774076,-8.7053515e-05,-0.0061830967,-1.6015618,200.0,0.029583732,0.14057028,200.0,281,FC128,collect,0,281,,,,
0.0,2.3125,0.0,1.144898,0.007532064,0.33071446,0.0028106011,-0.0033333106,-1.6855462,199.90234,0.029534714,0.14107054,199.90234,282,FC128,collect,0,282,,,,
0.0,2.3828125,0.0,1.1424924,0.007527969,0.30620223,0.0119130155,0.0054064807,-1.6171868,200.0,0.030214366,0.14157079,200.0,283,FC128,collect,0,283,,,,
0.0,2.3476562,0.0,1.1345009,0.007523873,0.2986675,0.0102917915,0.004079725,-1.652343,200.0,0.029495815,0.14207104,200.0,284,FC128,collect,0,284,,,,
0.0,2.46875,0.0,1.1435841,0.0075197774,0.32577777,0.010712261,0.0043379357,-1.5312493,200.0,0.02994765,0.14257129,200.0,285,FC128,collect,0,285,,,,
0.0,2.3398438,0.0,1.1453208,0.007515682,0.32890183,0.0027835835,-0.0030318461,-1.6601555,200.0,0.028846592,0.14307155,200.0,286,FC128,collect,0,286,,,,
0.0,2.3164062,0.0,1.1495272,0.0075115864,0.3162133,2.2228807e-05,-0.005737627,-1.683593,200.0,0.028789258,0.1435718,200.0,287,FC128,collect,0,287,,,,
0.0,2.3359375,0.0,1.1498994,0.007507491,0.3613466,-0.0029865922,-0.008325378,-1.6640618,200.0,0.02794329,0.14407204,200.0,288,FC128,collect,0,288,,,,
0.0,2.3984375,0.0,1.1487521,0.007503395,0.35438168,-0.0004498707,-0.006202875,-1.6015618,200.0,0.02874509,0.14457229,200.0,289,FC128,collect,0,289,,,,
0.0,2.3710938,0.0,1.1385634,0.0074993,0.35116923,0.003699122,-0.0023246747,-1.6289055,200.0,0.02912445,0.14507253,200.0,290,FC128,collect,0,290,,,,
0.0,2.2890625,0.0,1.1353003,0.007495204,0.34851146,0.003471681,-0.002885638,-1.7049992,199.70312,0.029733252,0.1455728,199.70312,291,FC128,collect,0,291,,,,
0.0,2.4648438,0.0,1.1273744,0.0074911085,0.36194754,0.012327037,0.005435846,-1.5351555,200.0,0.03067295,0.14607304,200.0,292,FC128,collect,0,292,,,,
0.0,2.3125,0.0,1.1311635,0.007487013,0.3625245,0.00883745,0.0024189013,-1.6874993,200.0,0.02977517,0.14657329,200.0,293,FC128,collect,0,293,,,,
0.0,2.3476562,0.0,1.1356083,0.0074829175,0.37999904,0.0025696037,-0.0032534045,-1.652343,200.0,0.028641345,0.14707354,200.0,294,FC128,collect,0,294,,,,
0.0,2.34375,0.0,1.143802,0.007478822,0.4129207,-0.0010796939,-0.006864074,-1.6562493,200.0,0.028677344,0.1475738,200.0,295,FC128,collect,0,295,,,,
0.0,2.3242188,0.0,1.1441548,0.0074747265,0.42099237,-0.0019523823,-0.00723559,-1.6757805,200.0,0.027670903,0.14807405,200.0,296,FC128,collect,0,296,,,,
0.0,2.3828125,0.0,1.1443529,0.007470631,0.40002555,0.0040512746,-0.0021690622,-1.6171868,200.0,0.02953875,0.1485743,200.0,297,FC128,collect,0,297,,,,
0.0,2.328125,0.0,1.1359446,0.007466535,0.359932,0.0069956593,0.0009558052,-1.6718743,200.0,0.02904285,0.14907454,200.0,298,FC128,collect,0,298,,,,
0.0,2.5273438,0.0,1.1278911,0.0074624396,0.36655504,0.015909508,0.008980514,-1.4726555,200.0,0.030691627,0.14957479,200.0,299,FC128,collect,0,299,,,,
0.0,2.390625,0.0,1.1323918,0.007458344,0.35628217,0.007881336,0.0017300743,-1.6093743,200.0,0.029194059,0.15007505,200.0,300,FC128,collect,0,300,,,,
0.0,2.5273438,0.0,1.136204,0.0074542486,0.37166804,0.00477139,-0.0014831906,-1.4726555,200.0,0.029448256,0.1505753,200.0,301,FC128,collect,0,301,,,,
0.0,2.4101562,0.0,1.1364073,0.007450153,0.39893782,-0.00073261606,-0.0060640215,-1.589843,200.0,0.027595626,0.15107554,200.0,302,FC128,collect,0,302,,,,
0.0,2.3671875,0.0,1.1380119,0.0074460576,0.40423316,-0.004147389,-0.009847391,-1.6328118,200.0,0.02834741,0.15157579,200.0,303,FC128,collect,0,303,,,,
0.0,2.4609375,0.0,1.1298873,0.007441962,0.41505432,4.859548e-05,-0.005787669,-1.5390618,200.0,0.028489688,0.15207604,200.0,304,FC128,collect,0,304,,,,
0.0,2.15625,0.0,1.1153837,0.007437866,0.42595553,-0.0038753552,-0.008854543,-1.8437493,200.0,0.026550526,0.1525763,200.0,305,FC128,collect,0,305,,,,
0.0,2.3359375,0.0,1.1032827,0.0074337707,0.3815807,0.0075673126,0.0013225377,-1.6640618,200.0,0.02889265,0.15307654,200.0,306,FC128,collect,0,306,,,,
0.0,2.2695312,0.0,1.0928566,0.007429675,0.3891008,0.010653343,0.003881653,-1.7304682,200.0,0.029782519,0.15357679,200.0,307,FC128,collect,0,307,,,,
0.0,2.3632812,0.0,1.100863,0.0074255797,0.3931172,0.008077953,0.0009359941,-1.636718,200.0,0.03063301,0.15407704,200.0,308,FC128,collect,0,308,,,,
0.0,2.4765625,0.0,1.1145637,0.007421484,0.4238965,0.0065747043,-0.00046008243,-1.5234368,200.0,0.030613007,0.1545773,200.0,309,FC128,collect,0,309,,,,
0.0,2.453125,0.0,1.1327432,0.0074173887,0.44796908,-0.004713351,-0.011408018,-1.5468743,200.0,0.030193329,0.15507755,200.0,310,FC128,collect,0,310,,,,
0.0,2.625,0.0,1.1263314,0.0074132932,0.42376548,0.0037740394,-0.0034293374,-1.3749993,200.0,0.031106405,0.1555778,200.0,311,FC128,collect,0,311,,,,
0.0,2.3554688,0.0,1.1174935,0.0074091973,0.4262641,-0.0014477177,-0.0073425733,-1.6445305,200.0,0.02834917,0.15607804,200.0,312,FC128,collect,0,312,,,,
0.0,2.4960938,0.0,1.1024379,0.0074051023,0.3983065,0.009597312,0.0024081126,-1.5026555,199.9375,0.030705728,0.15657829,199.9375,313,FC128,collect,0,313,,,,
0.0,2.2929688,0.0,1.0915778,0.0074010063,0.38368893,0.006070435,-0.00015546441,-1.7070305,200.0,0.028609347,0.15707855,200.0,314,FC128,collect,0,314,,,,
0.0,2.2773438,0.0,1.0933017,0.007396911,0.3906874,0.0048232237,-0.0012066433,-1.7226555,200.0,0.028233843,0.1575788,200.0,315,FC128,collect,0,315,,,,
0.0,2.3398438,0.0,1.0967094,0.0073928153,0.38812256,0.0039723516,-0.0022208532,-1.6601555,200.0,0.02860195,0.15807904,200.0,316,FC128,collect,0,316,,,,
0.0,2.3007812,0.0,1.1018736,0.00738872,0.38738298,0.0004724795,-0.0053913593,-1.699218,200.0,0.028010549,0.15857929,200.0,317,FC128,collect,0,317,,,,
0.0,2.4335938,0.0,1.1017749,0.0073846243,0.4119798,0.0024496727,-0.004204324,-1.5664055,200.0,0.029580383,0.15907955,200.0,318,FC128,collect,0,318,,,,
0.0,2.5546875,0.0,1.1025565,0.007380529,0.42084396,0.004347915,-0.0028792033,-1.4453118,200.0,0.030729135,0.1595798,200.0,319,FC128,collect,0,319,,,,
0.0,2.4648438,0.0,1.0972502,0.0073764334,0.4444667,0.0024765413,-0.0045015663,-1.5351555,200.0,0.030143801,0.16008005,200.0,320,FC128,collect,0,320,,,,
0.0,2.3203125,0.0,1.0878271,0.0073723374,0.43782187,2.789218e-05,-0.0064724647,-1.6796868,200.0,0.02904037,0.16058029,200.0,321,FC128,collect,0,321,,,,
0.0,2.4804688,0.0,1.0725518,0.007368242,0.43898213,0.0093747545,0.001554535,-1.5195305,200.0,0.03144608,0.16108054,200.0,322,FC128,collect,0,322,,,,
0.0,2.4414062,0.0,1.064822,0.0073641464,0.4132625,0.008707292,0.0005355504,-1.558593,200.0,0.032026496,0.1615808,200.0,323,FC128,collect,0,323,,,,
0.0,2.4960938,0.0,1.0688653,0.007360051,0.43134028,0.006004121,-0.0016705096,-1.5039055,200.0,0.031083068,0.16208105,200.0,324,FC128,collect,0,324,,,,
0.0,2.34375,0.0,1.063731,0.0073559554,0.442316,-0.0017519658,-0.008440602,-1.6562493,200.0,0.029026786,0.1625813,200.0,325,FC128,collect,0,325,,,,
0.0,2.4921875,0.0,1.0580779,0.00735186,0.4281277,0.0037610768,-0.003626899,-1.5078118,200.0,0.030333633,0.16308154,200.0,326,FC128,collect,0,326,,,,
0.0,2.2421875,0.0,1.0489349,0.0073477644,0.43711495,-0.0018395707,-0.008128509,-1.7578118,200.0,0.02799253,0.1635818,200.0,327,FC128,collect,0,327,,,,
0.0,2.34375,0.0,1.0442946,0.0073436685,0.43659347,0.0028562248,-0.0040287445,-1.6562493,200.0,0.029107844,0.16408205,200.0,328,FC128,collect,0,328,,,,
0.0,2.3242188,0.0,1.0466911,0.007339573,0.44390637,0.0030460092,-0.0038795955,-1.6757805,200.0,0.02921574,0.1645823,200.0,329,FC128,collect,0,329,,,,
0.0,2.578125,0.0,1.0635068,0.0073354775,0.46122152,0.006686582,-0.0009704108,-1.4218743,200.0,0.030916648,0.16508254,200.0,330,FC128,collect,0,330,,,,
0.0,2.453125,0.0,1.085597,0.007331382,0.4650876,-0.004458147,-0.011288006,-1.5468743,200.0,0.02957757,0.16558279,200.0,331,FC128,collect,0,331,,,,
0.0,2.6601562,0.0,1.0840764,0.0073272865,0.48786455,0.0070680054,-0.0007164252,-1.339843,200.0,0.03145554,0.16608305,200.0,332,FC128,collect,0,332,,,,
0.0,2.6953125,0.0,1.0864987,0.007323191,0.4324506,0.010427437,0.001652532,-1.3046868,200.0,0.033463087,0.1665833,200.0,333,FC128,collect,0,333,,,,
0.0,2.65625,0.0,1.0896292,0.0073190955,0.43467677,0.0073699886,-0.0010306394,-1.3437493,200.0,0.032751456,0.16708355,200.0,334,FC128,collect,0,334,,,,
0.0,2.6640625,0.0,1.0936813,0.0073149996,0.44189703,0.0045204554,-0.0034287288,-1.3359368,200.0,0.031898927,0.1675838,200.0,335,FC128,collect,0,335,,,,
0.0,2.671875,0.0,1.1024249,0.0073109046,0.4329031,0.00027287006,-0.006816613,-1.3281243,200.0,0.030298414,0.16808406,200.0,336,FC128,collect,0,336,,,,
0.0,2.5,0.0,1.0987697,0.0073068086,0.44962406,-0.0060322704,-0.012748389,-1.4999993,200.0,0.029489236,0.1685843,200.0,337,FC128,collect,0,337,,,,
0.0,2.9101562,0.0,1.0888537,0.007302713,0.4387262,0.008224667,-7.5232536e-05,-1.0898429,200.0,0.03250297,0.16908455,200.0,338,FC128,collect,0,338,,,,
0.0,2.640625,0.0,1.0838811,0.0072986176,0.4333495,0.0031622434,-0.004528614,-1.3593743,200.0,0.031203382,0.1695848,200.0,339,FC128,collect,0,339,,,,
0.0,2.7109375,0.0,1.0832056,0.007294522,0.4601131,0.0047472967,-0.0032537791,-1.2890618,200.0,0.031805087,0.17008504,200.0,340,FC128,collect,0,340,,,,
0.0,2.6953125,0.0,1.0856403,0.0072904266,0.47038984,-0.0020187302,-0.010170927,-1.3046868,200.0,0.032133956,0.1705853,200.0,341,FC128,collect,0,341,,,,
0.0,2.8085938,0.0,1.0873774,0.0072863307,0.46462858,0.0030172626,-0.005781202,-1.1914055,200.0,0.03344291,0.17108555,200.0,342,FC128,collect,0,342,,,,
0.0,2.9414062,0.0,1.0808167,0.0072822357,0.46190244,0.006553647,-0.0035629454,-1.0585928,200.0,0.03597471,0.1715858,200.0,343,FC128,collect,0,343,,,,
0.0,2.9921875,0.0,1.062996,0.0072781397,0.47492313,0.014570496,0.0042177527,-1.0078117,200.0,0.036178753,0.17208605,200.0,344,FC128,collect,0,344,,,,
0.0,2.9023438,0.0,1.0654312,0.007274044,0.46989214,0.002837026,-0.006090896,-1.0976555,200.0,0.033355832,0.17258629,200.0,345,FC128,collect,0,345,,,,
0.0,2.9492188,0.0,1.0772026,0.0072699487,0.487127,-0.001624696,-0.010600262,-1.0507805,200.0,0.033613548,0.17308655,200.0,346,FC128,collect,0,346,,,,
0.0,3.171875,0.0,1.0737014,0.007265853,0.46881223,0.0026779128,-0.0068299267,-0.82812417,200.0,0.034618393,0.1735868,200.0,347,FC128,collect,0,347,,,,
0.0,3.1601562,0.0,1.0661933,0.0072617577,0.48303932,0.0007736953,-0.008348141,-0.8398429,200.0,0.033728547,0.17408705,200.0,348,FC128,collect,0,348,,,,
0.0,3.2070312,0.0,1.0546883,0.0072576622,0.50758314,0.0020587016,-0.0072075482,-0.79296786,200.0,0.033841643,0.1745873,200.0,349,FC128,collect,0,349,,,,
0.0,3.2617188,0.0,1.0425682,0.0072535668,0.49269378,0.0048107705,-0.0054110945,-0.73828036,200.0,0.035568405,0.17508756,200.0,350,FC128,collect,0,350,,,,
0.0,3.4023438,0.0,1.0373437,0.007249471,0.51275265,0.011967285,0.0007514286,-0.5939835,199.8164,0.0374721,0.1755878,199.8164,351,FC128,collect,0,351,,,,
0.0,3.3984375,0.0,1.0473106,0.0072453753,0.48843986,-0.001586698,-0.012652666,-0.6015616,200.0,0.037308253,0.17608805,200.0,352,FC128,collect,0,352,,,,
0.0,3.1875,0.0,1.0206008,0.00724128,0.520117,0.004310846,-0.0069397287,-0.81249917,200.0,0.03728206,0.1765883,200.0,353,FC128,collect,0,353,,,,
0.0,3.1679688,0.0,1.0003741,0.0072371843,0.52301395,0.005725905,-0.004819678,-0.8320304,200.0,0.03557095,0.17708854,200.0,354,FC128,collect,0,354,,,,
0.0,3.3085938,0.0,1.0002012,0.007233089,0.5526812,0.0010813847,-0.008547588,-0.6898428,199.92188,0.033727035,0.1775888,199.92188,355,FC128,collect,0,355,,,,
0.0,3.4492188,0.0,1.0068508,0.0072289933,0.5594049,-0.0019563949,-0.012212839,-0.5507803,200.0,0.035069924,0.17808905,200.0,356,FC128,collect,0,356,,,,
0.0,3.4960938,0.0,1.0054888,0.007224898,0.55472076,0.0027629305,-0.00866359,-0.5039054,200.0,0.03738215,0.1785893,200.0,357,FC128,collect,0,357,,,,
0.0,3.453125,0.0,1.0129672,0.007220802,0.5497943,0.00072154636,-0.010355363,-0.5468741,200.0,0.03678269,0.17908955,200.0,358,FC128,collect,0,358,,,,
0.0,3.5,0.0,1.0013613,0.0072167064,0.5353233,0.006449482,-0.005746368,-0.4999991,200.0,0.03884476,0.17958981,200.0,359,FC128,collect,0,359,,,,
0.0,3.6367188,0.0,0.9855385,0.007212611,0.56119806,0.013007556,0.0006018649,-0.36328033,200.0,0.039027993,0.18009005,200.0,360,FC128,collect,0,360,,,,
0.0,3.7929688,0.0,1.0049288,0.0072085154,0.5773002,0.0012542326,-0.010139711,-0.20468657,199.88281,0.037275977,0.1805903,199.88281,361,FC128,collect,0,361,,,,
0.0,3.7539062,0.0,1.0034494,0.00720442,0.57091355,-0.0056271637,-0.016629947,-0.24609284,200.0,0.03646411,0.18109055,200.0,362,FC128,collect,0,362,,,,
0.0,3.5898438,0.0,0.97399414,0.0072003244,0.5603844,-0.002930854,-0.014350304,-0.41015536,200.0,0.036865048,0.1815908,200.0,363,FC128,collect,0,363,,,,
0.0,3.34375,0.0,0.95747876,0.007196229,0.6133271,0.0012027528,-0.008969682,-0.6562491,200.0,0.034125343,0.18209106,200.0,364,FC128,collect,0,364,,,,
0.0,3.7617188,0.0,0.99044615,0.007192133,0.59446573,0.00847638,-0.0033862537,-0.22984278,199.57812,0.037972108,0.1825913,199.57812,365,FC128,collect,0,365,,,,
0.0,3.5585938,0.0,1.0042895,0.007188038,0.5560052,-0.011451034,-0.022936016,-0.43726468,199.79297,0.037407707,0.18309155,199.79297,366,FC128,collect,0,366,,,,
0.0,3.703125,0.0,0.9746741,0.007183942,0.60074365,0.015551219,0.002495666,-0.29687405,200.0,0.040115107,0.1835918,200.0,367,FC128,collect,0,367,,,,
0.0,3.6523438,0.0,0.9701233,0.0071798465,0.5912632,0.018073529,0.0057274317,-0.34765533,200.0,0.038622864,0.18409204,200.0,368,FC128,collect,0,368,,,,
0.0,3.8359375,0.0,0.9852729,0.007175751,0.5838529,0.004162931,-0.008003488,-0.16359282,199.97656,0.038472984,0.1845923,199.97656,369,FC128,collect,0,369,,,,
0.0,3.7265625,0.0,0.9974876,0.0071716555,0.59028536,-0.007344749,-0.018455025,-0.27343658,200.0,0.036527827,0.18509255,200.0,370,FC128,collect,0,370,,,,
0.0,3.6132812,0.0,0.9841811,0.00716756,0.600979,-0.0037655244,-0.0147618335,-0.38671786,200.0,0.036100972,0.1855928,200.0,371,FC128,collect,0,371,,,,
0.0,3.5117188,0.0,0.9586705,0.007163464,0.61742204,0.005047926,-0.005856699,-0.4882804,200.0,0.035544053,0.18609305,200.0,372,FC128,collect,0,372,,,,
0.0,3.6210938,0.0,0.9794034,0.007159369,0.57545596,0.0053565013,-0.0056394106,-0.37890536,200.0,0.036015645,0.18659331,200.0,373,FC128,collect,0,373,,,,
0.0,3.8359375,0.0,1.0015298,0.007155273,0.57121783,0.004008001,-0.00774543,-0.16288972,199.9414,0.0378393,0.18709356,199.9414,374,FC128,collect,0,374,,,,
0.0,3.7226562,0.0,1.0105243,0.0071511776,0.56167793,-0.0018616221,-0.0141126085,-0.26992095,199.6289,0.03895485,0.1875938,199.6289,375,FC128,collect,0,375,,,,
0.0,3.9101562,0.0,1.0010697,0.007147082,0.58343947,0.011185825,-0.0014183364,-0.08695209,199.85547,0.03951778,0.18809405,199.85547,376,FC128,collect,0,376,,,,
0.0,3.8867188,0.0,0.99822414,0.0071429866,0.6082847,0.012880451,0.00088906393,-0.11328029,200.0,0.038243376,0.1885943,200.0,377,FC128,collect,0,377,,,,
0.0,3.9335938,0.0,1.0060449,0.007138891,0.6011903,0.00355798,-0.007995449,-0.058436513,199.60156,0.037470948,0.18909456,199.60156,378,FC128,collect,0,378,,,,
0.0,3.8320312,0.0,1.022483,0.0071347957,0.60543865,-0.010040273,-0.021290174,-0.16320212,199.76172,0.037090216,0.1895948,199.76172,379,FC128,collect,0,379,,,,
0.0,3.9960938,0.0,1.0071517,0.0071307,0.6176007,-0.004403819,-0.015944004,-0.0039053038,200.0,0.037443765,0.19009505,200.0,380,FC128,collect,0,380,,,,
0.0,3.8007812,0.0,0.9959164,0.007126604,0.625162,0.0005680686,-0.010289466,-0.1992178,200.0,0.035910074,0.1905953,200.0,381,FC128,collect,0,381,,,,
0.0,3.8398438,0.0,1.0014732,0.0071225087,0.5981003,0.0011936463,-0.010507815,-0.16015533,200.0,0.037668925,0.19109556,200.0,382,FC128,collect,0,382,,,,
0.0,3.8320312,0.0,1.0202041,0.007118413,0.59388965,-0.0037739375,-0.015383629,-0.1679678,200.0,0.03774385,0.19159581,200.0,383,FC128,collect,0,383,,,,
0.0,3.8632812,0.0,1.0289677,0.0071143177,0.60925925,-0.0019151517,-0.013138347,-0.12945214,199.63672,0.0370872,0.19209605,199.63672,384,FC128,collect,0,384,,,,
0.0,3.9140625,0.0,1.0284814,0.0071102222,0.61985016,0.002135044,-0.009174378,-0.08031152,199.71875,0.037244305,0.1925963,199.71875,385,FC128,collect,0,385,,,,
0.0,4.0234375,0.0,1.0186127,0.0071061268,0.5991214,0.008787397,-0.0033800835,0.02437599,199.95312,0.038811743,0.19309655,199.95312,386,FC128,collect,0,386,,,,
0.0,4.15625,0.0,1.018503,0.0071020313,0.6374918,0.008916817,-0.0043210457,0.16812599,199.40625,0.040942606,0.19359681,199.40625,387,FC128,collect,0,387,,,,
0.0,4.0585938,0.0,1.0187666,0.0070979353,0.63856614,-0.0014052223,-0.013655598,0.06812601,199.52344,0.03896303,0.19409706,199.52344,388,FC128,collect,0,388,,,,
0.0,4.0078125,0.0,1.0003289,0.00709384,0.65883034,-0.00862916,-0.020298269,0.012266591,199.77734,0.037530564,0.1945973,199.77734,389,FC128,collect,0,389,,,,
0.0,4.1484375,0.0,0.99101305,0.0070897443,0.6714947,-0.0014737821,-0.013295766,0.14875098,199.98438,0.037696026,0.19509755,199.98438,390,FC128,collect,0,390,,,,
0.0,4.0390625,0.0,1.0048959,0.007085649,0.6706536,-0.005069098,-0.016133284,0.03906348,200.0,0.03636905,0.19559781,200.0,391,FC128,collect,0,391,,,,
0.0,4.078125,0.0,1.0032884,0.0070815533,0.6630476,-0.0040498655,-0.015232418,0.08937597,199.4375,0.036574785,0.19609806,199.4375,392,FC128,collect,0,392,,,,
0.0,4.1054688,0.0,1.005547,0.007077458,0.6811481,0.003768952,-0.008068398,0.13382916,198.58203,0.037908133,0.1965983,198.58203,393,FC128,collect,0,393,,,,
0.0,4.2148438,0.0,1.0106655,0.0070733624,0.6871925,0.003977951,-0.0076470957,0.21531351,199.97656,0.0375477,0.19709855,199.97656,394,FC128,collect,0,394,,,,
0.0,4.0664062,0.0,0.998154,0.0070692664,0.6747564,0.004438997,-0.007903743,0.06687597,199.97656,0.03879791,0.1975988,199.97656,395,FC128,collect,0,395,,,,
0.0,4.0703125,0.0,0.9858281,0.0070651714,0.69775736,0.007061031,-0.0050037545,0.07031348,200.0,0.03805966,0.19809906,200.0,396,FC128,collect,0,396,,,,
0.0,4.2578125,0.0,0.9763707,0.0070610754,0.71756065,0.0065761544,-0.0056379926,0.2642979,199.67578,0.038216747,0.19859931,199.67578,397,FC128,collect,0,397,,,,
0.0,4.4257812,0.0,0.988957,0.00705698,0.7484024,-0.008817222,-0.02015314,0.42976665,199.80078,0.036629938,0.19909956,199.80078,398,FC128,collect,0,398,,,,
0.0,4.15625,0.0,0.9781783,0.0070528844,0.76688164,-0.0135066435,-0.023959372,0.16523536,199.55078,0.034703415,0.1995998,199.55078,399,FC128,collect,0,399,,,,
0.0,4.1367188,0.0,0.9699001,0.007048789,0.7161634,0.0066609625,-0.0058513195,0.14820413,199.42578,0.038697805,0.20010006,199.42578,400,FC128,collect,0,400,,,,
0.0,4.2460938,0.0,0.9754873,0.0070446935,0.70378006,0.020720705,0.006888801,0.2557823,199.51562,0.041407827,0.20060031,199.51562,401,FC128,collect,0,401,,,,
0.0,4.3476562,0.0,0.9854354,0.0070405975,0.7315322,0.0058290837,-0.0063609877,0.35211042,199.77734,0.03825625,0.20110056,199.77734,402,FC128,collect,0,402,,,,
0.0,4.15625,0.0,0.9857127,0.0070365025,0.74106765,-0.014176763,-0.024651108,0.16804789,199.41016,0.03482063,0.2016008,199.41016,403,FC128,collect,0,403,,,,
0.0,4.3242188,0.0,0.9736546,0.0070324065,0.7322472,0.005146856,-0.0070727356,0.33539164,199.4414,0.038133454,0.20210105,199.4414,404,FC128,collect,0,404,,,,
0.0,4.2734375,0.0,0.95004725,0.007028311,0.7509718,0.010274721,-0.002317295,0.285001,199.42188,0.038538486,0.20260131,199.42188,405,FC128,collect,0,405,,,,
0.0,4.4570312,0.0,0.9678563,0.0070242155,0.7469675,0.006302651,-0.0060335062,0.47382918,199.16016,0.038269177,0.20310156,199.16016,406,FC128,collect,0,406,,,,
0.0,4.4921875,0.0,0.98799866,0.00702012,0.75940895,-0.00698815,-0.017720241,0.5048448,199.36719,0.03533592,0.2036018,199.36719,407,FC128,collect,0,407,,,,
0.0,4.3867188,0.0,0.98855567,0.0070160246,0.7426027,-0.012538824,-0.023298236,0.39632916,199.51953,0.035390284,0.20410205,199.51953,408,FC128,collect,0,408,,,,
0.0,4.5234375,0.0,0.9811173,0.007011929,0.7534967,-0.0023117992,-0.013947094,0.5458604,198.8789,0.03702964,0.2046023,198.8789,409,FC128,collect,0,409,,,,
0.0,4.515625,0.0,0.9751573,0.0070078336,0.74551237,0.010171566,-0.0022300007,0.5507823,198.24219,0.03847061,0.20510256,198.24219,410,FC128,collect,0,410,,,,
0.0,4.328125,0.0,0.9654718,0.0070037376,0.7352388,0.0013313079,-0.0105658565,0.3491416,198.94922,0.03731815,0.20560281,198.94922,411,FC128,collect,0,411,,,,
0.0,4.3945312,0.0,0.9746256,0.006999642,0.751927,-0.0013802103,-0.012994671,0.4078135,199.33594,0.036872983,0.20610306,199.33594,412,FC128,collect,0,412,,,,
0.0,4.6679688,0.0,0.9788069,0.0069955466,0.7356356,0.0023549926,-0.009792811,0.70078224,198.35938,0.037990186,0.2066033,198.35938,413,FC128,collect,0,413,,,,
0.0,4.6914062,0.0,0.98178875,0.006991451,0.75119644,-0.005194412,-0.016830549,0.74656355,197.24219,0.03700053,0.20710357,197.24219,414,FC128,collect,0,414,,,,
0.0,4.625,0.0,0.9743623,0.0069873556,0.7563466,-0.00669466,-0.018019417,0.64843863,198.82812,0.036265947,0.20760381,198.82812,415,FC128,collect,0,415,,,,
0.0,4.7070312,0.0,0.9541669,0.00698326,0.77988046,-0.0068251435,-0.018797332,0.74937606,197.88281,0.03727077,0.20810406,197.88281,416,FC128,collect,0,416,,,,
0.0,4.859375,0.0,0.9571908,0.0069791647,0.7628235,0.004264238,-0.007797406,0.8889073,198.52344,0.037484072,0.2086043,198.52344,417,FC128,collect,0,417,,,,
0.0,4.9257812,0.0,0.96538377,0.0069750687,0.774425,0.0005124719,-0.011822706,0.9433605,199.1211,0.038137592,0.20910455,199.1211,418,FC128,collect,0,418,,,,
0.0,4.7460938,0.0,0.9692415,0.006970973,0.7931324,-0.010941096,-0.021779478,0.7751573,198.54688,0.03518988,0.20960481,198.54688,419,FC128,collect,0,419,,,,
0.0,4.84375,0.0,0.96699834,0.0069668777,0.78729165,-0.0056848424,-0.017368607,0.867423,198.8164,0.03684145,0.21010506,198.8164,420,FC128,collect,0,420,,,,
0.0,4.8867188,0.0,0.94270194,0.0069627822,0.80266756,-0.0011916189,-0.01335337,0.9437511,197.14844,0.03745116,0.21060531,197.14844,421,FC128,collect,0,421,,,,
0.0,4.9179688,0.0,0.9371073,0.0069586867,0.81257,0.0010909676,-0.010848195,0.94171995,198.8125,0.0369204,0.21110556,198.8125,422,FC128,collect,0,422,,,,
0.0,4.921875,0.0,0.94671494,0.0069545913,0.81464493,-0.0017813644,-0.013692548,0.964298,197.8789,0.036990397,0.21160582,197.8789,423,FC128,collect,0,423,,,,
0.0,5.203125,0.0,0.9474721,0.0069504958,0.8258927,0.00053897547,-0.011405614,1.2442199,197.94531,0.03705998,0.21210606,197.94531,424,FC128,collect,0,424,,,,
0.0,5.1328125,0.0,0.9435741,0.0069464,0.83675885,-0.008944001,-0.02064349,1.1853137,197.375,0.036507864,0.21260631,197.375,425,FC128,collect,0,425,,,,
0.0,5.2695312,0.0,0.9340126,0.006942305,0.83046615,-0.00062397216,-0.01347064,1.3261731,197.16797,0.038661737,0.21310656,197.16797,426,FC128,collect,0,426,,,,
0.0,5.1210938,0.0,0.9260899,0.006938209,0.83529973,-0.005729053,-0.018145958,1.1628137,197.91406,0.03768462,0.2136068,197.91406,427,FC128,collect,0,427,,,,
0.0,5.265625,0.0,0.92935073,0.0069341133,0.8379414,0.0025657136,-0.010148298,1.3465637,195.95312,0.03831647,0.21410707,195.95312,428,FC128,collect,0,428,,,,
0.0,5.1328125,0.0,0.9385268,0.006930018,0.8340335,-0.0026284372,-0.014239734,1.1829698,197.49219,0.03623061,0.21460731,197.49219,429,FC128,collect,0,429,,,,
0.0,5.296875,0.0,0.932932,0.0069259224,0.8305611,-0.00050714426,-0.012839464,1.3760949,196.03906,0.037587468,0.21510756,196.03906,430,FC128,collect,0,430,,,,
0.0,5.2617188,0.0,0.92152995,0.006921827,0.84192175,-0.004317613,-0.016098581,1.3571105,195.23047,0.03631928,0.2156078,195.23047,431,FC128,collect,0,431,,,,
0.0,5.3242188,0.0,0.918804,0.006917731,0.85145503,-0.005341117,-0.01731212,1.3856262,196.92969,0.036654085,0.21610805,196.92969,432,FC128,collect,0,432,,,,
0.0,5.5039062,0.0,0.91981775,0.006913636,0.84193724,0.000772913,-0.012080346,1.583673,196.01172,0.038425088,0.21660832,196.01172,433,FC128,collect,0,433,,,,
0.0,5.3867188,0.0,0.9213396,0.00690954,0.8588265,-0.0077122073,-0.019351328,1.4589074,196.39062,0.036010306,0.21710856,196.39062,434,FC128,collect,0,434,,,,
0.0,5.453125,0.0,0.91943383,0.0069054444,0.8478858,-0.0035266182,-0.015248729,1.5170324,196.80469,0.03614242,0.21760881,196.80469,435,FC128,collect,0,435,,,,
0.0,5.3632812,0.0,0.91899717,0.006901349,0.83953315,0.00012936397,-0.0115328,1.4537512,195.47656,0.03600897,0.21810906,195.47656,436,FC128,collect,0,436,,,,
0.0,5.609375,0.0,0.91004163,0.0068972535,0.8401982,0.006540543,-0.0071511013,1.771173,191.91016,0.039936863,0.21860932,191.91016,437,FC128,collect,0,437,,,,
0.0,5.5351562,0.0,0.90475225,0.006893158,0.8522754,-0.007478396,-0.020560008,1.6723449,193.14062,0.038636424,0.21910957,193.14062,438,FC128,collect,0,438,,,,
0.0,5.7109375,0.0,0.9000031,0.0068890625,0.8627845,-0.009255534,-0.022074023,1.796798,195.70703,0.038037334,0.21960981,195.70703,439,FC128,collect,0,439,,,,
0.0,5.65625,0.0,0.9067418,0.006884967,0.8484758,-0.004917751,-0.017692467,1.798048,192.91016,0.038035206,0.22011006,192.91016,440,FC128,collect,0,440,,,,
0.0,5.84375,0.0,0.9116077,0.006880871,0.8429449,0.00053943135,-0.012175798,1.9460948,194.88281,0.03797577,0.2206103,194.88281,441,FC128,collect,0,441,,,,
0.0,5.8515625,0.0,0.90692955,0.0068767755,0.8537421,-0.0062301573,-0.018806793,1.9727355,193.9414,0.037626773,0.22111057,193.9414,442,FC128,collect,0,442,,,,
0.0,6.203125,0.0,0.9033783,0.00687268,0.8596765,-0.0022390652,-0.014885211,2.3675795,191.77734,0.037709553,0.22161081,191.77734,443,FC128,collect,0,443,,,,
0.0,5.9726562,0.0,0.8931423,0.0068685845,0.8753661,-0.024091775,-0.0360074,2.1359386,191.83594,0.0361005,0.22211106,191.83594,444,FC128,collect,0,444,,,,
0.0,5.921875,0.0,0.8883485,0.006864489,0.87968,-0.02213008,-0.033986527,2.0540636,193.39062,0.035909012,0.22261131,193.39062,445,FC128,collect,0,445,,,,
0.0,5.9570312,0.0,0.88726056,0.0068603936,0.8645874,0.0008349968,-0.012426707,2.105626,192.57031,0.03869732,0.22311157,192.57031,446,FC128,collect,0,446,,,,
0.0,5.9453125,0.0,0.8827529,0.006856298,0.8603538,0.009827637,-0.003702953,2.092423,192.64453,0.039166015,0.22361182,192.64453,447,FC128,collect,0,447,,,,
0.0,5.796875,0.0,0.88406163,0.006852202,0.8809887,-0.009749461,-0.021205995,1.9089856,194.39453,0.035028607,0.22411206,194.39453,448,FC128,collect,0,448,,,,
0.0,6.1914062,0.0,0.8712998,0.0068481066,0.8927431,-0.0059704757,-0.018299038,2.380001,190.57031,0.036590632,0.22461231,190.57031,449,FC128,collect,0,449,,,,
0.0,6.1796875,0.0,0.8706837,0.006844011,0.8992273,-0.014932716,-0.027282035,2.3702354,190.47266,0.036616575,0.22511256,190.47266,450,FC128,collect,0,450,,,,
0.0,6.171875,0.0,0.8694176,0.0068399156,0.8976941,-0.008448326,-0.021421388,2.3803136,189.57812,0.03783961,0.22561282,189.57812,451,FC128,collect,0,451,,,,
0.0,6.3164062,0.0,0.8559379,0.00683582,0.88419634,0.012837116,-0.0020673927,2.531876,189.22656,0.041511092,0.22611307,189.22656,452,FC128,collect,0,452,,,,
0.0,6.015625,0.0,0.8595982,0.0068317247,0.8971504,-0.00575877,-0.01832018,2.1301575,194.27344,0.036867898,0.22661331,194.27344,453,FC128,collect,0,453,,,,
0.0,6.0234375,0.0,0.85125524,0.006827629,0.899638,-0.00930232,-0.021767851,2.1792982,192.20703,0.03655517,0.22711356,192.20703,454,FC128,collect,0,454,,,,
0.0,6.0,0.0,0.85049444,0.006823533,0.89393204,-0.0084769,-0.021212794,2.163126,191.84375,0.03707854,0.22761382,191.84375,455,FC128,collect,0,455,,,,
0.0,6.1328125,0.0,0.8487925,0.006819438,0.89009976,0.0025082752,-0.01084921,2.2774231,192.76953,0.038291547,0.22811407,192.76953,456,FC128,collect,0,456,,,,
0.0,6.078125,0.0,0.85424095,0.006815342,0.88469636,-0.0020100581,-0.014898339,2.2294543,192.4336,0.03742045,0.22861432,192.4336,457,FC128,collect,0,457,,,,
0.0,6.328125,0.0,0.84234875,0.0068112467,0.8884445,-0.0052749394,-0.018657273,2.5188293,190.46484,0.038239557,0.22911456,190.46484,458,FC128,collect,0,458,,,,
0.0,6.46875,0.0,0.84008783,0.0068071513,0.8890074,-0.008376829,-0.022018328,2.6951573,188.67969,0.03872021,0.22961481,188.67969,459,FC128,collect,0,459,,,,
0.0,6.4765625,0.0,0.8214037,0.0068030558,0.8894582,-0.016991233,-0.032465853,2.7614856,185.7539,0.042125348,0.23011507,185.7539,460,FC128,collect,0,460,,,,
0.0,6.421875,0.0,0.8271713,0.0067989603,0.8905023,-0.018912967,-0.033414017,2.7060168,185.79297,0.04024991,0.23061532,185.79297,461,FC128,collect,0,461,,,,
0.0,6.28125,0.0,0.8298458,0.006794865,0.89099085,-0.016328413,-0.029717322,2.4302356,192.55078,0.0380552,0.23111556,192.55078,462,FC128,collect,0,462,,,,
0.0,6.1484375,0.0,0.8273928,0.0067907693,0.88224673,-0.0050153323,-0.018824726,2.2963293,192.60547,0.038856056,0.23161581,192.60547,463,FC128,collect,0,463,,,,
0.0,6.34375,0.0,0.81835186,0.0067866733,0.87520415,0.01072859,-0.0047075516,2.6025014,187.0625,0.041980054,0.23211607,187.0625,464,FC128,collect,0,464,,,,
0.0,6.3515625,0.0,0.81705344,0.006782578,0.8826604,0.001056884,-0.014643298,2.601095,187.52344,0.04248382,0.23261632,187.52344,465,FC128,collect,0,465,,,,
0.0,6.3710938,0.0,0.8107989,0.0067784823,0.89083064,-0.012709321,-0.02774838,2.6780481,184.65234,0.04107009,0.23311657,184.65234,466,FC128,collect,0,466,,,,
0.0,6.5039062,0.0,0.8186368,0.006774387,0.8963955,-0.015162914,-0.029351382,2.8278918,183.80078,0.03946846,0.23361681,183.80078,467,FC128,collect,0,467,,,,
0.0,6.6210938,0.0,0.8072125,0.0067702914,0.8993503,-0.011658078,-0.02554866,2.959923,183.0586,0.03871129,0.23411706,183.0586,468,FC128,collect,0,468,,,,
0.0,6.8710938,0.0,0.8110794,0.006766196,0.9001218,-0.0013962095,-0.015271458,3.2638292,180.36328,0.03872634,0.23461732,180.36328,469,FC128,collect,0,469,,,,
0.0,6.5820312,0.0,0.8076087,0.0067621004,0.90307313,-0.019692399,-0.03385113,2.9507823,181.5625,0.039239727,0.23511757,181.5625,470,FC128,collect,0,470,,,,
0.0,6.296875,0.0,0.8148763,0.0067580044,0.90631324,-0.02355761,-0.03853867,2.6418762,182.75,0.04097599,0.23561782,182.75,471,FC128,collect,0,471,,,,
0.0,6.484375,0.0,0.81796175,0.006753909,0.90014595,0.000703963,-0.013098484,2.7871103,184.86328,0.038653772,0.23611806,184.86328,472,FC128,collect,0,472,,,,
0.0,6.4765625,0.0,0.8030619,0.0067498134,0.8878182,0.01101691,-0.0044904924,2.7305481,187.30078,0.041855842,0.23661831,187.30078,473,FC128,collect,0,473,,,,
0.0,6.2148438,0.0,0.795983,0.006745718,0.90630543,-0.005933445,-0.018620348,2.3514857,193.16797,0.03611276,0.23711857,193.16797,474,FC128,collect,0,474,,,,
0.0,6.3398438,0.0,0.78644615,0.0067416225,0.90018463,-0.0063067735,-0.019955626,2.504923,191.7461,0.03790155,0.23761882,191.7461,475,FC128,collect,0,475,,,,
0.0,6.7578125,0.0,0.77978355,0.006737527,0.9047205,-0.0011090082,-0.015517613,3.0759387,184.09375,0.039324835,0.23811907,184.09375,476,FC128,collect,0,476,,,,
0.0,6.8125,0.0,0.78197706,0.0067334315,0.9137293,-0.012078403,-0.02535711,3.1900792,181.1211,0.037088193,0.23861931,181.1211,477,FC128,collect,0,477,,,,
0.0,7.0195312,0.0,0.77801,0.0067293355,0.91243476,-0.016392663,-0.030338574,3.5450792,173.72266,0.038362805,0.23911957,173.72266,478,FC128,collect,0,478,,,,
0.0,6.796875,0.0,0.7748715,0.0067252405,0.91633826,-0.026709953,-0.040558062,3.2271886,178.48438,0.038118612,0.23961982,178.48438,479,FC128,collect,0,479,,,,
0.0,6.8242188,0.0,0.7664912,0.0067211445,0.90862834,-0.016236112,-0.03210589,3.3112512,175.64844,0.042042952,0.24012007,175.64844,480,FC128,collect,0,480,,,,
0.0,6.8359375,0.0,0.7597093,0.006717049,0.89648736,-0.001022303,-0.017518736,3.2674232,178.42578,0.043198876,0.24062032,178.42578,481,FC128,collect,0,481,,,,
0.0,6.703125,0.0,0.76369524,0.0067129536,0.8939579,0.0034647551,-0.01306873,3.042892,183.01172,0.043320272,0.24112056,183.01172,482,FC128,collect,0,482,,,,
0.0,6.9179688,0.0,0.74513364,0.006708858,0.89752716,0.005585728,-0.011734105,3.391251,176.33594,0.044637658,0.24162082,176.33594,483,FC128,collect,0,483,,,,
0.0,6.7265625,0.0,0.75737613,0.0067047626,0.9146518,-0.01626931,-0.032259073,3.1921105,176.72266,0.04213558,0.24212107,176.72266,484,FC128,collect,0,484,,,,
0.0,6.6523438,0.0,0.74662757,0.0067006666,0.90412253,-0.022860304,-0.039888017,3.1445324,175.39062,0.044061232,0.24262132,175.39062,485,FC128,collect,0,485,,,,
0.0,6.8828125,0.0,0.7524292,0.0066965716,0.896513,-0.011161592,-0.028279483,3.4014072,174.07031,0.044313174,0.24312156,174.07031,486,FC128,collect,0,486,,,,
0.0,6.8632812,0.0,0.7412373,0.0066924756,0.8964134,0.0017140801,-0.015311694,3.3527355,175.52734,0.043972973,0.24362183,175.52734,487,FC128,collect,0,487,,,,
0.0,6.734375,0.0,0.7314527,0.00668838,0.8975091,-0.002418518,-0.018654661,3.0688293,183.27734,0.042256754,0.24412207,183.27734,488,FC128,collect,0,488,,,,
0.0,6.8554688,0.0,0.72729534,0.0066842847,0.8899074,-0.003544516,-0.019834708,3.277892,178.8789,0.042303283,0.24462232,178.8789,489,FC128,collect,0,489,,,,
0.0,6.9140625,0.0,0.73796594,0.006680189,0.89279497,-0.010469268,-0.026288047,3.403673,175.51953,0.041497063,0.24512257,175.51953,490,FC128,collect,0,490,,,,
0.0,6.8789062,0.0,0.7439286,0.0066760937,0.9033477,-0.02547388,-0.039898433,3.3814855,174.8711,0.03878218,0.24562281,174.8711,491,FC128,collect,0,491,,,,
0.0,7.15625,0.0,0.71721476,0.0066719977,0.9057942,-0.013431182,-0.028798943,3.8045323,167.58594,0.04030603,0.24612308,167.58594,492,FC128,collect,0,492,,,,
0.0,7.1445312,0.0,0.71441156,0.0066679027,0.9163834,-0.016931687,-0.030313428,3.7284386,170.80469,0.03629074,0.24662332,170.80469,493,FC128,collect,0,493,,,,
0.0,7.0351562,0.0,0.7091084,0.0066638067,0.91922957,-0.021311143,-0.03460031,3.488751,177.32031,0.036029056,0.24712357,177.32031,494,FC128,collect,0,494,,,,
0.0,7.1484375,0.0,0.7087977,0.0066597117,0.91487336,-0.010925429,-0.025381668,3.7412512,170.35938,0.038353253,0.24762382,170.35938,495,FC128,collect,0,495,,,,
0.0,7.1757812,0.0,0.7250514,0.0066556158,0.9181544,-0.0070947176,-0.021789297,3.8604698,165.76562,0.039040487,0.24812406,165.76562,496,FC128,collect,0,496,,,,
0.0,7.046875,0.0,0.7205725,0.0066515203,0.9164786,-0.011760807,-0.026742896,3.7089071,166.89844,0.039549984,0.24862432,166.89844,497,FC128,collect,0,497,,,,
0.0,7.2226562,0.0,0.7201413,0.006647425,0.92881966,-0.007469853,-0.021854864,3.8514857,168.5586,0.038344193,0.24912457,168.5586,498,FC128,collect,0,498,,,,
0.0,7.1132812,0.0,0.6922254,0.006643329,0.9279235,-0.008934442,-0.024295114,3.7628918,167.51953,0.039918706,0.24962482,167.51953,499,FC128,collect,0,499,,,,
0.0,6.8515625,0.0,0.6846334,0.006639234,0.9346571,-0.019713238,-0.034175675,3.2532043,179.91797,0.038015757,0.25012508,179.91797,500,FC128,collect,0,500,,,,
0.0,6.8398438,0.0,0.6841331,0.006635138,0.9275821,-0.0001577409,-0.01573383,3.1746886,183.25781,0.040230814,0.2506253,183.25781,501,FC128,collect,0,501,,,,
0.0,7.1171875,0.0,0.6845183,0.006631043,0.9126948,0.019350812,-2.4462192e-05,3.68672,171.52344,0.04782869,0.25112557,171.52344,502,FC128,collect,0,502,,,,
0.0,7.2070312,0.0,0.69755125,0.006626947,0.901936,0.024853598,0.003484805,3.9353137,163.58594,0.051982857,0.25162584,163.58594,503,FC128,collect,0,503,,,,
0.0,7.1132812,0.0,0.7078198,0.0066228514,0.916685,0.0010663164,-0.016386244,3.8145323,164.9375,0.044280693,0.25212607,164.9375,504,FC128,collect,0,504,,,,
0.0,7.328125,0.0,0.6837981,0.006618756,0.93095255,-0.011661284,-0.027923945,4.114142,160.69922,0.04157711,0.25262633,160.69922,505,FC128,collect,0,505,,,,
0.0,7.015625,0.0,0.67054343,0.0066146604,0.9382522,-0.03072999,-0.04570342,3.5597668,172.79297,0.038817693,0.25312656,172.79297,506,FC128,collect,0,506,,,,
0.0,6.6796875,0.0,0.6719361,0.006610565,0.93659765,-0.033950686,-0.047111373,2.9232824,187.82031,0.03520513,0.25362682,187.82031,507,FC128,collect,0,507,,,,
0.0,6.1601562,0.0,0.6770656,0.006606469,0.93203574,-0.03163609,-0.04518879,2.3033605,192.83984,0.036051426,0.2541271,192.83984,508,FC128,collect,0,508,,,,
0.0,6.1445312,0.0,0.7069261,0.006602374,0.911254,-0.007809768,-0.02123205,2.2615638,194.14844,0.036179345,0.25462732,194.14844,509,FC128,collect,0,509,,,,
0.0,6.6132812,0.0,0.71582925,0.006598278,0.8762085,0.025365697,0.007902771,2.7725794,192.03516,0.04437233,0.25512758,192.03516,510,FC128,collect,0,510,,,,
0.0,7.1054688,0.0,0.7257677,0.0065941825,0.82448184,0.056702778,0.03144686,3.622345,174.15625,0.06008352,0.2556278,174.15625,511,FC128,collect,0,511,,,,
0.0,7.0351562,0.0,0.744934,0.006590087,0.80400956,0.05592537,0.029415458,3.6440635,169.55469,0.06283818,0.25612807,169.55469,512,FC128,collect,0,512,,,,
0.0,6.4804688,0.0,0.7523709,0.0065859915,0.8283573,0.026464265,0.004575485,3.0507822,171.48438,0.05368778,0.25662833,171.48438,513,FC128,collect,0,513,,,,
0.0,6.6484375,0.0,0.76153034,0.006581896,0.8424522,0.01329444,-0.006085712,3.2340636,170.71875,0.04878493,0.25712857,170.71875,514,FC128,collect,0,514,,,,
0.0,7.34375,0.0,0.737217,0.0065778,0.8669851,0.01334947,-0.00503127,4.0750012,163.4375,0.04646001,0.25762883,163.4375,515,FC128,collect,0,515,,,,
0.0,7.1992188,0.0,0.72518915,0.006573705,0.90640956,-0.016925335,-0.032500662,3.8527353,167.32422,0.040685013,0.25812906,167.32422,516,FC128,collect,0,516,,,,
0.0,7.0585938,0.0,0.6985058,0.006569609,0.91111255,-0.04298081,-0.060013458,3.5420322,175.82812,0.043243118,0.25862932,175.82812,517,FC128,collect,0,517,,,,
0.0,7.0234375,0.0,0.6908851,0.0065655136,0.9148826,-0.05354574,-0.07109979,3.4711728,177.61328,0.044180125,0.25912958,177.61328,518,FC128,collect,0,518,,,,
0.0,7.0195312,0.0,0.6970765,0.006561418,0.9219509,-0.054999094,-0.071318686,3.4749231,177.23047,0.04178681,0.25962982,177.23047,519,FC128,collect,0,519,,,,
0.0,7.109375,0.0,0.6873625,0.0065573226,0.9163006,-0.043101616,-0.059871387,3.6937513,170.78125,0.042554054,0.26013008,170.78125,520,FC128,collect,0,520,,,,
0.0,7.3125,0.0,0.70806706,0.006553227,0.9130654,-0.027751155,-0.043927256,4.0251575,164.36719,0.04163245,0.2606303,164.36719,521,FC128,collect,0,521,,,,
0.0,7.2695312,0.0,0.72746223,0.006549131,0.9006088,-0.015621664,-0.033068966,4.1364074,156.65625,0.044423096,0.26113057,156.65625,522,FC128,collect,0,522,,,,
0.0,6.8359375,0.0,0.7385936,0.006545036,0.8886501,-0.021386787,-0.03936956,3.501954,166.69922,0.04563379,0.26163083,166.69922,523,FC128,collect,0,523,,,,
0.0,7.109375,0.0,0.73072994,0.00654094,0.87343633,0.0008459673,-0.019045204,3.9214072,159.39844,0.049341664,0.26213107,159.39844,524,FC128,collect,0,524,,,,
0.0,7.125,0.0,0.73454654,0.006536845,0.88256985,0.008903394,-0.010565329,3.8985167,161.32422,0.04854068,0.26263133,161.32422,525,FC128,collect,0,525,,,,
0.0,7.15625,0.0,0.72414786,0.006532749,0.89188135,0.0051082363,-0.014516911,4.014142,157.10547,0.048711646,0.2631316,157.10547,526,FC128,collect,0,526,,,,
0.0,7.3164062,0.0,0.72949207,0.0065286537,0.914937,-0.009027392,-0.023699319,4.074689,162.08594,0.038869057,0.26363182,162.08594,527,FC128,collect,0,527,,,,
0.0,7.3398438,0.0,0.7188539,0.006524558,0.9267576,-0.024566837,-0.03903283,4.222501,155.86719,0.038312398,0.26413208,155.86719,528,FC128,collect,0,528,,,,
0.0,7.2578125,0.0,0.71835864,0.006520462,0.9329096,-0.03593576,-0.0498966,4.178673,153.95703,0.037289746,0.2646323,153.95703,529,FC128,collect,0,529,,,,
0.0,7.2890625,0.0,0.7163702,0.006516367,0.9333172,-0.038748764,-0.05226983,4.1877356,155.0664,0.0363784,0.26513258,155.0664,530,FC128,collect,0,530,,,,
0.0,7.2578125,0.0,0.71788365,0.0065122712,0.9346445,-0.034158736,-0.047261514,4.1800795,153.88672,0.03555566,0.26563284,153.88672,531,FC128,collect,0,531,,,,
0.0,7.375,0.0,0.7124185,0.006508176,0.93577546,-0.01896281,-0.03246025,4.2471886,156.39062,0.03626797,0.26613307,156.39062,532,FC128,collect,0,532,,,,
0.0,7.3515625,0.0,0.71023464,0.0065040803,0.93001467,-0.002398312,-0.016647747,4.1733603,158.91016,0.037737716,0.26663333,158.91016,533,FC128,collect,0,533,,,,
0.0,7.1835938,0.0,0.72012043,0.006499985,0.927622,-0.0016757888,-0.01662415,3.841642,167.09766,0.039258268,0.26713356,167.09766,534,FC128,collect,0,534,,,,
0.0,7.15625,0.0,0.71596235,0.0064958893,0.9255702,0.0023463941,-0.013262487,3.7782042,168.90234,0.040519387,0.26763383,168.90234,535,FC128,collect,0,535,,,,
0.0,7.1445312,0.0,0.7145768,0.006491794,0.9168877,0.006405076,-0.009760515,3.813595,166.54688,0.041608952,0.2681341,166.54688,536,FC128,collect,0,536,,,,
0.0,7.1367188,0.0,0.7134284,0.0064876983,0.92317677,0.0014683972,-0.0154723395,3.8791418,162.8789,0.04313849,0.26863432,162.8789,537,FC128,collect,0,537,,,,
0.0,7.3125,0.0,0.71358275,0.0064836023,0.92933154,-0.0030472297,-0.019377695,4.2775793,151.7461,0.041914105,0.26913458,151.7461,538,FC128,collect,0,538,,,,
0.0,7.1875,0.0,0.697131,0.0064795073,0.9279803,-0.014811952,-0.0318546,4.0885167,154.94922,0.043119427,0.2696348,154.94922,539,FC128,collect,0,539,,,,
0.0,7.4023438,0.0,0.6859806,0.0064754114,0.9306932,-0.013468953,-0.028607467,4.2682824,156.70312,0.03916104,0.27013507,156.70312,540,FC128,collect,0,540,,,,
0.0,7.1992188,0.0,0.6730185,0.006471316,0.9283683,-0.01351844,-0.030292831,3.9889855,160.51172,0.042259414,0.27063534,160.51172,541,FC128,collect,0,541,,,,
0.0,7.0820312,0.0,0.6695359,0.0064672204,0.9234147,-0.01583618,-0.031915165,3.737423,167.23047,0.040818043,0.27113557,167.23047,542,FC128,collect,0,542,,,,
0.0,7.0976562,0.0,0.67628604,0.006463125,0.9168774,-0.0070144655,-0.022953834,3.6551573,172.125,0.04062058,0.27163583,172.125,543,FC128,collect,0,543,,,,
0.0,7.0625,0.0,0.66970164,0.0064590294,0.90769637,0.00083558075,-0.016740704,3.6619544,170.02734,0.043803815,0.2721361,170.02734,544,FC128,collect,0,544,,,,
0.0,7.4335938,0.0,0.6639472,0.0064549334,0.8971546,0.015314649,-0.00451377,4.3207045,155.64453,0.04822831,0.27263632,155.64453,545,FC128,collect,0,545,,,,
0.0,7.5,0.0,0.66448706,0.0064508384,0.8883787,0.014318922,-0.0062391073,4.497892,150.10547,0.049689054,0.2731366,150.10547,546,FC128,collect,0,546,,,,
0.0,6.9414062,0.0,0.6703982,0.0064467425,0.895566,-0.011998441,-0.032978,3.8098447,156.57812,0.050602883,0.27363682,156.57812,547,FC128,collect,0,547,,,,
0.0,7.3320312,0.0,0.66338146,0.006442647,0.90667063,-0.015466191,-0.03357397,4.2739854,152.90234,0.044763424,0.27413708,152.90234,548,FC128,collect,0,548,,,,
0.0,7.5546875,0.0,0.63809234,0.0064385515,0.91770494,-0.013526168,-0.03201463,4.646173,145.42578,0.045193706,0.27463734,145.42578,549,FC128,collect,0,549,,,,
0.0,7.4140625,0.0,0.6185523,0.006434456,0.9243504,-0.025039503,-0.04369166,4.3524227,153.08203,0.04526441,0.27513757,153.08203,550,FC128,collect,0,550,,,,
0.0,7.6367188,0.0,0.61670464,0.0064303605,0.93213373,-0.025317572,-0.041855227,4.621954,150.73828,0.041006576,0.27563784,150.73828,551,FC128,collect,0,551,,,,
0.0,7.5703125,0.0,0.62365305,0.0064262645,0.93167204,-0.023141388,-0.03890821,4.558751,150.57812,0.039549164,0.27613807,150.57812,552,FC128,collect,0,552,,,,
0.0,7.359375,0.0,0.6502423,0.0064221695,0.92289424,-0.027779194,-0.04516935,4.32047,151.94531,0.043132246,0.27663833,151.94531,553,FC128,collect,0,553,,,,
0.0,7.3554688,0.0,0.6746458,0.0064180735,0.9208456,-0.02058107,-0.036651623,4.3310165,151.22266,0.040800955,0.2771386,151.22266,554,FC128,collect,0,554,,,,
0.0,7.3242188,0.0,0.6799123,0.0064139785,0.913362,-0.0063826973,-0.023455117,4.2167196,155.375,0.042866725,0.27763882,155.375,555,FC128,collect,0,555,,,,
0.0,7.2539062,0.0,0.6861139,0.0064098826,0.9134624,-0.0027622613,-0.019475088,4.0821886,158.58594,0.04222147,0.27813908,158.58594,556,FC128,collect,0,556,,,,
0.0,7.4335938,0.0,0.68689674,0.006405787,0.9178403,0.0030867844,-0.013811402,4.369688,153.19531,0.0425966,0.27863932,153.19531,557,FC128,collect,0,557,,,,
0.0,7.4921875,0.0,0.6699349,0.0064016916,0.91750544,-9.317929e-05,-0.016997872,4.5854697,145.33594,0.04238682,0.27913958,145.33594,558,FC128,collect,0,558,,,,
0.0,7.4335938,0.0,0.6797354,0.006397596,0.93531036,-0.019184517,-0.033671454,4.517267,145.8164,0.03767122,0.27963984,145.8164,559,FC128,collect,0,559,,,,
0.0,7.5507812,0.0,0.6736637,0.0063935006,0.947869,-0.03185059,-0.043921236,4.5692196,149.07812,0.03275543,0.28014007,149.07812,560,FC128,collect,0,560,,,,
0.0,7.5351562,0.0,0.6719046,0.0063894046,0.9528002,-0.033850867,-0.045989897,4.546876,149.41406,0.032864198,0.28064033,149.41406,561,FC128,collect,0,561,,,,
0.0,7.4960938,0.0,0.655736,0.0063853096,0.9499833,-0.03168928,-0.04431039,4.477892,150.91016,0.03361638,0.28114057,150.91016,562,FC128,collect,0,562,,,,
0.0,7.3398438,0.0,0.6674044,0.0063812137,0.94350225,-0.02222458,-0.0362484,4.2659388,153.69531,0.03656534,0.28164083,153.69531,563,FC128,collect,0,563,,,,
0.0,7.5585938,0.0,0.66649246,0.006377118,0.93080175,0.004892569,-0.0112179,4.7077355,142.54297,0.04072154,0.2821411,142.54297,564,FC128,collect,0,564,,,,
0.0,7.6054688,0.0,0.682654,0.0063730227,0.92216676,0.014041211,-0.002881455,4.7248445,144.03125,0.04254647,0.28264132,144.03125,565,FC128,collect,0,565,,,,
0.0,7.5820312,0.0,0.68970037,0.006368927,0.91930133,0.011910373,-0.004754253,4.677657,145.21875,0.042114556,0.28314158,145.21875,566,FC128,collect,0,566,,,,
0.0,7.546875,0.0,0.68005854,0.0063648317,0.92755044,0.0039731204,-0.012772556,4.641017,145.29297,0.04214827,0.28364184,145.29297,567,FC128,collect,0,567,,,,
0.0,7.4882812,0.0,0.6591765,0.0063607357,0.9329108,-0.009116614,-0.025138773,4.623517,143.23828,0.040430013,0.28414208,143.23828,568,FC128,collect,0,568,,,,
0.0,7.3046875,0.0,0.6571762,0.0063566407,0.94138485,-0.028834276,-0.044669755,4.1929703,155.58594,0.040025823,0.28464234,155.58594,569,FC128,collect,0,569,,,,
0.0,6.8515625,0.0,0.6441862,0.0063525448,0.936029,-0.040420663,-0.058693472,3.5471106,165.22266,0.04473006,0.28514257,165.22266,570,FC128,collect,0,570,,,,
0.0,7.0507812,0.0,0.6543375,0.0063484493,0.94362056,-0.030985162,-0.045149945,3.6432824,170.375,0.036637623,0.28564283,170.375,571,FC128,collect,0,571,,,,
0.0,6.921875,0.0,0.65691274,0.006344354,0.93811375,-0.020428607,-0.036115006,3.5007825,171.05469,0.03970817,0.2861431,171.05469,572,FC128,collect,0,572,,,,
0.0,7.2304688,0.0,0.65805286,0.0063402583,0.9173326,0.0036837612,-0.012723801,3.9545324,163.79688,0.041159574,0.28664333,163.79688,573,FC128,collect,0,573,,,,
0.0,7.40625,0.0,0.67168385,0.006336163,0.8992452,0.019519676,-0.0006261602,4.30672,154.97656,0.048803467,0.2871436,154.97656,574,FC128,collect,0,574,,,,
0.0,7.5898438,0.0,0.66539323,0.006332067,0.88752836,0.035665993,0.012859877,4.735626,142.71094,0.054038856,0.28764382,142.71094,575,FC128,collect,0,575,,,,
0.0,7.4257812,0.0,0.6897981,0.006327972,0.87677443,0.024781153,0.003399668,4.5300794,144.78516,0.051493015,0.28814408,144.78516,576,FC128,collect,0,576,,,,
0.0,7.1992188,0.0,0.69410443,0.006323876,0.8930916,0.009789661,-0.009180593,4.183439,150.78906,0.04671937,0.28864434,150.78906,577,FC128,collect,0,577,,,,
0.0,7.3671875,0.0,0.6786207,0.0063197804,0.9002392,0.007719475,-0.010809701,4.400626,148.32812,0.04563582,0.28914458,148.32812,578,FC128,collect,0,578,,,,
0.0,7.65625,0.0,0.6438554,0.006315685,0.9137202,0.006602152,-0.011366096,4.8483605,140.39453,0.04406927,0.28964484,140.39453,579,FC128,collect,0,579,,,,
0.0,7.578125,0.0,0.6405778,0.0063115894,0.9323454,-0.015560019,-0.030863388,4.597892,149.01172,0.038692866,0.29014507,149.01172,580,FC128,collect,0,580,,,,
0.0,7.25,0.0,0.6230994,0.006307494,0.93615186,-0.037562065,-0.05326939,4.031642,160.91797,0.039275046,0.29064533,160.91797,581,FC128,collect,0,581,,,,
0.0,7.2734375,0.0,0.608165,0.006303398,0.94109297,-0.043953296,-0.05976404,4.050314,161.15625,0.0392885,0.2911456,161.15625,582,FC128,collect,0,582,,,,
0.0,7.3867188,0.0,0.60533136,0.006299303,0.9445702,-0.04307399,-0.058934312,4.208048,158.9336,0.039346978,0.29164582,158.9336,583,FC128,collect,0,583,,,,
0.0,7.3242188,0.0,0.6093294,0.006295207,0.94440055,-0.03781697,-0.052087944,4.0646887,162.97656,0.03621365,0.2921461,162.97656,584,FC128,collect,0,584,,,,
0.0,7.4609375,0.0,0.6146421,0.006291112,0.9414954,-0.025770122,-0.04045945,4.320548,157.01953,0.03711222,0.29264632,157.01953,585,FC128,collect,0,585,,,,
0.0,7.578125,0.0,0.62209284,0.006287016,0.93406576,-0.012735447,-0.029095545,4.693048,144.2539,0.040542413,0.29314658,144.2539,586,FC128,collect,0,586,,,,
0.0,7.328125,0.0,0.6588695,0.0062829205,0.9185215,-0.01696552,-0.03484346,4.351407,148.83594,0.04403513,0.29364684,148.83594,587,FC128,collect,0,587,,,,
0.0,6.5859375,0.0,0.6747174,0.006278825,0.908526,-0.024181448,-0.04440229,3.4259386,158.0,0.048914548,0.29414707,158.0,588,FC128,collect,0,588,,,,
0.0,6.7148438,0.0,0.6808999,0.0062747295,0.90059495,-0.013650296,-0.0335153,3.4871888,161.38281,0.048274934,0.29464734,161.38281,589,FC128,collect,0,589,,,,
0.0,7.046875,0.0,0.66148734,0.006270634,0.88622564,0.010586123,-0.011235083,3.973751,153.65625,0.051938303,0.2951476,153.65625,590,FC128,collect,0,590,,,,
0.0,7.3828125,0.0,0.6387079,0.006266538,0.8894893,0.03422191,0.010456838,4.343517,151.96484,0.055535126,0.29564783,151.96484,591,FC128,collect,0,591,,,,
0.0,7.421875,0.0,0.63963014,0.006262443,0.8919643,0.039597645,0.015785785,4.3196106,155.11328,0.05563502,0.2961481,155.11328,592,FC128,collect,0,592,,,,
0.0,7.3164062,0.0,0.65552527,0.006258347,0.90171814,0.029173706,0.008048744,4.0307827,164.28125,0.050454933,0.29664832,164.28125,593,FC128,collect,0,593,,,,
0.0,7.4375,0.0,0.6466579,0.0062542516,0.90157837,0.028525855,0.007885779,4.2840643,157.67188,0.049368877,0.2971486,157.67188,594,FC128,collect,0,594,,,,
0.0,7.5078125,0.0,0.64285004,0.006250156,0.90405947,0.021073604,0.00047955275,4.535157,148.63281,0.04922393,0.29764885,148.63281,595,FC128,collect,0,595,,,,
0.0,7.6171875,0.0,0.6491563,0.0062460606,0.9168145,0.009922934,-0.008411248,4.720626,144.82812,0.044777703,0.29814908,144.82812,596,FC128,collect,0,596,,,,
0.0,7.5546875,0.0,0.6510471,0.006241965,0.92069745,-0.008182537,-0.026210705,4.810392,137.21484,0.044183962,0.29864934,137.21484,597,FC128,collect,0,597,,,,
0.0,7.6289062,0.0,0.6477427,0.006237869,0.93905395,-0.028308846,-0.042379048,4.815626,140.66406,0.03622147,0.29914957,140.66406,598,FC128,collect,0,598,,,,
0.0,7.6484375,0.0,0.6226056,0.006233774,0.94259757,-0.037088256,-0.05185974,4.9566417,134.58984,0.03730533,0.29964983,134.58984,599,FC128,collect,0,599,,,,
0.0,7.5742188,0.0,0.61957353,0.006229678,0.9458317,-0.046298653,-0.061610967,4.7322664,142.09766,0.03834412,0.3001501,142.09766,600,FC128,collect,0,600,,,,
0.0,7.6679688,0.0,0.6284938,0.0062255827,0.9521093,-0.044367816,-0.057250977,4.844142,141.1914,0.0335918,0.30065033,141.1914,601,FC128,collect,0,601,,,,
0.0,7.6953125,0.0,0.6268418,0.006221487,0.9520169,-0.036244992,-0.04851148,4.8467197,142.42969,0.03233275,0.3011506,142.42969,602,FC128,collect,0,602,,,,
0.0,7.703125,0.0,0.64476365,0.0062173917,0.9487765,-0.023216518,-0.035500303,4.8660946,141.85156,0.032585066,0.30165082,141.85156,603,FC128,collect,0,603,,,,
0.0,7.7539062,0.0,0.6510128,0.006213296,0.93365306,-0.008120634,-0.022329785,4.917345,141.82812,0.036508173,0.30215108,141.82812,604,FC128,collect,0,604,,,,
0.0,7.6875,0.0,0.6632624,0.0062092002,0.9384186,-0.009552285,-0.02368768,4.8957043,139.58984,0.036507446,0.30265135,139.58984,605,FC128,collect,0,605,,,,
0.0,7.5585938,0.0,0.67450833,0.006205105,0.93708825,-0.01425375,-0.028824726,4.701329,142.86328,0.037512742,0.30315158,142.86328,606,FC128,collect,0,606,,,,
0.0,7.6992188,0.0,0.66371965,0.0062010093,0.9426113,-0.005780143,-0.019876674,4.985938,135.66406,0.036424525,0.30365184,135.66406,607,FC128,collect,0,607,,,,
0.0,7.5703125,0.0,0.6474513,0.006196914,0.93722534,-0.011612926,-0.027739735,4.8518763,135.92188,0.040278018,0.30415207,135.92188,608,FC128,collect,0,608,,,,
0.0,7.6757812,0.0,0.6325577,0.0061928183,0.94607675,-0.010322758,-0.02493936,4.9039855,138.58984,0.037067834,0.30465233,138.58984,609,FC128,collect,0,609,,,,
0.0,7.5625,0.0,0.612094,0.006188723,0.9465997,-0.015536251,-0.030758599,4.722189,142.01562,0.038020857,0.3051526,142.01562,610,FC128,collect,0,610,,,,
0.0,7.5820312,0.0,0.61177665,0.0061846273,0.950577,-0.015117268,-0.029084105,4.6266418,147.76953,0.035500895,0.30565283,147.76953,611,FC128,collect,0,611,,,,
0.0,7.4570312,0.0,0.61305165,0.0061805313,0.9419837,-0.011619672,-0.02732109,4.50461,147.6211,0.038980808,0.3061531,147.6211,612,FC128,collect,0,612,,,,
0.0,7.65625,0.0,0.6129079,0.0061764363,0.94260174,0.00031314185,-0.01480701,4.7554703,145.03906,0.037811477,0.30665335,145.03906,613,FC128,collect,0,613,,,,
0.0,7.671875,0.0,0.5993169,0.0061723404,0.9361364,0.0018573592,-0.015083709,4.918673,137.66016,0.04128051,0.30715358,137.66016,614,FC128,collect,0,614,,,,
0.0,7.6640625,0.0,0.596037,0.0061682453,0.9407981,-0.006918093,-0.02339767,4.961407,135.13281,0.040312156,0.30765384,135.13281,615,FC128,collect,0,615,,,,
0.0,7.78125,0.0,0.60475314,0.0061641494,0.95067686,-0.011841215,-0.025196997,5.0634384,135.89062,0.03416714,0.30815408,135.89062,616,FC128,collect,0,616,,,,
0.0,7.859375,0.0,0.5927948,0.006160054,0.9525046,-0.015328585,-0.028825548,5.2883606,128.55078,0.03429722,0.30865434,128.55078,617,FC128,collect,0,617,,,,
0.0,7.6601562,0.0,0.5909348,0.0061559584,0.95003927,-0.0274327,-0.043782167,5.038829,131.0664,0.039974473,0.3091546,131.0664,618,FC128,collect,0,618,,,,
0.0,7.7460938,0.0,0.59535134,0.006151863,0.9547964,-0.024275772,-0.038016032,4.9903135,137.78906,0.03480556,0.30965483,137.78906,619,FC128,collect,0,619,,,,
0.0,7.6679688,0.0,0.59177464,0.0061477674,0.9513803,-0.022775805,-0.03646217,4.7907043,143.86328,0.034648914,0.3101551,143.86328,620,FC128,collect,0,620,,,,
0.0,7.71875,0.0,0.58316886,0.0061436715,0.9457361,-0.0075124204,-0.022400565,4.9282827,139.52344,0.036941886,0.31065533,139.52344,621,FC128,collect,0,621,,,,
0.0,7.7421875,0.0,0.58104926,0.0061395764,0.9392651,0.0017169362,-0.014560792,5.0283604,135.6914,0.03969025,0.3111556,135.6914,622,FC128,collect,0,622,,,,
0.0,7.7460938,0.0,0.59520584,0.0061354805,0.9403462,0.003707655,-0.013191011,5.105001,132.05469,0.04110108,0.31165585,132.05469,623,FC128,collect,0,623,,,,
0.0,7.7304688,0.0,0.59861094,0.006131385,0.93771935,-0.002571536,-0.019566016,5.1160164,130.72266,0.04132959,0.31215608,130.72266,624,FC128,collect,0,624,,,,
0.0,7.4765625,0.0,0.63433546,0.0061272895,0.93909276,-0.026058743,-0.042785592,4.707345,138.46094,0.041227214,0.31265634,138.46094,625,FC128,collect,0,625,,,,
0.0,7.5820312,0.0,0.6227762,0.006123194,0.9461745,-0.027284905,-0.042962562,4.8045325,138.875,0.03898207,0.31315657,138.875,626,FC128,collect,0,626,,,,
0.0,7.7148438,0.0,0.61400384,0.0061190985,0.945949,-0.020660874,-0.035670888,5.03172,134.15625,0.037534326,0.31365684,134.15625,627,FC128,collect,0,627,,,,
0.0,7.7382812,0.0,0.6045929,0.0061150026,0.94807476,-0.0045657447,-0.019594844,5.0903916,132.39453,0.037452374,0.3141571,132.39453,628,FC128,collect,0,628,,,,
0.0,7.8125,0.0,0.58598846,0.0061109075,0.9439543,-0.0017421497,-0.017845217,5.210001,130.125,0.039367978,0.31465733,130.125,629,FC128,collect,0,629,,,,
0.0,7.7617188,0.0,0.5837385,0.0061068116,0.9458713,-0.0053918553,-0.021563707,5.1852355,128.82422,0.039473265,0.3151576,128.82422,630,FC128,collect,0,630,,,,
0.0,7.8710938,0.0,0.59565413,0.006102716,0.95004946,-0.0075681615,-0.021575728,5.354845,125.8125,0.03528535,0.31565785,125.8125,631,FC128,collect,0,631,,,,
0.0,7.6757812,0.0,0.6379299,0.0060986206,0.9574112,-0.02954064,-0.041246362,4.965392,135.51953,0.03119243,0.3161581,135.51953,632,FC128,collect,0,632,,,,
0.0,7.6484375,0.0,0.62801343,0.006094525,0.95243436,-0.02976759,-0.0432661,4.9550014,134.67188,0.034651905,0.31665835,134.67188,633,FC128,collect,0,633,,,,
0.0,7.703125,0.0,0.62064505,0.0060904296,0.95694596,-0.027833227,-0.04025871,5.0241413,133.94922,0.032410953,0.31715858,133.94922,634,FC128,collect,0,634,,,,
0.0,7.765625,0.0,0.6020671,0.0060863337,0.952888,-0.014787722,-0.02832792,5.2151575,127.52344,0.034409158,0.31765884,127.52344,635,FC128,collect,0,635,,,,
0.0,7.7109375,0.0,0.58538824,0.0060822386,0.9489164,-0.007437334,-0.022398053,5.100548,130.51953,0.03704238,0.3181591,130.51953,636,FC128,collect,0,636,,,,
0.0,7.625,0.0,0.60176384,0.0060781427,0.9484248,-0.011933026,-0.02629103,4.7528915,143.60547,0.03603122,0.31865934,143.60547,637,FC128,collect,0,637,,,,
0.0,7.6328125,0.0,0.5955528,0.0060740476,0.941124,-0.0027455492,-0.018527595,4.8253136,140.375,0.038798925,0.3191596,140.375,638,FC128,collect,0,638,,,,
0.0,7.6640625,0.0,0.5866032,0.0060699517,0.937121,0.00492403,-0.0116458675,5.0054703,132.92969,0.0402611,0.31965983,132.92969,639,FC128,collect,0,639,,,,
0.0,7.8242188,0.0,0.59517586,0.006065856,0.9432714,0.0026100029,-0.012599022,5.2432823,129.04688,0.037638552,0.3201601,129.04688,640,FC128,collect,0,640,,,,
0.0,7.8164062,0.0,0.57548887,0.0060617607,0.95079553,-0.00463436,-0.019110993,5.3524227,123.19922,0.035930216,0.32066035,123.19922,641,FC128,collect,0,641,,,,
0.0,7.7851562,0.0,0.5800078,0.0060576648,0.9544362,-0.025603512,-0.03955164,5.249767,126.76953,0.034923244,0.32116058,126.76953,642,FC128,collect,0,642,,,,
0.0,7.734375,0.0,0.555894,0.0060535697,0.95265156,-0.027915426,-0.043225028,5.309142,121.26172,0.03734949,0.32166085,121.26172,643,FC128,collect,0,643,,,,
0.0,7.6796875,0.0,0.57272714,0.006049474,0.9533256,-0.03222287,-0.048000965,5.0664854,130.66016,0.038485587,0.32216108,130.66016,644,FC128,collect,0,644,,,,
0.0,7.640625,0.0,0.5797726,0.0060453787,0.9506652,-0.028090747,-0.043345705,4.9567976,134.1914,0.037519805,0.32266134,134.1914,645,FC128,collect,0,645,,,,
0.0,7.78125,0.0,0.5814257,0.006041283,0.94816357,-0.008618791,-0.023074137,5.0988293,134.1211,0.035935808,0.3231616,134.1211,646,FC128,collect,0,646,,,,
0.0,7.8320312,0.0,0.5738471,0.0060371873,0.93373036,0.005569974,-0.012054876,5.4078918,121.20703,0.042178545,0.32366183,121.20703,647,FC128,collect,0,647,,,,
0.0,7.8125,0.0,0.596726,0.006033092,0.9313634,0.0042710863,-0.01220741,5.2860165,126.32422,0.0401572,0.3241621,126.32422,648,FC128,collect,0,648,,,,
0.0,7.7617188,0.0,0.60289687,0.0060289963,0.93328226,0.0020273835,-0.014474456,5.2789855,124.13672,0.040273406,0.32466233,124.13672,649,FC128,collect,0,649,,,,
0.0,7.8125,0.0,0.6046528,0.006024901,0.9430105,-0.0034864682,-0.018497799,5.343673,123.44141,0.037308607,0.3251626,123.44141,650,FC128,collect,0,650,,,,
0.0,7.9296875,0.0,0.57340854,0.006020805,0.94832176,-0.006586306,-0.021067157,5.5676575,118.10156,0.035866465,0.32566285,118.10156,651,FC128,collect,0,651,,,,
0.0,7.84375,0.0,0.5678053,0.00601671,0.9562671,-0.027345963,-0.041698333,5.4103136,121.671875,0.03553738,0.32616308,121.671875,652,FC128,collect,0,652,,,,
0.0,7.9023438,0.0,0.5682751,0.006012614,0.96143657,-0.032605704,-0.046316028,5.4837513,120.92969,0.034254286,0.32666335,120.92969,653,FC128,collect,0,653,,,,
0.0,7.8984375,0.0,0.57280046,0.0060085184,0.96371406,-0.032494493,-0.04497509,5.460392,121.90234,0.031844564,0.3271636,121.90234,654,FC128,collect,0,654,,,,
0.0,7.8398438,0.0,0.58164746,0.006004423,0.9600656,-0.02813122,-0.04103891,5.44422,119.78125,0.0328003,0.32766384,119.78125,655,FC128,collect,0,655,,,,
0.0,7.75,0.0,0.5948599,0.0060003274,0.954942,-0.02028065,-0.034686085,5.308361,122.08203,0.035949577,0.3281641,122.08203,656,FC128,collect,0,656,,,,
0.0,7.6992188,0.0,0.61129344,0.005996232,0.9470301,-0.009700048,-0.024368437,5.1210947,128.90625,0.036667693,0.32866433,128.90625,657,FC128,collect,0,657,,,,
0.0,7.796875,0.0,0.6056894,0.005992136,0.93874145,0.010904614,-0.0063165654,5.2525015,127.21875,0.041701104,0.3291646,127.21875,658,FC128,collect,0,658,,,,
0.0,7.8476562,0.0,0.60368824,0.005988041,0.93392015,0.020439595,0.0020169027,5.349142,124.92578,0.044075206,0.32966486,124.92578,659,FC128,collect,0,659,,,,
0.0,7.828125,0.0,0.5990826,0.005983945,0.927614,0.021205451,0.0031655694,5.3102355,125.89453,0.043249518,0.3301651,125.89453,660,FC128,collect,0,660,,,,
0.0,7.8398438,0.0,0.60774344,0.0059798495,0.93571454,0.016347338,-0.00028927423,5.3327355,125.35547,0.040541653,0.33066535,125.35547,661,FC128,collect,0,661,,,,
0.0,7.8945312,0.0,0.5899954,0.005975754,0.9436072,0.007505642,-0.008045569,5.50961,119.24609,0.038153756,0.33116558,119.24609,662,FC128,collect,0,662,,,,
0.0,7.828125,0.0,0.5858183,0.0059716585,0.95341635,-0.011736557,-0.024816848,5.4478135,119.015625,0.033157196,0.33166584,119.015625,663,FC128,collect,0,663,,,,
0.0,7.8945312,0.0,0.57372475,0.005967563,0.9623594,-0.02575719,-0.037442356,5.5164857,118.90234,0.030217813,0.3321661,118.90234,664,FC128,collect,0,664,,,,
0.0,7.8828125,0.0,0.5720023,0.005963467,0.96529174,-0.030640429,-0.04223723,5.50797,118.74219,0.030015836,0.33266634,118.74219,665,FC128,collect,0,665,,,,
0.0,7.765625,0.0,0.5756003,0.005959372,0.9608451,-0.037525494,-0.051040996,5.2437515,126.09375,0.03389144,0.3331666,126.09375,666,FC128,collect,0,666,,,,
0.0,7.8125,0.0,0.57872325,0.005955276,0.9613089,-0.036580916,-0.048208427,5.2284384,129.20312,0.030147929,0.33366683,129.20312,667,FC128,collect,0,667,,,,
0.0,7.6484375,0.0,0.58148116,0.005951181,0.95521003,-0.027536944,-0.041792266,4.9601574,134.41406,0.035431646,0.3341671,134.41406,668,FC128,collect,0,668,,,,
0.0,7.6289062,0.0,0.5942255,0.005947085,0.9505803,-0.015171093,-0.028925564,4.8245325,140.21875,0.034576762,0.33466735,140.21875,669,FC128,collect,0,669,,,,
0.0,7.7460938,0.0,0.5967402,0.0059429896,0.9404443,0.005436711,-0.009670895,5.0771103,133.44922,0.037308052,0.3351676,133.44922,670,FC128,collect,0,670,,,,
0.0,7.8476562,0.0,0.5870978,0.005938894,0.92306215,0.025271155,0.0065424284,5.3989854,122.43359,0.044430874,0.33566785,122.43359,671,FC128,collect,0,671,,,,
0.0,7.875,0.0,0.6096409,0.0059347986,0.91539055,0.02757788,0.009088011,5.442501,121.625,0.044215932,0.3361681,121.625,672,FC128,collect,0,672,,,,
0.0,7.8359375,0.0,0.60989636,0.005930703,0.92344147,0.022709124,0.005074015,5.3952355,122.03516,0.042504445,0.33666834,122.03516,673,FC128,collect,0,673,,,,
0.0,7.8046875,0.0,0.6018695,0.005926607,0.9331109,0.011520015,-0.004463537,5.360235,122.22266,0.03910119,0.3371686,122.22266,674,FC128,collect,0,674,,,,
0.0,7.8710938,0.0,0.5825578,0.005922512,0.9475315,0.0022030594,-0.011998764,5.511564,117.97656,0.03530406,0.33766884,117.97656,675,FC128,collect,0,675,,,,
0.0,7.875,0.0,0.56651235,0.005918416,0.95364916,-0.013173239,-0.026605284,5.482423,119.62891,0.0335698,0.3381691,119.62891,676,FC128,collect,0,676,,,,
0.0,7.84375,0.0,0.5543375,0.0059143207,0.96391463,-0.029118722,-0.04167149,5.407345,121.82031,0.03166259,0.33866936,121.82031,677,FC128,collect,0,677,,,,
0.0,7.6367188,0.0,0.5463135,0.005910225,0.9594002,-0.038287476,-0.05468444,5.016876,130.99219,0.039251603,0.3391696,130.99219,678,FC128,collect,0,678,,,,
0.0,7.6523438,0.0,0.54500645,0.0059061297,0.9602632,-0.041671444,-0.05753419,4.989689,133.13281,0.038163256,0.33966985,133.13281,679,FC128,collect,0,679,,,,
0.0,7.71875,0.0,0.5428116,0.005902034,0.96311617,-0.035617243,-0.049684014,5.0970325,131.08594,0.034540933,0.3401701,131.08594,680,FC128,collect,0,680,,,,
0.0,7.8242188,0.0,0.5546397,0.0058979383,0.96029997,-0.025012948,-0.037774574,5.182423,132.08984,0.032065716,0.34067035,132.08984,681,FC128,collect,0,681,,,,
0.0,7.8242188,0.0,0.56325686,0.0058938432,0.9485233,-0.0073615797,-0.023168473,5.403048,121.05859,0.03825328,0.3411706,121.05859,682,FC128,collect,0,682,,,,
0.0,7.8476562,0.0,0.57237995,0.0058897473,0.94452226,-0.00232641,-0.01751996,5.433204,120.72266,0.037129447,0.34167084,120.72266,683,FC128,collect,0,683,,,,
0.0,7.6992188,0.0,0.61067957,0.005885652,0.9399084,-0.008419065,-0.024229063,5.152423,127.33984,0.03880849,0.3421711,127.33984,684,FC128,collect,0,684,,,,
0.0,7.8085938,0.0,0.58676916,0.0058815563,0.94168276,0.0028628097,-0.013066111,5.399376,120.46094,0.038760073,0.34267133,120.46094,685,FC128,collect,0,685,,,,
0.0,7.7578125,0.0,0.5717824,0.005877461,0.93991387,0.0023384043,-0.0146024525,5.4017982,117.80078,0.04060297,0.3431716,117.80078,686,FC128,collect,0,686,,,,
0.0,7.8203125,0.0,0.54502505,0.0058733653,0.94663763,-0.0006726072,-0.017034242,5.525626,114.734375,0.039125532,0.34367186,114.734375,687,FC128,collect,0,687,,,,
0.0,7.8945312,0.0,0.5496489,0.0058692694,0.95672154,-0.008681194,-0.02196363,5.5318766,118.13281,0.033016946,0.3441721,118.13281,688,FC128,collect,0,688,,,,
0.0,7.9335938,0.0,0.54666644,0.0058651743,0.9625841,-0.020444263,-0.032401416,5.6369543,114.83203,0.030326897,0.34467235,114.83203,689,FC128,collect,0,689,,,,
0.0,7.9414062,0.0,0.53420335,0.0058610784,0.9619463,-0.022674853,-0.03476845,5.7410946,110.015625,0.03044921,0.34517258,110.015625,690,FC128,collect,0,690,,,,
0.0,7.9375,0.0,0.53510803,0.005856983,0.96851844,-0.026684834,-0.037473906,5.716173,111.06641,0.02784638,0.34567285,111.06641,691,FC128,collect,0,691,,,,
0.0,7.8984375,0.0,0.5341592,0.0058528874,0.9632849,-0.026548104,-0.039006554,5.6539073,112.22656,0.031169645,0.3461731,112.22656,692,FC128,collect,0,692,,,,
0.0,7.90625,0.0,0.52817523,0.005848792,0.9627865,-0.020789078,-0.033070195,5.6582823,112.39844,0.03074061,0.34667334,112.39844,693,FC128,collect,0,693,,,,
0.0,7.9140625,0.0,0.536612,0.0058446964,0.9642645,-0.012777049,-0.023887435,5.531017,119.15234,0.02849344,0.3471736,119.15234,694,FC128,collect,0,694,,,,
0.0,7.8828125,0.0,0.54006994,0.0058406005,0.95929766,-0.005750983,-0.018255366,5.5216417,118.05859,0.03131743,0.34767386,118.05859,695,FC128,collect,0,695,,,,
0.0,7.9414062,0.0,0.5281171,0.0058365054,0.95657825,0.0016664749,-0.011612716,5.6485167,114.64453,0.0327231,0.3481741,114.64453,696,FC128,collect,0,696,,,,
0.0,7.9375,0.0,0.5336218,0.0058324095,0.9545776,0.00019891048,-0.013676859,5.677345,113.00781,0.03397614,0.34867436,113.00781,697,FC128,collect,0,697,,,,
0.0,7.9492188,0.0,0.5339129,0.0058283145,0.9577851,-0.010184462,-0.022581771,5.6771107,113.60547,0.031018242,0.3491746,113.60547,698,FC128,collect,0,698,,,,
0.0,7.96875,0.0,0.5172686,0.0058242185,0.9623141,-0.010687055,-0.022501918,5.74172,111.35156,0.029655095,0.34967485,111.35156,699,FC128,collect,0,699,,,,
0.0,7.9296875,0.0,0.5221812,0.005820123,0.96676695,-0.02363542,-0.035269324,5.661564,113.40625,0.029346127,0.3501751,113.40625,700,FC128,collect,0,700,,,,
0.0,7.8476562,0.0,0.52397233,0.0058160275,0.9654894,-0.027866162,-0.039555248,5.386485,123.05859,0.029473044,0.35067534,123.05859,701,FC128,collect,0,701,,,,
0.0,7.7539062,0.0,0.51256984,0.005811932,0.962637,-0.023751575,-0.036816537,5.325704,121.41016,0.032087967,0.3511756,121.41016,702,FC128,collect,0,702,,,,
0.0,7.7148438,0.0,0.5182595,0.0058078365,0.95837784,-0.015509945,-0.02990409,5.192345,126.125,0.034808222,0.35167584,126.125,703,FC128,collect,0,703,,,,
0.0,7.8984375,0.0,0.50846434,0.0058037406,0.95283556,0.002459464,-0.012628421,5.583595,115.74219,0.03607776,0.3521761,115.74219,704,FC128,collect,0,704,,,,
0.0,7.921875,0.0,0.5336144,0.0057996456,0.9435364,0.007237306,-0.008089247,5.653751,113.40625,0.036842655,0.35267636,113.40625,705,FC128,collect,0,705,,,,
0.0,7.921875,0.0,0.53931445,0.0057955496,0.9472434,0.010452029,-0.004596622,5.6880484,111.69141,0.03634855,0.3531766,111.69141,706,FC128,collect,0,706,,,,
0.0,7.8476562,0.0,0.56542856,0.005791454,0.9535584,-0.0029757717,-0.01614576,5.43297,120.734375,0.032889284,0.35367686,120.734375,707,FC128,collect,0,707,,,,
0.0,7.9453125,0.0,0.53315824,0.0057873586,0.9530451,-0.0010701558,-0.014346967,5.704376,112.046875,0.03272478,0.3541771,112.046875,708,FC128,collect,0,708,,,,
0.0,7.9765625,0.0,0.5045027,0.005783263,0.9598453,-0.0065218513,-0.01935498,5.8385167,106.90234,0.031501602,0.35467735,106.90234,709,FC128,collect,0,709,,,,
0.0,7.8671875,0.0,0.49374712,0.0057791676,0.96264195,-0.021799421,-0.035295777,5.6488295,110.91797,0.032699607,0.3551776,110.91797,710,FC128,collect,0,710,,,,
0.0,7.9179688,0.0,0.49545327,0.0057750717,0.96896654,-0.027671551,-0.039395954,5.6518764,113.30469,0.029171363,0.35567784,113.30469,711,FC128,collect,0,711,,,,
0.0,7.8476562,0.0,0.49553248,0.0057709767,0.9638094,-0.030110419,-0.04453405,5.6400013,110.38281,0.034566674,0.3561781,110.38281,712,FC128,collect,0,712,,,,
0.0,7.9296875,0.0,0.50760525,0.0057668807,0.96765035,-0.026002046,-0.037719138,5.72297,110.33594,0.029288784,0.35667834,110.33594,713,FC128,collect,0,713,,,,
0.0,7.9648438,0.0,0.5220958,0.005762785,0.96619546,-0.020690277,-0.031929832,5.735157,111.484375,0.02849656,0.3571786,111.484375,714,FC128,collect,0,714,,,,
0.0,7.953125,0.0,0.5106815,0.0057586897,0.9596177,-0.007008079,-0.019480921,5.83922,105.69531,0.030827397,0.35767886,105.69531,715,FC128,collect,0,715,,,,
0.0,7.9453125,0.0,0.51223844,0.005754594,0.9595639,-0.004038063,-0.016853686,5.7600794,109.26172,0.031526696,0.3581791,109.26172,716,FC128,collect,0,716,,,,
0.0,7.9570312,0.0,0.5099786,0.0057504987,0.9588308,0.0054428764,-0.007869479,5.811251,107.28906,0.032489974,0.35867935,107.28906,717,FC128,collect,0,717,,,,
0.0,7.9296875,0.0,0.5061098,0.005746403,0.9602685,-0.0005081638,-0.013387697,5.8153915,105.71484,0.031575687,0.35917962,105.71484,718,FC128,collect,0,718,,,,
0.0,7.9179688,0.0,0.51159954,0.0057423078,0.964003,-0.014535137,-0.026134174,5.7095323,110.421875,0.029073598,0.35967985,110.421875,719,FC128,collect,0,719,,,,
0.0,7.9375,0.0,0.51345605,0.005738212,0.96542597,-0.012915233,-0.024442367,5.7764072,108.05469,0.028946908,0.3601801,108.05469,720,FC128,collect,0,720,,,,
0.0,7.953125,0.0,0.50634646,0.0057341163,0.96973085,-0.017787524,-0.02827252,5.7692194,109.19531,0.026776895,0.36068034,109.19531,721,FC128,collect,0,721,,,,
0.0,7.9726562,0.0,0.50370187,0.005730021,0.968597,-0.014367202,-0.025244728,5.920001,102.63281,0.027527494,0.3611806,102.63281,722,FC128,collect,0,722,,,,
0.0,7.9765625,0.0,0.5010331,0.0057259253,0.9661571,-0.009996824,-0.0211519,5.875392,105.05859,0.02804791,0.36168087,105.05859,723,FC128,collect,0,723,,,,
0.0,7.9101562,0.0,0.4964428,0.00572183,0.9603621,-0.006939427,-0.020228662,5.7696104,107.02734,0.03225959,0.3621811,107.02734,724,FC128,collect,0,724,,,,
0.0,7.9335938,0.0,0.5118431,0.005717734,0.96120745,-0.005532481,-0.018086007,5.7346888,109.94531,0.030960217,0.36268136,109.94531,725,FC128,collect,0,725,,,,
0.0,7.9414062,0.0,0.50439066,0.005713639,0.9564417,-0.0035521695,-0.017186916,5.769923,108.57422,0.033033304,0.3631816,108.57422,726,FC128,collect,0,726,,,,
0.0,7.9335938,0.0,0.4892419,0.005709543,0.9592522,-0.004448127,-0.017282613,5.8343763,104.96094,0.031255666,0.36368185,104.96094,727,FC128,collect,0,727,,,,
0.0,7.9375,0.0,0.5013717,0.005705448,0.9642157,-0.01165092,-0.023325888,5.8321886,105.265625,0.029071037,0.3641821,105.265625,728,FC128,collect,0,728,,,,
0.0,7.90625,0.0,0.49479327,0.005701352,0.96396685,-0.016368764,-0.028958414,5.7757826,106.52344,0.030821282,0.36468235,106.52344,729,FC128,collect,0,729,,,,
0.0,7.921875,0.0,0.49562636,0.0056972564,0.96167934,-0.015220714,-0.02800787,5.8232822,104.92969,0.031221734,0.3651826,104.92969,730,FC128,collect,0,730,,,,
0.0,7.9648438,0.0,0.48797393,0.005693161,0.96386683,-0.014338193,-0.02617385,5.868907,104.796875,0.029227542,0.36568284,104.796875,731,FC128,collect,0,731,,,,
0.0,7.9179688,0.0,0.49241012,0.0056890654,0.962902,-0.013024334,-0.025841339,5.7707825,107.359375,0.031236716,0.3661831,107.359375,732,FC128,collect,0,732,,,,
0.0,7.9375,0.0,0.48866966,0.00568497,0.9598923,-0.008440733,-0.021639578,5.8128915,106.23047,0.031953834,0.36668336,106.23047,733,FC128,collect,0,733,,,,
0.0,7.9296875,0.0,0.4958117,0.005680874,0.959833,-0.0087077655,-0.02207769,5.794533,106.75781,0.032373138,0.3671836,106.75781,734,FC128,collect,0,734,,,,
0.0,7.9648438,0.0,0.49314383,0.005676779,0.96209323,-0.010756262,-0.022990353,5.8644543,105.01953,0.03006712,0.36768386,105.01953,735,FC128,collect,0,735,,,,
0.0,7.921875,0.0,0.5063233,0.005672683,0.9608448,-0.01614996,-0.029695215,5.8165636,105.265625,0.032834932,0.3681841,105.265625,736,FC128,collect,0,736,,,,
0.0,7.9453125,0.0,0.5075758,0.0056685875,0.9624461,-0.018103495,-0.030967915,5.8532043,104.60547,0.031483315,0.36868435,104.60547,737,FC128,collect,0,737,,,,
0.0,7.9296875,0.0,0.5026239,0.005664492,0.9637552,-0.01982507,-0.032709848,5.8059387,106.1875,0.031463776,0.3691846,106.1875,738,FC128,collect,0,738,,,,
0.0,7.953125,0.0,0.48956236,0.0056603965,0.9648135,-0.014810864,-0.028592782,5.8034387,107.484375,0.03310607,0.36968485,107.484375,739,FC128,collect,0,739,,,,
0.0,7.9492188,0.0,0.4725185,0.005656301,0.96294826,-0.005095859,-0.019506415,5.9239855,101.26172,0.034166526,0.3701851,101.26172,740,FC128,collect,0,740,,,,
0.0,7.8828125,0.0,0.49597827,0.005652205,0.95923835,-0.006966651,-0.021734169,5.7858605,104.84766,0.035141777,0.37068537,104.84766,741,FC128,collect,0,741,,,,
0.0,7.9023438,0.0,0.50925887,0.00564811,0.96175003,-0.0044008507,-0.01771967,5.798673,105.18359,0.032390337,0.3711856,105.18359,742,FC128,collect,0,742,,,,
0.0,7.9414062,0.0,0.5218042,0.005644014,0.9643558,-0.00858496,-0.02043067,5.778204,108.16016,0.029581558,0.37168586,108.16016,743,FC128,collect,0,743,,,,
0.0,7.8945312,0.0,0.50115955,0.0056399186,0.95857817,-0.0029644205,-0.01734197,5.8343763,103.00781,0.034408096,0.3721861,103.00781,744,FC128,collect,0,744,,,,
0.0,7.953125,0.0,0.49167594,0.005635823,0.9642749,-0.008158067,-0.020798333,5.8462515,105.34375,0.030822529,0.37268636,105.34375,745,FC128,collect,0,745,,,,
0.0,7.9609375,0.0,0.48239014,0.0056317276,0.9675026,-0.0101395715,-0.021960787,5.786876,108.703125,0.029075813,0.37318662,108.703125,746,FC128,collect,0,746,,,,
0.0,7.9609375,0.0,0.47618878,0.005627632,0.9679313,-0.0131786065,-0.024724634,5.868517,104.62109,0.028451687,0.37368685,104.62109,747,FC128,collect,0,747,,,,
0.0,7.9648438,0.0,0.47296393,0.005623536,0.9644819,-0.008960193,-0.02085713,5.8953133,103.47656,0.029113332,0.3741871,103.47656,748,FC128,collect,0,748,,,,
0.0,7.96875,0.0,0.47358027,0.005619441,0.9621563,-0.0075157285,-0.02069306,5.9861727,99.12891,0.031677175,0.37468734,99.12891,749,FC128,collect,0,749,,,,
0.0,7.9804688,0.0,0.47051552,0.005615345,0.9599485,-0.002948119,-0.016162641,6.013204,98.36328,0.03171326,0.3751876,98.36328,750,FC128,collect,0,750,,,,
0.0,7.9375,0.0,0.4784232,0.00561125,0.9611444,-0.009059815,-0.022087187,5.879923,102.87891,0.031423848,0.37568787,102.87891,751,FC128,collect,0,751,,,,
0.0,7.8125,0.0,0.49192303,0.005607154,0.96448374,-0.021592407,-0.033705737,5.4293756,119.15625,0.02974324,0.3761881,119.15625,752,FC128,collect,0,752,,,,
0.0,7.8476562,0.0,0.47793812,0.0056030587,0.96717477,-0.019994797,-0.0308917,5.408751,121.94531,0.027149636,0.37668836,121.94531,753,FC128,collect,0,753,,,,
0.0,7.8085938,0.0,0.48176184,0.0055989632,0.96283346,-0.013180144,-0.025821056,5.377657,121.546875,0.030676559,0.3771886,121.546875,754,FC128,collect,0,754,,,,
0.0,7.921875,0.0,0.47062397,0.0055948673,0.9603957,0.00020070677,-0.012906082,5.716954,110.24609,0.031479735,0.37768885,110.24609,755,FC128,collect,0,755,,,,
0.0,7.9140625,0.0,0.47016287,0.0055907723,0.95051074,0.007888638,-0.008118978,5.889298,101.23828,0.03727238,0.37818912,101.23828,756,FC128,collect,0,756,,,,
0.0,7.9648438,0.0,0.48779044,0.0055866763,0.9559918,0.0004963884,-0.013140768,5.923048,102.08984,0.032724567,0.37868935,102.08984,757,FC128,collect,0,757,,,,
0.0,7.9609375,0.0,0.48877713,0.0055825813,0.9589532,-0.0075000906,-0.021004941,5.9174232,102.17578,0.032466978,0.3791896,102.17578,758,FC128,collect,0,758,,,,
0.0,7.9765625,0.0,0.47285858,0.0055784853,0.96244305,-0.008206931,-0.021291649,6.00422,98.61719,0.031445105,0.37968987,98.61719,759,FC128,collect,0,759,,,,
0.0,7.9101562,0.0,0.45686436,0.00557439,0.9638177,-0.019086229,-0.034791853,5.902423,100.38672,0.03650473,0.3801901,100.38672,760,FC128,collect,0,760,,,,
0.0,7.9453125,0.0,0.47015923,0.0055702943,0.9704252,-0.021108009,-0.033994865,5.799923,107.26953,0.031011563,0.38069037,107.26953,761,FC128,collect,0,761,,,,
0.0,7.9179688,0.0,0.4729624,0.005566199,0.9685188,-0.022726169,-0.03681513,5.8218765,104.80469,0.033443127,0.3811906,104.80469,762,FC128,collect,0,762,,,,
0.0,7.9570312,0.0,0.4721228,0.0055621034,0.96705246,-0.017462466,-0.03148286,5.897267,102.98828,0.03329278,0.38169086,102.98828,763,FC128,collect,0,763,,,,
0.0,7.9726562,0.0,0.5004562,0.0055580074,0.9657983,-0.014581288,-0.027576527,5.9166417,102.80078,0.031553555,0.38219112,102.80078,764,FC128,collect,0,764,,,,
0.0,7.859375,0.0,0.5546768,0.0055539124,0.9657456,-0.02670456,-0.038238276,5.4789076,119.02344,0.029228687,0.38269135,119.02344,765,FC128,collect,0,765,,,,
0.0,7.6953125,0.0,0.5978909,0.0055498164,0.96275645,-0.0295544,-0.0414146,5.155236,127.00391,0.030356769,0.38319162,127.00391,766,FC128,collect,0,766,,,,
0.0,7.875,0.0,0.57639503,0.005545721,0.9573919,-0.0040817503,-0.017923344,5.556485,115.92578,0.03407624,0.38369185,115.92578,767,FC128,collect,0,767,,,,
0.0,7.9414062,0.0,0.5125598,0.0055416254,0.9475769,0.01867532,0.0014971789,5.841642,104.98828,0.04003711,0.3841921,104.98828,768,FC128,collect,0,768,,,,
0.0,7.9570312,0.0,0.492039,0.00553753,0.9429923,0.027677787,0.007730106,5.9295325,101.375,0.045344725,0.38469237,101.375,769,FC128,collect,0,769,,,,
0.0,7.9335938,0.0,0.4977293,0.0055334345,0.9476918,0.018121887,0.0005179675,5.873439,103.00781,0.04071614,0.3851926,103.00781,770,FC128,collect,0,770,,,,
0.0,7.9726562,0.0,0.48515636,0.0055293385,0.95543826,0.014674722,-0.0016332992,6.0170326,97.78125,0.03798123,0.38569286,97.78125,771,FC128,collect,0,771,,,,
0.0,7.9101562,0.0,0.4833755,0.0055252435,0.9620788,-0.0050714486,-0.019467538,5.8909388,100.96094,0.034133714,0.3861931,100.96094,772,FC128,collect,0,772,,,,
0.0,7.9804688,0.0,0.49192724,0.0055211475,0.96906614,-0.012700772,-0.024935033,5.982423,99.90234,0.029900528,0.38669336,99.90234,773,FC128,collect,0,773,,,,
0.0,7.953125,0.0,0.47985378,0.005517052,0.96782196,-0.015570533,-0.028145019,5.955782,99.86719,0.030443728,0.38719362,99.86719,774,FC128,collect,0,774,,,,
0.0,7.9726562,0.0,0.47841698,0.0055129565,0.96809894,-0.015184861,-0.027442096,5.9837513,99.44531,0.029789453,0.38769385,99.44531,775,FC128,collect,0,775,,,,
0.0,7.9726562,0.0,0.47490928,0.005508861,0.96474564,-0.0062836455,-0.018940285,5.98297,99.484375,0.030545697,0.3881941,99.484375,776,FC128,collect,0,776,,,,
0.0,7.9648438,0.0,0.4887246,0.0055047655,0.96476823,-0.008445906,-0.020457001,5.8602357,105.23047,0.029402819,0.38869435,105.23047,777,FC128,collect,0,777,,,,
0.0,7.9414062,0.0,0.48633495,0.0055006696,0.9576281,0.00051422254,-0.013139507,5.9289074,100.625,0.032657795,0.3891946,100.625,778,FC128,collect,0,778,,,,
0.0,7.9726562,0.0,0.47825003,0.0054965746,0.9579954,0.004601474,-0.008685775,5.9696107,100.15234,0.031831972,0.38969487,100.15234,779,FC128,collect,0,779,,,,
0.0,7.9765625,0.0,0.47395357,0.0054924786,0.95798147,-0.0028712908,-0.016050547,5.953126,101.171875,0.031564873,0.3901951,101.171875,780,FC128,collect,0,780,,,,
0.0,7.9648438,0.0,0.47365028,0.0054883836,0.964183,-0.010420246,-0.0225584,5.906095,102.9375,0.029475458,0.39069536,102.9375,781,FC128,collect,0,781,,,,
0.0,7.9609375,0.0,0.46031904,0.0054842876,0.9638255,-0.017891489,-0.030827975,5.969845,99.55469,0.030922014,0.39119563,99.55469,782,FC128,collect,0,782,,,,
0.0,7.984375,0.0,0.4689808,0.005480192,0.9672666,-0.019140739,-0.030739576,5.963829,101.02734,0.028337881,0.39169586,101.02734,783,FC128,collect,0,783,,,,
0.0,7.953125,0.0,0.4678818,0.0054760966,0.96400917,-0.014520812,-0.027996615,5.9890633,98.203125,0.032075938,0.39219612,98.203125,784,FC128,collect,0,784,,,,
0.0,7.9921875,0.0,0.47229663,0.0054720007,0.9634886,-0.012880348,-0.02552607,5.991954,100.01172,0.030460259,0.39269635,100.01172,785,FC128,collect,0,785,,,,
0.0,7.9492188,0.0,0.48205477,0.0054679057,0.96215814,-0.00891452,-0.021964787,5.9506264,99.92969,0.031372193,0.3931966,99.92969,786,FC128,collect,0,786,,,,
0.0,7.96875,0.0,0.48226386,0.0054638097,0.96130633,-0.0063228454,-0.019429589,5.986954,99.08984,0.031483483,0.39369687,99.08984,787,FC128,collect,0,787,,,,
0.0,7.984375,0.0,0.48382723,0.0054597147,0.96306527,-0.010645602,-0.023346236,5.9596887,101.234375,0.030684385,0.3941971,101.234375,788,FC128,collect,0,788,,,,
0.0,7.96875,0.0,0.4836349,0.0054556187,0.9648026,-0.010463551,-0.023200056,6.02047,97.41406,0.030750066,0.39469737,97.41406,789,FC128,collect,0,789,,,,
0.0,7.9765625,0.0,0.50924,0.0054515232,0.9679233,-0.021330891,-0.033848606,5.966329,100.51172,0.030587697,0.3951976,100.51172,790,FC128,collect,0,790,,,,
0.0,7.9335938,0.0,0.51960367,0.0054474277,0.96703005,-0.02401303,-0.036238313,5.9031262,101.52344,0.030111572,0.39569786,101.52344,791,FC128,collect,0,791,,,,
0.0,7.9335938,0.0,0.50575155,0.0054433323,0.9669204,-0.018765077,-0.03113715,5.9178133,100.78906,0.030250095,0.39619812,100.78906,792,FC128,collect,0,792,,,,
0.0,7.9609375,0.0,0.48987865,0.0054392368,0.96632946,-0.010847601,-0.023663087,5.947501,100.671875,0.030960103,0.39669836,100.671875,793,FC128,collect,0,793,,,,
0.0,7.9296875,0.0,0.49214932,0.005435141,0.9628762,-0.005136003,-0.018918961,5.951251,98.921875,0.03291572,0.39719862,98.921875,794,FC128,collect,0,794,,,,
0.0,7.9570312,0.0,0.49300194,0.005431046,0.96415436,-0.0051557673,-0.01845017,5.975001,99.10156,0.03194384,0.39769885,99.10156,795,FC128,collect,0,795,,,,
0.0,7.9570312,0.0,0.5070646,0.00542695,0.9668763,-0.0060963333,-0.01837884,5.9343762,101.13281,0.030068643,0.3981991,101.13281,796,FC128,collect,0,796,,,,
0.0,7.9882812,0.0,0.5031841,0.0054228543,0.9687327,-0.006458682,-0.018276677,6.0092196,98.953125,0.029093377,0.39869937,98.953125,797,FC128,collect,0,797,,,,
0.0,7.9882812,0.0,0.47463518,0.005418759,0.9667802,-0.009457496,-0.021802705,6.0346103,97.68359,0.029834285,0.3991996,97.68359,798,FC128,collect,0,798,,,,
0.0,7.9414062,0.0,0.4583111,0.0054146633,0.96477073,-0.004969824,-0.019132528,6.042267,94.95703,0.03328861,0.39969987,94.95703,799,FC128,collect,0,799,,,,
0.0,7.9335938,0.0,0.47575045,0.005410568,0.9634187,-0.0067516374,-0.021153362,5.9326572,100.046875,0.03395161,0.40020013,100.046875,800,FC128,collect,0,800,,,,
0.0,7.8789062,0.0,0.46904168,0.005406472,0.9591596,-0.0032251251,-0.019391421,5.8703136,100.42969,0.037404314,0.40070036,100.42969,801,FC128,collect,0,801,,,,
0.0,7.9765625,0.0,0.4702119,0.005402377,0.95921963,0.0035153008,-0.011280653,6.020939,97.78125,0.03467243,0.40120062,97.78125,802,FC128,collect,0,802,,,,
0.0,7.90625,0.0,0.4681445,0.005398281,0.9490107,0.008401377,-0.009079585,5.908126,99.90625,0.040016275,0.40170085,99.90625,803,FC128,collect,0,803,,,,
0.0,7.9726562,0.0,0.4585592,0.0053941854,0.94777805,0.010617457,-0.006017665,6.109923,93.13672,0.03821735,0.40220112,93.13672,804,FC128,collect,0,804,,,,
0.0,7.984375,0.0,0.46777323,0.00539009,0.954494,0.0013010753,-0.013949764,6.050782,96.67969,0.03554436,0.40270138,96.67969,805,FC128,collect,0,805,,,,
0.0,7.9375,0.0,0.46702403,0.0053859944,0.9543951,-0.010685625,-0.026528241,5.979376,97.90625,0.03671601,0.4032016,97.90625,806,FC128,collect,0,806,,,,
0.0,7.9453125,0.0,0.46457475,0.005381899,0.96031046,-0.017468581,-0.03252997,5.9750795,98.51172,0.035123363,0.40370187,98.51172,807,FC128,collect,0,807,,,,
0.0,7.7773438,0.0,0.49432588,0.005377803,0.9550663,-0.03142066,-0.049456585,5.5303135,112.35156,0.041388627,0.4042021,112.35156,808,FC128,collect,0,808,,,,
0.0,7.7617188,0.0,0.5138854,0.005373708,0.96472234,-0.037215486,-0.051251028,5.27172,124.5,0.033594023,0.40470237,124.5,809,FC128,collect,0,809,,,,
0.0,7.6835938,0.0,0.517072,0.005369612,0.95906657,-0.03303284,-0.04765131,5.093517,129.5039,0.034789898,0.40520263,129.5039,810,FC128,collect,0,810,,,,
0.0,7.8125,0.0,0.50437516,0.005365517,0.9580699,-0.018220572,-0.03218023,5.402267,120.51172,0.033331785,0.40570286,120.51172,811,FC128,collect,0,811,,,,
0.0,7.84375,0.0,0.5093397,0.005361421,0.95089084,-0.0054070815,-0.0212667,5.5672665,113.82422,0.037180807,0.40620312,113.82422,812,FC128,collect,0,812,,,,
0.0,7.953125,0.0,0.48672926,0.0053573255,0.94065756,0.013287336,-0.005438719,5.9891415,98.19922,0.042667244,0.40670335,98.19922,813,FC128,collect,0,813,,,,
0.0,7.9296875,0.0,0.50125164,0.00535323,0.93617237,0.017133366,-0.0027239674,6.030079,94.98047,0.0450813,0.4072036,94.98047,814,FC128,collect,0,814,,,,
0.0,7.9179688,0.0,0.5691133,0.0053491346,0.94523096,-0.0031165045,-0.018632947,5.65172,113.3125,0.03712141,0.40770388,113.3125,815,FC128,collect,0,815,,,,
0.0,7.875,0.0,0.5734272,0.005345039,0.9479361,-0.0090040965,-0.024758188,5.6327353,112.11328,0.037638165,0.4082041,112.11328,816,FC128,collect,0,816,,,,
0.0,7.9804688,0.0,0.53645813,0.005340943,0.9521081,-0.005366509,-0.020407416,5.8872666,104.66016,0.0358122,0.40870437,104.66016,817,FC128,collect,0,817,,,,
0.0,7.9765625,0.0,0.49115717,0.005336848,0.95525557,0.0005496149,-0.017281175,6.057501,95.953125,0.04090404,0.4092046,95.953125,818,FC128,collect,0,818,,,,
0.0,7.9765625,0.0,0.4942608,0.005332752,0.96094173,-0.0055766823,-0.022195414,6.0098453,98.33594,0.038509004,0.40970486,98.33594,819,FC128,collect,0,819,,,,
0.0,7.9765625,0.0,0.5002021,0.0053286566,0.964558,-0.016687395,-0.03306718,5.9585953,100.89844,0.038090385,0.41020513,100.89844,820,FC128,collect,0,820,,,,
0.0,7.9882812,0.0,0.48239663,0.005324561,0.96572286,-0.022885235,-0.039335452,6.068126,96.00781,0.038037535,0.41070536,96.00781,821,FC128,collect,0,821,,,,
0.0,7.9609375,0.0,0.49067876,0.0053204657,0.9632319,-0.032259505,-0.048810918,6.025626,96.765625,0.038324106,0.41120562,96.765625,822,FC128,collect,0,822,,,,
0.0,7.9296875,0.0,0.54366374,0.00531637,0.9677672,-0.04399752,-0.058394574,5.78586,107.19141,0.034574747,0.41170588,107.19141,823,FC128,collect,0,823,,,,
0.0,7.71875,0.0,0.61219656,0.005312274,0.9650544,-0.06487512,-0.07950506,5.170001,127.4375,0.035764206,0.4122061,127.4375,824,FC128,collect,0,824,,,,
0.0,7.8554688,0.0,0.5876904,0.005308179,0.96609396,-0.04375137,-0.057138324,5.5260167,116.47266,0.03301304,0.41270638,116.47266,825,FC128,collect,0,825,,,,
0.0,7.9414062,0.0,0.5566371,0.005304083,0.9665933,-0.020804262,-0.03355198,5.7751575,108.3125,0.031400334,0.4132066,108.3125,826,FC128,collect,0,826,,,,
0.0,7.9609375,0.0,0.51779234,0.0052999877,0.9555875,0.005693458,-0.011611311,6.0276575,96.66406,0.040098123,0.41370687,96.66406,827,FC128,collect,0,827,,,,
0.0,7.9882812,0.0,0.5231202,0.0052958922,0.95312226,0.014517086,-0.0037621295,6.0154696,98.640625,0.042099208,0.41420713,98.640625,828,FC128,collect,0,828,,,,
0.0,7.9765625,0.0,0.523194,0.0052917968,0.95134556,0.015874261,-0.0018411985,6.0026574,98.69531,0.04096819,0.41470736,98.69531,829,FC128,collect,0,829,,,,
0.0,7.953125,0.0,0.54968065,0.0052877013,0.95779884,0.006420602,-0.008555332,5.885314,103.390625,0.035764962,0.41520762,103.390625,830,FC128,collect,0,830,,,,
0.0,7.890625,0.0,0.6038728,0.0052836053,0.96663374,-0.012236933,-0.02400873,5.644454,112.30859,0.029924845,0.41570786,112.30859,831,FC128,collect,0,831,,,,
0.0,7.7304688,0.0,0.63889027,0.0052795103,0.97166294,-0.032014247,-0.04162215,5.212345,125.90625,0.025961863,0.41620812,125.90625,832,FC128,collect,0,832,,,,
0.0,7.8867188,0.0,0.59503984,0.0052754143,0.97261053,-0.021865204,-0.031622864,5.629923,112.83984,0.025793487,0.41670838,112.83984,833,FC128,collect,0,833,,,,
0.0,7.9609375,0.0,0.53838515,0.005271319,0.97034866,-0.008109498,-0.019515451,5.9397664,101.05859,0.028487906,0.4172086,101.05859,834,FC128,collect,0,834,,,,
0.0,7.9296875,0.0,0.51209015,0.0052672233,0.96697,-0.0037688059,-0.017670268,6.0047665,96.24609,0.03319751,0.41770887,96.24609,835,FC128,collect,0,835,,,,
0.0,7.9570312,0.0,0.49611685,0.005263128,0.9671666,-0.0052278466,-0.018377792,6.0485168,95.42578,0.031522144,0.4182091,95.42578,836,FC128,collect,0,836,,,,
0.0,7.9648438,0.0,0.5050532,0.0052590324,0.96868813,-0.0074331714,-0.019945242,6.0191417,97.28516,0.030336322,0.41870937,97.28516,837,FC128,collect,0,837,,,,
0.0,7.953125,0.0,0.5088699,0.0052549364,0.96795523,-0.0071725585,-0.018936481,5.9960165,97.85547,0.028876003,0.41920963,97.85547,838,FC128,collect,0,838,,,,
0.0,7.984375,0.0,0.49661124,0.0052508414,0.96571416,0.0036431318,-0.008395636,6.1339855,92.51953,0.02929279,0.41970986,92.51953,839,FC128,collect,0,839,,,,
0.0,7.9492188,0.0,0.49327907,0.0052467454,0.9601678,-0.0014206141,-0.01503574,6.009376,96.99219,0.03240647,0.42021012,96.99219,840,FC128,collect,0,840,,,,
0.0,7.8398438,0.0,0.4995972,0.0052426504,0.95610946,-0.007509223,-0.023505637,5.8267975,100.65234,0.037231255,0.42071036,100.65234,841,FC128,collect,0,841,,,,
0.0,7.90625,0.0,0.5090321,0.0052385544,0.9643378,-0.009235201,-0.021833455,5.841876,103.21875,0.03052969,0.42121062,103.21875,842,FC128,collect,0,842,,,,
0.0,7.890625,0.0,0.51397467,0.005234459,0.9647147,-0.011630787,-0.02388635,5.764298,106.31641,0.029891888,0.42171088,106.31641,843,FC128,collect,0,843,,,,
0.0,7.8945312,0.0,0.488685,0.0052303635,0.9592421,-0.00815209,-0.02227621,5.8653917,101.45703,0.03336024,0.4222111,101.45703,844,FC128,collect,0,844,,,,
0.0,7.9882812,0.0,0.4875363,0.005226268,0.9589874,-0.007365641,-0.020747205,6.0097666,98.92578,0.03185912,0.42271137,98.92578,845,FC128,collect,0,845,,,,
0.0,7.9804688,0.0,0.47557938,0.0052221725,0.9614167,-0.005742732,-0.018958148,6.0897665,94.53516,0.031397946,0.42321163,94.53516,846,FC128,collect,0,846,,,,
0.0,7.9804688,0.0,0.46032953,0.0052180765,0.9623417,-0.0134375645,-0.027254175,6.099845,94.03125,0.03243729,0.42371187,94.03125,847,FC128,collect,0,847,,,,
0.0,7.96875,0.0,0.4718352,0.0052139815,0.9645408,-0.019282054,-0.03247115,6.01211,97.83203,0.031298473,0.42421213,97.83203,848,FC128,collect,0,848,,,,
0.0,7.9296875,0.0,0.491858,0.0052098855,0.9700438,-0.027161188,-0.03924583,5.8677354,103.09766,0.029294329,0.42471236,103.09766,849,FC128,collect,0,849,,,,
0.0,7.84375,0.0,0.5073194,0.00520579,0.9691678,-0.029915584,-0.04254825,5.568126,113.78125,0.030547328,0.42521262,113.78125,850,FC128,collect,0,850,,,,
0.0,7.8828125,0.0,0.50407255,0.0052016946,0.96933293,-0.023179619,-0.035146374,5.682189,110.03125,0.029177573,0.42571288,110.03125,851,FC128,collect,0,851,,,,
0.0,7.953125,0.0,0.48990557,0.005197599,0.9657328,-0.007046923,-0.01990945,5.8702354,104.14453,0.030817721,0.42621312,104.14453,852,FC128,collect,0,852,,,,
0.0,7.9414062,0.0,0.453972,0.0051935036,0.95486957,0.009289626,-0.0067644874,6.110938,91.52344,0.036823638,0.42671338,91.52344,853,FC128,collect,0,853,,,,
0.0,7.96875,0.0,0.48248205,0.0051894076,0.9597532,0.002875662,-0.011354658,6.0814075,94.36719,0.03346823,0.4272136,94.36719,854,FC128,collect,0,854,,,,
0.0,7.9726562,0.0,0.5076307,0.0051853126,0.9648594,-0.0110926125,-0.023909925,5.968829,100.19141,0.030899072,0.42771387,100.19141,855,FC128,collect,0,855,,,,
0.0,7.96875,0.0,0.48270425,0.0051812166,0.96394795,-0.009172096,-0.02498311,6.048048,96.03516,0.036624018,0.42821413,96.03516,856,FC128,collect,0,856,,,,
0.0,7.9882812,0.0,0.46637934,0.005177121,0.9682075,-0.011004487,-0.025338866,6.1171885,93.55469,0.033497762,0.42871436,93.55469,857,FC128,collect,0,857,,,,
0.0,8.0,0.0,0.47148457,0.0051730257,0.97200626,-0.016160263,-0.030437464,6.1244545,93.77734,0.033432405,0.42921463,93.77734,858,FC128,collect,0,858,,,,
0.0,8.0,0.0,0.45206133,0.00516893,0.96958,-0.009332165,-0.023401259,6.230314,88.484375,0.032811534,0.42971486,88.484375,859,FC128,collect,0,859,,,,
0.0,7.984375,0.0,0.48512322,0.0051648347,0.97021925,-0.017455116,-0.030452576,6.074142,95.51172,0.031006083,0.43021512,95.51172,860,FC128,collect,0,860,,,,
0.0,7.9414062,0.0,0.5119681,0.0051607387,0.9711132,-0.017656669,-0.030477487,5.9408607,100.02734,0.030925902,0.43071538,100.02734,861,FC128,collect,0,861,,,,
0.0,7.9570312,0.0,0.51830035,0.0051566437,0.9689492,-0.009214823,-0.02117589,5.941017,100.80078,0.029267512,0.4312156,100.80078,862,FC128,collect,0,862,,,,
0.0,8.0,0.0,0.48961756,0.0051525477,0.9602913,0.008900659,-0.005962171,6.1224227,93.87891,0.034771215,0.43171588,93.87891,863,FC128,collect,0,863,,,,
0.0,8.0,0.0,0.46874282,0.0051484522,0.9559241,0.016492207,0.0001344643,6.207735,89.61328,0.037542086,0.4322161,89.61328,864,FC128,collect,0,864,,,,
0.0,8.0,0.0,0.46417022,0.0051443567,0.95715106,0.015654499,-5.4643355e-05,6.2528133,87.359375,0.036193997,0.43271637,87.359375,865,FC128,collect,0,865,,,,
0.0,7.9882812,0.0,0.48590645,0.0051402613,0.9652817,0.002262354,-0.010766736,6.087423,95.04297,0.031053552,0.43321663,95.04297,866,FC128,collect,0,866,,,,
0.0,7.984375,0.0,0.47313356,0.005136166,0.96661925,-0.0022802975,-0.015012001,6.1752357,90.45703,0.030323591,0.43371686,90.45703,867,FC128,collect,0,867,,,,
0.0,7.9882812,0.0,0.4606991,0.00513207,0.96779406,-0.010316431,-0.02313809,6.1908607,89.87109,0.030371998,0.43421713,89.87109,868,FC128,collect,0,868,,,,
0.0,7.9726562,0.0,0.4695241,0.005127975,0.969169,-0.018557966,-0.03088147,6.0273447,97.265625,0.029462421,0.4347174,97.265625,869,FC128,collect,0,869,,,,
0.0,7.8945312,0.0,0.4982793,0.005123879,0.96734625,-0.02607284,-0.038726587,5.7238293,108.53516,0.030413738,0.43521762,108.53516,870,FC128,collect,0,870,,,,
0.0,7.765625,0.0,0.5165087,0.005119784,0.9616942,-0.028569164,-0.042904224,5.498751,113.34375,0.033958945,0.43571788,113.34375,871,FC128,collect,0,871,,,,
0.0,7.6679688,0.0,0.54342866,0.005115688,0.9599713,-0.02592212,-0.03898884,5.090782,128.85938,0.031693462,0.4362181,128.85938,872,FC128,collect,0,872,,,,
0.0,7.6132812,0.0,0.5634397,0.0051115924,0.95368236,-0.022481944,-0.035667386,4.9039073,135.46875,0.03213103,0.43671837,135.46875,873,FC128,collect,0,873,,,,
0.0,7.8320312,0.0,0.5155061,0.005107497,0.9410325,0.010265037,-0.007173396,5.613282,110.9375,0.04014276,0.43721864,110.9375,874,FC128,collect,0,874,,,,
0.0,7.9414062,0.0,0.49752215,0.0051034014,0.9248171,0.02754182,0.0076359008,5.948517,99.64453,0.04488995,0.43771887,99.64453,875,FC128,collect,0,875,,,,
0.0,7.9921875,0.0,0.48057032,0.005099306,0.9163141,0.040127188,0.01883391,6.1079698,94.21094,0.047487706,0.43821913,94.21094,876,FC128,collect,0,876,,,,
0.0,7.9804688,0.0,0.4939053,0.00509521,0.9199054,0.034045264,0.013224006,6.094923,94.27734,0.046675622,0.43871936,94.27734,877,FC128,collect,0,877,,,,
0.0,7.9609375,0.0,0.49427018,0.005091115,0.92821735,0.02860756,0.00837556,6.097267,93.18359,0.045496773,0.43921962,93.18359,878,FC128,collect,0,878,,,,
0.0,7.9726562,0.0,0.4943488,0.005087019,0.93889713,0.01602082,-0.0019904317,6.08672,94.296875,0.041052025,0.4397199,94.296875,879,FC128,collect,0,879,,,,
0.0,7.96875,0.0,0.46820036,0.0050829235,0.9492604,0.011115673,-0.0057053366,6.1426573,91.30469,0.03840167,0.44022012,91.30469,880,FC128,collect,0,880,,,,
0.0,7.9140625,0.0,0.46804538,0.005078828,0.9555382,-0.010177434,-0.027673662,6.047735,93.31641,0.039746698,0.44072038,93.31641,881,FC128,collect,0,881,,,,
0.0,7.9101562,0.0,0.4919483,0.0050747325,0.9654007,-0.029265266,-0.044743713,5.8440638,103.30469,0.035949904,0.4412206,103.30469,882,FC128,collect,0,882,,,,
0.0,7.8554688,0.0,0.4961389,0.005070637,0.9692764,-0.03943061,-0.05433103,5.6183605,111.85547,0.034832317,0.44172087,111.85547,883,FC128,collect,0,883,,,,
0.0,7.8710938,0.0,0.5110093,0.005066541,0.97371715,-0.039957937,-0.052668914,5.6142197,112.84375,0.030600056,0.44222113,112.84375,884,FC128,collect,0,884,,,,
0.0,7.8867188,0.0,0.5005115,0.005062446,0.97018725,-0.035413694,-0.049984116,5.7563295,106.51953,0.034208473,0.44272137,106.51953,885,FC128,collect,0,885,,,,
0.0,7.8867188,0.0,0.50166124,0.00505835,0.9719526,-0.025159815,-0.038850456,5.8295326,102.859375,0.03245644,0.44322163,102.859375,886,FC128,collect,0,886,,,,
0.0,7.9804688,0.0,0.47672614,0.0050542546,0.96868783,-0.0105933575,-0.023653897,6.109063,93.57031,0.030940069,0.4437219,93.57031,887,FC128,collect,0,887,,,,
0.0,7.9648438,0.0,0.4846997,0.005050159,0.9651961,-0.005742137,-0.018653048,6.1278915,91.84766,0.030717444,0.44422212,91.84766,888,FC128,collect,0,888,,,,
0.0,7.9375,0.0,0.5550086,0.0050460636,0.9690062,-0.019999,-0.030725507,5.815548,106.09766,0.027054233,0.44472238,106.09766,889,FC128,collect,0,889,,,,
0.0,7.875,0.0,0.582485,0.005041968,0.969195,-0.025200546,-0.03626046,5.654376,111.03125,0.027993567,0.44522262,111.03125,890,FC128,collect,0,890,,,,
0.0,7.9453125,0.0,0.55691224,0.005037872,0.9661821,-0.013280841,-0.024881966,5.8249226,106.01953,0.028813556,0.44572288,106.01953,891,FC128,collect,0,891,,,,
0.0,7.9960938,0.0,0.49819976,0.005033777,0.96226156,0.008707512,-0.0056205993,6.1775007,90.92969,0.033671875,0.44622314,90.92969,892,FC128,collect,0,892,,,,
0.0,7.9921875,0.0,0.480337,0.005029681,0.9620431,0.006976528,-0.007850882,6.1887507,90.171875,0.034486704,0.44672337,90.171875,893,FC128,collect,0,893,,,,
0.0,7.9726562,0.0,0.48016924,0.005025586,0.9660166,0.0019258433,-0.013029591,6.1092196,93.171875,0.034737132,0.44722363,93.171875,894,FC128,collect,0,894,,,,
0.0,7.9804688,0.0,0.48706034,0.00502149,0.97054636,-0.01165518,-0.02449602,6.113204,93.36328,0.030573219,0.44772387,93.36328,895,FC128,collect,0,895,,,,
0.0,7.9960938,0.0,0.4925079,0.0050173947,0.97410643,-0.016324874,-0.027230667,6.1561728,91.99609,0.026753798,0.44822413,91.99609,896,FC128,collect,0,896,,,,
0.0,7.9140625,0.0,0.53550816,0.005013299,0.97125375,-0.028177015,-0.04135276,5.860938,102.65625,0.031720813,0.4487244,102.65625,897,FC128,collect,0,897,,,,
0.0,7.8632812,0.0,0.5882854,0.005009203,0.9749764,-0.041458264,-0.05125737,5.6239853,111.96484,0.025491895,0.44922462,111.96484,898,FC128,collect,0,898,,,,
0.0,7.8203125,0.0,0.606826,0.005005108,0.9755805,-0.03711325,-0.04611574,5.477032,117.16406,0.024079442,0.44972488,117.16406,899,FC128,collect,0,899,,,,
0.0,7.9570312,0.0,0.5570454,0.0050010122,0.9710841,-0.012650309,-0.023402905,5.837735,105.96484,0.027076773,0.4502251,105.96484,900,FC128,collect,0,900,,,,
0.0,8.0,0.0,0.50010335,0.004996917,0.9628909,0.010289324,-0.004206833,6.1553135,92.234375,0.033990264,0.45072538,92.234375,901,FC128,collect,0,901,,,,
0.0,7.9960938,0.0,0.48922622,0.0049928213,0.9554993,0.019885229,0.004428744,6.1586733,91.87109,0.035798207,0.45122564,91.87109,902,FC128,collect,0,902,,,,
0.0,7.9179688,0.0,0.47721517,0.0049887258,0.9515115,0.016241085,-0.0017707126,6.10422,90.6875,0.040784985,0.45172587,90.6875,903,FC128,collect,0,903,,,,
0.0,7.953125,0.0,0.47378153,0.0049846303,0.9594306,0.013818044,-0.001764967,6.148282,90.24219,0.03588927,0.45222613,90.24219,904,FC128,collect,0,904,,,,
0.0,8.0,0.0,0.4835792,0.004980535,0.9643029,0.0023719473,-0.010643531,6.181017,90.94922,0.030847922,0.45272636,90.94922,905,FC128,collect,0,905,,,,
0.0,7.9960938,0.0,0.46603775,0.0049764393,0.96910876,-0.0050044116,-0.016944196,6.211563,89.22656,0.028517986,0.45322663,89.22656,906,FC128,collect,0,906,,,,
0.0,7.9726562,0.0,0.4715503,0.0049723433,0.97069645,-0.018062614,-0.029758304,6.132579,92.00391,0.028080799,0.4537269,92.00391,907,FC128,collect,0,907,,,,
0.0,8.0,0.0,0.4522983,0.0049682483,0.97070444,-0.013993725,-0.026046403,6.254923,87.25391,0.028599616,0.45422712,87.25391,908,FC128,collect,0,908,,,,
0.0,7.9296875,0.0,0.48814845,0.0049641524,0.97030675,-0.021462014,-0.033654384,5.991251,96.921875,0.02923123,0.45472738,96.921875,909,FC128,collect,0,909,,,,
0.0,7.9296875,0.0,0.507893,0.004960057,0.9691515,-0.021718744,-0.033789746,5.9195323,100.50781,0.029180365,0.45522764,100.50781,910,FC128,collect,0,910,,,,
0.0,7.9335938,0.0,0.5170724,0.0049559614,0.96772885,-0.01511913,-0.026182225,5.8377357,104.79297,0.027251372,0.45572788,104.79297,911,FC128,collect,0,911,,,,
0.0,7.96875,0.0,0.49259174,0.004951866,0.9616475,0.00079268706,-0.012190651,6.054845,95.69531,0.030845173,0.45622814,95.69531,912,FC128,collect,0,912,,,,
0.0,7.9453125,0.0,0.49029317,0.0049477704,0.9540696,0.0033571615,-0.0115053505,6.068595,93.83594,0.03457674,0.45672837,93.83594,913,FC128,collect,0,913,,,,
0.0,7.9882812,0.0,0.45591107,0.0049436744,0.9545966,0.008767619,-0.005744675,6.2339854,87.71484,0.03353234,0.45722863,87.71484,914,FC128,collect,0,914,,,,
0.0,7.9804688,0.0,0.46015912,0.0049395794,0.9577186,0.0018377078,-0.012555738,6.2112513,88.46094,0.033332877,0.4577289,88.46094,915,FC128,collect,0,915,,,,
0.0,7.9960938,0.0,0.44825307,0.0049354834,0.96349454,-0.004302442,-0.01747301,6.257657,86.921875,0.030765828,0.45822912,86.921875,916,FC128,collect,0,916,,,,
0.0,7.9882812,0.0,0.45295238,0.004931388,0.96946895,-0.014662465,-0.027146813,6.1789074,90.46875,0.029436063,0.4587294,90.46875,917,FC128,collect,0,917,,,,
0.0,7.9492188,0.0,0.48179534,0.0049272925,0.9739047,-0.03247674,-0.044417568,5.9601574,99.453125,0.028629541,0.45922962,99.453125,918,FC128,collect,0,918,,,,
0.0,7.7109375,0.0,0.53096104,0.004923197,0.968615,-0.045450445,-0.061376486,5.3852353,116.28516,0.037080128,0.45972988,116.28516,919,FC128,collect,0,919,,,,
0.0,7.7773438,0.0,0.5397121,0.0049191015,0.97634137,-0.04786609,-0.05899017,5.2777357,124.98047,0.027557956,0.46023014,124.98047,920,FC128,collect,0,920,,,,
0.0,7.671875,0.0,0.53916645,0.0049150055,0.9717729,-0.041241072,-0.054657515,5.040392,131.57422,0.032132905,0.46073037,131.57422,921,FC128,collect,0,921,,,,
0.0,7.7148438,0.0,0.5336563,0.0049109105,0.9698176,-0.028812114,-0.04226631,5.2746105,122.01172,0.032149866,0.46123064,122.01172,922,FC128,collect,0,922,,,,
0.0,7.8320312,0.0,0.53113586,0.0049068145,0.9694393,-0.0125022065,-0.025626127,5.608673,111.16797,0.03146021,0.46173087,111.16797,923,FC128,collect,0,923,,,,
0.0,7.9296875,0.0,0.47586787,0.0049027195,0.96029437,0.009933145,-0.005888208,6.0689073,93.03906,0.0363088,0.46223113,93.03906,924,FC128,collect,0,924,,,,
0.0,7.953125,0.0,0.48191,0.0048986236,0.95444405,0.010375485,-0.005952899,6.089689,93.171875,0.03737816,0.4627314,93.171875,925,FC128,collect,0,925,,,,
0.0,7.90625,0.0,0.51933265,0.004894528,0.95523596,0.00055056927,-0.01557639,5.945001,98.0625,0.037337694,0.46323162,98.0625,926,FC128,collect,0,926,,,,
0.0,7.8242188,0.0,0.58531153,0.0048904326,0.96344125,-0.01674768,-0.029739652,5.49922,116.25,0.0317088,0.46373188,116.25,927,FC128,collect,0,927,,,,
0.0,7.7695312,0.0,0.5784548,0.004886337,0.9625231,-0.018756332,-0.032370824,5.4395323,116.5,0.032882035,0.46423215,116.5,928,FC128,collect,0,928,,,,
0.0,7.9453125,0.0,0.5065805,0.0048822416,0.9621608,-0.0018966738,-0.016492162,5.984767,98.02734,0.034137473,0.46473238,98.02734,929,FC128,collect,0,929,,,,
0.0,7.984375,0.0,0.46369025,0.0048781456,0.9628137,0.00626133,-0.009096202,6.1599226,91.22266,0.035238963,0.46523264,91.22266,930,FC128,collect,0,930,,,,
0.0,7.984375,0.0,0.4759239,0.0048740506,0.96784174,0.0024392554,-0.012535351,6.0994544,94.24609,0.034588568,0.46573287,94.24609,931,FC128,collect,0,931,,,,
0.0,7.9960938,0.0,0.46184123,0.0048699547,0.96907127,-0.0007908363,-0.01580563,6.21547,89.03125,0.03452788,0.46623313,89.03125,932,FC128,collect,0,932,,,,
0.0,7.9921875,0.0,0.45147857,0.004865859,0.97182935,-0.011269638,-0.025294678,6.2107043,89.07422,0.032443743,0.4667334,89.07422,933,FC128,collect,0,933,,,,
0.0,8.0,0.0,0.45322356,0.0048617637,0.9762265,-0.016933983,-0.028805137,6.256642,87.16797,0.02814924,0.46723363,87.16797,934,FC128,collect,0,934,,,,
0.0,7.9492188,0.0,0.52156776,0.004857668,0.9779057,-0.03623656,-0.04674515,5.9751577,98.703125,0.026084384,0.4677339,98.703125,935,FC128,collect,0,935,,,,
0.0,7.6796875,0.0,0.6049662,0.0048535727,0.9769693,-0.057120953,-0.06696642,5.240548,121.95703,0.025563432,0.46823412,121.95703,936,FC128,collect,0,936,,,,
0.0,7.578125,0.0,0.6502262,0.0048494767,0.9765077,-0.06321207,-0.07207032,4.798126,139.0,0.024023017,0.46873438,139.0,937,FC128,collect,0,937,,,,
0.0,7.7070312,0.0,0.61987686,0.0048453817,0.9769761,-0.043998905,-0.05242029,5.175392,126.58203,0.022849848,0.46923465,126.58203,938,FC128,collect,0,938,,,,
0.0,7.921875,0.0,0.5266105,0.0048412858,0.9692741,-0.006741266,-0.01824057,5.9468765,98.75,0.02809755,0.46973488,98.75,939,FC128,collect,0,939,,,,
0.0,7.9804688,0.0,0.46699017,0.0048371903,0.95905334,0.017466718,0.0022422292,6.205392,88.75391,0.03496682,0.47023514,88.75391,940,FC128,collect,0,940,,,,
0.0,7.9921875,0.0,0.45285174,0.004833095,0.95724434,0.022238236,0.0055484637,6.222579,88.48047,0.037756894,0.47073537,88.48047,941,FC128,collect,0,941,,,,
0.0,7.984375,0.0,0.47751716,0.0048289993,0.96129465,0.018852629,0.0029012705,6.185704,89.93359,0.036514577,0.47123563,89.93359,942,FC128,collect,0,942,,,,
0.0,7.9804688,0.0,0.4671919,0.004824904,0.9620589,0.015233139,-1.775544e-05,6.1755476,90.24609,0.0350101,0.4717359,90.24609,943,FC128,collect,0,943,,,,
0.0,7.9648438,0.0,0.4715414,0.004820808,0.9661661,0.0053175623,-0.008569166,6.1402354,91.23047,0.032319877,0.47223613,91.23047,944,FC128,collect,0,944,,,,
0.0,7.9882812,0.0,0.469514,0.004816713,0.9716993,-0.001786548,-0.013569222,6.1910167,89.86328,0.028088376,0.4727364,89.86328,945,FC128,collect,0,945,,,,
0.0,7.9453125,0.0,0.51633096,0.004812617,0.9752563,-0.019670166,-0.030024495,5.995079,97.51172,0.025678465,0.47323662,97.51172,946,FC128,collect,0,946,,,,
0.0,7.8046875,0.0,0.58887064,0.0048085214,0.9794232,-0.041936636,-0.050252374,5.534298,113.51953,0.02229467,0.47373688,113.51953,947,FC128,collect,0,947,,,,
0.0,7.8359375,0.0,0.57284397,0.004804426,0.97759295,-0.036636904,-0.045368545,5.604298,111.58203,0.022967655,0.47423714,111.58203,948,FC128,collect,0,948,,,,
0.0,7.9609375,0.0,0.51881546,0.0048003304,0.97644854,-0.022947313,-0.03254913,5.9821887,98.9375,0.024184607,0.47473738,98.9375,949,FC128,collect,0,949,,,,
0.0,7.9882812,0.0,0.46870258,0.004796235,0.97310716,-0.009690668,-0.02025355,6.179923,90.41797,0.02562178,0.47523764,90.41797,950,FC128,collect,0,950,,,,
0.0,7.9882812,0.0,0.45036393,0.004792139,0.9689239,-0.0037648042,-0.015344081,6.2135944,88.734375,0.027474968,0.4757379,88.734375,951,FC128,collect,0,951,,,,
0.0,7.9726562,0.0,0.49048415,0.004788044,0.9714498,-0.011148495,-0.021738209,5.997032,98.78125,0.025876347,0.47623813,98.78125,952,FC128,collect,0,952,,,,
0.0,7.9765625,0.0,0.4688757,0.004783948,0.9705543,-0.0075278576,-0.018789383,6.086642,94.49609,0.027009204,0.4767384,94.49609,953,FC128,collect,0,953,,,,
0.0,7.9492188,0.0,0.46432006,0.0047798525,0.9681521,-0.0105518205,-0.02229745,6.0609384,94.41406,0.027930021,0.47723863,94.41406,954,FC128,collect,0,954,,,,
0.0,7.9414062,0.0,0.4457691,0.004775757,0.9652555,-0.0047908006,-0.018326445,6.1084385,91.64844,0.031329058,0.4777389,91.64844,955,FC128,collect,0,955,,,,
0.0,7.9609375,0.0,0.42104915,0.0047716615,0.96427083,0.0022940906,-0.011609558,6.302189,82.9375,0.031825505,0.47823915,82.9375,956,FC128,collect,0,956,,,,
0.0,7.9648438,0.0,0.42816445,0.004767566,0.96671945,-0.007449682,-0.020322578,6.2540636,85.53906,0.029828398,0.47873938,85.53906,957,FC128,collect,0,957,,,,
0.0,7.9609375,0.0,0.42617932,0.0047634705,0.9654768,-0.0046279533,-0.01845653,6.260001,85.046875,0.031717338,0.47923964,85.046875,958,FC128,collect,0,958,,,,
0.0,7.9960938,0.0,0.42575344,0.004759375,0.9710383,-0.011432907,-0.023104947,6.304532,84.578125,0.027396722,0.47973987,84.578125,959,FC128,collect,0,959,,,,
0.0,7.984375,0.0,0.45116898,0.004755279,0.9753984,-0.020084646,-0.030751664,6.1509385,91.671875,0.025624905,0.48024014,91.671875,960,FC128,collect,0,960,,,,
0.0,7.9492188,0.0,0.4781447,0.0047511836,0.97767556,-0.024007209,-0.033930555,5.998439,97.53906,0.024390198,0.4807404,97.53906,961,FC128,collect,0,961,,,,
0.0,7.9648438,0.0,0.4520199,0.004747088,0.9744048,-0.014706288,-0.025983594,6.1334386,91.57031,0.026846169,0.48124063,91.57031,962,FC128,collect,0,962,,,,
0.0,7.984375,0.0,0.42951354,0.0047429926,0.97236013,-0.0067044627,-0.01882917,6.231642,87.63672,0.028323775,0.4817409,87.63672,963,FC128,collect,0,963,,,,
0.0,7.9960938,0.0,0.4267196,0.004738897,0.97079504,-0.005940068,-0.017809082,6.243126,87.64844,0.027782388,0.48224112,87.64844,964,FC128,collect,0,964,,,,
0.0,7.9921875,0.0,0.4513366,0.0047348016,0.97149366,-0.012690968,-0.024106411,6.16547,91.33594,0.027104866,0.4827414,91.33594,965,FC128,collect,0,965,,,,
0.0,7.9882812,0.0,0.4598553,0.004730706,0.97396636,-0.011952979,-0.022929652,6.1603136,91.39844,0.026304226,0.48324165,91.39844,966,FC128,collect,0,966,,,,
0.0,8.0,0.0,0.43788433,0.0047266106,0.9730103,-0.007968774,-0.018808937,6.2378917,88.10547,0.025819743,0.48374188,88.10547,967,FC128,collect,0,967,,,,
0.0,8.0,0.0,0.4279893,0.0047225147,0.97149265,-0.0051404107,-0.01710827,6.253204,87.33984,0.027978092,0.48424214,87.33984,968,FC128,collect,0,968,,,,
0.0,8.0,0.0,0.42413893,0.004718419,0.9714985,-0.0050221654,-0.01774527,6.2807045,85.96484,0.029448738,0.48474237,85.96484,969,FC128,collect,0,969,,,,
0.0,7.9960938,0.0,0.42455676,0.0047143237,0.97342867,-0.005509763,-0.018184308,6.285626,85.52344,0.029352086,0.48524264,85.52344,970,FC128,collect,0,970,,,,
0.0,7.9960938,0.0,0.41683474,0.004710228,0.9743918,-0.008854505,-0.020684648,6.324532,83.578125,0.02758706,0.4857429,83.578125,971,FC128,collect,0,971,,,,
0.0,7.9921875,0.0,0.45857236,0.0047061327,0.97673035,-0.020144641,-0.03073709,6.1834383,90.4375,0.0255011,0.48624313,90.4375,972,FC128,collect,0,972,,,,
0.0,7.9414062,0.0,0.4979089,0.004702037,0.97743034,-0.024258649,-0.034067236,5.9627357,98.93359,0.024299549,0.4867434,98.93359,973,FC128,collect,0,973,,,,
0.0,7.9140625,0.0,0.51186055,0.0046979417,0.97604746,-0.023513734,-0.03366864,5.928985,99.25391,0.025119197,0.48724365,99.25391,974,FC128,collect,0,974,,,,
0.0,7.9726562,0.0,0.491005,0.004693846,0.97365844,-0.007916733,-0.019027505,6.050626,96.10156,0.026830949,0.48774388,96.10156,975,FC128,collect,0,975,,,,
0.0,7.96875,0.0,0.41845512,0.0046897503,0.96260405,0.013283312,-0.0021675609,6.3003917,83.41797,0.034826647,0.48824415,83.41797,976,FC128,collect,0,976,,,,
0.0,7.9882812,0.0,0.41436967,0.004685655,0.95919436,0.016948791,0.0007978781,6.340782,82.375,0.03618501,0.48874438,82.375,977,FC128,collect,0,977,,,,
0.0,8.0,0.0,0.425514,0.0046815593,0.9632393,0.009962998,-0.004561517,6.2921886,85.390625,0.03303317,0.48924464,85.390625,978,FC128,collect,0,978,,,,
0.0,7.9960938,0.0,0.42482126,0.004677464,0.9666157,0.001409126,-0.012197806,6.281251,85.74219,0.031188035,0.4897449,85.74219,979,FC128,collect,0,979,,,,
0.0,7.9648438,0.0,0.41475922,0.0046733683,0.96882194,-0.0030247774,-0.016991356,6.243204,86.08203,0.031809803,0.49024513,86.08203,980,FC128,collect,0,980,,,,
0.0,8.0,0.0,0.41453463,0.004669273,0.9715405,-0.006582128,-0.01795951,6.3271103,83.64453,0.026625916,0.4907454,83.64453,981,FC128,collect,0,981,,,,
0.0,7.9804688,0.0,0.420531,0.0046651773,0.9714043,-0.0072840173,-0.019306926,6.2978134,84.13281,0.02796952,0.49124563,84.13281,982,FC128,collect,0,982,,,,
0.0,7.9609375,0.0,0.41085377,0.0046610814,0.9684404,-0.005171748,-0.017653057,6.237814,86.15625,0.028792664,0.4917459,86.15625,983,FC128,collect,0,983,,,,
0.0,7.9765625,0.0,0.41870663,0.004656986,0.9663434,-0.0032725027,-0.016098581,6.238282,86.91406,0.02955198,0.49224615,86.91406,984,FC128,collect,0,984,,,,
0.0,7.9335938,0.0,0.45491028,0.0046528904,0.96633434,-0.013613414,-0.026511222,6.042657,94.546875,0.030028911,0.49274638,94.546875,985,FC128,collect,0,985,,,,
0.0,7.8984375,0.0,0.46821043,0.004648795,0.9661493,-0.0151589,-0.028160227,5.9363294,98.10547,0.030355884,0.49324664,98.10547,986,FC128,collect,0,986,,,,
0.0,7.9296875,0.0,0.4644718,0.0046446994,0.9642605,-0.0123930145,-0.024955472,5.9350014,99.734375,0.02943958,0.49374688,99.734375,987,FC128,collect,0,987,,,,
0.0,7.9414062,0.0,0.4515066,0.004640604,0.9628233,-0.0026576435,-0.015833156,6.0825014,92.94531,0.030541552,0.49424714,92.94531,988,FC128,collect,0,988,,,,
0.0,7.96875,0.0,0.4188834,0.0046365084,0.95943576,0.005526141,-0.009349131,6.2891417,83.98047,0.033634856,0.4947474,83.98047,989,FC128,collect,0,989,,,,
0.0,7.96875,0.0,0.41357353,0.004632413,0.95933443,0.00064936175,-0.014548127,6.2810163,84.38672,0.034226663,0.49524763,84.38672,990,FC128,collect,0,990,,,,
0.0,8.0,0.0,0.40645376,0.004628317,0.9647386,-0.008129712,-0.022229247,6.3492203,82.53906,0.031961463,0.4957479,82.53906,991,FC128,collect,0,991,,,,
0.0,7.9726562,0.0,0.4100504,0.0046242215,0.97000194,-0.013783038,-0.027827758,6.3077354,83.24609,0.03188177,0.49624813,83.24609,992,FC128,collect,0,992,,,,
0.0,7.921875,0.0,0.41038233,0.004620126,0.9655756,-0.024380323,-0.041410606,6.1994543,86.12109,0.037852604,0.4967484,86.12109,993,FC128,collect,0,993,,,,
0.0,7.9960938,0.0,0.4205122,0.0046160305,0.9739632,-0.022021951,-0.034098357,6.250548,87.27734,0.02803501,0.49724865,87.27734,994,FC128,collect,0,994,,,,
0.0,7.96875,0.0,0.4328073,0.004611935,0.97375214,-0.019783903,-0.03225928,6.2205477,87.41016,0.028942917,0.49774888,87.41016,995,FC128,collect,0,995,,,,
0.0,7.953125,0.0,0.40328425,0.0046078395,0.96609086,-0.0079098,-0.02356453,6.3032827,82.49219,0.035026,0.49824914,82.49219,996,FC128,collect,0,996,,,,
0.0,7.9921875,0.0,0.40674523,0.004603744,0.97014207,-0.006981153,-0.019155972,6.320939,83.5625,0.028094739,0.4987494,83.5625,997,FC128,collect,0,997,,,,
0.0,7.9726562,0.0,0.45101264,0.004599648,0.97006136,-0.014164698,-0.026095644,6.1815634,89.55469,0.02801089,0.49924964,89.55469,998,FC128,collect,0,998,,,,
0.0,7.9960938,0.0,0.45649815,0.0045955526,0.9746448,-0.013311247,-0.023632865,6.224298,88.58984,0.024838958,0.4997499,88.58984,999,FC128,collect,0,999,,,,
0.0,7.9726562,0.0,0.4351472,0.004591457,0.96988404,-0.004901208,-0.017527992,6.284376,84.41406,0.029249487,0.50025016,84.41406,1000,FC128,collect,0,1000,,,,
0.0,7.9921875,0.0,0.43951586,0.0045873616,0.9716168,-0.00809549,-0.020283928,6.2521105,87.00391,0.028409313,0.50075036,87.00391,1001,FC128,collect,0,1001,,,,
0.0,7.96875,0.0,0.42984015,0.004583266,0.9723028,-0.0056171888,-0.018473756,6.29422,83.72656,0.029653277,0.5012506,83.72656,1002,FC128,collect,0,1002,,,,
0.0,7.9648438,0.0,0.42652506,0.0045791706,0.9729503,-0.008886393,-0.022319803,6.274454,84.51953,0.030773083,0.5017509,84.51953,1003,FC128,collect,0,1003,,,,
0.0,7.953125,0.0,0.44224414,0.004575075,0.9732501,-0.01228813,-0.024341857,6.2103915,87.13672,0.028154055,0.50225115,87.13672,1004,FC128,collect,0,1004,,,,
0.0,7.9882812,0.0,0.4436852,0.0045709796,0.9726953,-0.0071599316,-0.018649912,6.2696104,85.93359,0.027036112,0.5027514,85.93359,1005,FC128,collect,0,1005,,,,
0.0,7.9960938,0.0,0.4493935,0.0045668837,0.97184706,-0.0027986693,-0.014710666,6.2985163,84.87891,0.027928649,0.5032517,84.87891,1006,FC128,collect,0,1006,,,,
0.0,8.0,0.0,0.43618944,0.004562788,0.97287947,0.000605952,-0.010461989,6.3102355,84.48828,0.026116362,0.5037519,84.48828,1007,FC128,collect,0,1007,,,,
0.0,7.9960938,0.0,0.41772842,0.0045586927,0.9715957,-0.00018977071,-0.012217947,6.385001,80.55469,0.027864944,0.50425214,80.55469,1008,FC128,collect,0,1008,,,,
0.0,7.9960938,0.0,0.4136375,0.004554597,0.9728938,-0.0012552536,-0.013492068,6.391876,80.21094,0.028241534,0.5047524,80.21094,1009,FC128,collect,0,1009,,,,
0.0,7.96875,0.0,0.42340434,0.0045505017,0.9703178,-0.007573128,-0.020539833,6.239298,86.47266,0.029786814,0.50525266,86.47266,1010,FC128,collect,0,1010,,,,
0.0,7.9921875,0.0,0.40650693,0.004546406,0.9732599,-0.0074978014,-0.019431425,6.3888288,80.16797,0.027563538,0.5057529,80.16797,1011,FC128,collect,0,1011,,,,
0.0,8.0,0.0,0.41652843,0.0045423107,0.9727292,-0.009070988,-0.020526974,6.3003917,84.98047,0.026695974,0.5062531,84.98047,1012,FC128,collect,0,1012,,,,
0.0,7.9882812,0.0,0.4162577,0.0045382148,0.9683142,-0.0054988293,-0.017975714,6.3324227,82.79297,0.028731903,0.5067534,82.79297,1013,FC128,collect,0,1013,,,,
0.0,7.9921875,0.0,0.42642733,0.0045341193,0.96645844,-0.0037202276,-0.016223196,6.272892,85.96484,0.028872881,0.50725365,85.96484,1014,FC128,collect,0,1014,,,,
0.0,8.0,0.0,0.42212808,0.004530024,0.9634939,-0.0017681086,-0.015249953,6.322189,83.890625,0.030788189,0.5077539,83.890625,1015,FC128,collect,0,1015,,,,
0.0,7.9882812,0.0,0.40772495,0.0045259283,0.96486014,0.0043618614,-0.009035655,6.3545322,81.6875,0.0304857,0.5082542,81.6875,1016,FC128,collect,0,1016,,,,
0.0,8.0,0.0,0.4104237,0.004521833,0.96520895,-0.004387949,-0.017938,6.3324227,83.37891,0.030811835,0.5087544,83.37891,1017,FC128,collect,0,1017,,,,
0.0,7.9960938,0.0,0.40656692,0.0045177373,0.9695333,-0.009983753,-0.022721922,6.3228917,83.66016,0.029149864,0.50925463,83.66016,1018,FC128,collect,0,1018,,,,
0.0,7.9296875,0.0,0.4213198,0.004513642,0.964676,-0.014396037,-0.030769125,6.2259383,85.1875,0.03654955,0.5097549,85.1875,1019,FC128,collect,0,1019,,,,
0.0,7.984375,0.0,0.43409684,0.0045095463,0.97173417,-0.02110285,-0.033671778,6.159376,91.25,0.029053016,0.51025516,91.25,1020,FC128,collect,0,1020,,,,
0.0,7.9101562,0.0,0.4585687,0.0045054504,0.9701864,-0.024806427,-0.037937995,5.976329,96.69141,0.030395254,0.5107554,96.69141,1021,FC128,collect,0,1021,,,,
0.0,7.9335938,0.0,0.4643946,0.004501355,0.97209877,-0.020282302,-0.032535076,5.9853134,97.41406,0.028686358,0.5112556,97.41406,1022,FC128,collect,0,1022,,,,
0.0,8.0,0.0,0.40566006,0.0044972594,0.9663254,0.00013434608,-0.013709855,6.353751,82.3125,0.03133712,0.5117559,82.3125,1023,FC128,collect,0,1023,,,,
0.0,7.9765625,0.0,0.39607802,0.004493164,0.96305656,0.0053961906,-0.009216831,6.3431263,81.671875,0.03278533,0.51225615,81.671875,1024,FC128,collect,0,1024,,,,
0.0,8.0,0.0,0.41772723,0.0044890684,0.964872,0.00024744193,-0.013810109,6.3846107,80.76953,0.031865515,0.5127564,80.76953,1025,FC128,collect,0,1025,,,,
0.0,8.0,0.0,0.42284647,0.004484973,0.96795666,-0.0027450873,-0.016577978,6.3630476,81.84766,0.03145869,0.51325667,81.84766,1026,FC128,collect,0,1026,,,,
0.0,7.984375,0.0,0.41269392,0.0044808774,0.9704514,-0.006253958,-0.019780647,6.348204,81.80859,0.03075184,0.5137569,81.80859,1027,FC128,collect,0,1027,,,,
0.0,8.0,0.0,0.39330444,0.0044767815,0.97246474,-0.007136015,-0.021548681,6.4363294,78.18359,0.032346807,0.51425713,78.18359,1028,FC128,collect,0,1028,,,,
0.0,8.0,0.0,0.40854073,0.004472686,0.97573334,-0.0135416975,-0.026457224,6.403282,79.83594,0.029485602,0.5147574,79.83594,1029,FC128,collect,0,1029,,,,
0.0,8.0,0.0,0.40479562,0.0044685905,0.97609246,-0.016524909,-0.029116755,6.386407,80.67969,0.028801424,0.51525766,80.67969,1030,FC128,collect,0,1030,,,,
0.0,8.0,0.0,0.41199234,0.004464495,0.97650135,-0.016789466,-0.029499786,6.364923,81.75391,0.029099314,0.5157579,81.75391,1031,FC128,collect,0,1031,,,,
0.0,8.0,0.0,0.42665243,0.0044603995,0.97728646,-0.015752628,-0.027567033,6.3013296,84.93359,0.027434891,0.5162581,84.93359,1032,FC128,collect,0,1032,,,,
0.0,7.9882812,0.0,0.4512466,0.004456304,0.97482044,-0.015147444,-0.026840918,6.2390637,87.46094,0.027408732,0.5167584,87.46094,1033,FC128,collect,0,1033,,,,
0.0,7.9960938,0.0,0.44416133,0.0044522085,0.9719955,0.00024259998,-0.012937261,6.321251,83.74219,0.03031472,0.51725864,83.74219,1034,FC128,collect,0,1034,,,,
0.0,8.0,0.0,0.4527097,0.004448113,0.9705178,0.0026945171,-0.010890923,6.351251,82.4375,0.03119829,0.5177589,82.4375,1035,FC128,collect,0,1035,,,,
0.0,7.984375,0.0,0.4356442,0.004444017,0.96744454,0.0053052446,-0.009241061,6.3367977,82.37891,0.032964632,0.51825917,82.37891,1036,FC128,collect,0,1036,,,,
0.0,7.96875,0.0,0.4567347,0.0044399216,0.97170365,-0.0027017135,-0.01616472,6.243126,86.28125,0.030981746,0.51875937,86.28125,1037,FC128,collect,0,1037,,,,
0.0,7.9960938,0.0,0.4508838,0.004435826,0.9749954,-0.0016207425,-0.01318101,6.340704,82.76953,0.02712062,0.51925963,82.76953,1038,FC128,collect,0,1038,,,,
0.0,7.9921875,0.0,0.44155526,0.0044317306,0.97602665,-0.005808968,-0.017143715,6.3713293,81.04297,0.026583202,0.5197599,81.04297,1039,FC128,collect,0,1039,,,,
0.0,8.0,0.0,0.41696253,0.004427635,0.97616553,-0.0033615464,-0.01464695,6.418907,79.05469,0.026263123,0.52026016,79.05469,1040,FC128,collect,0,1040,,,,
0.0,8.0,0.0,0.42295533,0.0044235396,0.97540313,-0.009734309,-0.021571277,6.338829,83.05859,0.027415855,0.5207604,83.05859,1041,FC128,collect,0,1041,,,,
0.0,7.9960938,0.0,0.43698242,0.004419444,0.97469825,-0.013101573,-0.024997847,6.352032,82.203125,0.027654987,0.5212606,82.203125,1042,FC128,collect,0,1042,,,,
0.0,7.9960938,0.0,0.43767694,0.004415348,0.9731309,-0.009175653,-0.020850072,6.337579,82.92578,0.02721383,0.5217609,82.92578,1043,FC128,collect,0,1043,,,,
0.0,8.0,0.0,0.42859706,0.0044112527,0.967338,0.0017787778,-0.010924744,6.372892,81.35547,0.029188344,0.52226114,81.35547,1044,FC128,collect,0,1044,,,,
0.0,7.9960938,0.0,0.42126068,0.004407157,0.9657665,0.0023600585,-0.010438808,6.355235,82.04297,0.029310858,0.5227614,82.04297,1045,FC128,collect,0,1045,,,,
0.0,7.96875,0.0,0.42260507,0.0044030617,0.96520597,0.002652242,-0.011354531,6.375001,79.6875,0.03173506,0.52326167,79.6875,1046,FC128,collect,0,1046,,,,
0.0,7.9921875,0.0,0.43074808,0.004398966,0.96563447,-0.0029242313,-0.01615966,6.358204,81.69922,0.030260548,0.5237619,81.69922,1047,FC128,collect,0,1047,,,,
0.0,7.9960938,0.0,0.41451335,0.0043948707,0.96787405,-0.00511005,-0.01815305,6.3966417,79.97266,0.029729467,0.52426213,79.97266,1048,FC128,collect,0,1048,,,,
0.0,8.0,0.0,0.4226682,0.004390775,0.96885633,-0.014836571,-0.027836315,6.3740635,81.296875,0.02971117,0.5247624,81.296875,1049,FC128,collect,0,1049,,,,
0.0,7.9765625,0.0,0.42217797,0.0043866797,0.9678654,-0.019680757,-0.033774927,6.3059387,83.53125,0.03189226,0.52526265,83.53125,1050,FC128,collect,0,1050,,,,
0.0,7.9921875,0.0,0.4374594,0.004382584,0.9715678,-0.024251211,-0.036607135,6.255548,86.83203,0.028546253,0.5257629,86.83203,1051,FC128,collect,0,1051,,,,
0.0,7.9179688,0.0,0.4540376,0.0043784883,0.9683527,-0.026024994,-0.03996089,6.0957823,91.109375,0.03184779,0.5262632,91.109375,1052,FC128,collect,0,1052,,,,
0.0,7.9023438,0.0,0.45434165,0.004374393,0.96613675,-0.021869998,-0.036117796,6.0471883,92.75781,0.03247053,0.5267634,92.75781,1053,FC128,collect,0,1053,,,,
0.0,7.953125,0.0,0.45172146,0.0043702973,0.9665489,-0.0123249125,-0.025675269,6.131407,91.08594,0.030649027,0.52726364,91.08594,1054,FC128,collect,0,1054,,,,
0.0,7.9882812,0.0,0.41608503,0.004366202,0.9629034,0.0020710686,-0.012052607,6.3021884,84.30469,0.031880774,0.5277639,84.30469,1055,FC128,collect,0,1055,,,,
0.0,7.9921875,0.0,0.40969038,0.0043621063,0.9632864,0.006029142,-0.008226294,6.41422,78.89844,0.0320851,0.52826416,78.89844,1056,FC128,collect,0,1056,,,,
0.0,8.0,0.0,0.39499095,0.004358011,0.9651183,0.0049244054,-0.008884411,6.4254694,78.72656,0.031060383,0.5287644,78.72656,1057,FC128,collect,0,1057,,,,
0.0,7.96875,0.0,0.3980507,0.004353915,0.96759975,-0.0018036377,-0.015244249,6.3485947,81.00781,0.03034738,0.5292646,81.00781,1058,FC128,collect,0,1058,,,,
0.0,8.0,0.0,0.3920525,0.0043498194,0.97282183,-0.009482704,-0.022193462,6.4240637,78.796875,0.02883223,0.5297649,78.796875,1059,FC128,collect,0,1059,,,,
0.0,8.0,0.0,0.39645392,0.004345724,0.9750793,-0.016729027,-0.029523915,6.375392,81.23047,0.029035533,0.53026515,81.23047,1060,FC128,collect,0,1060,,,,
0.0,7.9960938,0.0,0.393749,0.0043416284,0.97624826,-0.018668914,-0.031779885,6.3882046,80.39453,0.029640965,0.5307654,80.39453,1061,FC128,collect,0,1061,,,,
0.0,8.0,0.0,0.38774112,0.004337533,0.9768559,-0.01575443,-0.028534263,6.4855475,75.72266,0.028923346,0.5312657,75.72266,1062,FC128,collect,0,1062,,,,
0.0,7.953125,0.0,0.38436118,0.0043334374,0.9722274,-0.015679752,-0.03089787,6.3614855,79.58203,0.033767447,0.5317659,79.58203,1063,FC128,collect,0,1063,,,,
0.0,8.0,0.0,0.3995635,0.004329342,0.9768588,-0.015696641,-0.027239734,6.393751,80.3125,0.026545882,0.53226614,80.3125,1064,FC128,collect,0,1064,,,,
0.0,7.9960938,0.0,0.39837223,0.0043252464,0.97599876,-0.009820627,-0.021789778,6.434923,78.05859,0.027384417,0.5327664,78.05859,1065,FC128,collect,0,1065,,,,
0.0,8.0,0.0,0.40745345,0.0043211505,0.9761204,-0.00247384,-0.0139507465,6.40211,79.89453,0.026475148,0.53326666,79.89453,1066,FC128,collect,0,1066,,,,
0.0,8.0,0.0,0.419433,0.004317055,0.9741599,0.00049522263,-0.012004938,6.3873444,80.63281,0.028621752,0.5337669,80.63281,1067,FC128,collect,0,1067,,,,
0.0,8.0,0.0,0.43571052,0.0043129595,0.97316617,-0.004028968,-0.016286988,6.339454,83.02734,0.028274443,0.5342671,83.02734,1068,FC128,collect,0,1068,,,,
0.0,7.9648438,0.0,0.43737668,0.004308864,0.9725577,-0.007997314,-0.021101689,6.290782,83.703125,0.029977942,0.5347674,83.703125,1069,FC128,collect,0,1069,,,,
0.0,7.9960938,0.0,0.44653141,0.0043047685,0.97726613,-0.010368686,-0.021002674,6.312267,84.19141,0.025112405,0.53526765,84.19141,1070,FC128,collect,0,1070,,,,
0.0,7.9882812,0.0,0.45368543,0.004300673,0.9784975,-0.013965125,-0.02429498,6.3130474,83.76172,0.024562014,0.5357679,83.76172,1071,FC128,collect,0,1071,,,,
0.0,8.0,0.0,0.42369148,0.0042965775,0.9779423,-0.011188579,-0.022187397,6.422657,78.86719,0.025638483,0.5362682,78.86719,1072,FC128,collect,0,1072,,,,
0.0,7.9804688,0.0,0.42413524,0.0042924816,0.977873,-0.013055451,-0.024418093,6.3607817,80.984375,0.02636647,0.5367684,80.984375,1073,FC128,collect,0,1073,,,,
0.0,7.9882812,0.0,0.43806696,0.004288386,0.977469,-0.011921875,-0.02258424,6.3297668,82.92578,0.025081933,0.53726864,82.92578,1074,FC128,collect,0,1074,,,,
0.0,8.0,0.0,0.44160718,0.0042842906,0.976719,-0.0076939445,-0.018451674,6.343048,82.84766,0.025299406,0.5377689,82.84766,1075,FC128,collect,0,1075,,,,
0.0,8.0,0.0,0.449635,0.004280195,0.97573906,-0.003470561,-0.014309088,6.3445325,82.77344,0.025526104,0.53826916,82.77344,1076,FC128,collect,0,1076,,,,
0.0,7.9921875,0.0,0.44921362,0.0042760996,0.9742193,-0.0032125902,-0.014889382,6.3227353,83.47266,0.027195347,0.5387694,83.47266,1077,FC128,collect,0,1077,,,,
0.0,8.0,0.0,0.42177144,0.004272004,0.9715574,0.0046884683,-0.0076486846,6.4192977,79.03516,0.028277924,0.5392696,79.03516,1078,FC128,collect,0,1078,,,,
0.0,8.0,0.0,0.4016986,0.0042679086,0.97325015,0.004765329,-0.0071751936,6.449454,77.52734,0.02730987,0.5397699,77.52734,1079,FC128,collect,0,1079,,,,
0.0,8.0,0.0,0.41747117,0.004263813,0.9726847,-0.00078398536,-0.01288329,6.43297,78.35156,0.027758647,0.54027015,78.35156,1080,FC128,collect,0,1080,,,,
0.0,8.0,0.0,0.4034111,0.004259717,0.9742138,-0.008242118,-0.0198542,6.4529696,77.35156,0.026660996,0.5407704,77.35156,1081,FC128,collect,0,1081,,,,
0.0,8.0,0.0,0.4156111,0.0042556217,0.97471243,-0.011925822,-0.023956334,6.4186726,79.06641,0.027598392,0.5412707,79.06641,1082,FC128,collect,0,1082,,,,
0.0,7.9921875,0.0,0.4118563,0.004251526,0.9724197,-0.011659483,-0.024486916,6.4335947,77.92969,0.029156901,0.5417709,77.92969,1083,FC128,collect,0,1083,,,,
0.0,7.9375,0.0,0.40712297,0.0042474307,0.9673733,-0.00872003,-0.023242915,6.369611,78.39453,0.032504223,0.54227114,78.39453,1084,FC128,collect,0,1084,,,,
0.0,7.9960938,0.0,0.41724715,0.004243335,0.9710322,-0.010382198,-0.02251669,6.330548,83.27734,0.027810024,0.5427714,83.27734,1085,FC128,collect,0,1085,,,,
0.0,7.96875,0.0,0.41786215,0.0042392397,0.96533966,-0.0022577508,-0.016989324,6.3141413,82.73047,0.033005983,0.54327166,82.73047,1086,FC128,collect,0,1086,,,,
0.0,7.9648438,0.0,0.39845073,0.0042351442,0.9598523,0.0001636768,-0.015801188,6.3855476,78.96484,0.03530472,0.5437719,78.96484,1087,FC128,collect,0,1087,,,,
0.0,7.9570312,0.0,0.3919577,0.0042310487,0.95861846,0.0040449603,-0.012672085,6.4075794,77.47266,0.036750875,0.5442722,77.47266,1088,FC128,collect,0,1088,,,,
0.0,7.9882812,0.0,0.39631018,0.004226953,0.9674544,-0.005112883,-0.018602211,6.4113293,78.84766,0.030329024,0.5447724,78.84766,1089,FC128,collect,0,1089,,,,
0.0,7.9921875,0.0,0.410994,0.0042228573,0.97016966,-0.0154203605,-0.028318914,6.336563,82.78125,0.029268244,0.54527265,82.78125,1090,FC128,collect,0,1090,,,,
0.0,7.9609375,0.0,0.44174874,0.004218762,0.97400236,-0.02702149,-0.03918117,6.1466417,90.71484,0.028046625,0.5457729,90.71484,1091,FC128,collect,0,1091,,,,
0.0,7.9492188,0.0,0.42702943,0.0042146663,0.9747889,-0.02783489,-0.040062096,6.163048,89.30859,0.028053982,0.5462732,89.30859,1092,FC128,collect,0,1092,,,,
0.0,7.90625,0.0,0.46780276,0.004210571,0.9772152,-0.03586032,-0.047326833,5.9469543,97.96484,0.026872465,0.54677343,97.96484,1093,FC128,collect,0,1093,,,,
0.0,7.9453125,0.0,0.44994387,0.0042064753,0.9753907,-0.02580617,-0.037810538,6.165704,88.98047,0.027794095,0.54727364,88.98047,1094,FC128,collect,0,1094,,,,
0.0,7.9960938,0.0,0.37726992,0.00420238,0.9701118,-0.0047667064,-0.018524045,6.4800787,75.80078,0.03068554,0.5477739,75.80078,1095,FC128,collect,0,1095,,,,
0.0,8.0,0.0,0.38930625,0.004198284,0.9712326,-0.0061017135,-0.01986307,6.4167976,79.16016,0.03079155,0.54827416,79.16016,1096,FC128,collect,0,1096,,,,
0.0,8.0,0.0,0.3896687,0.0041941884,0.97282326,-0.00462147,-0.017728653,6.4326572,78.36719,0.029483054,0.5487744,78.36719,1097,FC128,collect,0,1097,,,,
0.0,8.0,0.0,0.3944915,0.004190093,0.97458285,-0.009703042,-0.022737382,6.4372663,78.13672,0.029374592,0.5492747,78.13672,1098,FC128,collect,0,1098,,,,
0.0,7.9765625,0.0,0.38549843,0.0041859974,0.97297376,-0.0118089,-0.026261345,6.4495325,76.35156,0.03213228,0.5497749,76.35156,1099,FC128,collect,0,1099,,,,
0.0,7.96875,0.0,0.3982974,0.004181902,0.97337675,-0.016458822,-0.030159878,6.397423,78.56641,0.030733392,0.55027515,78.56641,1100,FC128,collect,0,1100,,,,
0.0,8.0,0.0,0.3940559,0.0041778064,0.97631717,-0.011270662,-0.023830738,6.435626,78.21875,0.028412731,0.5507754,78.21875,1101,FC128,collect,0,1101,,,,
0.0,7.9609375,0.0,0.39399675,0.004173711,0.9720539,-0.007189154,-0.021684682,6.393673,78.36328,0.032279912,0.5512757,78.36328,1102,FC128,collect,0,1102,,,,
0.0,8.0,0.0,0.4125792,0.0041696155,0.9766407,-0.011248184,-0.02337955,6.43922,78.03906,0.027703324,0.55177593,78.03906,1103,FC128,collect,0,1103,,,,
0.0,7.9960938,0.0,0.43907794,0.0041655195,0.9769261,-0.016437225,-0.027979858,6.3066416,84.47266,0.02674324,0.55227613,84.47266,1104,FC128,collect,0,1104,,,,
0.0,7.9648438,0.0,0.4833221,0.004161424,0.9789196,-0.023252334,-0.033843428,6.1520324,90.640625,0.025204804,0.5527764,90.640625,1105,FC128,collect,0,1105,,,,
0.0,7.9414062,0.0,0.49150956,0.0041573285,0.9762555,-0.019457143,-0.030832147,6.132189,90.46094,0.02683674,0.55327666,90.46094,1106,FC128,collect,0,1106,,,,
0.0,7.9804688,0.0,0.4641183,0.004153233,0.97421795,-0.0029934184,-0.015454349,6.2759385,85.22656,0.028777044,0.5537769,85.22656,1107,FC128,collect,0,1107,,,,
0.0,7.9960938,0.0,0.45437798,0.0041491375,0.9751878,-0.0015541487,-0.013995533,6.328673,83.37109,0.028653322,0.5542772,83.37109,1108,FC128,collect,0,1108,,,,
0.0,7.9960938,0.0,0.45126674,0.004145042,0.97392774,4.4299173e-05,-0.012777955,6.3292975,83.33984,0.029385548,0.5547774,83.33984,1109,FC128,collect,0,1109,,,,
0.0,7.9882812,0.0,0.453319,0.0041409465,0.9768784,-0.008105817,-0.019912507,6.2917194,84.828125,0.02736772,0.55527765,84.828125,1110,FC128,collect,0,1110,,,,
0.0,7.984375,0.0,0.47746402,0.0041368506,0.97904664,-0.013467455,-0.024452161,6.2560945,86.41406,0.025919806,0.5557779,86.41406,1111,FC128,collect,0,1111,,,,
0.0,7.9726562,0.0,0.4528635,0.004132755,0.97676665,-0.013133836,-0.025443655,6.2985945,83.703125,0.028362785,0.55627817,83.703125,1112,FC128,collect,0,1112,,,,
0.0,7.9960938,0.0,0.42729694,0.0041286596,0.97471476,-0.004856183,-0.017948646,6.365079,81.55078,0.029713253,0.55677843,81.55078,1113,FC128,collect,0,1113,,,,
0.0,8.0,0.0,0.4044746,0.004124564,0.9701403,0.0050686435,-0.009516444,6.4883604,75.58203,0.032506738,0.55727863,75.58203,1114,FC128,collect,0,1114,,,,
0.0,7.9726562,0.0,0.4171883,0.0041204686,0.96791965,0.0023651829,-0.013246167,6.400861,78.58984,0.034660723,0.5577789,78.58984,1115,FC128,collect,0,1115,,,,
0.0,8.0,0.0,0.4243581,0.004116373,0.9725476,0.001129607,-0.012066822,6.3836727,80.81641,0.02988649,0.55827916,80.81641,1116,FC128,collect,0,1116,,,,
0.0,8.0,0.0,0.41008094,0.0041122776,0.9706261,0.0036025732,-0.010492247,6.440001,78.0,0.031562373,0.5587794,78.0,1117,FC128,collect,0,1117,,,,
0.0,8.0,0.0,0.4062574,0.004108182,0.96672106,0.0012275605,-0.013361668,6.44172,77.91406,0.032516416,0.5592797,77.91406,1118,FC128,collect,0,1118,,,,
0.0,7.9726562,0.0,0.40486747,0.004104086,0.96600693,0.0031325321,-0.012118788,6.4707823,75.09375,0.033825863,0.5597799,75.09375,1119,FC128,collect,0,1119,,,,
0.0,7.9804688,0.0,0.4094317,0.0040999907,0.97028565,-0.006080501,-0.020103035,6.4064856,78.69922,0.0314024,0.56028014,78.69922,1120,FC128,collect,0,1120,,,,
0.0,7.9726562,0.0,0.39645788,0.004095895,0.96886957,-0.003922635,-0.018221242,6.4233603,77.46484,0.031844914,0.5607804,77.46484,1121,FC128,collect,0,1121,,,,
0.0,7.9960938,0.0,0.40927935,0.0040917997,0.9697693,-0.004380309,-0.017276825,6.4327354,78.16797,0.029142411,0.56128067,78.16797,1122,FC128,collect,0,1122,,,,
0.0,7.9882812,0.0,0.4502162,0.0040877042,0.97474974,-0.019874493,-0.03141966,6.269141,85.95703,0.026771037,0.5617809,85.95703,1123,FC128,collect,0,1123,,,,
0.0,7.9296875,0.0,0.49144518,0.0040836087,0.97591174,-0.027234903,-0.03785971,6.0971107,91.62891,0.025263358,0.56228113,91.62891,1124,FC128,collect,0,1124,,,,
0.0,7.9023438,0.0,0.48415044,0.0040795133,0.97505295,-0.03019487,-0.04105168,5.977501,96.24219,0.025663815,0.5627814,96.24219,1125,FC128,collect,0,1125,,,,
0.0,7.890625,0.0,0.49123138,0.0040754173,0.97403425,-0.029144062,-0.04041904,5.913048,98.87891,0.0265539,0.56328166,98.87891,1126,FC128,collect,0,1126,,,,
0.0,7.9492188,0.0,0.4212319,0.004071322,0.9689526,-0.009484832,-0.023037834,6.2532825,84.796875,0.030535946,0.5637819,84.796875,1127,FC128,collect,0,1127,,,,
0.0,8.0,0.0,0.389926,0.0040672263,0.9694285,-0.00090629293,-0.014277707,6.458751,77.0625,0.029914662,0.5642822,77.0625,1128,FC128,collect,0,1128,,,,
0.0,8.0,0.0,0.38085932,0.004063131,0.9687977,-0.000717656,-0.014455258,6.4815636,75.921875,0.030570166,0.5647824,75.921875,1129,FC128,collect,0,1129,,,,
0.0,7.9609375,0.0,0.3873876,0.0040590353,0.9688801,-0.0074521573,-0.022676108,6.384845,78.80469,0.033592742,0.56528264,78.80469,1130,FC128,collect,0,1130,,,,
0.0,8.0,0.0,0.37887454,0.00405494,0.97302634,-0.011125738,-0.025223209,6.503282,74.83594,0.03126757,0.5657829,74.83594,1131,FC128,collect,0,1131,,,,
0.0,7.953125,0.0,0.4419149,0.0040508443,0.97967523,-0.024007339,-0.036152482,6.229923,86.16016,0.027870545,0.56628317,86.16016,1132,FC128,collect,0,1132,,,,
0.0,7.9335938,0.0,0.45887187,0.004046749,0.9802047,-0.02877179,-0.040740352,6.1122665,91.06641,0.027651003,0.5667834,91.06641,1133,FC128,collect,0,1133,,,,
0.0,7.9453125,0.0,0.43230274,0.004042653,0.9797175,-0.022339221,-0.035640273,6.2227354,86.12891,0.0300974,0.5672837,86.12891,1134,FC128,collect,0,1134,,,,
0.0,7.984375,0.0,0.4032874,0.0040385574,0.97703993,-0.016376164,-0.029712003,6.3735948,80.53906,0.029929077,0.5677839,80.53906,1135,FC128,collect,0,1135,,,,
0.0,8.0,0.0,0.3849824,0.004034462,0.9744726,-0.009673715,-0.024225866,6.4960165,75.19922,0.032210696,0.56828415,75.19922,1136,FC128,collect,0,1136,,,,
0.0,7.9804688,0.0,0.44728854,0.0040303664,0.97480375,-0.014874663,-0.028038157,6.3314857,82.44922,0.029932462,0.5687844,82.44922,1137,FC128,collect,0,1137,,,,
0.0,7.9296875,0.0,0.5063049,0.004026271,0.97592485,-0.02555079,-0.037677426,6.0023446,96.36719,0.02833031,0.5692847,96.36719,1138,FC128,collect,0,1138,,,,
0.0,7.9570312,0.0,0.4914887,0.0040221754,0.9755102,-0.01689671,-0.028647177,6.096173,93.04297,0.027454643,0.56978494,93.04297,1139,FC128,collect,0,1139,,,,
0.0,7.9960938,0.0,0.4278673,0.00401808,0.96937484,0.0068968525,-0.007896417,6.415001,79.05469,0.033024948,0.57028514,79.05469,1140,FC128,collect,0,1140,,,,
0.0,8.0,0.0,0.4275637,0.004013984,0.9696646,0.0070453053,-0.008324343,6.399454,80.02734,0.034171764,0.5707854,80.02734,1141,FC128,collect,0,1141,,,,
0.0,7.9960938,0.0,0.4227617,0.0040098885,0.96885073,0.011753706,-0.004640899,6.438048,77.90234,0.036179665,0.57128567,77.90234,1142,FC128,collect,0,1142,,,,
0.0,8.0,0.0,0.41841,0.004005793,0.97146416,0.0063432353,-0.0087374775,6.416173,79.19141,0.033513553,0.5717859,79.19141,1143,FC128,collect,0,1143,,,,
0.0,8.0,0.0,0.42552748,0.0040016975,0.9738032,0.0009477127,-0.012770985,6.4107823,79.46094,0.03084306,0.5722862,79.46094,1144,FC128,collect,0,1144,,,,
0.0,7.9960938,0.0,0.46198735,0.003997602,0.97853595,-0.013891,-0.025090884,6.3333607,83.13672,0.026093451,0.5727864,83.13672,1145,FC128,collect,0,1145,,,,
0.0,7.9648438,0.0,0.46335363,0.0039935065,0.9776457,-0.024612486,-0.036520664,6.21672,87.40625,0.027517166,0.57328665,87.40625,1146,FC128,collect,0,1146,,,,
0.0,7.9804688,0.0,0.46066883,0.003989411,0.9792715,-0.021859929,-0.032614313,6.3073444,83.65625,0.025184361,0.5737869,83.65625,1147,FC128,collect,0,1147,,,,
0.0,7.9648438,0.0,0.4416713,0.0039853156,0.9761906,-0.01664886,-0.029356647,6.2904696,83.71875,0.028935973,0.5742872,83.71875,1148,FC128,collect,0,1148,,,,
0.0,7.9960938,0.0,0.40176776,0.0039812196,0.97711,-0.0008035392,-0.012341237,6.5139074,74.109375,0.026274446,0.57478744,74.109375,1149,FC128,collect,0,1149,,,,
0.0,8.0,0.0,0.41861016,0.003977124,0.9766108,-0.004193373,-0.015783891,6.468361,76.58203,0.026510766,0.57528764,76.58203,1150,FC128,collect,0,1150,,,,
0.0,7.9921875,0.0,0.42172754,0.0039730286,0.9774459,-0.002029684,-0.012712055,6.434923,77.86328,0.024715813,0.5757879,77.86328,1151,FC128,collect,0,1151,,,,
0.0,8.0,0.0,0.42063713,0.003968933,0.97523993,-0.00042086863,-0.011734684,6.4823446,75.88281,0.025966592,0.57628816,75.88281,1152,FC128,collect,0,1152,,,,
0.0,7.9804688,0.0,0.41459283,0.0039648376,0.97701627,-0.003084322,-0.01372693,6.4403915,77.00391,0.024572803,0.5767884,77.00391,1153,FC128,collect,0,1153,,,,
0.0,8.0,0.0,0.4016597,0.003960742,0.9780683,-0.0051600067,-0.014947589,6.4765635,76.171875,0.022756904,0.5772887,76.171875,1154,FC128,collect,0,1154,,,,
0.0,8.0,0.0,0.40617567,0.0039566467,0.9788714,-0.009235775,-0.019035313,6.4907045,75.46484,0.022813264,0.5777889,75.46484,1155,FC128,collect,0,1155,,,,
0.0,7.9921875,0.0,0.40274364,0.0039525507,0.97592324,-0.008416531,-0.01916398,6.4766417,75.77734,0.024678627,0.57828915,75.77734,1156,FC128,collect,0,1156,,,,
0.0,7.984375,0.0,0.39623734,0.003948455,0.9758605,-0.008173355,-0.019245302,6.4411726,77.16016,0.025272945,0.5787894,77.16016,1157,FC128,collect,0,1157,,,,
0.0,8.0,0.0,0.39682108,0.0039443597,0.97500527,-0.005971521,-0.017210888,6.4735165,76.32422,0.025609143,0.5792897,76.32422,1158,FC128,collect,0,1158,,,,
0.0,8.0,0.0,0.3968639,0.003940264,0.9745321,-0.0068102893,-0.01754995,6.4678917,76.60547,0.02460682,0.57978994,76.60547,1159,FC128,collect,0,1159,,,,
0.0,8.0,0.0,0.4028236,0.0039361687,0.9742823,-0.0054258234,-0.016210282,6.471798,76.41016,0.024740081,0.58029014,76.41016,1160,FC128,collect,0,1160,,,,
0.0,7.9960938,0.0,0.3918062,0.0039320732,0.97147477,-0.0058534546,-0.01773526,6.451173,77.24609,0.026844831,0.5807904,77.24609,1161,FC128,collect,0,1161,,,,
0.0,8.0,0.0,0.3963164,0.0039279778,0.97263086,-0.006825008,-0.018281521,6.446798,77.66016,0.02602647,0.58129066,77.66016,1162,FC128,collect,0,1162,,,,
0.0,7.9960938,0.0,0.38845566,0.0039238823,0.97373545,-0.007835835,-0.019760132,6.482188,75.69531,0.026897103,0.5817909,75.69531,1163,FC128,collect,0,1163,,,,
0.0,7.9726562,0.0,0.39482468,0.0039197863,0.97269136,-0.011115527,-0.023184806,6.41672,77.796875,0.027233815,0.5822912,77.796875,1164,FC128,collect,0,1164,,,,
0.0,8.0,0.0,0.3789256,0.003915691,0.9745647,-0.009857916,-0.021326357,6.4757824,76.21094,0.025904393,0.5827914,76.21094,1165,FC128,collect,0,1165,,,,
0.0,7.9921875,0.0,0.40053803,0.0039115953,0.9767125,-0.013604574,-0.024554785,6.4139075,78.91406,0.025033908,0.58329165,78.91406,1166,FC128,collect,0,1166,,,,
0.0,7.9648438,0.0,0.38920754,0.0039075,0.9747189,-0.014186818,-0.026587723,6.3864074,78.921875,0.027843466,0.5837919,78.921875,1167,FC128,collect,0,1167,,,,
0.0,8.0,0.0,0.3972825,0.0039034043,0.97800833,-0.012685947,-0.023471395,6.445782,77.71094,0.024672404,0.5842922,77.71094,1168,FC128,collect,0,1168,,,,
0.0,7.9804688,0.0,0.37104928,0.0038993089,0.9733164,-0.0046399534,-0.017097767,6.478126,75.11719,0.0278093,0.58479244,75.11719,1169,FC128,collect,0,1169,,,,
0.0,8.0,0.0,0.36970162,0.0038952134,0.97673357,-0.007095157,-0.018193783,6.5121884,74.390625,0.025077386,0.58529264,74.390625,1170,FC128,collect,0,1170,,,,
0.0,7.9882812,0.0,0.36299103,0.0038911174,0.97725266,-0.0074724825,-0.01857013,6.48672,75.078125,0.025020178,0.5857929,75.078125,1171,FC128,collect,0,1171,,,,
0.0,8.0,0.0,0.36214525,0.003887022,0.9786257,-0.005490894,-0.01635444,6.5382824,73.08594,0.024542425,0.58629316,73.08594,1172,FC128,collect,0,1172,,,,
0.0,7.9804688,0.0,0.37184116,0.0038829264,0.9777956,-0.012188142,-0.023902941,6.4741416,75.31641,0.026317263,0.5867934,75.31641,1173,FC128,collect,0,1173,,,,
0.0,8.0,0.0,0.3524809,0.003878831,0.97968996,-0.009883075,-0.020649511,6.5174227,74.12891,0.024267301,0.5872937,74.12891,1174,FC128,collect,0,1174,,,,
0.0,8.0,0.0,0.36977732,0.0038747354,0.98058075,-0.0109227,-0.021372704,6.5485945,72.57031,0.023765586,0.58779395,72.57031,1175,FC128,collect,0,1175,,,,
0.0,8.0,0.0,0.38532868,0.00387064,0.9806375,-0.01099158,-0.020952461,6.4760947,76.19531,0.0229047,0.58829415,76.19531,1176,FC128,collect,0,1176,,,,
0.0,7.9960938,0.0,0.36938334,0.0038665445,0.9786363,-0.004319338,-0.015024492,6.520235,73.79297,0.024266781,0.5887944,73.79297,1177,FC128,collect,0,1177,,,,
0.0,7.9921875,0.0,0.37897912,0.003862449,0.97948015,-0.0023170738,-0.012499906,6.4735947,75.92969,0.02329324,0.5892947,75.92969,1178,FC128,collect,0,1178,,,,
0.0,7.9804688,0.0,0.36816067,0.003858353,0.9781936,-0.0014895775,-0.012209723,6.4708605,75.48047,0.024281278,0.58979493,75.48047,1179,FC128,collect,0,1179,,,,
0.0,8.0,0.0,0.3658889,0.0038542575,0.9804645,-0.0030481871,-0.01303658,6.5113287,74.43359,0.022797246,0.5902952,74.43359,1180,FC128,collect,0,1180,,,,
0.0,7.9960938,0.0,0.3610651,0.003850162,0.98124063,-0.005467994,-0.015129501,6.5180473,73.90234,0.022103332,0.5907954,73.90234,1181,FC128,collect,0,1181,,,,
0.0,8.0,0.0,0.36982924,0.0038460665,0.9813935,-0.006180879,-0.015671909,6.538907,73.05469,0.021826835,0.59129566,73.05469,1182,FC128,collect,0,1182,,,,
0.0,8.0,0.0,0.36099485,0.003841971,0.98086554,-0.008258273,-0.01789724,6.5371885,73.140625,0.0220518,0.5917959,73.140625,1183,FC128,collect,0,1183,,,,
0.0,8.0,0.0,0.35758796,0.0038378756,0.98052275,-0.006534947,-0.01635607,6.5498447,72.50781,0.022387002,0.5922962,72.50781,1184,FC128,collect,0,1184,,,,
0.0,8.0,0.0,0.36699173,0.00383378,0.97910476,-0.0061802156,-0.016119825,6.5264854,73.67578,0.02269315,0.59279644,73.67578,1185,FC128,collect,0,1185,,,,
0.0,7.9492188,0.0,0.35082462,0.003829684,0.97041386,0.0020531062,-0.011931292,6.5047665,72.22266,0.03065589,0.59329665,72.22266,1186,FC128,collect,0,1186,,,,
0.0,7.9414062,0.0,0.35934982,0.0038255886,0.9706412,-0.0032097131,-0.016860817,6.423204,75.91016,0.030051656,0.5937969,75.91016,1187,FC128,collect,0,1187,,,,
0.0,8.0,0.0,0.35611764,0.0038214931,0.97396046,0.001176301,-0.009800329,6.540782,72.96094,0.024675062,0.5942972,72.96094,1188,FC128,collect,0,1188,,,,
0.0,7.9960938,0.0,0.34904116,0.0038173976,0.9750201,-0.0011102498,-0.012234952,6.574376,71.08594,0.024914263,0.59479743,71.08594,1189,FC128,collect,0,1189,,,,
0.0,7.9921875,0.0,0.34915966,0.0038133021,0.97535163,-0.003605038,-0.014876181,6.5535164,71.93359,0.02520519,0.5952977,71.93359,1190,FC128,collect,0,1190,,,,
0.0,8.0,0.0,0.36093748,0.0038092067,0.974158,-0.00821996,-0.020148797,6.519064,74.046875,0.026607445,0.5957979,74.046875,1191,FC128,collect,0,1191,,,,
0.0,7.9921875,0.0,0.35563755,0.0038051112,0.97522944,-0.010091118,-0.022015337,6.5117197,74.02344,0.02655492,0.59629816,74.02344,1192,FC128,collect,0,1192,,,,
0.0,8.0,0.0,0.35482112,0.0038010157,0.9749518,-0.008103735,-0.019657213,6.5247664,73.76172,0.025804318,0.5967984,73.76172,1193,FC128,collect,0,1193,,,,
0.0,8.0,0.0,0.3616893,0.0037969197,0.9758642,-0.007734644,-0.018515658,6.4925795,75.37109,0.024308637,0.5972987,75.37109,1194,FC128,collect,0,1194,,,,
0.0,7.9960938,0.0,0.37289914,0.0037928242,0.9753208,-0.0090121,-0.020087881,6.467579,76.42578,0.024980243,0.59779894,76.42578,1195,FC128,collect,0,1195,,,,
0.0,7.9921875,0.0,0.38261557,0.0037887287,0.97540605,-0.010769712,-0.022124108,6.4270325,78.25781,0.025608046,0.59829915,78.25781,1196,FC128,collect,0,1196,,,,
0.0,8.0,0.0,0.35523382,0.0037846332,0.97352153,-0.0048217005,-0.016112268,6.5003138,74.984375,0.025269995,0.5987994,74.984375,1197,FC128,collect,0,1197,,,,
0.0,7.9804688,0.0,0.3539838,0.0037805378,0.9725488,-0.006990346,-0.019300882,6.538126,72.11719,0.02729757,0.59929967,72.11719,1198,FC128,collect,0,1198,,,,
0.0,8.0,0.0,0.34876028,0.0037764423,0.9734053,-0.006834783,-0.018946486,6.573673,71.31641,0.026857551,0.59979993,71.31641,1199,FC128,collect,0,1199,,,,
0.0,8.0,0.0,0.34154534,0.0037723468,0.9754315,-0.010072311,-0.022140574,6.5213294,73.93359,0.02671338,0.6003002,73.93359,1200,FC128,collect,0,1200,,,,
0.0,7.984375,0.0,0.344179,0.0037682508,0.97535604,-0.011392659,-0.024281077,6.492266,74.60547,0.028370744,0.6008004,74.60547,1201,FC128,collect,0,1201,,,,
0.0,8.0,0.0,0.3621953,0.0037641553,0.9788165,-0.012328436,-0.02312643,6.513751,74.3125,0.024322709,0.60130066,74.3125,1202,FC128,collect,0,1202,,,,
0.0,7.984375,0.0,0.34636807,0.0037600598,0.9768024,-0.008065892,-0.01928835,6.5130477,73.56641,0.025049644,0.6018009,73.56641,1203,FC128,collect,0,1203,,,,
0.0,7.9804688,0.0,0.35506612,0.0037559643,0.97721374,-0.009110645,-0.02012896,6.486329,74.70703,0.02470386,0.6023012,74.70703,1204,FC128,collect,0,1204,,,,
0.0,7.9960938,0.0,0.37344286,0.0037518688,0.9786442,-0.00787709,-0.01814811,6.5102353,74.29297,0.023344256,0.60280144,74.29297,1205,FC128,collect,0,1205,,,,
0.0,7.9882812,0.0,0.38214722,0.0037477734,0.98034424,-0.012400749,-0.02221384,6.4058604,79.12109,0.022490585,0.60330164,79.12109,1206,FC128,collect,0,1206,,,,
0.0,8.0,0.0,0.36632225,0.0037436779,0.9796593,-0.006762828,-0.01691434,6.532501,73.375,0.023045808,0.6038019,73.375,1207,FC128,collect,0,1207,,,,
0.0,7.9609375,0.0,0.34836516,0.0037395824,0.9773102,-0.0039376025,-0.016105222,6.469376,74.578125,0.026940718,0.60430217,74.578125,1208,FC128,collect,0,1208,,,,
0.0,7.9882812,0.0,0.35925415,0.0037354864,0.97973007,-0.0075996546,-0.018346483,6.4927354,74.77734,0.024177635,0.6048024,74.77734,1209,FC128,collect,0,1209,,,,
0.0,7.96875,0.0,0.33975747,0.003731391,0.9777784,-0.005180988,-0.017469563,6.530157,71.92969,0.027112685,0.6053027,71.92969,1210,FC128,collect,0,1210,,,,
0.0,8.0,0.0,0.35391816,0.0037272954,0.98212767,-0.012217294,-0.021974059,6.5742197,71.28906,0.022151845,0.6058029,71.28906,1211,FC128,collect,0,1211,,,,
0.0,8.0,0.0,0.37999403,0.0037232,0.9829959,-0.015526533,-0.024526402,6.491173,75.44141,0.020829326,0.60630316,75.44141,1212,FC128,collect,0,1212,,,,
0.0,8.0,0.0,0.36719188,0.0037191045,0.98172593,-0.0108586205,-0.020447649,6.5570316,72.14844,0.021909308,0.6068034,72.14844,1213,FC128,collect,0,1213,,,,
0.0,8.0,0.0,0.36745712,0.003715009,0.9805533,-0.0075732814,-0.017330544,6.5023446,74.88281,0.022244738,0.6073037,74.88281,1214,FC128,collect,0,1214,,,,
0.0,8.0,0.0,0.3541907,0.0037109135,0.9795994,-0.0003684155,-0.010648925,6.525626,73.71875,0.02318976,0.60780394,73.71875,1215,FC128,collect,0,1215,,,,
0.0,8.0,0.0,0.3613525,0.0037068175,0.98016655,-0.0044483035,-0.0145302005,6.5171103,74.14453,0.02284273,0.60830414,74.14453,1216,FC128,collect,0,1216,,,,
0.0,8.0,0.0,0.38253626,0.003702722,0.981212,-0.0076179123,-0.017145336,6.4873447,75.63281,0.021887697,0.6088044,75.63281,1217,FC128,collect,0,1217,,,,
0.0,7.9882812,0.0,0.41986203,0.0036986265,0.983321,-0.018978676,-0.027629096,6.3786726,80.48047,0.020406667,0.60930467,80.48047,1218,FC128,collect,0,1218,,,,
0.0,7.9453125,0.0,0.47260025,0.003694531,0.98528063,-0.028685406,-0.036359735,6.188204,87.85547,0.01884073,0.6098049,87.85547,1219,FC128,collect,0,1219,,,,
0.0,7.9726562,0.0,0.38301492,0.0036904356,0.97872883,-0.009054586,-0.019998193,6.4437513,76.44531,0.024714196,0.6103052,76.44531,1220,FC128,collect,0,1220,,,,
0.0,8.0,0.0,0.35181397,0.00368634,0.9779285,-0.0003182731,-0.011563752,6.576485,71.17578,0.02508477,0.61080545,71.17578,1221,FC128,collect,0,1221,,,,
0.0,8.0,0.0,0.3599989,0.0036822446,0.97836125,8.843327e-05,-0.010626516,6.5264854,73.67578,0.024081107,0.61130565,73.67578,1222,FC128,collect,0,1222,,,,
0.0,7.9882812,0.0,0.3500924,0.003678149,0.975298,0.0028345147,-0.009073772,6.500704,74.37891,0.026391957,0.6118059,74.37891,1223,FC128,collect,0,1223,,,,
0.0,7.96875,0.0,0.33897597,0.0036740531,0.97334146,0.0015649964,-0.011804611,6.5683603,70.01953,0.029230047,0.6123062,70.01953,1224,FC128,collect,0,1224,,,,
0.0,7.9726562,0.0,0.3512395,0.0036699576,0.9752928,-0.0014930823,-0.013466696,6.535548,71.85547,0.026525296,0.61280644,71.85547,1225,FC128,collect,0,1225,,,,
0.0,8.0,0.0,0.35445964,0.0036658621,0.9788102,-0.0051868293,-0.015395081,6.563907,71.80469,0.023015304,0.6133067,71.80469,1226,FC128,collect,0,1226,,,,
0.0,7.9726562,0.0,0.33757567,0.0036617666,0.97427815,-0.0005879471,-0.013585014,6.5676575,70.25,0.028466381,0.6138069,70.25,1227,FC128,collect,0,1227,,,,
0.0,7.9960938,0.0,0.37804306,0.0036576712,0.9789891,-0.013394783,-0.023674252,6.473751,76.11719,0.02332445,0.61430717,76.11719,1228,FC128,collect,0,1228,,,,
0.0,7.9921875,0.0,0.3555473,0.0036535757,0.9768308,-0.004625188,-0.015402036,6.518204,73.69922,0.024151733,0.6148074,73.69922,1229,FC128,collect,0,1229,,,,
0.0,8.0,0.0,0.35629877,0.0036494802,0.9759676,-0.007457751,-0.018437255,6.5553136,72.234375,0.024559619,0.6153077,72.234375,1230,FC128,collect,0,1230,,,,
0.0,8.0,0.0,0.3539318,0.0036453847,0.9755883,-0.0039624344,-0.015756607,6.5835166,70.82422,0.02616878,0.61580795,70.82422,1231,FC128,collect,0,1231,,,,
0.0,8.0,0.0,0.3442057,0.0036412887,0.97495645,-0.0048898533,-0.017080057,6.5627356,71.86328,0.026887113,0.61630815,71.86328,1232,FC128,collect,0,1232,,,,
0.0,8.0,0.0,0.3672222,0.0036371932,0.97558224,-0.010617551,-0.0225666,6.540548,72.97266,0.026569413,0.6168084,72.97266,1233,FC128,collect,0,1233,,,,
0.0,7.9804688,0.0,0.35738564,0.0036330977,0.9722165,-0.0091717215,-0.022214307,6.492657,74.390625,0.028682005,0.6173087,74.390625,1234,FC128,collect,0,1234,,,,
0.0,7.9804688,0.0,0.3790736,0.0036290023,0.9771001,-0.015438762,-0.026852122,6.461876,75.92969,0.025578037,0.61780894,75.92969,1235,FC128,collect,0,1235,,,,
0.0,8.0,0.0,0.39041123,0.0036249068,0.9777216,-0.01881294,-0.029523483,6.4411726,77.94141,0.024251496,0.6183092,77.94141,1236,FC128,collect,0,1236,,,,
0.0,7.9726562,0.0,0.3510767,0.0036208113,0.9731651,-0.0056016315,-0.018947478,6.5171885,72.77344,0.02923406,0.6188094,72.77344,1237,FC128,collect,0,1237,,,,
0.0,7.9960938,0.0,0.33520868,0.0036167158,0.975443,-0.0038888126,-0.016018638,6.567501,71.42969,0.02668436,0.61930966,71.42969,1238,FC128,collect,0,1238,,,,
0.0,7.9921875,0.0,0.35547173,0.0036126198,0.9773875,-0.008496002,-0.019918516,6.5297666,73.12109,0.025413396,0.6198099,73.12109,1239,FC128,collect,0,1239,,,,
0.0,8.0,0.0,0.34738278,0.0036085243,0.9776713,-0.008289324,-0.0193225,6.573517,71.32422,0.024573429,0.6203102,71.32422,1240,FC128,collect,0,1240,,,,
0.0,7.96875,0.0,0.34244996,0.0036044288,0.97594774,-0.007091009,-0.019930542,6.5004697,73.41406,0.028147738,0.62081045,73.41406,1241,FC128,collect,0,1241,,,,
0.0,8.0,0.0,0.34390658,0.0036003334,0.9785945,-0.007501212,-0.018285273,6.5497665,72.51172,0.024044478,0.62131065,72.51172,1242,FC128,collect,0,1242,,,,
0.0,7.9921875,0.0,0.33641365,0.0035962379,0.97974074,-0.0072711213,-0.018081589,6.5779696,70.71094,0.024040582,0.6218109,70.71094,1243,FC128,collect,0,1243,,,,
0.0,7.9726562,0.0,0.35147232,0.0035921424,0.9796676,-0.0142324455,-0.025231037,6.5242195,72.421875,0.024522262,0.6223112,72.421875,1244,FC128,collect,0,1244,,,,
0.0,7.9726562,0.0,0.36293325,0.0035880469,0.97996265,-0.015665475,-0.0265455,6.487032,74.28125,0.024364492,0.62281144,74.28125,1245,FC128,collect,0,1245,,,,
0.0,8.0,0.0,0.34338656,0.0035839514,0.98070455,-0.004511419,-0.014245342,6.588751,70.5625,0.021929208,0.6233117,70.5625,1246,FC128,collect,0,1246,,,,
0.0,7.9960938,0.0,0.3409331,0.0035798554,0.97910416,-0.004370514,-0.015225533,6.5642195,71.59375,0.024151022,0.6238119,71.59375,1247,FC128,collect,0,1247,,,,
0.0,7.9765625,0.0,0.3447833,0.00357576,0.9772171,-0.0016287881,-0.013917097,6.524767,72.58984,0.027042342,0.62431216,72.58984,1248,FC128,collect,0,1248,,,,
0.0,7.953125,0.0,0.35257047,0.0035716644,0.9760083,-0.0037757482,-0.01594319,6.49547,72.88281,0.02685341,0.6248124,72.88281,1249,FC128,collect,0,1249,,,,
0.0,7.9960938,0.0,0.4001536,0.003567569,0.9825351,-0.014626391,-0.023684852,6.470704,76.26953,0.020972073,0.6253127,76.26953,1250,FC128,collect,0,1250,,,,
0.0,7.953125,0.0,0.42154667,0.0035634735,0.9815424,-0.017080406,-0.027347477,6.325626,81.375,0.023538483,0.62581295,81.375,1251,FC128,collect,0,1251,,,,
0.0,8.0,0.0,0.3738151,0.003559378,0.9813633,-0.007182077,-0.016768005,6.519454,74.02734,0.021832954,0.62631315,74.02734,1252,FC128,collect,0,1252,,,,
0.0,8.0,0.0,0.35605878,0.0035552825,0.98007053,-0.004385755,-0.01480977,6.5349226,73.25391,0.023379808,0.6268134,73.25391,1253,FC128,collect,0,1253,,,,
0.0,7.984375,0.0,0.35575476,0.0035511865,0.97816473,-0.0033591087,-0.014486716,6.5570326,71.36719,0.024781918,0.6273137,71.36719,1254,FC128,collect,0,1254,,,,
0.0,7.9804688,0.0,0.3897879,0.003547091,0.98055977,-0.010091829,-0.020383006,6.458673,76.08984,0.02334758,0.62781394,76.08984,1255,FC128,collect,0,1255,,,,
0.0,7.984375,0.0,0.40368465,0.0035429955,0.98236996,-0.014084104,-0.023786005,6.414376,78.5,0.022264306,0.6283142,78.5,1256,FC128,collect,0,1256,,,,
0.0,7.9804688,0.0,0.3663204,0.0035389,0.9791631,-0.0065079583,-0.017057115,6.48961,74.54297,0.023691056,0.6288144,74.54297,1257,FC128,collect,0,1257,,,,
0.0,7.9960938,0.0,0.34298515,0.0035348046,0.9782882,-0.0022087926,-0.013282166,6.5857043,70.51953,0.024571517,0.62931466,70.51953,1258,FC128,collect,0,1258,,,,
0.0,8.0,0.0,0.3391266,0.003530709,0.976538,0.0024400013,-0.009216043,6.603673,69.81641,0.025706803,0.6298149,69.81641,1259,FC128,collect,0,1259,,,,
0.0,7.96875,0.0,0.33892053,0.0035266136,0.9761246,0.0021396214,-0.009884447,6.5552354,70.67578,0.02643862,0.6303152,70.67578,1260,FC128,collect,0,1260,,,,
0.0,7.9960938,0.0,0.34829414,0.003522518,0.98001033,-0.0033174476,-0.013793293,6.5783606,70.88672,0.023405436,0.63081545,70.88672,1261,FC128,collect,0,1261,,,,
0.0,8.0,0.0,0.34987465,0.0035184221,0.9786276,-0.005713834,-0.016302643,6.5772667,71.13672,0.023639632,0.6313157,71.13672,1262,FC128,collect,0,1262,,,,
0.0,7.984375,0.0,0.34398028,0.0035143266,0.9787543,-0.00059094233,-0.01143025,6.5753136,70.453125,0.024096332,0.6318159,70.453125,1263,FC128,collect,0,1263,,,,
0.0,7.9765625,0.0,0.34811196,0.0035102312,0.9765613,-0.0058930838,-0.017797513,6.5360165,72.02734,0.026252765,0.6323162,72.02734,1264,FC128,collect,0,1264,,,,
0.0,8.0,0.0,0.35433486,0.0035061357,0.97867996,-0.006667354,-0.017353423,6.534376,73.28125,0.02385683,0.63281643,73.28125,1265,FC128,collect,0,1265,,,,
0.0,8.0,0.0,0.34417078,0.0035020402,0.97770095,-0.0045863623,-0.015720708,6.5626574,71.86719,0.024679292,0.6333167,71.86719,1266,FC128,collect,0,1266,,,,
0.0,8.0,0.0,0.33635345,0.0034979447,0.9764154,0.0024031135,-0.008902048,6.6300793,68.49609,0.024963414,0.63381696,68.49609,1267,FC128,collect,0,1267,,,,
0.0,8.0,0.0,0.33339828,0.0034938492,0.9757546,-0.0020855172,-0.013653448,6.5703135,71.484375,0.025465548,0.63431716,71.484375,1268,FC128,collect,0,1268,,,,
0.0,8.0,0.0,0.3387853,0.0034897532,0.9772371,-0.006421602,-0.017522285,6.5728917,71.35547,0.02456592,0.6348174,71.35547,1269,FC128,collect,0,1269,,,,
0.0,7.9726562,0.0,0.35363474,0.0034856577,0.97566617,-0.009561036,-0.02176822,6.5133605,72.96484,0.026879668,0.6353177,72.96484,1270,FC128,collect,0,1270,,,,
0.0,7.9960938,0.0,0.39175498,0.0034815622,0.97848046,-0.017789507,-0.028818369,6.406329,79.48828,0.024785565,0.63581795,79.48828,1271,FC128,collect,0,1271,,,,
0.0,7.9921875,0.0,0.37356862,0.0034774668,0.9779186,-0.014370965,-0.025212526,6.4632044,76.44922,0.024281267,0.6363182,76.44922,1272,FC128,collect,0,1272,,,,
0.0,7.9960938,0.0,0.36996347,0.0034733713,0.9782463,-0.010291429,-0.021286737,6.5002356,74.79297,0.024560656,0.6368184,74.79297,1273,FC128,collect,0,1273,,,,
0.0,8.0,0.0,0.34012938,0.0034692758,0.9770354,-0.008470251,-0.019936237,6.5562506,72.1875,0.025291977,0.6373187,72.1875,1274,FC128,collect,0,1274,,,,
0.0,7.9882812,0.0,0.33899137,0.0034651803,0.9767055,-0.008564029,-0.020097118,6.5532823,71.75,0.02541551,0.63781893,71.75,1275,FC128,collect,0,1275,,,,
0.0,8.0,0.0,0.33181143,0.0034610848,0.9753757,-0.006657434,-0.018895034,6.5688295,71.55859,0.026772054,0.6383192,71.55859,1276,FC128,collect,0,1276,,,,
0.0,7.9960938,0.0,0.36373654,0.0034569888,0.97934693,-0.010614927,-0.02107652,6.519454,73.83203,0.023438055,0.63881946,73.83203,1277,FC128,collect,0,1277,,,,
0.0,7.9921875,0.0,0.3656419,0.0034528933,0.98029107,-0.012242051,-0.022747502,6.5434384,72.4375,0.023535946,0.63931966,72.4375,1278,FC128,collect,0,1278,,,,
0.0,8.0,0.0,0.3474746,0.0034487979,0.9795483,-0.011910829,-0.02311618,6.597892,70.10547,0.024807444,0.6398199,70.10547,1279,FC128,collect,0,1279,,,,
0.0,8.0,0.0,0.33947808,0.0034447024,0.9798058,-0.011468354,-0.022657972,6.59461,70.26953,0.024718039,0.6403202,70.26953,1280,FC128,collect,0,1280,,,,
0.0,7.984375,0.0,0.3267354,0.0034406069,0.9789689,-0.008765705,-0.020457322,6.628048,67.81641,0.02563157,0.64082044,67.81641,1281,FC128,collect,0,1281,,,,
0.0,8.0,0.0,0.34270948,0.0034365114,0.9803042,-0.010478897,-0.021005154,6.568751,71.5625,0.023407964,0.6413207,71.5625,1282,FC128,collect,0,1282,,,,
0.0,8.0,0.0,0.3375357,0.003432416,0.98017204,-0.007550484,-0.018321572,6.607735,69.61328,0.023859302,0.6418209,69.61328,1283,FC128,collect,0,1283,,,,
0.0,8.0,0.0,0.33439672,0.00342832,0.98094887,-0.0012430307,-0.011835869,6.655938,67.203125,0.023478515,0.64232117,67.203125,1284,FC128,collect,0,1284,,,,
0.0,7.9414062,0.0,0.34960794,0.0034242244,0.97652245,-0.007416145,-0.020433214,6.5117197,71.484375,0.02842841,0.64282143,71.484375,1285,FC128,collect,0,1285,,,,
0.0,7.9726562,0.0,0.35604852,0.003420129,0.9780687,-0.008453378,-0.020322481,6.536407,71.8125,0.02617367,0.6433217,71.8125,1286,FC128,collect,0,1286,,,,
0.0,7.9960938,0.0,0.3781282,0.0034160335,0.98200816,-0.011158767,-0.020752797,6.475001,76.05469,0.021771457,0.64382195,76.05469,1287,FC128,collect,0,1287,,,,
0.0,8.0,0.0,0.3676879,0.003411938,0.9806927,-0.0068679578,-0.016714066,6.5564857,72.17578,0.022201274,0.64432216,72.17578,1288,FC128,collect,0,1288,,,,
0.0,8.0,0.0,0.348949,0.0034078425,0.97936076,-0.0006035941,-0.011083156,6.6035166,69.82422,0.02333745,0.6448224,69.82422,1289,FC128,collect,0,1289,,,,
0.0,8.0,0.0,0.35338512,0.003403747,0.98098963,-0.0040640566,-0.01394733,6.6095324,69.52344,0.022172214,0.6453227,69.52344,1290,FC128,collect,0,1290,,,,
0.0,7.9882812,0.0,0.37887213,0.0033996515,0.9840385,-0.010878952,-0.019494118,6.5321884,72.80469,0.019806398,0.64582294,72.80469,1291,FC128,collect,0,1291,,,,
0.0,7.9921875,0.0,0.37252623,0.0033955555,0.98375696,-0.013536818,-0.022828111,6.528282,73.19531,0.021112453,0.6463232,73.19531,1292,FC128,collect,0,1292,,,,
0.0,7.9960938,0.0,0.3732045,0.00339146,0.9833983,-0.014556943,-0.023698455,6.5455475,72.52734,0.02081444,0.6468234,72.52734,1293,FC128,collect,0,1293,,,,
0.0,8.0,0.0,0.3567443,0.0033873646,0.98123115,-0.0068799965,-0.016812958,6.5841417,70.79297,0.022282768,0.64732367,70.79297,1294,FC128,collect,0,1294,,,,
0.0,7.9960938,0.0,0.37627852,0.003383269,0.98310655,-0.010323433,-0.019553835,6.5467978,72.46484,0.021006906,0.6478239,72.46484,1295,FC128,collect,0,1295,,,,
0.0,7.9921875,0.0,0.37650502,0.0033791736,0.9807313,-0.008917772,-0.018498363,6.508829,74.16797,0.021705734,0.6483242,74.16797,1296,FC128,collect,0,1296,,,,
0.0,7.9882812,0.0,0.3668309,0.003375078,0.9795393,-0.0010476777,-0.011306803,6.5348444,72.671875,0.022994416,0.64882445,72.671875,1297,FC128,collect,0,1297,,,,
0.0,8.0,0.0,0.33503124,0.0033709826,0.9768536,0.0050715585,-0.0065248366,6.6098447,69.50781,0.02545156,0.64932466,69.50781,1298,FC128,collect,0,1298,,,,
0.0,7.9804688,0.0,0.3344833,0.0033668866,0.9759651,0.0035488904,-0.008406286,6.562188,70.91406,0.026162688,0.6498249,70.91406,1299,FC128,collect,0,1299,,,,
0.0,7.9960938,0.0,0.32392886,0.0033627911,0.97864604,0.0017496529,-0.009360895,6.6085167,69.37891,0.024399705,0.6503252,69.37891,1300,FC128,collect,0,1300,,,,
0.0,8.0,0.0,0.33090425,0.0033586957,0.9794821,-0.004227493,-0.015171965,6.6012506,69.9375,0.024111757,0.65082544,69.9375,1301,FC128,collect,0,1301,,,,
0.0,7.984375,0.0,0.34369335,0.0033546002,0.980527,-0.005003053,-0.015182276,6.5815635,70.140625,0.022664353,0.6513257,70.140625,1302,FC128,collect,0,1302,,,,
0.0,7.9492188,0.0,0.3302525,0.0033505047,0.97425264,-0.0008059123,-0.014682403,6.5544543,69.73828,0.029966006,0.65182596,69.73828,1303,FC128,collect,0,1303,,,,
0.0,8.0,0.0,0.3338309,0.0033464092,0.97947234,-0.0043465407,-0.014877526,6.600626,69.96875,0.02329624,0.65232617,69.96875,1304,FC128,collect,0,1304,,,,
0.0,7.984375,0.0,0.33188948,0.0033423137,0.9769792,-0.0052192006,-0.017040135,6.559767,71.23047,0.025860427,0.6528264,71.23047,1305,FC128,collect,0,1305,,,,
0.0,7.96875,0.0,0.3332864,0.0033382182,0.97652173,-0.0043422612,-0.015740408,6.5482826,71.02344,0.025021458,0.6533267,71.02344,1306,FC128,collect,0,1306,,,,
0.0,7.9648438,0.0,0.3275799,0.0033341222,0.97247684,0.000115777715,-0.013224087,6.56586,69.94922,0.028864112,0.65382695,69.94922,1307,FC128,collect,0,1307,,,,
0.0,7.9570312,0.0,0.31584498,0.0033300268,0.9736236,0.0016994496,-0.011585817,6.5847664,68.61328,0.028674077,0.6543272,68.61328,1308,FC128,collect,0,1308,,,,
0.0,8.0,0.0,0.32253417,0.0033259313,0.9782358,-0.0029922288,-0.013551268,6.618126,69.09375,0.02326353,0.6548274,69.09375,1309,FC128,collect,0,1309,,,,
0.0,7.9453125,0.0,0.31655332,0.0033218358,0.9723816,-0.0049143652,-0.019198013,6.57211,68.66016,0.030670373,0.6553277,68.66016,1310,FC128,collect,0,1310,,,,
0.0,7.9882812,0.0,0.33457863,0.0033177403,0.97906905,-0.012951315,-0.023335496,6.5325007,72.78906,0.022988452,0.65582794,72.78906,1311,FC128,collect,0,1311,,,,
0.0,7.96875,0.0,0.33704072,0.0033136448,0.9768041,-0.01006124,-0.021531455,6.4964857,73.61328,0.025174096,0.6563282,73.61328,1312,FC128,collect,0,1312,,,,
0.0,7.96875,0.0,0.33241877,0.0033095493,0.97739744,-0.008540065,-0.020380767,6.5149226,72.69141,0.025881717,0.65682846,72.69141,1313,FC128,collect,0,1313,,,,
0.0,7.9960938,0.0,0.3339252,0.0033054533,0.97638375,-0.004507951,-0.015866106,6.572032,71.203125,0.02492386,0.65732867,71.203125,1314,FC128,collect,0,1314,,,,
0.0,8.0,0.0,0.31623882,0.0033013579,0.97645617,0.00028302218,-0.011226544,6.663517,66.82422,0.025107168,0.6578289,66.82422,1315,FC128,collect,0,1315,,,,
0.0,7.984375,0.0,0.32204187,0.0032972624,0.9758944,-0.0029893785,-0.014897242,6.596173,69.41016,0.02593944,0.6583292,69.41016,1316,FC128,collect,0,1316,,,,
0.0,8.0,0.0,0.31125793,0.0032931669,0.97754943,-0.005854525,-0.01802923,6.615938,69.203125,0.026399458,0.65882945,69.203125,1317,FC128,collect,0,1317,,,,
0.0,7.9921875,0.0,0.31571808,0.0032890714,0.9792941,-0.01096983,-0.022298416,6.619376,68.640625,0.02473401,0.6593297,68.640625,1318,FC128,collect,0,1318,,,,
0.0,7.9960938,0.0,0.31806004,0.003284976,0.98066604,-0.012049707,-0.022898916,6.601876,69.71094,0.02378806,0.6598299,69.71094,1319,FC128,collect,0,1319,,,,
0.0,7.9921875,0.0,0.33203766,0.0032808804,0.9806225,-0.011488259,-0.022467408,6.5971885,69.75,0.02413705,0.6603302,69.75,1320,FC128,collect,0,1320,,,,
0.0,7.96875,0.0,0.32250252,0.003276785,0.9783637,-0.0035313326,-0.015665762,6.5667977,70.09766,0.026382402,0.66083044,70.09766,1321,FC128,collect,0,1321,,,,
0.0,7.9375,0.0,0.3189195,0.003272689,0.9764077,-0.0037247674,-0.017716993,6.5475793,69.49609,0.0300719,0.6613307,69.49609,1322,FC128,collect,0,1322,,,,
0.0,8.0,0.0,0.32290477,0.0032685935,0.9798669,-0.0053778132,-0.01643603,6.6210165,68.94922,0.024227321,0.66183096,68.94922,1323,FC128,collect,0,1323,,,,
0.0,7.9726562,0.0,0.34414306,0.003264498,0.97843784,-0.007239756,-0.01879794,6.5423446,71.515625,0.025363276,0.66233116,71.515625,1324,FC128,collect,0,1324,,,,
0.0,8.0,0.0,0.3407094,0.0032604025,0.98237884,-0.007567267,-0.016963733,6.593361,70.33203,0.021014633,0.6628314,70.33203,1325,FC128,collect,0,1325,,,,
0.0,8.0,0.0,0.33722195,0.003256307,0.9800563,-0.0063724965,-0.01693861,6.5947666,70.26172,0.023328424,0.6633317,70.26172,1326,FC128,collect,0,1326,,,,
0.0,7.9960938,0.0,0.32139847,0.0032522115,0.98025376,-0.002028972,-0.012619303,6.6399226,67.80859,0.023271173,0.66383195,67.80859,1327,FC128,collect,0,1327,,,,
0.0,7.984375,0.0,0.33058876,0.003248116,0.98118865,-0.008901959,-0.019158078,6.6059384,68.921875,0.02265982,0.6643322,68.921875,1328,FC128,collect,0,1328,,,,
0.0,7.9960938,0.0,0.35395554,0.00324402,0.98502666,-0.012874215,-0.021492517,6.5745325,71.078125,0.019533081,0.6648324,71.078125,1329,FC128,collect,0,1329,,,,
0.0,7.9960938,0.0,0.3446332,0.0032399246,0.98414737,-0.012298155,-0.021276314,6.625548,68.52734,0.02018949,0.6653327,68.52734,1330,FC128,collect,0,1330,,,,
0.0,7.9960938,0.0,0.32727948,0.003235829,0.98122525,-0.0066719004,-0.01673398,6.591485,70.23047,0.0222422,0.66583294,70.23047,1331,FC128,collect,0,1331,,,,
0.0,8.0,0.0,0.33121282,0.0032317336,0.98094505,-0.003051976,-0.013095943,6.6174226,69.12891,0.022228718,0.6663332,69.12891,1332,FC128,collect,0,1332,,,,
0.0,8.0,0.0,0.3307328,0.003227638,0.98028785,-0.0011355915,-0.011529808,6.672423,66.37891,0.022923404,0.66683346,66.37891,1333,FC128,collect,0,1333,,,,
0.0,7.9804688,0.0,0.3466669,0.0032235426,0.9804296,-0.0015644754,-0.01185462,6.5784388,70.10156,0.02281528,0.66733366,70.10156,1334,FC128,collect,0,1334,,,,
0.0,8.0,0.0,0.3398779,0.003219447,0.98083425,-0.0017971579,-0.011804921,6.623829,68.80859,0.022203963,0.6678339,68.80859,1335,FC128,collect,0,1335,,,,
0.0,8.0,0.0,0.32816592,0.0032153516,0.9786105,0.0020057792,-0.008687412,6.630001,68.5,0.023496721,0.6683342,68.5,1336,FC128,collect,0,1336,,,,
0.0,7.8828125,0.0,0.3214238,0.0032112557,0.96720433,0.0026077735,-0.015175143,6.4658604,70.84766,0.03763018,0.66883445,70.84766,1337,FC128,collect,0,1337,,,,
0.0,7.9726562,0.0,0.32564434,0.0032071602,0.9759538,-0.0007294258,-0.0134099275,6.5828133,69.49219,0.02744979,0.6693347,69.49219,1338,FC128,collect,0,1338,,,,
0.0,8.0,0.0,0.31502008,0.0032030647,0.9780225,0.0047961413,-0.0062642694,6.6249228,68.75391,0.02413888,0.6698349,68.75391,1339,FC128,collect,0,1339,,,,
0.0,7.984375,0.0,0.322335,0.0031989692,0.975865,0.00012478337,-0.011916449,6.590626,69.6875,0.026144745,0.6703352,69.6875,1340,FC128,collect,0,1340,,,,
0.0,7.9609375,0.0,0.3213071,0.0031948737,0.9727736,-0.0004946209,-0.013313536,6.5881257,68.640625,0.0276909,0.67083544,68.640625,1341,FC128,collect,0,1341,,,,
0.0,7.9765625,0.0,0.3262335,0.0031907782,0.9755211,-0.0046107466,-0.017509602,6.6035166,68.65234,0.027879588,0.6713357,68.65234,1342,FC128,collect,0,1342,,,,
0.0,7.96875,0.0,0.33737248,0.0031866827,0.97613376,-0.009436721,-0.022467177,6.5055475,73.16016,0.028211111,0.67183596,73.16016,1343,FC128,collect,0,1343,,,,
0.0,7.984375,0.0,0.3296686,0.0031825872,0.9755491,-0.005684628,-0.018165287,6.563204,71.05859,0.027059715,0.6723362,71.05859,1344,FC128,collect,0,1344,,,,
0.0,8.0,0.0,0.31333318,0.0031784913,0.9758684,-0.0029546388,-0.014762036,6.6323447,68.38281,0.025606647,0.6728364,68.38281,1345,FC128,collect,0,1345,,,,
0.0,7.9882812,0.0,0.3137285,0.0031743958,0.9757858,-0.005761442,-0.017488105,6.5889854,69.96484,0.025445124,0.6733367,69.96484,1346,FC128,collect,0,1346,,,,
0.0,8.0,0.0,0.3118427,0.0031703003,0.9754107,-0.0020939612,-0.014034122,6.648126,67.59375,0.025857592,0.67383695,67.59375,1347,FC128,collect,0,1347,,,,
0.0,7.9960938,0.0,0.34740287,0.0031662048,0.97650814,-0.010494063,-0.022467567,6.587267,70.44141,0.026146905,0.6743372,70.44141,1348,FC128,collect,0,1348,,,,
0.0,8.0,0.0,0.34465164,0.0031621093,0.9777236,-0.008741599,-0.020282295,6.581173,70.94141,0.025261045,0.67483747,70.94141,1349,FC128,collect,0,1349,,,,
0.0,7.9804688,0.0,0.34125128,0.0031580138,0.9779064,-0.013903626,-0.02609795,6.5476575,71.640625,0.026544,0.6753377,71.640625,1350,FC128,collect,0,1350,,,,
0.0,8.0,0.0,0.30436257,0.0031539183,0.9765479,-0.006762742,-0.019733084,6.703126,64.84375,0.027860554,0.67583793,64.84375,1351,FC128,collect,0,1351,,,,
0.0,8.0,0.0,0.30104128,0.0031498224,0.97769356,-0.0077310908,-0.020015452,6.677657,66.11719,0.026465176,0.6763382,66.11719,1352,FC128,collect,0,1352,,,,
0.0,8.0,0.0,0.31424943,0.0031457269,0.9794358,-0.011468379,-0.023509586,6.638985,68.05078,0.0260595,0.67683846,68.05078,1353,FC128,collect,0,1353,,,,
0.0,7.9804688,0.0,0.33111542,0.0031416314,0.9807109,-0.01383926,-0.025515707,6.556095,71.21875,0.02543338,0.6773387,71.21875,1354,FC128,collect,0,1354,,,,
0.0,7.984375,0.0,0.3274311,0.0031375359,0.9808773,-0.008180909,-0.019466827,6.5990634,69.265625,0.02462649,0.6778389,69.265625,1355,FC128,collect,0,1355,,,,
0.0,8.0,0.0,0.3178526,0.0031334404,0.9816179,-0.003948603,-0.01375738,6.617892,69.10547,0.021609498,0.6783392,69.10547,1356,FC128,collect,0,1356,,,,
0.0,7.96875,0.0,0.32294294,0.003129345,0.9769053,-0.0024965485,-0.015433987,6.5864854,69.11328,0.027896076,0.67883945,69.11328,1357,FC128,collect,0,1357,,,,
0.0,7.9765625,0.0,0.32004803,0.0031252494,0.9784145,-0.0044331383,-0.016365878,6.613517,68.15234,0.02586594,0.6793397,68.15234,1358,FC128,collect,0,1358,,,,
0.0,8.0,0.0,0.3235535,0.003121154,0.9812043,-0.002205223,-0.012427513,6.6333604,68.33203,0.0224643,0.67983997,68.33203,1359,FC128,collect,0,1359,,,,
0.0,8.0,0.0,0.3197317,0.003117058,0.98343754,-0.007849442,-0.017325288,6.6172667,69.13672,0.020944936,0.6803402,69.13672,1360,FC128,collect,0,1360,,,,
0.0,8.0,0.0,0.3201772,0.0031129625,0.9840468,-0.0074963802,-0.016825348,6.660157,66.99219,0.020651335,0.68084043,66.99219,1361,FC128,collect,0,1361,,,,
0.0,8.0,0.0,0.32451823,0.003108867,0.98493737,-0.012553431,-0.021235486,6.6582823,67.08594,0.019381879,0.6813407,67.08594,1362,FC128,collect,0,1362,,,,
0.0,8.0,0.0,0.358893,0.0031047715,0.98585397,-0.018122213,-0.026267264,6.568126,71.59375,0.018518664,0.68184096,71.59375,1363,FC128,collect,0,1363,,,,
0.0,7.9960938,0.0,0.3708948,0.003100676,0.9859757,-0.017213078,-0.025432074,6.555235,72.04297,0.018738044,0.6823412,72.04297,1364,FC128,collect,0,1364,,,,
0.0,7.9960938,0.0,0.35026163,0.0030965805,0.98357767,-0.009263891,-0.018555114,6.5772667,70.94141,0.020751674,0.6828414,70.94141,1365,FC128,collect,0,1365,,,,
0.0,8.0,0.0,0.3331744,0.003092485,0.9810503,-0.00016077026,-0.0101603875,6.646329,67.68359,0.022059908,0.6833417,67.68359,1366,FC128,collect,0,1366,,,,
0.0,8.0,0.0,0.3362439,0.003088389,0.9805759,0.0027618431,-0.0073925387,6.6375012,68.125,0.022385668,0.68384194,68.125,1367,FC128,collect,0,1367,,,,
0.0,8.0,0.0,0.34933832,0.0030842936,0.98135126,-7.9729594e-05,-0.009963614,6.6174226,69.12891,0.021922693,0.6843422,69.12891,1368,FC128,collect,0,1368,,,,
0.0,7.9921875,0.0,0.37827566,0.003080198,0.98363763,-0.009756904,-0.01873473,6.5502353,72.09766,0.02028598,0.68484247,72.09766,1369,FC128,collect,0,1369,,,,
0.0,7.9804688,0.0,0.35479802,0.0030761026,0.98231745,-0.0075230063,-0.01755337,6.6078916,68.62891,0.022243518,0.68534267,68.62891,1370,FC128,collect,0,1370,,,,
0.0,8.0,0.0,0.33717823,0.003072007,0.98286164,-0.005272636,-0.014975729,6.6347666,68.26172,0.021477815,0.68584293,68.26172,1371,FC128,collect,0,1371,,,,
0.0,8.0,0.0,0.33595416,0.0030679116,0.9824707,-0.004442443,-0.0142740905,6.640704,67.96484,0.02172465,0.6863432,67.96484,1372,FC128,collect,0,1372,,,,
0.0,8.0,0.0,0.329554,0.003063816,0.9831744,-0.007044012,-0.016476328,6.6313286,68.43359,0.020884017,0.68684345,68.43359,1373,FC128,collect,0,1373,,,,
0.0,8.0,0.0,0.3404119,0.0030597206,0.98301744,-0.005201213,-0.014535298,6.6637506,66.8125,0.0207513,0.6873437,66.8125,1374,FC128,collect,0,1374,,,,
0.0,7.984375,0.0,0.32896027,0.0030556247,0.9814833,-0.0058231605,-0.015427957,6.5935946,69.53906,0.021219952,0.6878439,69.53906,1375,FC128,collect,0,1375,,,,
0.0,7.9921875,0.0,0.3234897,0.0030515292,0.97958225,-0.00012822694,-0.010454124,6.63211,68.00391,0.02262607,0.6883442,68.00391,1376,FC128,collect,0,1376,,,,
0.0,8.0,0.0,0.32234374,0.0030474337,0.9785538,0.004441548,-0.006473676,6.6369543,68.15234,0.02379509,0.68884444,68.15234,1377,FC128,collect,0,1377,,,,
0.0,8.0,0.0,0.31619686,0.0030433382,0.9782946,0.0039026502,-0.006788492,6.6415634,67.921875,0.023306873,0.6893447,67.921875,1378,FC128,collect,0,1378,,,,
0.0,8.0,0.0,0.31729156,0.0030392427,0.9803064,0.00067705923,-0.009487516,6.690548,65.47266,0.022257803,0.68984497,65.47266,1379,FC128,collect,0,1379,,,,
0.0,8.0,0.0,0.30645308,0.0030351472,0.9805515,-0.0025806583,-0.012356333,6.661954,66.90234,0.02141161,0.69034517,66.90234,1380,FC128,collect,0,1380,,,,
0.0,7.96875,0.0,0.30677193,0.0030310517,0.97903913,-0.00464633,-0.01668134,6.605782,68.14844,0.025929702,0.69084543,68.14844,1381,FC128,collect,0,1381,,,,
0.0,7.96875,0.0,0.30393124,0.0030269558,0.978167,-0.0060012806,-0.01821565,6.653204,65.77734,0.026268713,0.6913457,65.77734,1382,FC128,collect,0,1382,,,,
0.0,7.9882812,0.0,0.32469463,0.0030228603,0.98144805,-0.010391014,-0.020528344,6.6145325,68.6875,0.022237675,0.69184595,68.6875,1383,FC128,collect,0,1383,,,,
0.0,7.9375,0.0,0.34485582,0.0030187648,0.9766149,-0.00996226,-0.023265284,6.4673448,73.50781,0.028688125,0.6923462,73.50781,1384,FC128,collect,0,1384,,,,
0.0,8.0,0.0,0.33068618,0.0030146693,0.98075044,-0.008854858,-0.01874905,6.6091413,69.54297,0.021782205,0.6928464,69.54297,1385,FC128,collect,0,1385,,,,
0.0,8.0,0.0,0.28974032,0.0030105738,0.9777628,0.00063763605,-0.010286548,6.687813,65.609375,0.023592938,0.6933467,65.609375,1386,FC128,collect,0,1386,,,,
0.0,7.9882812,0.0,0.29988715,0.0030064783,0.9757812,0.0013225515,-0.010654876,6.6694536,65.94141,0.025758063,0.69384694,65.94141,1387,FC128,collect,0,1387,,,,
0.0,7.9804688,0.0,0.29561087,0.0030023828,0.97735757,-0.000713837,-0.012381706,6.6354694,67.25,0.025110813,0.6943472,67.25,1388,FC128,collect,0,1388,,,,
0.0,7.9726562,0.0,0.30240667,0.0029982873,0.97664565,-0.005972146,-0.01824831,6.6260166,67.33203,0.026365733,0.69484746,67.33203,1389,FC128,collect,0,1389,,,,
0.0,7.9570312,0.0,0.35709536,0.0029941914,0.98120314,-0.018037654,-0.02900066,6.506798,72.51172,0.024064437,0.6953477,72.51172,1390,FC128,collect,0,1390,,,,
0.0,7.9609375,0.0,0.39461192,0.0029900959,0.984045,-0.028121885,-0.03720295,6.4155483,77.26953,0.020521987,0.6958479,77.26953,1391,FC128,collect,0,1391,,,,
0.0,7.984375,0.0,0.36786193,0.0029860004,0.9822852,-0.021651026,-0.03177107,6.4804697,75.19531,0.022436962,0.6963482,75.19531,1392,FC128,collect,0,1392,,,,
0.0,7.9882812,0.0,0.30710816,0.002981905,0.98048866,-0.0070261466,-0.018087827,6.646876,67.07031,0.023954894,0.69684845,67.07031,1393,FC128,collect,0,1393,,,,
0.0,7.9726562,0.0,0.31451237,0.0029778094,0.9777254,-0.0073309843,-0.01971802,6.591095,69.078125,0.026647186,0.6973487,69.078125,1394,FC128,collect,0,1394,,,,
0.0,7.9726562,0.0,0.33965367,0.002973714,0.9785503,-0.010849047,-0.022499615,6.5653133,70.36719,0.025321202,0.697849,70.36719,1395,FC128,collect,0,1395,,,,
0.0,7.9726562,0.0,0.33427706,0.0029696184,0.9789894,-0.009530552,-0.020580588,6.5459385,71.33594,0.024085423,0.6983492,71.33594,1396,FC128,collect,0,1396,,,,
0.0,8.0,0.0,0.31187704,0.0029655225,0.98046213,-0.00093812734,-0.011599482,6.669454,66.52734,0.023172466,0.69884944,66.52734,1397,FC128,collect,0,1397,,,,
0.0,8.0,0.0,0.33591563,0.002961427,0.98270214,-0.007163639,-0.017006034,6.598048,70.09766,0.021674369,0.6993497,70.09766,1398,FC128,collect,0,1398,,,,
0.0,7.953125,0.0,0.38269648,0.0029573315,0.98365027,-0.0141481515,-0.024393806,6.420704,76.62109,0.02275483,0.69984996,76.62109,1399,FC128,collect,0,1399,,,,
0.0,7.9960938,0.0,0.33647978,0.002953236,0.9825681,-0.010371888,-0.021570688,6.5966415,69.97266,0.024385009,0.7003502,69.97266,1400,FC128,collect,0,1400,,,,
0.0,8.0,0.0,0.31603384,0.0029491405,0.98343885,-0.008731555,-0.018881863,6.638673,68.06641,0.022164673,0.7008504,68.06641,1401,FC128,collect,0,1401,,,,
0.0,7.96875,0.0,0.30011627,0.002945045,0.980501,-0.005752554,-0.01795959,6.649923,65.94141,0.026181782,0.7013507,65.94141,1402,FC128,collect,0,1402,,,,
0.0,7.9765625,0.0,0.3328818,0.0029409495,0.982416,-0.012332323,-0.022711137,6.5653915,70.55859,0.022715606,0.70185095,70.55859,1403,FC128,collect,0,1403,,,,
0.0,7.9921875,0.0,0.3639316,0.002936854,0.98558545,-0.016138915,-0.02448497,6.535079,72.85547,0.018829739,0.7023512,72.85547,1404,FC128,collect,0,1404,,,,
0.0,7.9726562,0.0,0.32643074,0.002932758,0.9804816,-0.0035466799,-0.014545242,6.6271105,67.27734,0.02391181,0.7028515,67.27734,1405,FC128,collect,0,1405,,,,
0.0,8.0,0.0,0.31024894,0.0029286626,0.9811065,0.0033230395,-0.00659954,6.68297,65.85156,0.021662388,0.7033517,65.85156,1406,FC128,collect,0,1406,,,,
0.0,7.9726562,0.0,0.3228607,0.002924567,0.9788036,0.003108986,-0.009103145,6.593517,68.95703,0.026312718,0.70385194,68.95703,1407,FC128,collect,0,1407,,,,
0.0,7.9882812,0.0,0.32623678,0.0029204716,0.98169565,-0.003436095,-0.013304614,6.605626,69.13281,0.02164257,0.7043522,69.13281,1408,FC128,collect,0,1408,,,,
0.0,7.9960938,0.0,0.3144547,0.002916376,0.98211837,-0.005520322,-0.014864861,6.6450787,67.55078,0.020523215,0.70485246,67.55078,1409,FC128,collect,0,1409,,,,
0.0,7.9921875,0.0,0.38127947,0.0029122806,0.98708194,-0.016410217,-0.023857908,6.545782,72.32031,0.01711617,0.7053527,72.32031,1410,FC128,collect,0,1410,,,,
0.0,7.9492188,0.0,0.41180834,0.0029081851,0.9843696,-0.021428926,-0.030758113,6.348048,80.05859,0.021053603,0.7058529,80.05859,1411,FC128,collect,0,1411,,,,
0.0,7.9960938,0.0,0.35657126,0.0029040892,0.986228,-0.014158497,-0.021798162,6.6095324,69.328125,0.01735036,0.7063532,69.328125,1412,FC128,collect,0,1412,,,,
0.0,8.0,0.0,0.31123903,0.0028999937,0.9844366,-0.005344528,-0.013664522,6.6999226,65.00391,0.018445171,0.70685345,65.00391,1413,FC128,collect,0,1413,,,,
0.0,7.984375,0.0,0.31239796,0.0028958982,0.9815214,-0.003965323,-0.013810999,6.6427355,67.08203,0.021500697,0.7073537,67.08203,1414,FC128,collect,0,1414,,,,
0.0,8.0,0.0,0.31409538,0.0028918027,0.98306835,-0.0033313145,-0.012256594,6.6848445,65.75781,0.019667163,0.707854,65.75781,1415,FC128,collect,0,1415,,,,
0.0,8.0,0.0,0.31267452,0.0028877072,0.9825881,-0.002739085,-0.012030162,6.667345,66.63281,0.02038798,0.7083542,66.63281,1416,FC128,collect,0,1416,,,,
0.0,8.0,0.0,0.32597727,0.0028836117,0.9835617,-0.005605863,-0.014283138,6.6434383,67.828125,0.019234534,0.70885444,67.828125,1417,FC128,collect,0,1417,,,,
0.0,8.0,0.0,0.30000523,0.0028795162,0.98312235,-0.001973008,-0.010779152,6.7349224,63.253906,0.019340027,0.7093547,63.253906,1418,FC128,collect,0,1418,,,,
0.0,8.0,0.0,0.31014705,0.0028754207,0.98413247,-0.0048280996,-0.013319945,6.681407,65.92969,0.018767297,0.70985496,65.92969,1419,FC128,collect,0,1419,,,,
0.0,8.0,0.0,0.3111215,0.0028713248,0.98307526,-0.0068202135,-0.015816905,6.6807823,65.96094,0.019780044,0.7103552,65.96094,1420,FC128,collect,0,1420,,,,
0.0,7.984375,0.0,0.301565,0.0028672293,0.98212534,-0.0058705728,-0.015421596,6.5939856,69.51953,0.02083136,0.7108554,69.51953,1421,FC128,collect,0,1421,,,,
0.0,8.0,0.0,0.291269,0.0028631338,0.9840281,-0.004243135,-0.012801697,6.66922,66.53906,0.018785007,0.7113557,66.53906,1422,FC128,collect,0,1422,,,,
0.0,8.0,0.0,0.2914723,0.0028590383,0.9844312,-0.002634242,-0.011009581,6.725079,63.746094,0.01841734,0.71185595,63.746094,1423,FC128,collect,0,1423,,,,
0.0,8.0,0.0,0.28756404,0.0028549428,0.9836286,-0.0043571745,-0.012970646,6.701954,64.90234,0.0188689,0.7123562,64.90234,1424,FC128,collect,0,1424,,,,
0.0,7.9492188,0.0,0.29531673,0.0028508473,0.9797244,-0.0059168427,-0.017025223,6.607501,67.08594,0.023900567,0.7128565,67.08594,1425,FC128,collect,0,1425,,,,
0.0,7.984375,0.0,0.2958015,0.0028467518,0.9827541,-0.0038592643,-0.012888072,6.668438,65.796875,0.019741762,0.7133567,65.796875,1426,FC128,collect,0,1426,,,,
0.0,7.9726562,0.0,0.31237292,0.0028426559,0.98061466,-0.008781739,-0.01955318,6.5839853,69.43359,0.023318822,0.71385694,69.43359,1427,FC128,collect,0,1427,,,,
0.0,8.0,0.0,0.2922386,0.0028385604,0.98327345,-0.00722867,-0.016119584,6.643126,67.84375,0.019440902,0.7143572,67.84375,1428,FC128,collect,0,1428,,,,
0.0,7.9726562,0.0,0.30953494,0.002834465,0.9803658,-0.009444509,-0.020163491,6.5564857,70.80859,0.023192698,0.71485746,70.80859,1429,FC128,collect,0,1429,,,,
0.0,8.0,0.0,0.30290225,0.0028303694,0.98285,-0.004646804,-0.0136896605,6.686876,65.65625,0.019800363,0.7153577,65.65625,1430,FC128,collect,0,1430,,,,
0.0,7.9921875,0.0,0.28888145,0.002826274,0.98112863,-0.0042988956,-0.014136065,6.6773443,65.74219,0.021307254,0.715858,65.74219,1431,FC128,collect,0,1431,,,,
0.0,8.0,0.0,0.2858593,0.0028221784,0.9822715,-0.0053766975,-0.014525469,6.6925793,65.37109,0.019911036,0.7163582,65.37109,1432,FC128,collect,0,1432,,,,
0.0,7.9765625,0.0,0.28875884,0.002818083,0.9796557,-0.0025090189,-0.0137033835,6.6698446,65.33594,0.024016222,0.71685845,65.33594,1433,FC128,collect,0,1433,,,,
0.0,7.9726562,0.0,0.29402453,0.0028139874,0.9805759,-0.007029689,-0.018448856,6.616173,67.82422,0.024493096,0.7173587,67.82422,1434,FC128,collect,0,1434,,,,
0.0,8.0,0.0,0.29870063,0.0028098915,0.98506457,-0.01145626,-0.02041907,6.6565633,67.171875,0.019604253,0.71785897,67.171875,1435,FC128,collect,0,1435,,,,
0.0,7.9960938,0.0,0.2788154,0.002805796,0.9838287,-0.011517205,-0.020718204,6.677501,65.92969,0.019966595,0.71835923,65.92969,1436,FC128,collect,0,1436,,,,
0.0,7.96875,0.0,0.27596185,0.0028017005,0.98109,-0.006728543,-0.017650358,6.6529694,65.78906,0.023389956,0.71885943,65.78906,1437,FC128,collect,0,1437,,,,
0.0,7.96875,0.0,0.27823406,0.002797605,0.98220783,-0.0072382707,-0.017582463,6.686954,64.08984,0.022245163,0.7193597,64.08984,1438,FC128,collect,0,1438,,,,
0.0,8.0,0.0,0.2767159,0.0027935095,0.9853172,-0.004691157,-0.012860389,6.7067976,64.66016,0.017884482,0.71985996,64.66016,1439,FC128,collect,0,1439,,,,
0.0,7.9960938,0.0,0.27933988,0.002789414,0.9849399,-0.0030622666,-0.011642137,6.6829696,65.65625,0.018718129,0.7203602,65.65625,1440,FC128,collect,0,1440,,,,
0.0,8.0,0.0,0.2708868,0.0027853185,0.9836995,-0.00214479,-0.0108902035,6.7152357,64.23828,0.01899984,0.7208605,64.23828,1441,FC128,collect,0,1441,,,,
0.0,7.9804688,0.0,0.2790783,0.0027812226,0.9843527,-0.0034524899,-0.012233142,6.6743755,65.30469,0.019113662,0.7213607,65.30469,1442,FC128,collect,0,1442,,,,
0.0,7.96875,0.0,0.27670205,0.002777127,0.98128784,-0.004657854,-0.015497122,6.6423445,66.32031,0.02321541,0.72186095,66.32031,1443,FC128,collect,0,1443,,,,
0.0,8.0,0.0,0.27832302,0.0027730316,0.98595726,-0.007927721,-0.016209776,6.6876574,65.61719,0.018107705,0.7223612,65.61719,1444,FC128,collect,0,1444,,,,
0.0,7.9726562,0.0,0.28412914,0.002768936,0.9815766,-0.002291571,-0.012688076,6.6556263,65.85156,0.02236648,0.72286147,65.85156,1445,FC128,collect,0,1445,,,,
0.0,8.0,0.0,0.28495535,0.0027648406,0.98550975,-0.0053304145,-0.013095289,6.6966414,65.16797,0.01710546,0.72336173,65.16797,1446,FC128,collect,0,1446,,,,
0.0,8.0,0.0,0.28200892,0.0027607451,0.98558474,-0.0017278425,-0.009559167,6.735157,63.242188,0.017219758,0.72386193,63.242188,1447,FC128,collect,0,1447,,,,
0.0,7.9726562,0.0,0.28344047,0.0027566496,0.981924,-0.0010810671,-0.011370336,6.684454,64.41016,0.02214123,0.7243622,64.41016,1448,FC128,collect,0,1448,,,,
0.0,7.953125,0.0,0.27841946,0.0027525541,0.9800597,-0.0025120152,-0.013920141,6.6634383,64.484375,0.024348982,0.72486246,64.484375,1449,FC128,collect,0,1449,,,,
0.0,7.9726562,0.0,0.28517067,0.0027484582,0.9832782,-0.005648845,-0.0151163405,6.6695323,65.15625,0.02050255,0.7253627,65.15625,1450,FC128,collect,0,1450,,,,
0.0,8.0,0.0,0.27602783,0.0027443627,0.9851098,-0.0034868815,-0.0118316505,6.7391415,63.04297,0.01820458,0.725863,63.04297,1451,FC128,collect,0,1451,,,,
0.0,7.9804688,0.0,0.27150193,0.0027402672,0.9821977,-0.00031038176,-0.010082561,6.686017,64.72266,0.021032333,0.7263632,64.72266,1452,FC128,collect,0,1452,,,,
0.0,8.0,0.0,0.28612363,0.0027361717,0.98393613,-0.002901387,-0.011244631,6.6819544,65.90234,0.018252255,0.72686344,65.90234,1453,FC128,collect,0,1453,,,,
0.0,8.0,0.0,0.28122917,0.0027320762,0.9833124,-0.0005367019,-0.009428302,6.7059383,64.703125,0.019319879,0.7273637,64.703125,1454,FC128,collect,0,1454,,,,
0.0,8.0,0.0,0.27808085,0.0027279807,0.9835653,0.00014005258,-0.008547611,6.7392197,63.039062,0.018892525,0.72786397,63.039062,1455,FC128,collect,0,1455,,,,
0.0,8.0,0.0,0.27226132,0.0027238852,0.98380315,-0.0010525326,-0.009880473,6.7603917,61.98047,0.019139098,0.7283642,61.98047,1456,FC128,collect,0,1456,,,,
0.0,7.9960938,0.0,0.2721941,0.0027197893,0.9835925,-0.004059994,-0.0133862365,6.7221885,63.695312,0.020133106,0.72886443,63.695312,1457,FC128,collect,0,1457,,,,
0.0,7.984375,0.0,0.27508172,0.0027156938,0.98239136,-0.0058049434,-0.015868014,6.6763287,65.40234,0.021620216,0.7293647,65.40234,1458,FC128,collect,0,1458,,,,
0.0,7.9804688,0.0,0.2878358,0.0027115983,0.98296314,-0.007896621,-0.01770632,6.6422668,66.91016,0.021180388,0.72986495,66.91016,1459,FC128,collect,0,1459,,,,
0.0,8.0,0.0,0.27524364,0.0027075028,0.9839067,-0.0027416488,-0.011582906,6.7134385,64.328125,0.01917296,0.7303652,64.328125,1460,FC128,collect,0,1460,,,,
0.0,8.0,0.0,0.27770346,0.0027034073,0.98284966,-0.0039479267,-0.012865565,6.695548,65.22266,0.019336767,0.7308655,65.22266,1461,FC128,collect,0,1461,,,,
0.0,7.984375,0.0,0.26579952,0.0026993118,0.9811597,0.00242485,-0.0072806184,6.692423,64.59766,0.020845888,0.7313657,64.59766,1462,FC128,collect,0,1462,,,,
0.0,8.0,0.0,0.27253857,0.0026952163,0.98240066,-0.0035071666,-0.012674326,6.69547,65.22656,0.01980342,0.73186594,65.22656,1463,FC128,collect,0,1463,,,,
0.0,8.0,0.0,0.27628532,0.0026911208,0.9821018,-0.0048033656,-0.01423282,6.715548,64.22266,0.020345943,0.7323662,64.22266,1464,FC128,collect,0,1464,,,,
0.0,8.0,0.0,0.2803551,0.002687025,0.9827428,-0.008685729,-0.018074322,6.6934385,65.328125,0.02028383,0.73286647,65.328125,1465,FC128,collect,0,1465,,,,
0.0,7.9960938,0.0,0.27551702,0.0026829294,0.9825549,-0.008101141,-0.017909147,6.7103915,64.28516,0.021094397,0.7333667,64.28516,1466,FC128,collect,0,1466,,,,
0.0,8.0,0.0,0.29275647,0.002678834,0.9843277,-0.010488804,-0.019738715,6.703985,64.80078,0.020068314,0.73386693,64.80078,1467,FC128,collect,0,1467,,,,
0.0,8.0,0.0,0.28478077,0.0026747384,0.98372406,-0.012899857,-0.022285901,6.6874228,65.62891,0.020295516,0.7343672,65.62891,1468,FC128,collect,0,1468,,,,
0.0,8.0,0.0,0.28335845,0.002670643,0.98363733,-0.007235171,-0.016489258,6.678204,66.08984,0.020021673,0.73486745,66.08984,1469,FC128,collect,0,1469,,,,
0.0,8.0,0.0,0.2732337,0.0026665474,0.98375577,-0.003502033,-0.012387089,6.7417197,62.914062,0.019227294,0.7353677,62.914062,1470,FC128,collect,0,1470,,,,
0.0,8.0,0.0,0.28422177,0.002662452,0.9833706,-0.003153492,-0.012220317,6.702111,64.89453,0.019647103,0.735868,64.89453,1471,FC128,collect,0,1471,,,,
0.0,7.9765625,0.0,0.2799247,0.002658356,0.9817908,-0.0014305755,-0.012114857,6.6903133,64.3125,0.022856843,0.7363682,64.3125,1472,FC128,collect,0,1472,,,,
0.0,7.9726562,0.0,0.27281815,0.0026542605,0.98145205,-0.0031077676,-0.013681068,6.6653137,65.36719,0.022594862,0.73686844,65.36719,1473,FC128,collect,0,1473,,,,
0.0,8.0,0.0,0.2763215,0.002650165,0.98493624,-0.00703505,-0.016021894,6.715782,64.21094,0.019438284,0.7373687,64.21094,1474,FC128,collect,0,1474,,,,
0.0,7.9960938,0.0,0.28208873,0.0026460695,0.9849015,-0.008407893,-0.016949078,6.67797,65.90625,0.018575223,0.73786896,65.90625,1475,FC128,collect,0,1475,,,,
0.0,7.9960938,0.0,0.2849947,0.002641974,0.9851068,-0.007962843,-0.016489897,6.6885166,65.37891,0.018560003,0.7383692,65.37891,1476,FC128,collect,0,1476,,,,
0.0,7.984375,0.0,0.27545652,0.0026378785,0.9833314,-0.0024278418,-0.011951996,6.7146106,63.48828,0.02050155,0.7388695,63.48828,1477,FC128,collect,0,1477,,,,
0.0,8.0,0.0,0.270732,0.002633783,0.9844283,0.0022182479,-0.0064192447,6.7478137,62.609375,0.018701084,0.7393697,62.609375,1478,FC128,collect,0,1478,,,,
0.0,8.0,0.0,0.28359836,0.0026296875,0.9832005,-0.0024311598,-0.011493483,6.717736,64.11328,0.019616196,0.73986995,64.11328,1479,FC128,collect,0,1479,,,,
0.0,8.0,0.0,0.28160197,0.0026255916,0.9836813,-0.0033171629,-0.012469272,6.7158604,64.20703,0.019782962,0.7403702,64.20703,1480,FC128,collect,0,1480,,,,
0.0,7.9609375,0.0,0.28890482,0.002621496,0.9825587,-0.005975643,-0.016359739,6.620626,67.015625,0.022282917,0.7408705,67.015625,1481,FC128,collect,0,1481,,,,
0.0,7.9726562,0.0,0.30139908,0.0026174006,0.9829554,-0.008170439,-0.018502928,6.6397667,66.64453,0.022242744,0.74137074,66.64453,1482,FC128,collect,0,1482,,,,
0.0,7.9726562,0.0,0.28096154,0.002613305,0.9832679,-0.0048017805,-0.014372745,6.6961727,63.82422,0.020610405,0.74187094,63.82422,1483,FC128,collect,0,1483,,,,
0.0,8.0,0.0,0.290378,0.0026092096,0.9858624,-0.0033127386,-0.011316954,6.7162514,64.1875,0.017523745,0.7423712,64.1875,1484,FC128,collect,0,1484,,,,
0.0,8.0,0.0,0.2902996,0.0026051141,0.98367745,-0.002456853,-0.011271723,6.69461,65.26953,0.019142266,0.74287146,65.26953,1485,FC128,collect,0,1485,,,,
0.0,8.0,0.0,0.29124752,0.0026010186,0.9843572,-0.002156775,-0.010670372,6.72297,63.851562,0.018542275,0.7433717,63.851562,1486,FC128,collect,0,1486,,,,
0.0,8.0,0.0,0.28123322,0.0025969232,0.98493296,-0.0036465644,-0.012170347,6.725548,63.722656,0.018508248,0.743872,63.722656,1487,FC128,collect,0,1487,,,,
0.0,7.9765625,0.0,0.2780612,0.0025928272,0.9831118,-0.0056882678,-0.01602483,6.6945324,64.10156,0.022115054,0.7443722,64.10156,1488,FC128,collect,0,1488,,,,
0.0,8.0,0.0,0.26509595,0.0025887317,0.98270565,-0.0051613064,-0.015160987,6.747188,62.640625,0.021371886,0.74487245,62.640625,1489,FC128,collect,0,1489,,,,
0.0,7.984375,0.0,0.27844802,0.0025846362,0.9828853,-0.0038743417,-0.013657564,6.66836,65.80078,0.021005819,0.7453727,65.80078,1490,FC128,collect,0,1490,,,,
0.0,7.96875,0.0,0.27363965,0.0025805407,0.9783649,0.001382834,-0.011071191,6.670157,64.92969,0.026320327,0.745873,64.92969,1491,FC128,collect,0,1491,,,,
0.0,7.9375,0.0,0.26483473,0.0025764452,0.9748394,0.008043749,-0.0061465707,6.6666417,63.54297,0.029745305,0.74637324,63.54297,1492,FC128,collect,0,1492,,,,
0.0,8.0,0.0,0.2638094,0.0025723497,0.98032653,0.006140234,-0.0034981472,6.7375793,63.121094,0.020633982,0.74687344,63.121094,1493,FC128,collect,0,1493,,,,
0.0,8.0,0.0,0.2627753,0.0025682542,0.9800764,0.004112896,-0.00592336,6.729767,63.51172,0.02142226,0.7473737,63.51172,1494,FC128,collect,0,1494,,,,
0.0,7.9414062,0.0,0.2513621,0.0025641583,0.9731271,0.011529169,-0.003533713,6.7157044,61.285156,0.03141483,0.74787396,61.285156,1495,FC128,collect,0,1495,,,,
0.0,7.9804688,0.0,0.26617298,0.0025600628,0.97887814,0.0012853559,-0.010112716,6.7135167,63.347656,0.024158983,0.7483742,63.347656,1496,FC128,collect,0,1496,,,,
0.0,7.9726562,0.0,0.26248425,0.0025559673,0.9797743,-0.0030129463,-0.014545626,6.693673,63.94922,0.024407161,0.7488745,63.94922,1497,FC128,collect,0,1497,,,,
0.0,8.0,0.0,0.27184927,0.0025518718,0.98271215,-0.009159593,-0.019164313,6.7204695,63.976562,0.021396888,0.7493747,63.976562,1498,FC128,collect,0,1498,,,,
0.0,7.9765625,0.0,0.27737394,0.0025477763,0.9807886,-0.009073605,-0.020687958,6.633829,67.13672,0.02464208,0.74987495,67.13672,1499,FC128,collect,0,1499,,,,
0.0,7.96875,0.0,0.29392323,0.0025436808,0.98050946,-0.011329776,-0.022966778,6.5997667,68.44922,0.024769299,0.7503752,68.44922,1500,FC128,collect,0,1500,,,,
0.0,7.984375,0.0,0.30062488,0.0025395853,0.9832473,-0.009374409,-0.01908717,6.635704,67.43359,0.020952446,0.7508755,67.43359,1501,FC128,collect,0,1501,,,,
0.0,7.96875,0.0,0.2651992,0.0025354899,0.9772147,-0.0012568409,-0.014300031,6.690235,63.92578,0.0274312,0.75137573,63.92578,1502,FC128,collect,0,1502,,,,
0.0,8.0,0.0,0.27157545,0.002531394,0.98089826,-0.0017501817,-0.011655423,6.7140636,64.296875,0.021185411,0.75187594,64.296875,1503,FC128,collect,0,1503,,,,
0.0,7.9648438,0.0,0.27481565,0.0025272984,0.97770894,-0.00041218277,-0.012191334,6.6708603,64.69922,0.024947384,0.7523762,64.69922,1504,FC128,collect,0,1504,,,,
0.0,7.9960938,0.0,0.29596272,0.002523203,0.9824918,-0.0059872395,-0.015604764,6.705626,64.52344,0.020728597,0.75287646,64.52344,1505,FC128,collect,0,1505,,,,
0.0,8.0,0.0,0.31151798,0.0025191074,0.98463047,-0.010948828,-0.019921916,6.628595,68.57031,0.019515669,0.7533767,68.57031,1506,FC128,collect,0,1506,,,,
0.0,7.9765625,0.0,0.29951748,0.002515012,0.9834058,-0.010969919,-0.020811742,6.5959387,69.03125,0.021190226,0.753877,69.03125,1507,FC128,collect,0,1507,,,,
0.0,7.9453125,0.0,0.24997573,0.0025109164,0.9759514,-0.0010093856,-0.01608724,6.67922,63.304688,0.031411044,0.7543772,63.304688,1508,FC128,collect,0,1508,,,,
0.0,8.0,0.0,0.26513478,0.002506821,0.98391694,-0.0117284525,-0.021864815,6.732501,63.375,0.021602016,0.75487745,63.375,1509,FC128,collect,0,1509,,,,
0.0,7.9804688,0.0,0.2699971,0.002502725,0.9825538,-0.0082430625,-0.019115191,6.7189074,63.078125,0.023095714,0.7553777,63.078125,1510,FC128,collect,0,1510,,,,
0.0,7.9726562,0.0,0.26756093,0.0024986295,0.9807483,-0.0052847113,-0.01671633,6.6709385,65.08594,0.024200307,0.755878,65.08594,1511,FC128,collect,0,1511,,,,
0.0,7.9765625,0.0,0.26978415,0.002494534,0.9808336,-0.0022509992,-0.013222648,6.698985,63.878906,0.023289269,0.75637823,63.878906,1512,FC128,collect,0,1512,,,,
0.0,8.0,0.0,0.2801597,0.0024904385,0.9838815,-0.0027788354,-0.012022457,6.7159386,64.203125,0.019882685,0.75687844,64.203125,1513,FC128,collect,0,1513,,,,
0.0,7.9609375,0.0,0.2632209,0.002486343,0.9791231,-0.00010476855,-0.011903096,6.6659384,64.75,0.02490557,0.7573787,64.75,1514,FC128,collect,0,1514,,,,
0.0,8.0,0.0,0.28329876,0.0024822475,0.98471117,-0.005560804,-0.01435289,6.7276573,63.617188,0.018990606,0.75787896,63.617188,1515,FC128,collect,0,1515,,,,
0.0,7.9804688,0.0,0.29223612,0.002478152,0.98337096,-0.0074117156,-0.016881613,6.6503134,66.50781,0.020388206,0.7583792,66.50781,1516,FC128,collect,0,1516,,,,
0.0,7.9648438,0.0,0.27002707,0.0024740566,0.9821292,-0.006623534,-0.01719401,6.6824226,64.12109,0.022477077,0.7588795,64.12109,1517,FC128,collect,0,1517,,,,
0.0,8.0,0.0,0.2716961,0.0024699606,0.98431,-0.0035163623,-0.012719662,6.773204,61.339844,0.019748757,0.75937974,61.339844,1518,FC128,collect,0,1518,,,,
0.0,7.9726562,0.0,0.28970298,0.002465865,0.9827857,-0.00734349,-0.017764935,6.657032,65.78125,0.022271628,0.75987995,65.78125,1519,FC128,collect,0,1519,,,,
0.0,7.9804688,0.0,0.2914916,0.0024617696,0.9830798,-0.003511214,-0.013298115,6.6846886,64.78906,0.021008972,0.7603802,64.78906,1520,FC128,collect,0,1520,,,,
0.0,8.0,0.0,0.29471654,0.0024576741,0.9831795,-0.005736684,-0.015187923,6.683673,65.81641,0.020351112,0.7608805,65.81641,1521,FC128,collect,0,1521,,,,
0.0,7.96875,0.0,0.281551,0.0024535786,0.9793962,0.0030107992,-0.008724193,6.6941414,63.73047,0.0248516,0.76138073,63.73047,1522,FC128,collect,0,1522,,,,
0.0,8.0,0.0,0.27900755,0.0024494831,0.9819416,-0.00068861083,-0.010773689,6.7082043,64.58984,0.021537004,0.761881,64.58984,1523,FC128,collect,0,1523,,,,
0.0,7.9765625,0.0,0.29231754,0.0024453877,0.9819399,-0.0018997076,-0.01199893,6.6877356,64.44141,0.021628104,0.7623812,64.44141,1524,FC128,collect,0,1524,,,,
0.0,7.96875,0.0,0.29072064,0.0024412917,0.9792604,-0.0014286628,-0.013749625,6.6572666,65.57422,0.026061391,0.76288146,65.57422,1525,FC128,collect,0,1525,,,,
0.0,8.0,0.0,0.2762271,0.0024371962,0.98272955,-0.0028254436,-0.012254005,6.7353916,63.23047,0.020203562,0.7633817,63.23047,1526,FC128,collect,0,1526,,,,
0.0,7.9960938,0.0,0.27428514,0.0024331007,0.98305476,-0.00089218834,-0.010557915,6.734376,63.085938,0.02066618,0.763882,63.085938,1527,FC128,collect,0,1527,,,,
0.0,7.9726562,0.0,0.2703149,0.0024290052,0.9797556,8.360954e-05,-0.012006256,6.731876,62.039062,0.025492923,0.76438224,62.039062,1528,FC128,collect,0,1528,,,,
0.0,8.0,0.0,0.27172482,0.0024249097,0.9831226,-0.0048852805,-0.014638437,6.736642,63.16797,0.020824129,0.76488245,63.16797,1529,FC128,collect,0,1529,,,,
0.0,7.9765625,0.0,0.27799982,0.0024208142,0.9807471,-0.004616807,-0.015624259,6.6591415,65.87109,0.023360875,0.7653827,65.87109,1530,FC128,collect,0,1530,,,,
0.0,8.0,0.0,0.27736527,0.0024167188,0.98276454,-0.0028855577,-0.012362047,6.744766,62.76172,0.020293606,0.76588297,62.76172,1531,FC128,collect,0,1531,,,,
0.0,7.9921875,0.0,0.27680004,0.0024126233,0.98195076,-0.004850257,-0.014864084,6.7279696,63.210938,0.021363283,0.76638323,63.210938,1532,FC128,collect,0,1532,,,,
0.0,7.9726562,0.0,0.27252612,0.0024085273,0.97813016,0.0008122672,-0.011074273,6.6987505,63.695312,0.025085853,0.7668835,63.695312,1533,FC128,collect,0,1533,,,,
0.0,8.0,0.0,0.26165622,0.0024044318,0.982163,0.0018658442,-0.008232542,6.7888293,60.558594,0.021455042,0.7673837,60.558594,1534,FC128,collect,0,1534,,,,
0.0,8.0,0.0,0.2639203,0.0024003363,0.9817778,-0.0026941344,-0.012702119,6.7485948,62.570312,0.021282963,0.76788396,62.570312,1535,FC128,collect,0,1535,,,,
0.0,8.0,0.0,0.28621662,0.0023962408,0.9846924,-0.0075041824,-0.016602453,6.6971107,65.14453,0.01956823,0.7683842,65.14453,1536,FC128,collect,0,1536,,,,
0.0,7.9804688,0.0,0.3555718,0.0023921453,0.9859843,-0.018665848,-0.027419195,6.537423,72.15234,0.019207848,0.7688845,72.15234,1537,FC128,collect,0,1537,,,,
0.0,7.9921875,0.0,0.3209172,0.0023880498,0.98446745,-0.014490116,-0.023985075,6.5957823,69.82031,0.020522648,0.76938474,69.82031,1538,FC128,collect,0,1538,,,,
0.0,8.0,0.0,0.2675441,0.0023839544,0.9825616,-0.004136371,-0.01412472,6.73086,63.45703,0.021252325,0.76988494,63.45703,1539,FC128,collect,0,1539,,,,
0.0,7.9609375,0.0,0.25813726,0.0023798584,0.97785914,-0.0004761684,-0.013617877,6.6625013,64.921875,0.027512077,0.7703852,64.921875,1540,FC128,collect,0,1540,,,,
0.0,7.9570312,0.0,0.27324605,0.002375763,0.97814345,-0.0026869425,-0.015441169,6.6751575,64.09375,0.026806789,0.77088547,64.09375,1541,FC128,collect,0,1541,,,,
0.0,7.9765625,0.0,0.2676506,0.0023716674,0.97924054,-0.0023972401,-0.013833761,6.7013288,63.76172,0.024142599,0.7713857,63.76172,1542,FC128,collect,0,1542,,,,
0.0,7.9804688,0.0,0.3007868,0.002367572,0.98196465,-0.00647637,-0.01689342,6.623829,67.83203,0.02225837,0.771886,67.83203,1543,FC128,collect,0,1543,,,,
0.0,8.0,0.0,0.29212663,0.0023634764,0.98248047,-0.0031045398,-0.013040688,6.6854696,65.72656,0.021253165,0.7723862,65.72656,1544,FC128,collect,0,1544,,,,
0.0,7.9726562,0.0,0.28369772,0.002359381,0.979251,-0.0006675582,-0.012558618,6.679532,64.65625,0.02512082,0.77288646,64.65625,1545,FC128,collect,0,1545,,,,
0.0,8.0,0.0,0.26162216,0.0023552855,0.98281425,0.00047933665,-0.009569394,6.7546105,62.26953,0.021329852,0.7733867,62.26953,1546,FC128,collect,0,1546,,,,
0.0,7.9726562,0.0,0.27152053,0.00235119,0.9803136,-0.006127361,-0.017920174,6.704454,63.410156,0.024862418,0.773887,63.410156,1547,FC128,collect,0,1547,,,,
0.0,8.0,0.0,0.26118028,0.002347094,0.9825266,-0.0062957793,-0.016666535,6.755235,62.23828,0.021967541,0.77438724,62.23828,1548,FC128,collect,0,1548,,,,
0.0,7.9960938,0.0,0.26078707,0.0023429985,0.9825924,-0.0062805517,-0.01683945,6.7215633,63.726562,0.022339845,0.77488744,63.726562,1549,FC128,collect,0,1549,,,,
0.0,8.0,0.0,0.26752934,0.002338903,0.9838638,-0.00489081,-0.014567383,6.7507825,62.460938,0.020604596,0.7753877,62.460938,1550,FC128,collect,0,1550,,,,
0.0,8.0,0.0,0.264819,0.0023348075,0.9840673,-0.007100504,-0.016689304,6.7715635,61.421875,0.020414203,0.77588797,61.421875,1551,FC128,collect,0,1551,,,,
0.0,7.9882812,0.0,0.275441,0.002330712,0.9848846,-0.00794678,-0.016935874,6.7028913,64.26953,0.019262135,0.7763882,64.26953,1552,FC128,collect,0,1552,,,,
0.0,8.0,0.0,0.286218,0.0023266166,0.98443884,-0.007506207,-0.016798917,6.708829,64.55859,0.019917259,0.7768885,64.55859,1553,FC128,collect,0,1553,,,,
0.0,8.0,0.0,0.28495666,0.002322521,0.98368764,-0.006566945,-0.015813777,6.694298,65.28516,0.0198173,0.7773887,65.28516,1554,FC128,collect,0,1554,,,,
0.0,8.0,0.0,0.27321222,0.002318425,0.98322356,-0.0015817916,-0.011150513,6.7517977,62.410156,0.020404287,0.77788895,62.410156,1555,FC128,collect,0,1555,,,,
0.0,7.9804688,0.0,0.27203155,0.0023143296,0.9821559,-0.00040862465,-0.010820797,6.7063293,63.70703,0.022083485,0.7783892,63.70703,1556,FC128,collect,0,1556,,,,
0.0,7.9726562,0.0,0.26076084,0.0023102341,0.9802715,0.002248508,-0.009849774,6.7290635,62.179688,0.0254014,0.7788895,62.179688,1557,FC128,collect,0,1557,,,,
0.0,7.9140625,0.0,0.25874442,0.0023061386,0.9727412,0.00538782,-0.011972496,6.6548443,62.960938,0.035914034,0.77938974,62.960938,1558,FC128,collect,0,1558,,,,
0.0,7.9375,0.0,0.30040902,0.0023020431,0.97820735,-0.0076460103,-0.02153735,6.6046104,66.64453,0.02916579,0.77989,66.64453,1559,FC128,collect,0,1559,,,,
0.0,7.96875,0.0,0.27358842,0.0022979476,0.97999156,-0.003160088,-0.014941956,6.7181263,62.53125,0.02482112,0.7803902,62.53125,1560,FC128,collect,0,1560,,,,
0.0,7.9804688,0.0,0.27126598,0.0022938522,0.9815322,0.0011881045,-0.009151629,6.735548,62.246094,0.021923956,0.78089046,62.246094,1561,FC128,collect,0,1561,,,,
0.0,7.9414062,0.0,0.26546648,0.0022897567,0.97523266,0.002820447,-0.01132105,6.6428137,64.92969,0.029498702,0.7813907,64.92969,1562,FC128,collect,0,1562,,,,
0.0,7.9882812,0.0,0.2704586,0.0022856607,0.9819345,-0.0015560128,-0.011493247,6.732188,62.804688,0.021110822,0.781891,62.804688,1563,FC128,collect,0,1563,,,,
0.0,8.0,0.0,0.2664802,0.0022815652,0.9818252,-0.001294483,-0.011270163,6.7291417,63.54297,0.021167343,0.78239125,63.54297,1564,FC128,collect,0,1564,,,,
0.0,7.984375,0.0,0.29425877,0.0022774697,0.983617,-0.006378895,-0.016213551,6.644454,66.99609,0.021009643,0.78289145,66.99609,1565,FC128,collect,0,1565,,,,
0.0,8.0,0.0,0.27393353,0.0022733742,0.98231786,-0.004883371,-0.015146239,6.725313,63.734375,0.021771243,0.7833917,63.734375,1566,FC128,collect,0,1566,,,,
0.0,8.0,0.0,0.26419023,0.0022692787,0.98246235,-0.00085938355,-0.010987573,6.739532,63.023438,0.021455422,0.783892,63.023438,1567,FC128,collect,0,1567,,,,
0.0,8.0,0.0,0.2542229,0.0022651833,0.98151124,-0.0007851734,-0.010941457,6.739766,63.01172,0.02146429,0.78439224,63.01172,1568,FC128,collect,0,1568,,,,
0.0,7.9882812,0.0,0.2675316,0.0022610878,0.9822543,-0.0007059917,-0.010676343,6.7202353,63.402344,0.021150528,0.7848925,63.402344,1569,FC128,collect,0,1569,,,,
0.0,7.9765625,0.0,0.260595,0.0022569918,0.9793652,-0.0011612463,-0.012887238,6.712267,63.214844,0.024628304,0.7853927,63.214844,1570,FC128,collect,0,1570,,,,
0.0,8.0,0.0,0.2633757,0.0022528963,0.9824588,-0.0012595677,-0.010780012,6.751407,62.429688,0.020227605,0.78589296,62.429688,1571,FC128,collect,0,1571,,,,
0.0,8.0,0.0,0.2563961,0.0022488008,0.9832824,-0.0014329945,-0.010855033,6.7578135,62.109375,0.019997245,0.7863932,62.109375,1572,FC128,collect,0,1572,,,,
0.0,8.0,0.0,0.257139,0.0022447053,0.9840287,-0.003446809,-0.012551842,6.757579,62.121094,0.019364469,0.7868935,62.121094,1573,FC128,collect,0,1573,,,,
0.0,8.0,0.0,0.24948324,0.0022406098,0.9837327,-0.0017824693,-0.011377317,6.7623444,61.882812,0.020307684,0.78739375,61.882812,1574,FC128,collect,0,1574,,,,
0.0,7.9804688,0.0,0.2482304,0.0022365144,0.9824345,-0.002406845,-0.012504348,6.7292976,62.558594,0.021305347,0.78789395,62.558594,1575,FC128,collect,0,1575,,,,
0.0,7.9726562,0.0,0.26710495,0.0022324189,0.98307043,-0.0043049795,-0.014004519,6.657423,65.76172,0.02059166,0.7883942,65.76172,1576,FC128,collect,0,1576,,,,
0.0,8.0,0.0,0.2560394,0.0022283234,0.9842496,-0.0007378228,-0.009710591,6.7676573,61.617188,0.019086614,0.7888945,61.617188,1577,FC128,collect,0,1577,,,,
0.0,8.0,0.0,0.24622044,0.0022242274,0.98494303,-0.0026521739,-0.011148474,6.751095,62.445312,0.018087901,0.78939474,62.445312,1578,FC128,collect,0,1578,,,,
0.0,8.0,0.0,0.24849641,0.002220132,0.9843814,-0.0034420507,-0.012412275,6.773829,61.308594,0.019043839,0.789895,61.308594,1579,FC128,collect,0,1579,,,,
0.0,7.9570312,0.0,0.24048446,0.0022160364,0.9805224,-0.0039751045,-0.015833104,6.6961727,63.04297,0.024781844,0.7903952,63.04297,1580,FC128,collect,0,1580,,,,
0.0,7.953125,0.0,0.2542363,0.002211941,0.9807174,-0.0052008405,-0.016739178,6.6590633,64.703125,0.024201388,0.79089546,64.703125,1581,FC128,collect,0,1581,,,,
0.0,8.0,0.0,0.2595787,0.0022078454,0.98433197,-0.0049706036,-0.014156753,6.749063,62.546875,0.019518519,0.7913957,62.546875,1582,FC128,collect,0,1582,,,,
0.0,7.9726562,0.0,0.26476753,0.00220375,0.9823324,-0.0017695413,-0.012228009,6.697813,63.742188,0.022083899,0.791896,63.742188,1583,FC128,collect,0,1583,,,,
0.0,7.9804688,0.0,0.2524853,0.0021996545,0.9821035,-0.0018727325,-0.011804577,6.7208605,62.98047,0.02097445,0.79239625,62.98047,1584,FC128,collect,0,1584,,,,
0.0,8.0,0.0,0.26342663,0.0021955585,0.98445606,-0.0041115726,-0.013448083,6.743204,62.839844,0.019829758,0.79289645,62.839844,1585,FC128,collect,0,1585,,,,
0.0,7.9648438,0.0,0.2576421,0.002191463,0.98097444,-0.0016182994,-0.012611582,6.681876,64.14844,0.023115791,0.7933967,64.14844,1586,FC128,collect,0,1586,,,,
0.0,7.9414062,0.0,0.2515846,0.0021873675,0.97734827,-0.00022249733,-0.013465253,6.6586723,64.13672,0.027586127,0.793897,64.13672,1587,FC128,collect,0,1587,,,,
0.0,7.9921875,0.0,0.26506516,0.002183272,0.9845446,-0.00092547055,-0.010330138,6.7235165,63.433594,0.019966753,0.79439723,63.433594,1588,FC128,collect,0,1588,,,,
0.0,7.984375,0.0,0.2741038,0.0021791765,0.9838756,-0.0037301276,-0.013459009,6.700079,64.21484,0.020652404,0.7948975,64.21484,1589,FC128,collect,0,1589,,,,
0.0,8.0,0.0,0.2589434,0.002175081,0.98432744,-0.0030253585,-0.012311095,6.760391,61.98047,0.01969792,0.7953977,61.98047,1590,FC128,collect,0,1590,,,,
0.0,7.9648438,0.0,0.26393098,0.0021709856,0.9815899,-0.0037254447,-0.01503106,6.7017975,63.152344,0.023757212,0.79589796,63.152344,1591,FC128,collect,0,1591,,,,
0.0,8.0,0.0,0.26971337,0.00216689,0.9850516,-0.007740776,-0.016817903,6.735626,63.21875,0.019323133,0.7963982,63.21875,1592,FC128,collect,0,1592,,,,
0.0,7.9726562,0.0,0.25595,0.0021627941,0.98175037,-0.003989524,-0.014870249,6.693282,63.96875,0.022868583,0.7968985,63.96875,1593,FC128,collect,0,1593,,,,
0.0,8.0,0.0,0.27375624,0.0021586986,0.9842693,-0.004228477,-0.013573996,6.74961,62.51953,0.019872952,0.79739875,62.51953,1594,FC128,collect,0,1594,,,,
0.0,7.96875,0.0,0.27360785,0.0021546031,0.9796916,-0.006358216,-0.018297352,6.696407,63.617188,0.025057305,0.79789895,63.617188,1595,FC128,collect,0,1595,,,,
0.0,8.0,0.0,0.26859608,0.0021505076,0.98279047,-0.004220083,-0.013601914,6.723673,63.816406,0.019918898,0.7983992,63.816406,1596,FC128,collect,0,1596,,,,
0.0,7.9375,0.0,0.2683289,0.0021464122,0.976732,-0.0019910778,-0.015358986,6.672735,63.23828,0.027887706,0.7988995,63.23828,1597,FC128,collect,0,1597,,,,
0.0,7.9921875,0.0,0.2843801,0.0021423167,0.9842925,-0.005567168,-0.014683304,6.70547,64.33594,0.019450737,0.79939973,64.33594,1598,FC128,collect,0,1598,,,,
0.0,7.9882812,0.0,0.29252777,0.0021382212,0.9834129,-0.010047698,-0.019323917,6.6841416,65.20703,0.019803416,0.7999,65.20703,1599,FC128,collect,0,1599,,,,
0.0,8.0,0.0,0.2635986,0.0021341257,0.9831519,-0.0025141707,-0.012062739,6.7822666,60.88672,0.020222241,0.80040026,60.88672,1600,FC128,collect,0,1600,,,,
0.0,8.0,0.0,0.27103388,0.0021300297,0.9840276,-0.0067758216,-0.015983757,6.751095,62.445312,0.01957049,0.80090046,62.445312,1601,FC128,collect,0,1601,,,,
0.0,7.9804688,0.0,0.28642887,0.0021259342,0.98168033,-0.01042797,-0.02099258,6.6656265,65.74219,0.022347078,0.8014007,65.74219,1602,FC128,collect,0,1602,,,,
0.0,8.0,0.0,0.27678367,0.0021218387,0.9838956,-0.004375384,-0.013655024,6.746954,62.652344,0.01973386,0.801901,62.652344,1603,FC128,collect,0,1603,,,,
0.0,7.9726562,0.0,0.26444703,0.0021177432,0.981405,-0.0030736118,-0.013683226,6.7573447,60.765625,0.02233929,0.80240124,60.765625,1604,FC128,collect,0,1604,,,,
0.0,7.9921875,0.0,0.29092705,0.0021136478,0.98417354,-0.005961714,-0.015120722,6.706954,64.26172,0.019547852,0.8029015,64.26172,1605,FC128,collect,0,1605,,,,
0.0,8.0,0.0,0.27638966,0.0021095523,0.984305,-0.00298249,-0.011771694,6.7233605,63.83203,0.018744525,0.8034017,63.83203,1606,FC128,collect,0,1606,,,,
0.0,7.9765625,0.0,0.25373676,0.0021054568,0.9812651,0.00094565656,-0.009725386,6.7553134,61.0625,0.02241055,0.803902,61.0625,1607,FC128,collect,0,1607,,,,
0.0,7.984375,0.0,0.25644892,0.0021013608,0.98241735,-0.00044406165,-0.010621337,6.745548,61.941406,0.021432335,0.80440223,61.941406,1608,FC128,collect,0,1608,,,,
0.0,8.0,0.0,0.27274632,0.0020972653,0.9830585,-0.0026758725,-0.012275511,6.7181263,64.09375,0.02034332,0.8049025,64.09375,1609,FC128,collect,0,1609,,,,
0.0,8.0,0.0,0.25915557,0.0020931698,0.98258394,-0.00026900263,-0.010146392,6.7566414,62.16797,0.020839691,0.80540276,62.16797,1610,FC128,collect,0,1610,,,,
0.0,7.9960938,0.0,0.27441472,0.0020890743,0.9838485,-0.0034429207,-0.012566161,6.7186728,63.871094,0.019393027,0.80590296,63.871094,1611,FC128,collect,0,1611,,,,
0.0,7.9726562,0.0,0.2554504,0.0020849789,0.98048717,0.0002123721,-0.011304526,6.7408605,61.589844,0.024099013,0.8064032,61.589844,1612,FC128,collect,0,1612,,,,
0.0,7.9765625,0.0,0.24744503,0.0020808834,0.98089534,-0.0013604576,-0.012571599,6.7172666,62.964844,0.023452092,0.8069035,62.964844,1613,FC128,collect,0,1613,,,,
0.0,7.9804688,0.0,0.25396365,0.0020767879,0.98319745,-0.001889053,-0.011531943,6.7039857,63.82422,0.020340638,0.80740374,63.82422,1614,FC128,collect,0,1614,,,,
0.0,8.0,0.0,0.280824,0.0020726924,0.98559844,-0.0047080945,-0.013278444,6.702032,64.89844,0.018304823,0.807904,64.89844,1615,FC128,collect,0,1615,,,,
0.0,8.0,0.0,0.26112363,0.0020685964,0.9833091,-0.0014380829,-0.010711566,6.735157,63.242188,0.019627284,0.8084042,63.242188,1616,FC128,collect,0,1616,,,,
0.0,7.9765625,0.0,0.24888502,0.002064501,0.98195094,-0.00031328446,-0.0107381055,6.7451572,61.570312,0.021877289,0.80890447,61.570312,1617,FC128,collect,0,1617,,,,
0.0,8.0,0.0,0.2489235,0.0020604054,0.9844576,-0.0034319472,-0.012251776,6.748829,62.558594,0.018665424,0.80940473,62.558594,1618,FC128,collect,0,1618,,,,
0.0,7.9765625,0.0,0.24491891,0.00205631,0.9835124,-0.0011927483,-0.010740368,6.7453914,61.558594,0.020102497,0.809905,61.558594,1619,FC128,collect,0,1619,,,,
0.0,7.9765625,0.0,0.27484947,0.0020522145,0.98427707,-0.0074458336,-0.017201941,6.6515636,66.25,0.020640315,0.81040525,66.25,1620,FC128,collect,0,1620,,,,
0.0,7.96875,0.0,0.26916116,0.002048119,0.9848368,-0.0058414005,-0.0154345,6.659689,65.453125,0.020288747,0.81090546,65.453125,1621,FC128,collect,0,1621,,,,
0.0,7.96875,0.0,0.24640298,0.0020440235,0.9821857,-0.0014223547,-0.01226204,6.7217197,62.351562,0.022686677,0.8114057,62.351562,1622,FC128,collect,0,1622,,,,
0.0,8.0,0.0,0.24254523,0.0020399275,0.9843841,-0.003257029,-0.0122424,6.7746887,61.265625,0.018960292,0.811906,61.265625,1623,FC128,collect,0,1623,,,,
0.0,7.9804688,0.0,0.25245166,0.002035832,0.98306185,-0.0021351555,-0.011934637,6.766954,60.67578,0.020626862,0.81240624,60.67578,1624,FC128,collect,0,1624,,,,
0.0,8.0,0.0,0.2524034,0.0020317365,0.9845115,-0.0040387004,-0.012573704,6.7503138,62.484375,0.018095642,0.8129065,62.484375,1625,FC128,collect,0,1625,,,,
0.0,7.9492188,0.0,0.24916255,0.002027641,0.9789004,0.0015545669,-0.011387587,6.7109385,61.914062,0.026894731,0.8134067,61.914062,1626,FC128,collect,0,1626,,,,
0.0,7.9414062,0.0,0.24809352,0.0020235456,0.9770841,0.0028195344,-0.011041609,6.709923,61.57422,0.028726343,0.81390697,61.57422,1627,FC128,collect,0,1627,,,,
0.0,7.9960938,0.0,0.2575589,0.00201945,0.9848052,-0.0050935517,-0.014055654,6.7603917,61.785156,0.01896446,0.8144072,61.785156,1628,FC128,collect,0,1628,,,,
0.0,8.0,0.0,0.2712439,0.0020153546,0.9860973,-0.0096461745,-0.017791709,6.7135167,64.32422,0.017384375,0.8149075,64.32422,1629,FC128,collect,0,1629,,,,
0.0,8.0,0.0,0.25189683,0.002011259,0.9859143,-0.007977822,-0.016366266,6.7692194,61.539062,0.017790148,0.81540775,61.539062,1630,FC128,collect,0,1630,,,,
0.0,8.0,0.0,0.25092694,0.0020071631,0.98593533,-0.0058736713,-0.014490143,6.763204,61.839844,0.018240247,0.81590796,61.839844,1631,FC128,collect,0,1631,,,,
0.0,8.0,0.0,0.2590466,0.0020030676,0.9844732,-0.0033853264,-0.01275951,6.731954,63.402344,0.019786144,0.8164082,63.402344,1632,FC128,collect,0,1632,,,,
0.0,7.9726562,0.0,0.2637481,0.0019989721,0.9821645,0.00039488106,-0.010698588,6.715626,62.851562,0.023241388,0.8169085,62.851562,1633,FC128,collect,0,1633,,,,
0.0,8.0,0.0,0.24744765,0.0019948767,0.9848004,-0.0016794237,-0.010544885,6.772423,61.378906,0.018718177,0.81740874,61.378906,1634,FC128,collect,0,1634,,,,
0.0,8.0,0.0,0.27295017,0.0019907812,0.98680484,-0.0070814267,-0.015350705,6.7553916,62.23047,0.017625324,0.817909,62.23047,1635,FC128,collect,0,1635,,,,
0.0,7.9570312,0.0,0.38005596,0.0019866857,0.9885254,-0.030335462,-0.037807014,6.4603133,74.83594,0.016453208,0.8184092,74.83594,1636,FC128,collect,0,1636,,,,
0.0,7.9609375,0.0,0.39432576,0.0019825902,0.9878844,-0.03243493,-0.039934386,6.397188,78.1875,0.016562482,0.81890947,78.1875,1637,FC128,collect,0,1637,,,,
0.0,7.96875,0.0,0.3552733,0.0019784942,0.98789537,-0.023199521,-0.030765349,6.53547,71.66406,0.016537467,0.8194097,71.66406,1638,FC128,collect,0,1638,,,,
0.0,8.0,0.0,0.2538021,0.0019743987,0.9860419,-0.002577033,-0.010907414,6.768204,61.589844,0.017662976,0.81991,61.589844,1639,FC128,collect,0,1639,,,,
0.0,7.9570312,0.0,0.25529963,0.0019703032,0.97942805,0.0054038046,-0.007348583,6.6999226,62.85547,0.02651081,0.82041025,62.85547,1640,FC128,collect,0,1640,,,,
0.0,7.953125,0.0,0.25880188,0.0019662078,0.9773729,0.0054443874,-0.007802369,6.681407,63.585938,0.02751123,0.82091045,63.585938,1641,FC128,collect,0,1641,,,,
0.0,8.0,0.0,0.25388575,0.0019621123,0.9824184,0.0007822495,-0.009383419,6.7528915,62.35547,0.02132764,0.8214107,62.35547,1642,FC128,collect,0,1642,,,,
0.0,8.0,0.0,0.24759151,0.0019580168,0.9843228,0.0026964918,-0.0063860253,6.7742977,61.285156,0.01913461,0.821911,61.285156,1643,FC128,collect,0,1643,,,,
0.0,7.9960938,0.0,0.28926665,0.0019539213,0.9858091,-0.007420271,-0.016290857,6.687579,65.42578,0.01887158,0.82241124,65.42578,1644,FC128,collect,0,1644,,,,
0.0,8.0,0.0,0.29573035,0.0019498258,0.98714113,-0.010245521,-0.018220795,6.6813293,65.93359,0.017103795,0.8229115,65.93359,1645,FC128,collect,0,1645,,,,
0.0,7.9765625,0.0,0.2691633,0.0019457298,0.98353666,-0.005389804,-0.015697477,6.703204,63.66797,0.021662785,0.82341176,63.66797,1646,FC128,collect,0,1646,,,,
0.0,7.9804688,0.0,0.26069427,0.0019416343,0.98338896,-0.0035397783,-0.0135889575,6.7110167,63.472656,0.021110704,0.82391196,63.472656,1647,FC128,collect,0,1647,,,,
0.0,8.0,0.0,0.25500873,0.0019375389,0.9849212,-0.001813495,-0.010480016,6.783751,60.8125,0.01832122,0.8244122,60.8125,1648,FC128,collect,0,1648,,,,
0.0,7.9765625,0.0,0.24686614,0.0019334434,0.9821586,0.0011577962,-0.008816675,6.76297,60.679688,0.020903546,0.8249125,60.679688,1649,FC128,collect,0,1649,,,,
0.0,7.9257812,0.0,0.25107998,0.0019293479,0.97694224,0.0039848783,-0.009945415,6.6871104,61.933594,0.028829427,0.82541275,61.933594,1650,FC128,collect,0,1650,,,,
0.0,8.0,0.0,0.25045818,0.0019252524,0.98527837,-0.0010202929,-0.009703094,6.8137507,59.3125,0.018329993,0.825913,59.3125,1651,FC128,collect,0,1651,,,,
0.0,8.0,0.0,0.24933352,0.0019211569,0.98628473,-0.0015142707,-0.0094064865,6.7828135,60.859375,0.01674245,0.8264132,60.859375,1652,FC128,collect,0,1652,,,,
0.0,8.0,0.0,0.24828807,0.0019170609,0.9857759,-0.0028603554,-0.011139718,6.8003917,59.98047,0.017510692,0.8269135,59.98047,1653,FC128,collect,0,1653,,,,
0.0,7.9726562,0.0,0.2519274,0.0019129654,0.9835152,-0.0040176963,-0.014160067,6.73547,61.859375,0.021248598,0.82741374,61.859375,1654,FC128,collect,0,1654,,,,
0.0,8.0,0.0,0.2481172,0.00190887,0.9858567,-0.0062456285,-0.014500924,6.782501,60.875,0.01745784,0.827914,60.875,1655,FC128,collect,0,1655,,,,
0.0,7.9921875,0.0,0.23625305,0.0019047745,0.9844903,-0.0018893585,-0.010858134,6.7858605,60.316406,0.01883757,0.82841426,60.316406,1656,FC128,collect,0,1656,,,,
0.0,8.0,0.0,0.24645895,0.001900679,0.9857112,-0.0042507555,-0.012641077,6.808673,59.566406,0.017717522,0.82891446,59.566406,1657,FC128,collect,0,1657,,,,
0.0,8.0,0.0,0.23537572,0.0018965835,0.98574644,-0.001847334,-0.0100045735,6.810626,59.46875,0.017207298,0.8294147,59.46875,1658,FC128,collect,0,1658,,,,
0.0,8.0,0.0,0.23612162,0.001892488,0.9846194,-0.004409013,-0.013342568,6.772501,61.375,0.018760825,0.829915,61.375,1659,FC128,collect,0,1659,,,,
0.0,7.96875,0.0,0.22655822,0.0018883925,0.9808618,-0.00048736285,-0.012179491,6.747423,61.066406,0.024239918,0.83041525,61.066406,1660,FC128,collect,0,1660,,,,
0.0,8.0,0.0,0.24406406,0.0018842965,0.985194,-0.0058827046,-0.014827113,6.7792196,61.039062,0.018808594,0.8309155,61.039062,1661,FC128,collect,0,1661,,,,
0.0,8.0,0.0,0.25627232,0.001880201,0.98571515,-0.0071450653,-0.0154794725,6.7629695,61.851562,0.017632501,0.8314157,61.851562,1662,FC128,collect,0,1662,,,,
0.0,8.0,0.0,0.25972396,0.0018761056,0.98625666,-0.006807443,-0.014851692,6.7525787,62.371094,0.017063037,0.831916,62.371094,1663,FC128,collect,0,1663,,,,
0.0,7.90625,0.0,0.22282988,0.0018720101,0.97364753,0.0049462863,-0.010618963,6.6374226,63.441406,0.03196478,0.83241624,63.441406,1664,FC128,collect,0,1664,,,,
0.0,8.0,0.0,0.24561217,0.0018679146,0.98518455,-0.005307584,-0.013852175,6.768673,61.566406,0.018006748,0.8329165,61.566406,1665,FC128,collect,0,1665,,,,
0.0,7.96875,0.0,0.24724449,0.0018638191,0.9812028,-0.0022511468,-0.013015556,6.720157,62.429688,0.022450456,0.83341676,62.429688,1666,FC128,collect,0,1666,,,,
0.0,8.0,0.0,0.24092765,0.0018597236,0.9854619,0.00013946043,-0.008092492,6.772188,61.390625,0.017360022,0.83391696,61.390625,1667,FC128,collect,0,1667,,,,
0.0,7.9648438,0.0,0.23886761,0.0018556276,0.98204625,-1.7996266e-05,-0.010517196,6.7262506,61.929688,0.021884898,0.8344172,61.929688,1668,FC128,collect,0,1668,,,,
0.0,8.0,0.0,0.24478094,0.0018515321,0.9866217,-0.0034212573,-0.011541238,6.790079,60.496094,0.017146401,0.8349175,60.496094,1669,FC128,collect,0,1669,,,,
0.0,7.9882812,0.0,0.23330273,0.0018474367,0.9848461,-0.0030050683,-0.012318593,6.786173,60.10547,0.019489074,0.83541775,60.10547,1670,FC128,collect,0,1670,,,,
0.0,7.921875,0.0,0.240144,0.0018433412,0.9791686,-0.0031399378,-0.016349394,6.6766415,62.26172,0.027304247,0.835918,62.26172,1671,FC128,collect,0,1671,,,,
0.0,7.9765625,0.0,0.279859,0.0018392457,0.9860984,-0.014558588,-0.023550104,6.667501,65.453125,0.019012492,0.8364182,65.453125,1672,FC128,collect,0,1672,,,,
0.0,7.9414062,0.0,0.2564167,0.0018351502,0.98075247,-0.006620483,-0.018380247,6.6317196,65.484375,0.024460655,0.8369185,65.484375,1673,FC128,collect,0,1673,,,,
0.0,8.0,0.0,0.25023744,0.0018310547,0.98563176,-0.0061737048,-0.0148677705,6.747423,62.628906,0.018304529,0.83741874,62.628906,1674,FC128,collect,0,1674,,,,
0.0,7.984375,0.0,0.23298629,0.0018269592,0.9838041,0.0019912277,-0.0073111462,6.755001,61.46875,0.01945606,0.837919,61.46875,1675,FC128,collect,0,1675,,,,
0.0,7.9492188,0.0,0.24118489,0.0018228632,0.9785199,0.0055311895,-0.0071840817,6.718438,61.539062,0.026309837,0.83841926,61.539062,1676,FC128,collect,0,1676,,,,
0.0,7.9570312,0.0,0.25675273,0.0018187677,0.97992575,0.00061057316,-0.011079942,6.685079,63.597656,0.024314977,0.83891946,63.597656,1677,FC128,collect,0,1677,,,,
0.0,7.9609375,0.0,0.22566189,0.0018146723,0.98112625,0.003551889,-0.0074718245,6.7581263,60.140625,0.022866432,0.8394197,60.140625,1678,FC128,collect,0,1678,,,,
0.0,7.9609375,0.0,0.24263735,0.0018105768,0.98143005,-0.0035578853,-0.014897063,6.72297,61.898438,0.023556983,0.83992,61.898438,1679,FC128,collect,0,1679,,,,
0.0,8.0,0.0,0.27907857,0.0018064813,0.98792964,-0.011934548,-0.019370902,6.7296886,63.515625,0.01588101,0.84042025,63.515625,1680,FC128,collect,0,1680,,,,
0.0,7.9921875,0.0,0.2654301,0.0018023858,0.98641586,-0.009519454,-0.017782206,6.7242975,63.39453,0.017482318,0.8409205,63.39453,1681,FC128,collect,0,1681,,,,
0.0,8.0,0.0,0.2393831,0.0017982903,0.98675686,-0.005511259,-0.013783183,6.8057036,59.714844,0.017404808,0.8414207,59.714844,1682,FC128,collect,0,1682,,,,
0.0,7.9726562,0.0,0.23887606,0.0017941943,0.9818467,-0.00286353,-0.013700908,6.743829,61.441406,0.022531936,0.841921,61.441406,1683,FC128,collect,0,1683,,,,
0.0,7.9765625,0.0,0.2323972,0.0017900988,0.9822291,-0.0012258409,-0.011760504,6.772735,60.191406,0.021901354,0.84242123,60.191406,1684,FC128,collect,0,1684,,,,
0.0,7.96875,0.0,0.24055617,0.0017860034,0.98228073,0.0017186635,-0.008730815,6.757579,60.558594,0.021758225,0.8429215,60.558594,1685,FC128,collect,0,1685,,,,
0.0,8.0,0.0,0.24040279,0.0017819079,0.98479253,-0.00091578235,-0.009607715,6.816251,59.1875,0.018240616,0.84342176,59.1875,1686,FC128,collect,0,1686,,,,
0.0,8.0,0.0,0.2395198,0.0017778124,0.9855782,-0.0014872729,-0.009894667,6.8030477,59.847656,0.017666431,0.843922,59.847656,1687,FC128,collect,0,1687,,,,
0.0,8.0,0.0,0.24190864,0.0017737169,0.9864647,-0.0039317994,-0.011874752,6.795001,60.25,0.01674406,0.8444222,60.25,1688,FC128,collect,0,1688,,,,
0.0,7.9804688,0.0,0.25231445,0.0017696214,0.9841394,-0.009015552,-0.018292775,6.7475786,61.64453,0.01944745,0.8449225,61.64453,1689,FC128,collect,0,1689,,,,
0.0,7.984375,0.0,0.247148,0.0017655259,0.9846249,-0.008840375,-0.018162047,6.744532,61.992188,0.019516038,0.84542274,61.992188,1690,FC128,collect,0,1690,,,,
0.0,7.9609375,0.0,0.23323517,0.00176143,0.9800535,-0.0017082556,-0.01359046,6.7254696,61.773438,0.024586063,0.845923,61.773438,1691,FC128,collect,0,1691,,,,
0.0,8.0,0.0,0.24745537,0.0017573345,0.9857518,-0.0030841467,-0.011518434,6.7954698,60.226562,0.017738298,0.84642327,60.226562,1692,FC128,collect,0,1692,,,,
0.0,7.9882812,0.0,0.23359275,0.001753239,0.9841031,0.000493784,-0.008488835,6.791954,59.816406,0.018784326,0.8469235,59.816406,1693,FC128,collect,0,1693,,,,
0.0,8.0,0.0,0.2389666,0.0017491435,0.98604697,2.0049541e-05,-0.007994417,6.8099227,59.503906,0.016864907,0.84742373,59.503906,1694,FC128,collect,0,1694,,,,
0.0,8.0,0.0,0.27280194,0.001745048,0.9869614,-0.010159655,-0.01785452,6.7360945,63.195312,0.016341833,0.847924,63.195312,1695,FC128,collect,0,1695,,,,
0.0,7.9960938,0.0,0.27315733,0.0017409525,0.98658425,-0.011510319,-0.019838773,6.687501,65.42969,0.017608015,0.84842426,65.42969,1696,FC128,collect,0,1696,,,,
0.0,8.0,0.0,0.2566017,0.001736857,0.9878649,-0.008850583,-0.016668178,6.756407,62.179688,0.016526552,0.8489245,62.179688,1697,FC128,collect,0,1697,,,,
0.0,7.9921875,0.0,0.23098396,0.001732761,0.98581254,-0.0024837689,-0.010829382,6.762892,61.464844,0.017491706,0.8494247,61.464844,1698,FC128,collect,0,1698,,,,
0.0,8.0,0.0,0.2409189,0.0017286655,0.9867835,-0.0008967727,-0.008665364,6.786251,60.6875,0.01637012,0.849925,60.6875,1699,FC128,collect,0,1699,,,,
0.0,8.0,0.0,0.23173095,0.0017245701,0.98558635,0.0016240113,-0.0069251815,6.810001,59.5,0.017897658,0.85042524,59.5,1700,FC128,collect,0,1700,,,,
0.0,7.9140625,0.0,0.23179291,0.0017204746,0.97642016,0.005236794,-0.008675908,6.664688,62.46875,0.02862299,0.8509255,62.46875,1701,FC128,collect,0,1701,,,,
0.0,8.0,0.0,0.24354511,0.0017163791,0.98748773,-0.0031654309,-0.01044761,6.7759385,61.203125,0.01540039,0.85142577,61.203125,1702,FC128,collect,0,1702,,,,
0.0,7.8945312,0.0,0.24527307,0.0017122836,0.97520685,0.0034862403,-0.012818684,6.6289854,63.277344,0.033449803,0.85192597,63.277344,1703,FC128,collect,0,1703,,,,
0.0,8.0,0.0,0.23507433,0.0017081881,0.9869311,-0.0024919652,-0.010333063,6.776251,61.1875,0.016485298,0.85242623,61.1875,1704,FC128,collect,0,1704,,,,
0.0,7.984375,0.0,0.23569307,0.0017040926,0.9859807,-0.0038882315,-0.01237945,6.7865634,59.890625,0.017785722,0.8529265,59.890625,1705,FC128,collect,0,1705,,,,
0.0,7.9257812,0.0,0.3102804,0.0016999966,0.9816601,-0.011154809,-0.023101823,6.520626,70.25781,0.02494898,0.85342675,70.25781,1706,FC128,collect,0,1706,,,,
0.0,7.9570312,0.0,0.3813467,0.0016959012,0.98901045,-0.025577132,-0.032642666,6.4437513,75.66406,0.015424523,0.853927,75.66406,1707,FC128,collect,0,1707,,,,
0.0,8.0,0.0,0.3241619,0.0016918057,0.98796624,-0.015041333,-0.022141889,6.6286726,68.56641,0.015297949,0.8544272,68.56641,1708,FC128,collect,0,1708,,,,
0.0,8.0,0.0,0.24781106,0.0016877102,0.98630184,-0.004425039,-0.012421539,6.7610946,61.945312,0.016829466,0.8549275,61.945312,1709,FC128,collect,0,1709,,,,
0.0,8.0,0.0,0.24265645,0.0016836147,0.9863294,-0.000479259,-0.008385064,6.8028135,59.859375,0.01662869,0.85542774,59.859375,1710,FC128,collect,0,1710,,,,
0.0,8.0,0.0,0.25667012,0.0016795192,0.98646134,-0.002629937,-0.010806239,6.763673,61.816406,0.01721477,0.855928,61.816406,1711,FC128,collect,0,1711,,,,
0.0,7.9765625,0.0,0.2344943,0.0016754237,0.98299944,-0.00045522003,-0.010843976,6.766876,60.484375,0.021563267,0.85642827,60.484375,1712,FC128,collect,0,1712,,,,
0.0,7.9960938,0.0,0.23046775,0.0016713277,0.9869561,-0.004675181,-0.012760355,6.782423,60.683594,0.016940722,0.85692847,60.683594,1713,FC128,collect,0,1713,,,,
0.0,7.9765625,0.0,0.26562846,0.0016672323,0.9854358,-0.010871596,-0.020319784,6.716407,63.007812,0.019782105,0.8574287,63.007812,1714,FC128,collect,0,1714,,,,
0.0,7.9375,0.0,0.34702972,0.0016631368,0.9860379,-0.023212895,-0.032803837,6.4471884,74.515625,0.0203362,0.857929,74.515625,1715,FC128,collect,0,1715,,,,
0.0,7.90625,0.0,0.43746966,0.0016590413,0.9896242,-0.038699836,-0.045140687,6.242032,83.21094,0.014333264,0.85842925,83.21094,1716,FC128,collect,0,1716,,,,
0.0,7.9804688,0.0,0.33831975,0.0016549458,0.98860675,-0.016414382,-0.023223989,6.590157,69.515625,0.014739012,0.8589295,69.515625,1717,FC128,collect,0,1717,,,,
0.0,8.0,0.0,0.24903661,0.0016508503,0.98555154,0.0017147581,-0.0063668755,6.782423,60.878906,0.016985511,0.8594297,60.878906,1718,FC128,collect,0,1718,,,,
0.0,8.0,0.0,0.2562968,0.0016467548,0.9849644,0.0030831879,-0.0054057864,6.745782,62.710938,0.017822064,0.85993,62.710938,1719,FC128,collect,0,1719,,,,
0.0,8.0,0.0,0.26902717,0.0016426593,0.9850542,0.00071883574,-0.007952953,6.712579,64.37109,0.018227417,0.86043024,64.37109,1720,FC128,collect,0,1720,,,,
0.0,7.9726562,0.0,0.26916805,0.0016385633,0.9828642,-0.00038961848,-0.01034684,6.6666417,65.30078,0.020796541,0.8609305,65.30078,1721,FC128,collect,0,1721,,,,
0.0,8.0,0.0,0.2440997,0.0016344679,0.98580474,0.00047971855,-0.0078582335,6.762892,61.85547,0.01747385,0.86143076,61.85547,1722,FC128,collect,0,1722,,,,
0.0,8.0,0.0,0.23183927,0.0016303724,0.9878853,-0.00033448785,-0.0075094923,6.8189077,59.054688,0.015105978,0.86193097,59.054688,1723,FC128,collect,0,1723,,,,
0.0,7.9609375,0.0,0.2550643,0.0016262769,0.9848033,-0.005434615,-0.015050664,6.690704,63.51172,0.020061707,0.8624312,63.51172,1724,FC128,collect,0,1724,,,,
0.0,7.9804688,0.0,0.2770666,0.0016221814,0.9881783,-0.012665239,-0.020509364,6.6884384,64.60156,0.016587155,0.8629315,64.60156,1725,FC128,collect,0,1725,,,,
0.0,7.96875,0.0,0.25500876,0.0016180859,0.98465425,-0.005929567,-0.016315052,6.7315636,61.859375,0.021596223,0.86343175,61.859375,1726,FC128,collect,0,1726,,,,
0.0,7.9726562,0.0,0.22162518,0.0016139904,0.98594445,-0.0028310106,-0.011692737,6.7425003,61.507812,0.018438855,0.863932,61.507812,1727,FC128,collect,0,1727,,,,
0.0,7.9960938,0.0,0.23131284,0.0016098944,0.9877595,-0.006469872,-0.0141228,6.7697663,61.316406,0.016050635,0.8644322,61.316406,1728,FC128,collect,0,1728,,,,
0.0,8.0,0.0,0.2722951,0.001605799,0.98722893,-0.008258173,-0.016178476,6.691251,65.4375,0.016715107,0.8649325,65.4375,1729,FC128,collect,0,1729,,,,
0.0,8.0,0.0,0.2620855,0.0016017035,0.98760337,-0.003987457,-0.011303641,6.7343755,63.28125,0.015471934,0.86543274,63.28125,1730,FC128,collect,0,1730,,,,
0.0,8.0,0.0,0.246827,0.001597608,0.9856031,0.00054059585,-0.007392332,6.7515635,62.421875,0.016654521,0.865933,62.421875,1731,FC128,collect,0,1731,,,,
0.0,8.0,0.0,0.2232433,0.0015935125,0.9865606,0.0038171504,-0.003892585,6.8265634,58.671875,0.016130952,0.86643326,58.671875,1732,FC128,collect,0,1732,,,,
0.0,7.9765625,0.0,0.23520517,0.001589417,0.9849196,-0.0003274611,-0.008839505,6.721485,62.753906,0.017771766,0.8669335,62.753906,1733,FC128,collect,0,1733,,,,
0.0,7.96875,0.0,0.22868502,0.0015853215,0.98308927,0.0019005876,-0.008273724,6.770235,59.92578,0.0210737,0.8674337,59.92578,1734,FC128,collect,0,1734,,,,
0.0,8.0,0.0,0.22559252,0.001581226,0.98695,-0.002886617,-0.010355245,6.7835164,60.82422,0.015650682,0.867934,60.82422,1735,FC128,collect,0,1735,,,,
0.0,8.0,0.0,0.22873074,0.00157713,0.98812664,-0.004185601,-0.011445019,6.7946105,60.26953,0.015240313,0.86843425,60.26953,1736,FC128,collect,0,1736,,,,
0.0,8.0,0.0,0.23737675,0.0015730346,0.9871895,-0.006924035,-0.01468019,6.774376,61.28125,0.016259113,0.8689345,61.28125,1737,FC128,collect,0,1737,,,,
0.0,8.0,0.0,0.23700677,0.0015689391,0.98837006,-0.0071119647,-0.014131393,6.7630477,61.847656,0.014782555,0.8694348,61.847656,1738,FC128,collect,0,1738,,,,
0.0,7.9335938,0.0,0.21782085,0.0015648436,0.9793664,0.0026204735,-0.009672361,6.6948442,61.9375,0.025267381,0.869935,61.9375,1739,FC128,collect,0,1739,,,,
0.0,8.0,0.0,0.2197923,0.0015607481,0.98693955,0.0012971238,-0.0061905477,6.819923,59.003906,0.015661424,0.87043524,59.003906,1740,FC128,collect,0,1740,,,,
0.0,8.0,0.0,0.22415118,0.0015566526,0.9870683,-0.000290709,-0.007722504,6.8071103,59.64453,0.015561441,0.8709355,59.64453,1741,FC128,collect,0,1741,,,,
0.0,7.9960938,0.0,0.21302548,0.0015525571,0.9872846,-0.0010572501,-0.0083401445,6.7903137,60.289062,0.015227257,0.87143576,60.289062,1742,FC128,collect,0,1742,,,,
0.0,7.9726562,0.0,0.21912174,0.0015484616,0.98576903,-0.0031245,-0.011788119,6.767032,60.28125,0.01800584,0.871936,60.28125,1743,FC128,collect,0,1743,,,,
0.0,7.96875,0.0,0.21046847,0.0015443657,0.9835729,4.6796777e-05,-0.010495984,6.786407,59.117188,0.021735642,0.8724362,59.117188,1744,FC128,collect,0,1744,,,,
0.0,7.9726562,0.0,0.21912207,0.0015402702,0.9850375,-0.0025025043,-0.011660143,6.7422667,61.51953,0.018990291,0.8729365,61.51953,1745,FC128,collect,0,1745,,,,
0.0,8.0,0.0,0.22128072,0.0015361747,0.9879774,-0.0037158993,-0.010766176,6.7961726,60.191406,0.014780404,0.87343675,60.191406,1746,FC128,collect,0,1746,,,,
0.0,8.0,0.0,0.2273994,0.0015320792,0.98857987,-0.00539249,-0.01224758,6.793516,60.32422,0.014406968,0.873937,60.32422,1747,FC128,collect,0,1747,,,,
0.0,8.0,0.0,0.22460556,0.0015279837,0.98867005,-0.0027527364,-0.009543233,6.826173,58.691406,0.014267379,0.8744373,58.691406,1748,FC128,collect,0,1748,,,,
0.0,8.0,0.0,0.22214209,0.0015238882,0.9886723,-0.004440384,-0.011249876,6.787892,60.60547,0.014296023,0.8749375,60.60547,1749,FC128,collect,0,1749,,,,
0.0,8.0,0.0,0.2241713,0.0015197927,0.9893285,-0.006516165,-0.013202343,6.8184385,59.078125,0.014053744,0.87543774,59.078125,1750,FC128,collect,0,1750,,,,
0.0,7.9921875,0.0,0.22327831,0.0015156968,0.98938847,-0.008086575,-0.014633224,6.802579,59.48047,0.013770143,0.875938,59.48047,1751,FC128,collect,0,1751,,,,
0.0,8.0,0.0,0.22291923,0.0015116013,0.98961776,-0.005552007,-0.012129719,6.803048,59.847656,0.013829355,0.87643826,59.847656,1752,FC128,collect,0,1752,,,,
0.0,7.96875,0.0,0.21240452,0.0015075058,0.9854809,-0.0024200848,-0.012095839,6.7730474,59.785156,0.01999191,0.8769385,59.785156,1753,FC128,collect,0,1753,,,,
0.0,7.9765625,0.0,0.22191325,0.0015034103,0.9858564,-0.0035557114,-0.011896209,6.766876,60.484375,0.017348249,0.8774387,60.484375,1754,FC128,collect,0,1754,,,,
0.0,8.0,0.0,0.22749856,0.0014993148,0.98730016,-0.00052650337,-0.008128968,6.8039856,59.80078,0.015887113,0.877939,59.80078,1755,FC128,collect,0,1755,,,,
0.0,8.0,0.0,0.2295511,0.0014952193,0.98763907,0.000561837,-0.006572452,6.7985945,60.070312,0.014955036,0.87843925,60.070312,1756,FC128,collect,0,1756,,,,
0.0,8.0,0.0,0.22390872,0.0014911238,0.98758376,0.00063609355,-0.006499435,6.8076572,59.617188,0.014938808,0.8789395,59.617188,1757,FC128,collect,0,1757,,,,
0.0,7.9804688,0.0,0.23887247,0.0014870283,0.9863532,-0.0026440602,-0.010680458,6.765626,60.742188,0.016783215,0.8794398,60.742188,1758,FC128,collect,0,1758,,,,
0.0,8.0,0.0,0.23484035,0.0014829324,0.9892813,-0.0040705493,-0.010599994,6.7663293,61.683594,0.013755394,0.87994,61.683594,1759,FC128,collect,0,1759,,,,
0.0,7.9570312,0.0,0.22749983,0.0014788369,0.98418707,-0.003376518,-0.012986742,6.7323446,61.234375,0.019893318,0.88044024,61.234375,1760,FC128,collect,0,1760,,,,
0.0,8.0,0.0,0.21780285,0.0014747414,0.9885668,-0.0024103685,-0.009393209,6.823517,58.82422,0.014608086,0.8809405,58.82422,1761,FC128,collect,0,1761,,,,
0.0,7.9765625,0.0,0.22054698,0.0014706459,0.98575264,-0.0034872503,-0.012514719,6.7473445,61.460938,0.01870363,0.88144076,61.460938,1762,FC128,collect,0,1762,,,,
0.0,7.9570312,0.0,0.20885867,0.0014665504,0.9843417,-0.001181948,-0.010891156,6.780157,58.84375,0.02003102,0.881941,58.84375,1763,FC128,collect,0,1763,,,,
0.0,7.984375,0.0,0.21215697,0.0014624549,0.98716336,-0.004259987,-0.012026692,6.814454,58.496094,0.01615395,0.8824412,58.496094,1764,FC128,collect,0,1764,,,,
0.0,8.0,0.0,0.21524273,0.0014583594,0.98831636,-0.0011691613,-0.008104845,6.8278913,58.60547,0.01449917,0.8829415,58.60547,1765,FC128,collect,0,1765,,,,
0.0,7.9765625,0.0,0.21412033,0.0014542635,0.9850779,-0.0011748044,-0.010274896,6.787345,59.460938,0.018822959,0.88344175,59.460938,1766,FC128,collect,0,1766,,,,
0.0,8.0,0.0,0.22483662,0.001450168,0.9880988,-0.0041815178,-0.011153097,6.8050013,59.75,0.014595261,0.883942,59.75,1767,FC128,collect,0,1767,,,,
0.0,7.9765625,0.0,0.22286783,0.0014460725,0.9848471,-0.002212295,-0.011103221,6.763204,60.66797,0.018426418,0.88444227,60.66797,1768,FC128,collect,0,1768,,,,
0.0,7.9804688,0.0,0.2286253,0.001441977,0.9860809,-0.0049855607,-0.013527197,6.7646885,60.789062,0.017742617,0.8849425,60.789062,1769,FC128,collect,0,1769,,,,
0.0,7.9726562,0.0,0.21428706,0.0014378815,0.9844023,-0.00027362228,-0.009658918,6.7917194,59.046875,0.01938683,0.88544273,59.046875,1770,FC128,collect,0,1770,,,,
0.0,8.0,0.0,0.21100153,0.001433786,0.98792756,0.0007346992,-0.0066681057,6.852267,57.38672,0.015410672,0.885943,57.38672,1771,FC128,collect,0,1771,,,,
0.0,8.0,0.0,0.20933606,0.0014296905,0.98770076,-0.0022405058,-0.009515249,6.853673,57.316406,0.0151480585,0.88644326,57.316406,1772,FC128,collect,0,1772,,,,
0.0,8.0,0.0,0.21763231,0.001425595,0.9881409,-0.005981159,-0.013592245,6.810313,59.484375,0.015842684,0.8869435,59.484375,1773,FC128,collect,0,1773,,,,
0.0,8.0,0.0,0.21328293,0.0014214991,0.98795575,-0.0072629363,-0.015063912,6.8386726,58.066406,0.016208313,0.8874438,58.066406,1774,FC128,collect,0,1774,,,,
0.0,8.0,0.0,0.2132888,0.0014174036,0.9893902,-0.0053807423,-0.012098903,6.820001,59.0,0.0140409535,0.887944,59.0,1775,FC128,collect,0,1775,,,,
0.0,7.9179688,0.0,0.21064028,0.0014133081,0.9793775,0.0012948294,-0.011272522,6.6790633,61.945312,0.025730101,0.88844424,61.945312,1776,FC128,collect,0,1776,,,,
0.0,7.9726562,0.0,0.21369234,0.0014092126,0.9842922,0.0027129347,-0.006374821,6.761407,60.5625,0.018777788,0.8889445,60.5625,1777,FC128,collect,0,1777,,,,
0.0,7.9648438,0.0,0.21034433,0.0014051171,0.98343396,0.0038558422,-0.0053320327,6.7542973,60.527344,0.018966867,0.88944477,60.527344,1778,FC128,collect,0,1778,,,,
0.0,8.0,0.0,0.20474508,0.0014010216,0.9862133,0.0021972249,-0.005680636,6.8578916,57.10547,0.016329426,0.88994503,57.10547,1779,FC128,collect,0,1779,,,,
0.0,7.9570312,0.0,0.20841345,0.0013969261,0.9827048,0.0020282555,-0.00805897,6.775079,59.097656,0.020756727,0.89044523,59.097656,1780,FC128,collect,0,1780,,,,
0.0,7.9765625,0.0,0.21063305,0.0013928302,0.98519444,-0.0025332842,-0.011455968,6.789376,59.359375,0.01843212,0.8909455,59.359375,1781,FC128,collect,0,1781,,,,
0.0,7.9726562,0.0,0.21412745,0.0013887347,0.9866453,-0.0031400337,-0.011631841,6.7893763,59.164062,0.017578347,0.89144576,59.164062,1782,FC128,collect,0,1782,,,,
0.0,7.9375,0.0,0.21313952,0.0013846392,0.9828046,-0.0019426179,-0.013338442,6.7414074,59.804688,0.02338189,0.891946,59.804688,1783,FC128,collect,0,1783,,,,
0.0,7.9492188,0.0,0.21902314,0.0013805437,0.98157865,-0.00328898,-0.015135799,6.716798,61.621094,0.02429838,0.8924463,61.621094,1784,FC128,collect,0,1784,,,,
0.0,7.9882812,0.0,0.22870629,0.0013764482,0.98771924,-0.0075021354,-0.014957231,6.751251,61.851562,0.015539795,0.8929465,61.851562,1785,FC128,collect,0,1785,,,,
0.0,8.0,0.0,0.20992962,0.0013723527,0.9880653,0.00029373885,-0.006845042,6.8627353,56.86328,0.014853757,0.89344674,56.86328,1786,FC128,collect,0,1786,,,,
0.0,8.0,0.0,0.22066109,0.0013682572,0.9883923,-0.0019588775,-0.008786354,6.8071885,59.640625,0.014258795,0.893947,59.640625,1787,FC128,collect,0,1787,,,,
0.0,8.0,0.0,0.21681283,0.0013641617,0.98786074,0.0002997483,-0.0071086506,6.8460946,57.695312,0.015408333,0.89444727,57.695312,1788,FC128,collect,0,1788,,,,
0.0,8.0,0.0,0.2173427,0.0013600658,0.98885334,-0.0051559187,-0.011838209,6.831329,58.433594,0.013955781,0.8949475,58.433594,1789,FC128,collect,0,1789,,,,
0.0,7.9726562,0.0,0.21866867,0.0013559703,0.9857548,-0.0033069497,-0.012573814,6.7707043,60.097656,0.019126745,0.89544773,60.097656,1790,FC128,collect,0,1790,,,,
0.0,8.0,0.0,0.21796271,0.0013518748,0.9891998,-0.008281716,-0.015361008,6.8396883,58.015625,0.014747901,0.895948,58.015625,1791,FC128,collect,0,1791,,,,
0.0,7.9960938,0.0,0.2268546,0.0013477793,0.9897289,-0.009480426,-0.016132431,6.7985168,59.878906,0.01391551,0.89644825,59.878906,1792,FC128,collect,0,1792,,,,
0.0,7.9804688,0.0,0.222434,0.0013436838,0.98685175,-0.0046459557,-0.012672877,6.791563,59.445312,0.016651604,0.8969485,59.445312,1793,FC128,collect,0,1793,,,,
0.0,7.9804688,0.0,0.21457894,0.0013395883,0.9869336,-0.0009364508,-0.008736696,6.7947664,59.285156,0.016175386,0.8974488,59.285156,1794,FC128,collect,0,1794,,,,
0.0,7.9726562,0.0,0.212048,0.0013354928,0.9842799,0.0018960593,-0.0075020413,6.801329,58.566406,0.019362578,0.897949,58.566406,1795,FC128,collect,0,1795,,,,
0.0,7.984375,0.0,0.2192236,0.0013313969,0.98677987,-0.0024329089,-0.010398741,6.799532,59.242188,0.016515411,0.89844924,59.242188,1796,FC128,collect,0,1796,,,,
0.0,7.9375,0.0,0.20860545,0.0013273014,0.9803513,0.0003348001,-0.011369815,6.7241416,60.66797,0.023962995,0.8989495,60.66797,1797,FC128,collect,0,1797,,,,
0.0,7.9921875,0.0,0.21199867,0.0013232059,0.9874606,-0.00096775754,-0.008538939,6.8137507,58.921875,0.015703399,0.89944977,58.921875,1798,FC128,collect,0,1798,,,,
0.0,7.9960938,0.0,0.20635052,0.0013191104,0.9868613,-0.0026064324,-0.010463487,6.8353915,58.035156,0.016258508,0.89995,58.035156,1799,FC128,collect,0,1799,,,,
0.0,7.9648438,0.0,0.20528044,0.0013150149,0.98270553,0.00060828845,-0.009521975,6.7727356,59.60547,0.020800421,0.9004502,59.60547,1800,FC128,collect,0,1800,,,,
0.0,7.9726562,0.0,0.20946366,0.0013109194,0.9837988,0.0016385217,-0.008308723,6.815548,57.85547,0.020443669,0.9009505,57.85547,1801,FC128,collect,0,1801,,,,
0.0,8.0,0.0,0.20843437,0.0013068239,0.9869333,-0.0033921704,-0.0111873485,6.8314075,58.429688,0.01613513,0.90145075,58.429688,1802,FC128,collect,0,1802,,,,
0.0,8.0,0.0,0.21907027,0.0013027284,0.9867392,-0.005061318,-0.013244493,6.8315635,58.421875,0.016937127,0.901951,58.421875,1803,FC128,collect,0,1803,,,,
0.0,7.953125,0.0,0.22082892,0.0012986325,0.98191684,-0.004708144,-0.01583151,6.7353916,60.88672,0.022820283,0.9024513,60.88672,1804,FC128,collect,0,1804,,,,
0.0,8.0,0.0,0.20986322,0.001294537,0.986181,-0.0019722558,-0.010683249,6.851798,57.410156,0.017965337,0.9029515,57.410156,1805,FC128,collect,0,1805,,,,
0.0,7.9453125,0.0,0.20623025,0.0012904415,0.97899556,0.0035122663,-0.009546514,6.7457037,59.98047,0.026649816,0.90345174,59.98047,1806,FC128,collect,0,1806,,,,
0.0,8.0,0.0,0.21416685,0.001286346,0.986046,-0.001337748,-0.009696754,6.8340635,58.296875,0.017268997,0.903952,58.296875,1807,FC128,collect,0,1807,,,,
0.0,7.921875,0.0,0.20279585,0.0012822505,0.9743224,0.0059132217,-0.0098715555,6.7072663,60.73047,0.032089625,0.90445226,60.73047,1808,FC128,collect,0,1808,,,,
0.0,7.9179688,0.0,0.21629216,0.001278155,0.9759772,0.0049271965,-0.00966602,6.6919537,61.30078,0.029739343,0.9049525,61.30078,1809,FC128,collect,0,1809,,,,
0.0,7.9882812,0.0,0.23367396,0.0012740595,0.9837791,-0.00027086824,-0.0097213,6.773204,60.753906,0.019496292,0.9054527,60.753906,1810,FC128,collect,0,1810,,,,
0.0,7.9765625,0.0,0.21600749,0.0012699636,0.9819546,0.0031734174,-0.007501855,6.806876,58.484375,0.021899188,0.905953,58.484375,1811,FC128,collect,0,1811,,,,
0.0,7.9921875,0.0,0.20609945,0.0012658681,0.98468786,0.0017250013,-0.007328615,6.807735,59.222656,0.018629022,0.90645325,59.222656,1812,FC128,collect,0,1812,,,,
0.0,7.9882812,0.0,0.19707051,0.0012617726,0.98439103,-0.0013416044,-0.010959453,6.840235,57.402344,0.019733014,0.9069535,57.402344,1813,FC128,collect,0,1813,,,,
0.0,7.9882812,0.0,0.2193655,0.0012576771,0.9859673,-0.0065566353,-0.015593323,6.7746105,60.683594,0.018625157,0.9074538,60.683594,1814,FC128,collect,0,1814,,,,
0.0,8.0,0.0,0.21075752,0.0012535816,0.98730844,-0.007841177,-0.01631839,6.8457823,57.710938,0.017482828,0.90795404,57.710938,1815,FC128,collect,0,1815,,,,
0.0,8.0,0.0,0.20996411,0.0012494861,0.98727787,-0.007200321,-0.015802227,6.861329,56.933594,0.017728506,0.90845424,56.933594,1816,FC128,collect,0,1816,,,,
0.0,7.9882812,0.0,0.22239296,0.0012453906,0.9868219,-0.008738471,-0.017464098,6.794298,59.69922,0.018005185,0.9089545,59.69922,1817,FC128,collect,0,1817,,,,
0.0,7.9609375,0.0,0.20145476,0.0012412951,0.9840808,-0.0010787267,-0.011153409,6.7909384,58.5,0.020649495,0.90945476,58.5,1818,FC128,collect,0,1818,,,,
0.0,7.9726562,0.0,0.20367333,0.0012371992,0.9843886,0.0024391718,-0.0074375346,6.79086,59.089844,0.020257382,0.909955,59.089844,1819,FC128,collect,0,1819,,,,
0.0,8.0,0.0,0.2221243,0.0012331037,0.9866984,-0.0005973069,-0.008508286,6.800157,59.992188,0.016369764,0.9104553,59.992188,1820,FC128,collect,0,1820,,,,
0.0,7.9140625,0.0,0.21518697,0.0012290082,0.97836375,0.0035723972,-0.009349871,6.6792192,61.742188,0.02637347,0.9109555,61.742188,1821,FC128,collect,0,1821,,,,
0.0,7.9882812,0.0,0.21356162,0.0012249127,0.9854981,0.0012129073,-0.0070784045,6.7864075,60.09375,0.017105812,0.91145575,60.09375,1822,FC128,collect,0,1822,,,,
0.0,7.9726562,0.0,0.20610313,0.0012208172,0.98358864,0.0028696323,-0.0070524616,6.806017,58.33203,0.020347416,0.911956,58.33203,1823,FC128,collect,0,1823,,,,
0.0,8.0,0.0,0.21632595,0.0012167217,0.9880883,-0.003149834,-0.010413787,6.8254695,58.726562,0.015054324,0.9124563,58.726562,1824,FC128,collect,0,1824,,,,
0.0,7.96875,0.0,0.21471865,0.0012126262,0.98637265,-0.004465985,-0.013278337,6.784298,59.222656,0.018145451,0.91295654,59.222656,1825,FC128,collect,0,1825,,,,
0.0,8.0,0.0,0.21579021,0.0012085303,0.98944074,-0.0060932203,-0.013064929,6.8667974,56.660156,0.014464996,0.91345674,56.660156,1826,FC128,collect,0,1826,,,,
0.0,7.9804688,0.0,0.21327744,0.0012044348,0.98625803,-0.005391303,-0.014707163,6.8215637,57.945312,0.019145478,0.913957,57.945312,1827,FC128,collect,0,1827,,,,
0.0,7.9648438,0.0,0.20942003,0.0012003393,0.983661,-0.0035067713,-0.013747399,6.802657,58.109375,0.020984005,0.91445726,58.109375,1828,FC128,collect,0,1828,,,,
0.0,8.0,0.0,0.21124236,0.0011962438,0.9874414,-0.0011296456,-0.008744629,6.86922,56.539062,0.015735362,0.9149575,56.539062,1829,FC128,collect,0,1829,,,,
0.0,7.9765625,0.0,0.2193606,0.0011921483,0.9848524,-0.0021016733,-0.011028551,6.769141,60.371094,0.018376775,0.9154578,60.371094,1830,FC128,collect,0,1830,,,,
0.0,7.9492188,0.0,0.20617838,0.0011880528,0.9800425,0.0045845085,-0.00763143,6.759532,59.484375,0.024921779,0.915958,59.484375,1831,FC128,collect,0,1831,,,,
0.0,7.9765625,0.0,0.2181576,0.0011839573,0.9831041,0.0041167466,-0.005837501,6.775938,60.03125,0.020425074,0.91645825,60.03125,1832,FC128,collect,0,1832,,,,
0.0,7.9726562,0.0,0.20184736,0.0011798618,0.9818198,0.0017858122,-0.008243108,6.78047,59.609375,0.020534145,0.9169585,59.609375,1833,FC128,collect,0,1833,,,,
0.0,8.0,0.0,0.20840895,0.0011757659,0.98618203,0.00072236557,-0.0075277193,6.84922,57.539062,0.01699025,0.9174588,57.539062,1834,FC128,collect,0,1834,,,,
0.0,7.9726562,0.0,0.21529397,0.0011716704,0.9833892,-0.00279718,-0.012928483,6.767735,60.246094,0.020767113,0.91795903,60.246094,1835,FC128,collect,0,1835,,,,
0.0,7.9414062,0.0,0.20744467,0.0011675749,0.97906214,0.0033722436,-0.010081033,6.7729697,58.421875,0.027390968,0.91845924,58.421875,1836,FC128,collect,0,1836,,,,
0.0,7.96875,0.0,0.20241323,0.0011634794,0.9819811,0.0017773247,-0.009440185,6.82836,57.01953,0.022906026,0.9189595,57.01953,1837,FC128,collect,0,1837,,,,
0.0,8.0,0.0,0.208604,0.0011593839,0.9846573,-0.00067245937,-0.009759738,6.8545322,57.273438,0.018658262,0.91945976,57.273438,1838,FC128,collect,0,1838,,,,
0.0,8.0,0.0,0.20104398,0.0011552884,0.9854416,-0.0016464418,-0.01032229,6.8647666,56.76172,0.017816223,0.91996,56.76172,1839,FC128,collect,0,1839,,,,
0.0,7.9726562,0.0,0.2062722,0.0011511929,0.98089236,-0.00076819933,-0.012060648,6.806798,58.29297,0.023059815,0.9204603,58.29297,1840,FC128,collect,0,1840,,,,
0.0,7.9765625,0.0,0.20483081,0.001147097,0.9833189,-0.0011542311,-0.011275615,6.820704,57.79297,0.020712689,0.9209605,57.79297,1841,FC128,collect,0,1841,,,,
0.0,8.0,0.0,0.20243204,0.0011430015,0.98418987,-0.0009241537,-0.010477719,6.8804693,55.976562,0.01956989,0.92146075,55.976562,1842,FC128,collect,0,1842,,,,
0.0,7.9960938,0.0,0.21855979,0.001138906,0.98534465,-0.008372388,-0.01749955,6.8253136,58.539062,0.018752161,0.921961,58.539062,1843,FC128,collect,0,1843,,,,
0.0,7.9414062,0.0,0.2041337,0.0011348105,0.97755384,9.7096345e-05,-0.0145899905,6.762657,58.9375,0.02983748,0.9224613,58.9375,1844,FC128,collect,0,1844,,,,
0.0,7.9765625,0.0,0.21767898,0.001130715,0.98280877,-0.002697739,-0.013676853,6.7985163,58.902344,0.022450494,0.92296153,58.902344,1845,FC128,collect,0,1845,,,,
0.0,8.0,0.0,0.22668359,0.0011266195,0.9862076,-0.0060174484,-0.0151392585,6.8104696,59.476562,0.018754393,0.92346174,59.476562,1846,FC128,collect,0,1846,,,,
0.0,8.0,0.0,0.21462913,0.001122524,0.98632795,-0.0028381215,-0.011308599,6.82961,58.51953,0.017422808,0.923962,58.51953,1847,FC128,collect,0,1847,,,,
0.0,7.921875,0.0,0.20469546,0.0011184285,0.977499,0.0028082882,-0.011851059,6.7432823,58.929688,0.02977657,0.92446226,58.929688,1848,FC128,collect,0,1848,,,,
0.0,7.9726562,0.0,0.21165876,0.0011143326,0.98113257,-6.481528e-05,-0.010856916,6.764845,60.390625,0.022055918,0.9249625,60.390625,1849,FC128,collect,0,1849,,,,
0.0,7.9648438,0.0,0.20238802,0.0011102371,0.98142165,0.005136833,-0.006393972,6.8198447,57.25,0.023511007,0.9254628,57.25,1850,FC128,collect,0,1850,,,,
0.0,8.0,0.0,0.21825077,0.0011061416,0.986493,-0.0018067711,-0.009958543,6.8488293,57.558594,0.016786376,0.925963,57.558594,1851,FC128,collect,0,1851,,,,
0.0,7.9921875,0.0,0.23401895,0.0011020461,0.9866255,-0.0030051179,-0.011414725,6.791095,60.054688,0.017335014,0.92646325,60.054688,1852,FC128,collect,0,1852,,,,
0.0,7.9921875,0.0,0.2233898,0.0010979506,0.98652154,-0.0024743292,-0.010905846,6.8021884,59.5,0.017353576,0.9269635,59.5,1853,FC128,collect,0,1853,,,,
0.0,7.9960938,0.0,0.24333012,0.0010938551,0.9893291,-0.009715546,-0.016877905,6.824845,58.5625,0.014857055,0.92746377,58.5625,1854,FC128,collect,0,1854,,,,
0.0,7.9335938,0.0,0.3154752,0.0010897596,0.98554784,-0.02096616,-0.030926878,6.57211,68.07422,0.020609021,0.92796403,68.07422,1855,FC128,collect,0,1855,,,,
0.0,7.96875,0.0,0.3181232,0.0010856641,0.9903538,-0.022422781,-0.02920555,6.647423,66.06641,0.014256286,0.9284643,66.06641,1856,FC128,collect,0,1856,,,,
0.0,7.9726562,0.0,0.2394092,0.0010815682,0.98610073,-0.0055460976,-0.014770886,6.784298,59.41797,0.018967452,0.9289645,59.41797,1857,FC128,collect,0,1857,,,,
0.0,7.9960938,0.0,0.2156248,0.0010774727,0.98768055,-1.4860416e-05,-0.00761073,6.8417196,57.71875,0.015656399,0.92946476,57.71875,1858,FC128,collect,0,1858,,,,
0.0,8.0,0.0,0.22530004,0.0010733772,0.9875567,-0.0014166348,-0.009172613,6.823517,58.82422,0.01599562,0.929965,58.82422,1859,FC128,collect,0,1859,,,,
0.0,8.0,0.0,0.22287858,0.0010692817,0.9891616,-0.003383261,-0.010477039,6.839923,58.003906,0.014664196,0.9304653,58.003906,1860,FC128,collect,0,1860,,,,
0.0,7.984375,0.0,0.2393906,0.0010651862,0.98824465,-0.004302044,-0.012023941,6.7629695,61.070312,0.015953785,0.93096554,61.070312,1861,FC128,collect,0,1861,,,,
0.0,7.9921875,0.0,0.25906888,0.0010610907,0.99031234,-0.009807411,-0.01652213,6.741329,62.54297,0.013979229,0.93146574,62.54297,1862,FC128,collect,0,1862,,,,
0.0,7.9726562,0.0,0.22183321,0.0010569952,0.9855761,-0.0015035452,-0.010860064,6.7953134,58.867188,0.019181991,0.931966,58.867188,1863,FC128,collect,0,1863,,,,
0.0,7.9570312,0.0,0.21023165,0.0010528993,0.983081,0.0045708423,-0.006132678,6.7953134,58.085938,0.021849746,0.93246627,58.085938,1864,FC128,collect,0,1864,,,,
0.0,7.953125,0.0,0.2185287,0.0010488038,0.98190737,0.006392545,-0.004806269,6.769141,59.19922,0.022856016,0.93296653,59.19922,1865,FC128,collect,0,1865,,,,
0.0,8.0,0.0,0.21033172,0.0010447083,0.9862889,0.002418756,-0.005906167,6.8578134,57.109375,0.017089317,0.9334668,57.109375,1866,FC128,collect,0,1866,,,,
0.0,8.0,0.0,0.21200547,0.0010406128,0.9874992,0.0009500923,-0.006877483,6.8065634,59.671875,0.016096381,0.933967,59.671875,1867,FC128,collect,0,1867,,,,
0.0,7.953125,0.0,0.21412335,0.0010365173,0.9831781,0.001885348,-0.00870087,6.7605476,59.628906,0.021616321,0.93446726,59.628906,1868,FC128,collect,0,1868,,,,
0.0,7.953125,0.0,0.21301995,0.0010324218,0.9815216,0.0016840536,-0.009689105,6.7417197,60.570312,0.02318617,0.9349675,60.570312,1869,FC128,collect,0,1869,,,,
0.0,7.9570312,0.0,0.21710296,0.0010283263,0.9819732,0.0017194583,-0.009112028,6.747032,60.5,0.022109479,0.9354678,60.5,1870,FC128,collect,0,1870,,,,
0.0,7.9882812,0.0,0.20513181,0.0010242308,0.98491573,0.002046691,-0.0064661787,6.8435946,57.234375,0.017445944,0.93596804,57.234375,1871,FC128,collect,0,1871,,,,
0.0,8.0,0.0,0.21352996,0.0010201349,0.9867294,-0.0010456182,-0.008621038,6.8376575,58.117188,0.015586498,0.93646824,58.117188,1872,FC128,collect,0,1872,,,,
0.0,8.0,0.0,0.21205951,0.0010160394,0.98684424,-0.001098132,-0.008965399,6.8514853,57.42578,0.016165456,0.9369685,57.42578,1873,FC128,collect,0,1873,,,,
0.0,7.9804688,0.0,0.21237859,0.0010119439,0.98563826,-0.002449255,-0.011307255,6.817579,58.14453,0.018145831,0.93746877,58.14453,1874,FC128,collect,0,1874,,,,
0.0,7.9804688,0.0,0.22373539,0.0010078484,0.98448724,-0.0063892645,-0.016143657,6.800001,59.023438,0.019959768,0.937969,59.023438,1875,FC128,collect,0,1875,,,,
0.0,7.9765625,0.0,0.21711223,0.0010037529,0.9833145,-0.008735688,-0.019631082,6.784766,59.589844,0.022226641,0.9384693,59.589844,1876,FC128,collect,0,1876,,,,
0.0,7.96875,0.0,0.20904382,0.0009996574,0.9807814,-0.0029384831,-0.015146073,6.818282,57.523438,0.024833124,0.9389695,57.523438,1877,FC128,collect,0,1877,,,,
0.0,8.0,0.0,0.20888844,0.000995562,0.9851706,-0.0039496487,-0.01304186,6.849454,57.527344,0.018600347,0.93946975,57.527344,1878,FC128,collect,0,1878,,,,
0.0,8.0,0.0,0.22452156,0.000991466,0.9860198,-0.0067042056,-0.015374112,6.818985,59.05078,0.017785024,0.93997,59.05078,1879,FC128,collect,0,1879,,,,
0.0,7.9414062,0.0,0.20794034,0.0009873705,0.9772845,-0.0002668848,-0.014400434,6.748204,59.660156,0.028677726,0.9404703,59.660156,1880,FC128,collect,0,1880,,,,
0.0,8.0,0.0,0.21022093,0.000983275,0.98470914,-0.0011081637,-0.0101387715,6.8096104,59.51953,0.018474625,0.94097054,59.51953,1881,FC128,collect,0,1881,,,,
0.0,8.0,0.0,0.20203415,0.0009791795,0.9855601,0.0008717823,-0.008129355,6.872813,56.359375,0.01839793,0.94147074,56.359375,1882,FC128,collect,0,1882,,,,
0.0,7.9726562,0.0,0.20412982,0.000975084,0.98160607,0.0003158296,-0.010602069,6.8028135,58.492188,0.022233885,0.941971,58.492188,1883,FC128,collect,0,1883,,,,
0.0,8.0,0.0,0.20219201,0.00097098853,0.9863733,-0.0022920328,-0.010925576,6.852032,57.398438,0.017659739,0.94247127,57.398438,1884,FC128,collect,0,1884,,,,
0.0,7.9960938,0.0,0.20195763,0.00096689304,0.98670036,-0.004091884,-0.012958363,6.8239074,58.609375,0.0181235,0.9429715,58.609375,1885,FC128,collect,0,1885,,,,
0.0,8.0,0.0,0.21329817,0.00096279755,0.9881496,-0.007319508,-0.015214009,6.809767,59.51172,0.016199728,0.9434718,59.51172,1886,FC128,collect,0,1886,,,,
0.0,8.0,0.0,0.20482312,0.0009587016,0.98786545,-0.00503323,-0.013314841,6.8496103,57.51953,0.016955951,0.943972,57.51953,1887,FC128,collect,0,1887,,,,
0.0,7.953125,0.0,0.19389606,0.0009546061,0.9830982,-0.00065218896,-0.012248826,6.78586,58.36328,0.023563463,0.94447225,58.36328,1888,FC128,collect,0,1888,,,,
0.0,8.0,0.0,0.20131691,0.0009505106,0.9881758,-0.0042089703,-0.011839627,6.8492193,57.539062,0.015644021,0.9449725,57.539062,1889,FC128,collect,0,1889,,,,
0.0,8.0,0.0,0.19841446,0.0009464151,0.98862773,-0.0019421432,-0.009143723,6.8764853,56.17578,0.014778725,0.9454728,56.17578,1890,FC128,collect,0,1890,,,,
0.0,7.9453125,0.0,0.2150069,0.00094231963,0.98133373,-0.0003373266,-0.0123550845,6.7287507,60.828125,0.024440726,0.94597304,60.828125,1891,FC128,collect,0,1891,,,,
0.0,8.0,0.0,0.21660818,0.00093822414,0.9881745,-0.003449619,-0.011016753,6.840391,57.98047,0.015540721,0.94647324,57.98047,1892,FC128,collect,0,1892,,,,
0.0,7.9921875,0.0,0.1957203,0.00093412865,0.9872265,0.0011060936,-0.00689877,6.829454,58.13672,0.016375383,0.9469735,58.13672,1893,FC128,collect,0,1893,,,,
0.0,8.0,0.0,0.21966252,0.0009300327,0.9877862,-0.0038026099,-0.011640948,6.7917194,60.414062,0.016085263,0.94747376,60.414062,1894,FC128,collect,0,1894,,,,
0.0,8.0,0.0,0.21870972,0.0009259372,0.9887805,-0.0044874214,-0.011837012,6.8325787,58.371094,0.015104204,0.947974,58.371094,1895,FC128,collect,0,1895,,,,
0.0,8.0,0.0,0.23169239,0.0009218417,0.9889938,-0.007842804,-0.015014646,6.8172665,59.13672,0.01477085,0.9484743,59.13672,1896,FC128,collect,0,1896,,,,
0.0,8.0,0.0,0.2369752,0.0009177462,0.9889464,-0.006631815,-0.013931248,6.8260946,58.695312,0.015033833,0.9489745,58.695312,1897,FC128,collect,0,1897,,,,
0.0,8.0,0.0,0.20563844,0.0009136507,0.988157,-0.0022904403,-0.009913307,6.86586,56.70703,0.015621496,0.94947475,56.70703,1898,FC128,collect,0,1898,,,,
0.0,8.0,0.0,0.20709711,0.00090955524,0.9874176,-0.0021669182,-0.010534589,6.858204,57.089844,0.017112074,0.949975,57.089844,1899,FC128,collect,0,1899,,,,
0.0,7.9609375,0.0,0.21000266,0.00090545975,0.9832636,-0.00045462314,-0.011268739,6.7939854,58.347656,0.022008529,0.9504753,58.347656,1900,FC128,collect,0,1900,,,,
0.0,8.0,0.0,0.22585672,0.00090136426,0.9870782,-0.0028199335,-0.011048934,6.8078136,59.609375,0.01686516,0.95097554,59.609375,1901,FC128,collect,0,1901,,,,
0.0,8.0,0.0,0.22479035,0.0008972683,0.9874182,-8.9710375e-05,-0.007894813,6.8362503,58.1875,0.0160136,0.9514758,58.1875,1902,FC128,collect,0,1902,,,,
0.0,7.9648438,0.0,0.20874073,0.0008931728,0.98257494,0.0045604715,-0.0065323124,6.806407,57.921875,0.02255845,0.951976,57.921875,1903,FC128,collect,0,1903,,,,
0.0,7.9726562,0.0,0.20453699,0.0008890773,0.98218995,0.0015972041,-0.009322312,6.8264074,57.3125,0.02220273,0.95247626,57.3125,1904,FC128,collect,0,1904,,,,
0.0,7.9804688,0.0,0.2034084,0.0008849818,0.9840647,0.00089847,-0.00887123,6.8275013,57.648438,0.019899426,0.9529765,57.648438,1905,FC128,collect,0,1905,,,,
0.0,7.9492188,0.0,0.20055255,0.00088088633,0.98014474,0.0027507744,-0.009908337,6.7878914,58.066406,0.025671551,0.9534768,58.066406,1906,FC128,collect,0,1906,,,,
0.0,8.0,0.0,0.20875104,0.00087679084,0.98635834,-0.00075437594,-0.009023893,6.8611727,56.941406,0.016905095,0.95397705,56.941406,1907,FC128,collect,0,1907,,,,
0.0,8.0,0.0,0.21171851,0.0008726949,0.9867542,-0.0040826383,-0.0122956075,6.848907,57.554688,0.01679547,0.95447725,57.554688,1908,FC128,collect,0,1908,,,,
0.0,7.9726562,0.0,0.1998644,0.00086859986,0.98249614,0.0014721015,-0.009052444,6.8326573,57.0,0.021396296,0.9549775,57.0,1909,FC128,collect,0,1909,,,,
0.0,7.9921875,0.0,0.20169698,0.0008645039,0.985314,-0.00017181321,-0.009016787,6.848126,57.203125,0.018038683,0.9554778,57.203125,1910,FC128,collect,0,1910,,,,
0.0,7.9921875,0.0,0.21426317,0.0008604089,0.9849749,-0.0041223974,-0.012935346,6.813204,58.94922,0.017994605,0.95597804,58.94922,1911,FC128,collect,0,1911,,,,
0.0,7.9921875,0.0,0.22651438,0.0008563129,0.98365974,-0.005190005,-0.015040373,6.78211,60.503906,0.02008867,0.9564783,60.503906,1912,FC128,collect,0,1912,,,,
0.0,8.0,0.0,0.23919906,0.00085221697,0.9854423,-0.008416383,-0.017312549,6.769845,61.507812,0.018200032,0.9569785,61.507812,1913,FC128,collect,0,1913,,,,
0.0,8.0,0.0,0.21371308,0.00084812194,0.98509645,-0.0055463137,-0.014553233,6.8227353,58.86328,0.018376349,0.95747876,58.86328,1914,FC128,collect,0,1914,,,,
0.0,8.0,0.0,0.19173917,0.000844026,0.9832734,4.2223663e-05,-0.010358674,6.845704,57.714844,0.021125462,0.957979,57.714844,1915,FC128,collect,0,1915,,,,
0.0,8.0,0.0,0.20173138,0.00083993096,0.98373616,-0.0021861217,-0.012222211,6.845235,57.73828,0.02041106,0.9584793,57.73828,1916,FC128,collect,0,1916,,,,
0.0,8.0,0.0,0.21663645,0.000835835,0.98564965,-0.0058875084,-0.015042661,6.837657,58.117188,0.01867245,0.95897955,58.117188,1917,FC128,collect,0,1917,,,,
0.0,8.0,0.0,0.20493814,0.00083174,0.98536646,-0.0033385642,-0.01239891,6.8465633,57.671875,0.018461602,0.95947975,57.671875,1918,FC128,collect,0,1918,,,,
0.0,7.9570312,0.0,0.21190824,0.000827644,0.9800286,-0.0011728134,-0.013725478,6.7779694,58.953125,0.025456099,0.95998,58.953125,1919,FC128,collect,0,1919,,,,
0.0,7.9101562,0.0,0.21323976,0.00082354806,0.9767164,-0.0007997707,-0.016162474,6.700704,60.472656,0.031076632,0.9604803,60.472656,1920,FC128,collect,0,1920,,,,
0.0,7.9726562,0.0,0.21141036,0.00081945304,0.98339486,-0.00056892534,-0.011314108,6.8046103,58.402344,0.021836847,0.96098053,58.402344,1921,FC128,collect,0,1921,,,,
0.0,8.0,0.0,0.20766707,0.0008153571,0.9851904,1.4603283e-06,-0.009185277,6.8344545,58.277344,0.01871212,0.9614808,58.277344,1922,FC128,collect,0,1922,,,,
0.0,8.0,0.0,0.19850288,0.00081126206,0.985591,0.0006196824,-0.008292844,6.8378916,58.10547,0.018147128,0.961981,58.10547,1923,FC128,collect,0,1923,,,,
0.0,8.0,0.0,0.19684032,0.0008071661,0.9868659,-0.0012115055,-0.00975074,6.875626,56.21875,0.017396234,0.96248126,56.21875,1924,FC128,collect,0,1924,,,,
0.0,8.0,0.0,0.19739854,0.0008030711,0.9873652,-0.00409712,-0.01263623,6.842032,57.898438,0.017395271,0.9629815,57.898438,1925,FC128,collect,0,1925,,,,
0.0,8.0,0.0,0.20284076,0.0007989751,0.9879657,-0.008064427,-0.016397402,6.835001,58.25,0.016990079,0.9634818,58.25,1926,FC128,collect,0,1926,,,,
0.0,7.9570312,0.0,0.21117875,0.0007948801,0.98368543,-0.0020844836,-0.013864949,6.767188,59.492188,0.023896655,0.96398205,59.492188,1927,FC128,collect,0,1927,,,,
0.0,8.0,0.0,0.2115545,0.00079078414,0.9886424,-0.004453909,-0.012422011,6.8268757,58.65625,0.016270792,0.96448225,58.65625,1928,FC128,collect,0,1928,,,,
0.0,8.0,0.0,0.20661308,0.0007866882,0.9887151,-0.005288141,-0.012951529,6.853204,57.339844,0.015651856,0.9649825,57.339844,1929,FC128,collect,0,1929,,,,
0.0,7.9765625,0.0,0.21120034,0.00078259315,0.98634976,-0.0036414408,-0.012856557,6.812032,58.226562,0.0187608,0.9654828,58.226562,1930,FC128,collect,0,1930,,,,
0.0,7.921875,0.0,0.23273924,0.0007784972,0.9794386,-0.00063138816,-0.013933537,6.6710167,62.54297,0.02696667,0.96598303,62.54297,1931,FC128,collect,0,1931,,,,
0.0,7.9804688,0.0,0.22857022,0.0007744022,0.98330206,0.00093307253,-0.009207235,6.760313,61.007812,0.020634625,0.9664833,61.007812,1932,FC128,collect,0,1932,,,,
0.0,8.0,0.0,0.21527436,0.0007703062,0.9846182,0.003862441,-0.005279558,6.8401575,57.992188,0.018615652,0.9669835,57.992188,1933,FC128,collect,0,1933,,,,
0.0,7.9765625,0.0,0.21367972,0.0007662112,0.9803142,0.0069756676,-0.0045556473,6.7886724,59.39453,0.023390077,0.96748376,59.39453,1934,FC128,collect,0,1934,,,,
0.0,7.9570312,0.0,0.21419616,0.00076211523,0.9793667,0.0065594492,-0.0056750868,6.7878137,58.460938,0.024795556,0.967984,58.460938,1935,FC128,collect,0,1935,,,,
0.0,8.0,0.0,0.22117351,0.0007580193,0.98735464,-0.0006059584,-0.008608058,6.8589854,57.05078,0.016339507,0.9684843,57.05078,1936,FC128,collect,0,1936,,,,
0.0,7.9726562,0.0,0.2176211,0.00075392425,0.9829837,-0.0014823644,-0.012530534,6.78211,59.527344,0.022424478,0.96898454,59.527344,1937,FC128,collect,0,1937,,,,
0.0,7.953125,0.0,0.22746958,0.0007498283,0.9834283,-0.00460017,-0.015925856,6.7529697,60.007812,0.0229925,0.96948475,60.007812,1938,FC128,collect,0,1938,,,,
0.0,8.0,0.0,0.2225066,0.00074573327,0.9887474,-0.0066799917,-0.014330803,6.8381257,58.09375,0.015633484,0.969985,58.09375,1939,FC128,collect,0,1939,,,,
0.0,7.9960938,0.0,0.23610328,0.0007416373,0.98791,-0.010072695,-0.018333515,6.8110166,59.253906,0.016871845,0.97048527,59.253906,1940,FC128,collect,0,1940,,,,
0.0,8.0,0.0,0.23938866,0.0007375423,0.988003,-0.0076985164,-0.0156018725,6.8298445,58.507812,0.01615983,0.97098553,58.507812,1941,FC128,collect,0,1941,,,,
0.0,8.0,0.0,0.24291891,0.00073344633,0.98821986,-0.0069301543,-0.0146448715,6.819063,59.046875,0.01578577,0.9714858,59.046875,1942,FC128,collect,0,1942,,,,
0.0,8.0,0.0,0.20497577,0.0007293504,0.9851545,0.0027650953,-0.0064307833,6.889063,55.546875,0.018690756,0.97198606,55.546875,1943,FC128,collect,0,1943,,,,
0.0,8.0,0.0,0.21055762,0.00072525535,0.9858037,0.0021345778,-0.0064683617,6.865079,56.746094,0.017511295,0.97248626,56.746094,1944,FC128,collect,0,1944,,,,
0.0,8.0,0.0,0.21390992,0.0007211594,0.9858734,0.0035620758,-0.0050909943,6.854688,57.265625,0.017614666,0.9729865,57.265625,1945,FC128,collect,0,1945,,,,
0.0,8.0,0.0,0.19775507,0.00071706437,0.9858558,0.0006595543,-0.008248657,6.8135166,59.32422,0.018100029,0.9734868,59.32422,1946,FC128,collect,0,1946,,,,
0.0,8.0,0.0,0.20097838,0.0007129684,0.9868166,-0.00092470815,-0.009530201,6.8245316,58.773438,0.017497567,0.97398704,58.773438,1947,FC128,collect,0,1947,,,,
0.0,8.0,0.0,0.1940811,0.0007088734,0.98693085,0.00012583169,-0.008227693,6.883048,55.847656,0.016982207,0.9744873,55.847656,1948,FC128,collect,0,1948,,,,
0.0,8.0,0.0,0.19074525,0.0007047774,0.9873136,-0.0006932935,-0.008614723,6.8767195,56.164062,0.016111724,0.9749875,56.164062,1949,FC128,collect,0,1949,,,,
0.0,7.9726562,0.0,0.21029834,0.0007006824,0.984066,-0.0015419772,-0.011718422,6.8312507,57.070312,0.020647595,0.97548777,57.070312,1950,FC128,collect,0,1950,,,,
0.0,7.9804688,0.0,0.24387139,0.00069658644,0.98529136,-0.006317275,-0.015556494,6.7440634,61.820312,0.018818192,0.97598803,61.820312,1951,FC128,collect,0,1951,,,,
0.0,8.0,0.0,0.21937397,0.0006924905,0.98737437,-0.00414412,-0.012033156,6.8209386,58.953125,0.016081901,0.9764883,58.953125,1952,FC128,collect,0,1952,,,,
0.0,7.9453125,0.0,0.19726987,0.00068839546,0.97983676,0.003659595,-0.008794974,6.7678914,58.871094,0.025180737,0.97698855,58.871094,1953,FC128,collect,0,1953,,,,
0.0,8.0,0.0,0.19488594,0.0006842995,0.9862173,0.002563973,-0.0056368313,6.871173,56.441406,0.016668329,0.97748876,56.441406,1954,FC128,collect,0,1954,,,,
0.0,7.9960938,0.0,0.20309195,0.0006802045,0.9841807,0.003015839,-0.0066137533,6.864298,56.589844,0.019535473,0.977989,56.589844,1955,FC128,collect,0,1955,,,,
0.0,7.984375,0.0,0.19560456,0.0006761085,0.9829202,0.0037498476,-0.0060358006,6.8496885,56.734375,0.019835796,0.9784893,56.734375,1956,FC128,collect,0,1956,,,,
0.0,8.0,0.0,0.20642918,0.0006720135,0.9851773,-0.0004536043,-0.009532951,6.858829,57.058594,0.01843614,0.97898954,57.058594,1957,FC128,collect,0,1957,,,,
0.0,7.9882812,0.0,0.2509455,0.00066791754,0.9860212,-0.009996341,-0.01909787,6.754376,61.695312,0.018538281,0.9794898,61.695312,1958,FC128,collect,0,1958,,,,
0.0,8.0,0.0,0.2340962,0.0006638216,0.98684824,-0.009635206,-0.01840968,6.8214855,58.92578,0.017859744,0.97999,58.92578,1959,FC128,collect,0,1959,,,,
0.0,7.9453125,0.0,0.20757845,0.00065972656,0.9789316,-0.003095495,-0.017138466,6.762501,59.140625,0.028359832,0.98049027,59.140625,1960,FC128,collect,0,1960,,,,
0.0,7.96875,0.0,0.19410732,0.0006556306,0.9816319,-0.0002998079,-0.012421506,6.811798,57.847656,0.024497923,0.9809905,57.847656,1961,FC128,collect,0,1961,,,,
0.0,8.0,0.0,0.18860471,0.0006515356,0.98476243,-0.00077590183,-0.010400152,6.8682823,56.585938,0.019494265,0.9814908,56.585938,1962,FC128,collect,0,1962,,,,
0.0,7.96875,0.0,0.19873048,0.0006474396,0.9816159,0.00069086434,-0.010907331,6.821251,57.375,0.023453722,0.98199105,57.375,1963,FC128,collect,0,1963,,,,
0.0,8.0,0.0,0.21995696,0.0006433446,0.98702174,-0.0024742384,-0.010776466,6.8170323,59.148438,0.016887471,0.98249125,59.148438,1964,FC128,collect,0,1964,,,,
0.0,7.9804688,0.0,0.20559414,0.00063924864,0.9836268,0.00015066905,-0.010114828,6.7998447,59.03125,0.020793846,0.9829915,59.03125,1965,FC128,collect,0,1965,,,,
0.0,7.9726562,0.0,0.19003342,0.0006351527,0.9813555,0.0022288375,-0.009203423,6.8171883,57.773438,0.023105921,0.9834918,57.773438,1966,FC128,collect,0,1966,,,,
0.0,7.9609375,0.0,0.19426823,0.00063105766,0.9819391,0.0015505918,-0.010133395,6.827579,56.66797,0.023613162,0.98399204,56.66797,1967,FC128,collect,0,1967,,,,
0.0,7.8828125,0.0,0.1837856,0.0006269617,0.9729776,0.010078492,-0.0077015404,6.7140636,58.4375,0.035790518,0.9844923,58.4375,1968,FC128,collect,0,1968,,,,
0.0,7.9804688,0.0,0.19138867,0.0006228667,0.9855225,-0.0001469053,-0.009643833,6.833282,57.359375,0.019232275,0.9849925,57.359375,1969,FC128,collect,0,1969,,,,
0.0,8.0,0.0,0.19398992,0.0006187707,0.9876893,-0.0004589771,-0.008315973,6.890001,55.5,0.015954062,0.98549277,55.5,1970,FC128,collect,0,1970,,,,
0.0,8.0,0.0,0.1906215,0.0006146757,0.9879303,-0.0010846762,-0.008741657,6.8842196,55.789062,0.015548303,0.985993,55.789062,1971,FC128,collect,0,1971,,,,
0.0,8.0,0.0,0.20121941,0.00061057974,0.9885868,-0.006858593,-0.014444895,6.855626,57.21875,0.015418326,0.9864933,57.21875,1972,FC128,collect,0,1972,,,,
0.0,7.9804688,0.0,0.21150804,0.0006064838,0.9880171,-0.009965967,-0.017838096,6.8059382,58.726562,0.016000811,0.98699355,58.726562,1973,FC128,collect,0,1973,,,,
0.0,7.9492188,0.0,0.20932221,0.00060238875,0.9833472,-0.0058045485,-0.01691689,6.7757816,58.671875,0.022476869,0.98749375,58.671875,1974,FC128,collect,0,1974,,,,
0.0,8.0,0.0,0.19339503,0.0005982928,0.98840004,-0.0037790185,-0.011340125,6.8827353,55.86328,0.0153536275,0.987994,55.86328,1975,FC128,collect,0,1975,,,,
0.0,7.9882812,0.0,0.1862228,0.0005941978,0.98610044,-0.00031017693,-0.008909584,6.81711,58.558594,0.01742012,0.9884943,58.558594,1976,FC128,collect,0,1976,,,,
0.0,7.9609375,0.0,0.20037225,0.0005901018,0.98451644,0.0020955612,-0.008072657,6.801485,57.972656,0.020572916,0.98899454,57.972656,1977,FC128,collect,0,1977,,,,
0.0,8.0,0.0,0.23094754,0.0005860068,0.9890609,-0.0059841992,-0.0130202025,6.8253136,58.734375,0.014342681,0.9894948,58.734375,1978,FC128,collect,0,1978,,,,
0.0,7.9648438,0.0,0.24672975,0.00058191083,0.98593664,-0.008129771,-0.017682683,6.713361,62.57422,0.019392973,0.989995,62.57422,1979,FC128,collect,0,1979,,,,
0.0,8.0,0.0,0.2264425,0.0005778158,0.9897343,-0.00614527,-0.0130102,6.833907,58.304688,0.013991544,0.99049526,58.304688,1980,FC128,collect,0,1980,,,,
0.0,7.9726562,0.0,0.19721459,0.00057371985,0.9833466,0.001118287,-0.009439248,6.8074226,58.26172,0.021341361,0.9909955,58.26172,1981,FC128,collect,0,1981,,,,
0.0,7.9882812,0.0,0.20079364,0.0005696239,0.98645633,0.0005900737,-0.007871276,6.825938,58.117188,0.017151453,0.9914958,58.117188,1982,FC128,collect,0,1982,,,,
0.0,8.0,0.0,0.20012322,0.00056552887,0.9870426,0.0010691828,-0.0072608194,6.860235,56.98828,0.016886355,0.99199605,56.98828,1983,FC128,collect,0,1983,,,,
0.0,8.0,0.0,0.21471693,0.0005614329,0.9880585,-0.0036491004,-0.011459528,6.838048,58.097656,0.015861953,0.99249625,58.097656,1984,FC128,collect,0,1984,,,,
0.0,8.0,0.0,0.19528303,0.0005573379,0.98749685,-0.00036528855,-0.008498796,6.8950787,55.246094,0.016484693,0.9929965,55.246094,1985,FC128,collect,0,1985,,,,
0.0,7.953125,0.0,0.20620316,0.00055324193,0.9817906,0.00087562506,-0.010936248,6.777813,58.765625,0.023851907,0.9934968,58.765625,1986,FC128,collect,0,1986,,,,
0.0,7.9179688,0.0,0.19575103,0.0005491469,0.9765738,0.004082105,-0.011373878,6.7162514,60.085938,0.03112696,0.99399704,60.085938,1987,FC128,collect,0,1987,,,,
0.0,7.9882812,0.0,0.19222404,0.00054505095,0.98408973,0.0020071846,-0.00749035,6.865157,56.15625,0.019204613,0.9944973,56.15625,1988,FC128,collect,0,1988,,,,
0.0,7.984375,0.0,0.19341108,0.000540955,0.984259,0.0037346235,-0.0058808974,6.8442984,57.003906,0.019440295,0.99499756,57.003906,1989,FC128,collect,0,1989,,,,
0.0,8.0,0.0,0.20060724,0.00053685997,0.9870102,0.0027239595,-0.005255266,6.8492975,57.535156,0.016173847,0.99549776,57.535156,1990,FC128,collect,0,1990,,,,
0.0,7.9726562,0.0,0.18215479,0.000532764,0.9838965,0.0030900284,-0.006923869,6.8673444,55.265625,0.020221885,0.995998,55.265625,1991,FC128,collect,0,1991,,,,
0.0,8.0,0.0,0.18360497,0.000528669,0.98612744,0.0027814256,-0.0059602708,6.8949227,55.253906,0.017677525,0.9964983,55.253906,1992,FC128,collect,0,1992,,,,
0.0,7.9492188,0.0,0.18939757,0.000524573,0.9814634,0.002212783,-0.009821537,6.782345,58.34375,0.024267346,0.99699855,58.34375,1993,FC128,collect,0,1993,,,,
0.0,8.0,0.0,0.2175448,0.000520478,0.9859909,-0.003506364,-0.012607466,6.8196106,59.01953,0.018428659,0.9974988,59.01953,1994,FC128,collect,0,1994,,,,
0.0,8.0,0.0,0.22127143,0.00051638205,0.987277,-0.00451686,-0.012924434,6.8253913,58.73047,0.017043669,0.997999,58.73047,1995,FC128,collect,0,1995,,,,
0.0,7.921875,0.0,0.19267283,0.0005122861,0.9756882,0.0026098692,-0.013147211,6.747501,58.71875,0.031711567,0.9984993,58.71875,1996,FC128,collect,0,1996,,,,
0.0,7.9882812,0.0,0.19423562,0.00050819106,0.9844132,0.001066305,-0.008313044,6.854376,56.695312,0.018956115,0.99899954,56.695312,1997,FC128,collect,0,1997,,,,
0.0,8.0,0.0,0.19414966,0.0005040951,0.984825,-0.0005624555,-0.009328035,6.84461,57.76953,0.017726898,0.9994998,57.76953,1998,FC128,collect,0,1998,,,,
0.0,7.9921875,0.0,0.20548517,0.0005000001,0.9849451,-0.0018006451,-0.010851726,6.8325787,57.98047,0.018307647,1.0,57.98047,1999,FC128,collect,0,1999,,,,
1.0,0.0,1.0,2.1562505e-06,0.00868701,-3.1254544,9401.146,1.003315e-05,-2.084453,9.4453125,18802.293,0.0,9.4453125,0,FC128,crates,1,2000,,,,
1.0,0.0,0.98828125,0.08158783,0.008682914,-2.500215,33.511257,0.014260365,-2.0844922,12.015625,66.995415,0.00050025014,12.015625,1,FC128,crates,1,2001,,,,
0.9765625,0.0,0.9609375,0.121698484,0.008678819,-2.4742782,2601.7903,-0.98872864,-2.1260939,18.765625,5205.56,0.0010005003,18.765625,2,FC128,crates,1,2002,,,,
1.0039062,0.0,1.0,0.013722306,0.008674723,-2.8472652,2411.0415,-0.22947547,-2.0895705,9.957031,4822.542,0.0015007504,9.957031,3,FC128,crates,1,2003,,,,
1.0117188,0.0,1.0,0.0137452055,0.008670628,-2.7682917,61.935665,-0.01619668,-2.088594,10.09375,123.90396,0.0020010006,10.09375,4,FC128,crates,1,2004,,,,
9.371094,0.3359375,0.4453125,0.012951188,0.008666532,-2.068877,7.6028137,0.036691975,-1.667578,122.26172,15.132467,0.0025012507,122.26172,5,FC128,crates,1,2005,,,,
1.4882812,0.02734375,0.98828125,0.1573681,0.008662437,-2.3242183,14.35193,-0.54818296,-2.0170312,17.28125,29.80295,0.0030015009,17.28125,6,FC128,crates,1,2006,,,,
1.0859375,0.0,1.0,0.027815849,0.008658341,-2.9350772,4.332572,-0.08562733,-2.0431643,10.1015625,8.836881,0.003501751,10.1015625,7,FC128,crates,1,2007,,,,
1.1210938,0.0,1.0,0.056834616,0.008654245,-1.8258531,1.8217576,-0.0583261,-2.0184765,10.777344,3.761151,0.004002001,10.777344,8,FC128,crates,1,2008,,,,
1.1054688,0.0,1.0,0.048081774,0.00865015,-1.5237949,1.0136157,-0.00083239964,-2.0302343,10.253906,2.0297282,0.0045022513,10.253906,9,FC128,crates,1,2009,,,,
1.0742188,0.0,1.0,0.040134594,0.008646054,-1.6801243,0.29267624,-0.04353789,-2.054883,9.6328125,0.6731223,0.0050025014,9.6328125,10,FC128,crates,1,2010,,,,
1.0507812,0.0,1.0,0.037234228,0.008641959,-0.5438093,0.13061626,-0.020031268,-2.0555468,9.796875,0.30193862,0.0055027516,9.796875,11,FC128,crates,1,2011,,,,
1.0507812,0.0,1.0,0.03979724,0.008637863,-0.5425726,0.06430975,-0.013924208,-2.053711,9.613281,0.15715544,0.0060030017,9.613281,12,FC128,crates,1,2012,,,,
1.1054688,0.0,1.0,0.03992786,0.008633768,-2.4584515,0.47638845,0.038443644,-1.994961,11.140625,0.87657905,0.006503252,11.140625,13,FC128,crates,1,2013,,,,
1.1601562,0.015625,1.0,0.080783874,0.008629672,-1.6220908,0.26594493,0.079227634,-1.9750782,11.7890625,0.37482888,0.007003502,11.7890625,14,FC128,crates,1,2014,,,,
1.2148438,0.015625,1.0,0.096731886,0.008625576,-1.0256286,0.13249995,-0.0083548715,-1.8918359,12.683594,0.2833784,0.007503752,12.683594,15,FC128,crates,1,2015,,,,
1.2148438,0.0078125,1.0,0.12708534,0.008621481,-0.62239826,0.071087606,-0.074285336,-1.8765625,12.5625,0.29293722,0.008004002,12.5625,16,FC128,crates,1,2016,,,,
1.3203125,0.01171875,1.0,0.1158424,0.008617385,-0.20574045,0.07761475,-0.036260903,-1.769336,13.832031,0.22974782,0.008504253,13.832031,17,FC128,crates,1,2017,,,,
1.2421875,0.0,1.0,0.107633434,0.00861329,-0.7900467,0.10690515,-0.05655684,-1.8149219,12.84375,0.32877812,0.009004503,12.84375,18,FC128,crates,1,2018,,,,
1.7617188,0.05859375,1.0,0.1614985,0.008609194,-0.051611423,0.05994917,-0.026678184,-1.6455077,20.414062,0.17603545,0.009504752,20.414062,19,FC128,crates,1,2019,,,,
4.78125,0.07421875,0.76953125,0.19083865,0.008605099,-0.92297065,0.14967592,0.050050527,-2.0992968,63.19922,0.20253514,0.010005003,63.19922,20,FC128,crates,1,2020,,,,
1.4648438,0.01171875,1.0,0.3163287,0.008601003,-0.62572455,0.19078751,0.04269066,-1.8399218,16.828125,0.30163518,0.010505253,16.828125,21,FC128,crates,1,2021,,,,
1.2773438,0.00390625,1.0,0.17426056,0.008596908,-0.110685825,0.026162084,-0.022969918,-1.8513672,14.2421875,0.10126021,0.011005503,14.2421875,22,FC128,crates,1,2022,,,,
1.2929688,0.00390625,1.0,0.15883383,0.008592812,-0.5145389,0.069112174,0.008938648,-1.8066406,14.144531,0.12307671,0.011505753,14.144531,23,FC128,crates,1,2023,,,,
1.2734375,0.00390625,1.0,0.13863681,0.008588716,-0.16367292,0.06430522,0.017208418,-1.8512499,13.0390625,0.096575044,0.012006003,13.0390625,24,FC128,crates,1,2024,,,,
1.2695312,0.00390625,1.0,0.13703161,0.008584621,-0.33746898,0.09017575,0.0130731445,-1.830078,13.402344,0.15655793,0.012506254,13.402344,25,FC128,crates,1,2025,,,,
1.28125,0.0078125,1.0,0.17461754,0.008580525,-0.059174657,0.04969904,-0.003165213,-1.816211,15.589844,0.10872512,0.013006504,15.589844,26,FC128,crates,1,2026,,,,
1.1601562,0.0,1.0,0.19731955,0.00857643,-0.34973598,0.019192563,-0.014629353,-1.8654296,18.1875,0.07102843,0.013506753,18.1875,27,FC128,crates,1,2027,,,,
1.2109375,0.01171875,0.9921875,0.29528242,0.008572334,-0.3416264,0.007724688,-0.010421228,-2.1630468,39.972656,0.04135435,0.014007004,39.972656,28,FC128,crates,1,2028,,,,
1.4804688,0.0546875,0.76953125,0.49213693,0.008568239,-0.06516552,0.030377192,0.01661419,-2.2197266,81.921875,0.035959497,0.014507255,81.921875,29,FC128,crates,1,2029,,,,
1.625,0.078125,0.984375,0.30519325,0.008564143,-0.0004553795,0.018348403,-0.007400203,-1.9586718,45.367188,0.05672465,0.015007504,45.367188,30,FC128,crates,1,2030,,,,
1.8359375,0.046875,0.96484375,0.3108055,0.0085600475,-0.12274766,0.014425228,-0.019126702,-2.1992579,47.628906,0.07242488,0.015507754,47.628906,31,FC128,crates,1,2031,,,,
2.1914062,0.07421875,0.71875,0.35839602,0.008555952,-0.10064244,0.026878793,0.0032382945,-2.2616796,85.48047,0.053413834,0.016008005,85.48047,32,FC128,crates,1,2032,,,,
1.7734375,0.09765625,0.7578125,0.41752154,0.0085518565,-0.09558368,0.02890456,0.006976317,-2.083164,78.80078,0.050997652,0.016508255,78.80078,33,FC128,crates,1,2033,,,,
1.6523438,0.12109375,0.73828125,0.4614235,0.0085477615,0.004182875,0.01383429,-0.00238356,-2.0271482,85.93359,0.040323976,0.017008506,85.93359,34,FC128,crates,1,2034,,,,
1.6796875,0.08203125,0.71875,0.46754,0.0085436655,-0.083639145,0.00483817,-0.011424565,-2.179375,92.11328,0.04051448,0.017508755,92.11328,35,FC128,crates,1,2035,,,,
1.9453125,0.10546875,0.7109375,0.44982523,0.0085395705,-0.21370256,0.006171506,-0.017819256,-2.0652342,89.55859,0.055664152,0.018009005,89.55859,36,FC128,crates,1,2036,,,,
2.1523438,0.0859375,0.734375,0.44808415,0.008535475,-0.09308684,0.004834099,-0.014966466,-2.1403904,85.80859,0.047250353,0.018509256,85.80859,37,FC128,crates,1,2037,,,,
2.0117188,0.12109375,0.7734375,0.45593864,0.008531379,-0.029291987,0.019846246,-1.2580776e-05,-2.2152343,77.921875,0.047497224,0.019009504,77.921875,38,FC128,crates,1,2038,,,,
2.6601562,0.09765625,0.76953125,0.42122766,0.008527284,-0.092861414,0.037063513,0.0124458615,-2.1939452,81.0625,0.056419164,0.019509755,81.0625,39,FC128,crates,1,2039,,,,
3.0664062,0.1328125,0.78515625,0.38799435,0.008523188,-0.055983424,0.03779288,0.010612562,-2.2080858,72.23828,0.06097453,0.020010006,72.23828,40,FC128,crates,1,2040,,,,
3.7226562,0.12890625,0.81640625,0.34462148,0.008519093,-0.019949675,0.013728745,-0.013936555,-2.3409374,67.41016,0.061202325,0.020510256,67.41016,41,FC128,crates,1,2041,,,,
3.7617188,0.140625,0.89453125,0.31324652,0.008514997,-0.12122834,0.008524451,-0.02415888,-2.0305076,55.01953,0.07070125,0.021010507,55.01953,42,FC128,crates,1,2042,,,,
3.796875,0.16015625,0.91796875,0.2979488,0.008510902,-0.047133803,0.017479196,-0.014953298,-1.9996874,48.972656,0.06993661,0.021510756,48.972656,43,FC128,crates,1,2043,,,,
4.0703125,0.15234375,0.8984375,0.27621302,0.008506806,-0.042264104,0.045627113,0.011638048,-1.9672265,49.10547,0.07267751,0.022011006,49.10547,44,FC128,crates,1,2044,,,,
3.84375,0.09375,0.91796875,0.26531067,0.008502711,-0.13666928,0.051098112,0.015591624,-2.1260939,43.234375,0.075524695,0.022511257,43.234375,45,FC128,crates,1,2045,,,,
3.5117188,0.09765625,0.96484375,0.27184737,0.008498615,-0.027436495,0.044160053,0.005754706,-1.9688671,36.289062,0.081431344,0.023011506,36.289062,46,FC128,crates,1,2046,,,,
2.765625,0.01171875,0.9921875,0.27879232,0.008494519,-0.041956067,0.007935606,-0.030790804,-1.8955858,25.609375,0.08218923,0.023511756,25.609375,47,FC128,crates,1,2047,,,,
2.2109375,0.01953125,1.0,0.24798596,0.008490424,-0.07475698,0.012910979,-0.03912987,-1.7717577,17.785156,0.10829271,0.024012007,17.785156,48,FC128,crates,1,2048,,,,
2.015625,0.01171875,1.0,0.2151954,0.008486328,-0.007877231,0.022473712,-0.019248944,-1.8083203,14.859375,0.08709775,0.024512257,14.859375,49,FC128,crates,1,2049,,,,
2.0546875,0.01171875,1.0,0.20585051,0.008482233,-0.012000442,0.045282893,-0.0003092521,-1.8051952,15.09375,0.094676435,0.025012508,15.09375,50,FC128,crates,1,2050,,,,
2.03125,0.0,1.0,0.19351393,0.008478137,-0.024958372,0.051793877,0.011404568,-1.8093749,14.8671875,0.084059894,0.025512757,14.8671875,51,FC128,crates,1,2051,,,,
2.0625,0.00390625,1.0,0.19678798,0.008474042,-0.005377054,0.032316536,0.0034600673,-1.8667188,15.2890625,0.061048117,0.026013007,15.2890625,52,FC128,crates,1,2052,,,,
2.1484375,0.0,1.0,0.19630365,0.008469946,0.00043153763,0.026120173,-0.0021608805,-1.8736719,16.179688,0.05988747,0.026513258,16.179688,53,FC128,crates,1,2053,,,,
2.328125,0.015625,0.99609375,0.20586076,0.00846585,0.008750796,0.02450174,-0.008251045,-1.86625,18.070312,0.06899114,0.027013507,18.070312,54,FC128,crates,1,2054,,,,
2.1015625,0.0,1.0,0.20217596,0.008461755,0.0013982058,0.0343758,-0.007354883,-1.8098047,16.160156,0.0868829,0.027513757,16.160156,55,FC128,crates,1,2055,,,,
2.2070312,0.0234375,1.0,0.2094615,0.008457659,0.007629156,0.024578962,-0.013375369,-1.8448045,17.667969,0.07945177,0.028014008,17.667969,56,FC128,crates,1,2056,,,,
3.1328125,0.046875,0.98046875,0.22988997,0.008453564,-0.013938785,0.017813668,-0.015731247,-1.9675001,28.550781,0.07097661,0.028514259,28.550781,57,FC128,crates,1,2057,,,,
3.3359375,0.0859375,0.98046875,0.25033826,0.008449468,0.0028690696,0.028819587,-0.0048780944,-1.8762108,31.726562,0.071625814,0.02901451,31.726562,58,FC128,crates,1,2058,,,,
4.7929688,0.15234375,0.890625,0.19093636,0.008445373,-0.026114225,0.040276036,0.00865726,-2.1360936,51.589844,0.066462606,0.029514758,51.589844,59,FC128,crates,1,2059,,,,
5.3789062,0.11328125,0.8515625,0.16408661,0.008441277,-0.00055098534,0.037225563,0.0063993116,-2.3096485,60.48828,0.064422704,0.030015009,60.48828,60,FC128,crates,1,2060,,,,
5.5,0.1875,0.83203125,0.16804656,0.008437181,-0.01006186,0.022879977,-0.006639742,-2.0629296,63.277344,0.061875116,0.03051526,63.277344,61,FC128,crates,1,2061,,,,
5.6132812,0.26171875,0.8203125,0.18220311,0.008433086,0.0034888387,0.025111666,-0.0061296606,-1.9925389,65.21094,0.06555572,0.031015508,65.21094,62,FC128,crates,1,2062,,,,
6.34375,0.23828125,0.78515625,0.18891013,0.00842899,-0.011837721,0.036941897,0.0051975255,-2.0797262,74.63672,0.06667339,0.03151576,74.63672,63,FC128,crates,1,2063,,,,
7.4804688,0.3828125,0.74609375,0.20707196,0.008424895,-0.0020498037,0.03202844,0.0015995022,-2.2452734,89.66797,0.064347,0.03201601,89.66797,64,FC128,crates,1,2064,,,,
6.21875,0.32421875,0.796875,0.22058693,0.008420799,-2.348423e-05,0.030701658,-0.004014797,-1.8758593,73.46094,0.073147945,0.03251626,73.46094,65,FC128,crates,1,2065,,,,
7.0039062,0.40234375,0.74609375,0.23189606,0.008416704,0.0024583936,0.028773092,-0.005829374,-1.8236717,82.9375,0.07310853,0.03301651,82.9375,66,FC128,crates,1,2066,,,,
7.6523438,0.44140625,0.71484375,0.21986479,0.008412608,0.0040970445,0.03254748,-0.00033670745,-1.7973045,88.98047,0.06946765,0.03351676,88.98047,67,FC128,crates,1,2067,,,,
6.59375,0.43359375,0.8203125,0.24601468,0.008408513,-0.0030264854,0.02867365,-0.010337976,-1.7059765,77.21875,0.08216049,0.03401701,77.21875,68,FC128,crates,1,2068,,,,
7.8085938,0.3671875,0.65625,0.20694861,0.008404417,-0.008526087,0.02097492,-0.01052582,-2.2233593,96.72266,0.06648004,0.03451726,96.72266,69,FC128,crates,1,2069,,,,
6.6679688,0.33203125,0.6953125,0.17003192,0.008400321,-0.026968002,0.023857065,-0.008732455,-2.0000389,84.859375,0.068035685,0.03501751,84.859375,70,FC128,crates,1,2070,,,,
7.2851562,0.3984375,0.6640625,0.14818968,0.008396226,-0.056438923,0.035273712,0.0021351052,-2.034961,95.0,0.068765685,0.03551776,95.0,71,FC128,crates,1,2071,,,,
7.9570312,0.34375,0.60546875,0.14247438,0.00839213,-0.02349937,0.03169284,0.0044511785,-1.6199999,102.078125,0.05687465,0.03601801,102.078125,72,FC128,crates,1,2072,,,,
7.75,0.3984375,0.6171875,0.17269664,0.008388035,-0.07079208,0.02173507,-0.012591605,-1.9760545,102.03125,0.07155052,0.03651826,102.03125,73,FC128,crates,1,2073,,,,
6.5585938,0.4140625,0.73046875,0.20298593,0.008383939,-0.008509517,0.020556813,-0.016384017,-1.941953,84.671875,0.077285305,0.03701851,84.671875,74,FC128,crates,1,2074,,,,
6.96875,0.453125,0.72265625,0.21194273,0.008379844,-0.048829794,0.0427235,0.003641112,-1.8808982,90.88281,0.081716865,0.037518762,90.88281,75,FC128,crates,1,2075,,,,
7.5664062,0.52734375,0.6875,0.23202139,0.008375748,-0.012478948,0.031587105,-0.0026951532,-1.8723435,98.0,0.07245123,0.03801901,98.0,76,FC128,crates,1,2076,,,,
6.84375,0.3984375,0.73828125,0.2537879,0.008371652,-0.052921653,0.026666136,-0.010665521,-1.8395703,89.109375,0.07891256,0.03851926,89.109375,77,FC128,crates,1,2077,,,,
6.875,0.48828125,0.7421875,0.25750268,0.008367557,-0.021929026,0.026815454,-0.008688024,-1.8146484,88.73047,0.075316295,0.03901951,88.73047,78,FC128,crates,1,2078,,,,
6.6289062,0.421875,0.72265625,0.25522095,0.008363461,-0.011709213,0.030933661,-0.0033120248,-1.9089062,84.953125,0.07276043,0.03951976,84.953125,79,FC128,crates,1,2079,,,,
7.3007812,0.50390625,0.68359375,0.25442037,0.008359366,-0.045714498,0.033051483,-0.0005406839,-1.7335155,94.21094,0.071437925,0.04002001,94.21094,80,FC128,crates,1,2080,,,,
6.03125,0.42578125,0.8046875,0.27806565,0.00835527,0.012534261,0.029362611,-0.0072274595,-1.8304685,77.5625,0.07782677,0.040520262,77.5625,81,FC128,crates,1,2081,,,,
6.4648438,0.37890625,0.7421875,0.30119354,0.008351175,-0.03969407,0.0109697,-0.02317966,-2.027656,86.53516,0.07332936,0.041020513,86.53516,82,FC128,crates,1,2082,,,,
7.6679688,0.49609375,0.6328125,0.29927522,0.008347079,-0.007076502,0.020356687,-0.012755122,-1.9089842,103.30859,0.071219765,0.041520763,103.30859,83,FC128,crates,1,2083,,,,
7.1953125,0.3515625,0.66015625,0.28265902,0.008342983,0.017871022,0.02002766,-0.0090511115,-2.2546873,99.68359,0.06287398,0.042021014,99.68359,84,FC128,crates,1,2084,,,,
6.6796875,0.34375,0.671875,0.26469347,0.008338888,-0.021901727,0.0292713,-0.0023714793,-2.1391015,92.72656,0.06770006,0.04252126,92.72656,85,FC128,crates,1,2085,,,,
7.5078125,0.4140625,0.58203125,0.2553789,0.008334792,0.012244582,0.0330167,0.004686569,-1.7942967,107.64844,0.06091732,0.04302151,107.64844,86,FC128,crates,1,2086,,,,
8.0078125,0.37109375,0.49609375,0.25864872,0.008330697,0.035449743,0.019019661,-0.0053417357,-2.4082422,118.58594,0.053032245,0.043521762,118.58594,87,FC128,crates,1,2087,,,,
7.4609375,0.4140625,0.5546875,0.2804648,0.008326601,0.009904742,0.015665656,-0.012496014,-2.0245311,111.85547,0.06099398,0.044022013,111.85547,88,FC128,crates,1,2088,,,,
7.015625,0.33203125,0.5625,0.3006086,0.008322506,0.023628175,0.011827841,-0.013999187,-2.3515625,107.61328,0.05665769,0.044522263,107.61328,89,FC128,crates,1,2089,,,,
7.3164062,0.37109375,0.546875,0.3287193,0.00831841,0.04070747,0.025544785,-0.0017272695,-2.3508592,114.05078,0.060012955,0.045022514,114.05078,90,FC128,crates,1,2090,,,,
7.4257812,0.42578125,0.50390625,0.35248867,0.008314314,0.038048625,0.030551668,0.0022137933,-2.6989062,117.77734,0.06253715,0.045522764,117.77734,91,FC128,crates,1,2091,,,,
6.9375,0.41015625,0.57421875,0.36187744,0.008310219,0.039997876,0.027957946,0.0009263826,-2.2055075,106.33984,0.06007769,0.04602301,106.33984,92,FC128,crates,1,2092,,,,
6.859375,0.359375,0.60546875,0.3530921,0.008306123,0.046798646,0.020220488,-0.010278331,-2.3737497,101.61328,0.06686329,0.04652326,101.61328,93,FC128,crates,1,2093,,,,
6.7539062,0.3984375,0.6328125,0.32475117,0.008302028,0.051914215,0.022510001,-0.0100415405,-2.574375,96.03906,0.07049527,0.047023512,96.03906,94,FC128,crates,1,2094,,,,
7.984375,0.390625,0.55078125,0.2705793,0.008297932,0.06452179,0.02786579,-0.006103074,-2.5642185,109.86328,0.07242823,0.047523763,109.86328,95,FC128,crates,1,2095,,,,
8.113281,0.4140625,0.54296875,0.22282358,0.008293837,0.061778426,0.036181353,0.0020722118,-2.5568748,109.140625,0.071914405,0.048024014,109.140625,96,FC128,crates,1,2096,,,,
9.0078125,0.4140625,0.46484375,0.18698688,0.008289741,0.06215751,0.0390893,0.005329353,-2.7417188,120.55469,0.07062004,0.048524264,120.55469,97,FC128,crates,1,2097,,,,
8.3984375,0.3515625,0.5234375,0.17495832,0.008285645,0.06823808,0.025132922,-0.010804211,-2.8846483,110.62891,0.07477355,0.049024515,110.62891,98,FC128,crates,1,2098,,,,
8.109375,0.40234375,0.56640625,0.1607708,0.00828155,0.06792438,0.023891883,-0.0133779505,-2.633398,105.33203,0.07720253,0.049524765,105.33203,99,FC128,crates,1,2099,,,,
8.84375,0.3828125,0.50390625,0.13225211,0.008277454,0.064596355,0.030888066,-0.005110719,-2.7028904,115.63672,0.07418699,0.050025016,115.63672,100,FC128,crates,1,2100,,,,
8.421875,0.3671875,0.5390625,0.11268583,0.008273359,0.07051778,0.032618996,-0.001315079,-2.7190232,109.70703,0.06973273,0.050525263,109.70703,101,FC128,crates,1,2101,,,,
8.886719,0.3515625,0.5078125,0.104490325,0.008269263,0.071685076,0.027691685,-0.006924008,-2.7121484,115.43359,0.0709595,0.051025514,115.43359,102,FC128,crates,1,2102,,,,
9.0078125,0.265625,0.5,0.10086862,0.008265168,0.056222737,0.023343828,-0.006795304,-2.5710154,116.87891,0.061945654,0.051525764,116.87891,103,FC128,crates,1,2103,,,,
7.984375,0.2734375,0.6015625,0.10155011,0.008261072,0.043997526,0.025105597,-0.005203823,-2.4368358,101.86328,0.062296666,0.052026015,101.86328,104,FC128,crates,1,2104,,,,
8.269531,0.36328125,0.5859375,0.12152157,0.008256977,0.03732133,0.031579085,0.0008141914,-2.1167576,105.93359,0.063536584,0.052526265,105.93359,105,FC128,crates,1,2105,,,,
6.7617188,0.34765625,0.70703125,0.17178503,0.0082528815,0.037923694,0.03156502,-0.004046743,-2.3432813,83.64844,0.07405897,0.053026516,83.64844,106,FC128,crates,1,2106,,,,
5.4492188,0.23046875,0.83984375,0.21691792,0.0082487855,-0.0045951605,0.01455985,-0.024170198,-2.4196875,62.398438,0.08103871,0.053526767,62.398438,107,FC128,crates,1,2107,,,,
7.7851562,0.30859375,0.65625,0.09513889,0.0082446905,-0.056432247,0.032897018,-0.0006297699,-1.9860545,92.328125,0.06862236,0.054027013,92.328125,108,FC128,crates,1,2108,,,,
9.1953125,0.3671875,0.51171875,0.07894253,0.0082405945,-0.00036418438,0.030071031,0.0015407009,-1.9296874,113.8125,0.058361728,0.054527264,113.8125,109,FC128,crates,1,2109,,,,
8.8046875,0.37109375,0.5078125,0.06880178,0.0082364995,-0.02773738,0.02953242,-0.00061234867,-1.7956249,112.72656,0.061422907,0.055027515,112.72656,110,FC128,crates,1,2110,,,,
9.480469,0.359375,0.47265625,0.058038197,0.008232404,-0.020348907,0.027202796,-0.0015081762,-2.1960936,121.625,0.058377534,0.055527765,121.625,111,FC128,crates,1,2111,,,,
8.875,0.40234375,0.5078125,0.053987175,0.0082283085,0.007825077,0.026526662,-0.0024859752,-1.8071483,115.92969,0.05891372,0.056028016,115.92969,112,FC128,crates,1,2112,,,,
9.1875,0.38671875,0.48046875,0.051262163,0.008224213,-0.024067283,0.026150925,-0.0004368476,-1.6602733,119.84766,0.05401873,0.056528267,119.84766,113,FC128,crates,1,2113,,,,
8.777344,0.33984375,0.5078125,0.0523711,0.008220117,-0.005230546,0.024539918,0.00046319875,-1.5377734,114.1875,0.04901443,0.057028517,114.1875,114,FC128,crates,1,2114,,,,
8.5078125,0.37109375,0.53125,0.060164887,0.008216022,-0.013038993,0.025109146,-0.0022624587,-1.687539,109.79297,0.05573184,0.057528768,109.79297,115,FC128,crates,1,2115,,,,
8.292969,0.40234375,0.546875,0.06298123,0.008211926,0.009940803,0.022772474,-0.00384469,-1.780117,107.09375,0.05426872,0.05802902,107.09375,116,FC128,crates,1,2116,,,,
8.875,0.3984375,0.49609375,0.06774024,0.008207831,-0.060078263,0.025566675,-0.0052747307,-2.2242968,115.03516,0.06279481,0.058529265,115.03516,117,FC128,crates,1,2117,,,,
9.175781,0.40625,0.5,0.06666786,0.008203735,-0.027175665,0.022224683,-0.003529529,-1.8360155,119.49219,0.052602272,0.059029516,119.49219,118,FC128,crates,1,2118,,,,
8.4140625,0.45703125,0.53515625,0.07242106,0.00819964,0.017306566,0.024842521,-0.005284307,-1.5915623,111.41016,0.06144131,0.059529766,111.41016,119,FC128,crates,1,2119,,,,
8.8125,0.3984375,0.5078125,0.06545463,0.008195544,-0.0026474,0.024871876,-0.002397545,-1.7391405,115.49609,0.055611715,0.060030017,115.49609,120,FC128,crates,1,2120,,,,
8.863281,0.39453125,0.5,0.06217957,0.008191448,0.029550612,0.02495918,-0.0021821265,-1.7247655,114.8125,0.055301294,0.060530268,114.8125,121,FC128,crates,1,2121,,,,
9.0546875,0.41796875,0.5078125,0.06863713,0.008187353,-0.00025177002,0.024060972,-0.0023058339,-1.7721872,116.76953,0.053857524,0.06103052,116.76953,122,FC128,crates,1,2122,,,,
9.667969,0.34765625,0.47265625,0.08176428,0.008183257,0.0050800443,0.024450036,-0.0005338667,-2.001367,119.33984,0.051305998,0.06153077,119.33984,123,FC128,crates,1,2123,,,,
8.863281,0.29296875,0.58203125,0.065015376,0.008179162,0.025865734,0.02362045,-0.0049397955,-1.9395311,103.890625,0.058184035,0.062031016,103.890625,124,FC128,crates,1,2124,,,,
8.855469,0.3046875,0.56640625,0.07014179,0.008175066,-0.012996078,0.024258986,-0.004211348,-1.8623047,105.42969,0.058087494,0.06253127,105.42969,125,FC128,crates,1,2125,,,,
9.199219,0.39453125,0.5,0.066375844,0.008170971,-0.011367321,0.023658695,-0.004478118,-2.0602732,114.08594,0.057358336,0.06303152,114.08594,126,FC128,crates,1,2126,,,,
9.738281,0.375,0.453125,0.059077017,0.008166875,0.026580036,0.025289338,-0.0006756138,-1.8160156,122.640625,0.052894853,0.06353177,122.640625,127,FC128,crates,1,2127,,,,
8.953125,0.3125,0.48828125,0.056642875,0.00816278,-0.033216238,0.025917003,-0.0006596178,-1.6599609,112.65625,0.054077968,0.06403202,112.65625,128,FC128,crates,1,2128,,,,
9.6484375,0.37109375,0.453125,0.058948375,0.008158684,0.033708513,0.02338868,-0.0011484075,-1.9347655,121.89844,0.050036058,0.064532265,121.89844,129,FC128,crates,1,2129,,,,
9.683594,0.45703125,0.45703125,0.062352717,0.008154588,0.00790292,0.025465993,-0.00034910164,-1.5378124,122.109375,0.052647114,0.06503252,122.109375,130,FC128,crates,1,2130,,,,
9.746094,0.41015625,0.47265625,0.06856677,0.008150493,-0.0013953447,0.025611727,0.0005215495,-1.7492187,119.14453,0.05129806,0.06553277,119.14453,131,FC128,crates,1,2131,,,,
9.527344,0.3671875,0.51171875,0.055005834,0.008146397,0.037994623,0.02471798,-0.0005973388,-1.6415234,111.96875,0.051526837,0.06603302,111.96875,132,FC128,crates,1,2132,,,,
9.449219,0.359375,0.515625,0.05200201,0.008142302,0.034963667,0.027506586,-0.0006414937,-1.795742,110.98828,0.05714299,0.06653327,110.98828,133,FC128,crates,1,2133,,,,
9.800781,0.359375,0.48828125,0.064585894,0.008138206,0.039161205,0.024032276,-0.0020511078,-2.2708201,115.67578,0.053217992,0.06703352,115.67578,134,FC128,crates,1,2134,,,,
9.996094,0.40234375,0.44921875,0.07546585,0.008134111,0.053712904,0.024465967,-4.7643764e-05,-2.1385546,122.33203,0.05025492,0.06753377,122.33203,135,FC128,crates,1,2135,,,,
10.0390625,0.34765625,0.44921875,0.07734232,0.008130015,0.06904614,0.023237264,0.00012923214,-2.1072264,124.609375,0.04747365,0.06803402,124.609375,136,FC128,crates,1,2136,,,,
9.625,0.37890625,0.4765625,0.07314405,0.008125919,0.050077677,0.024591088,0.0002865741,-1.7312889,116.22266,0.049797755,0.06853427,116.22266,137,FC128,crates,1,2137,,,,
10.4296875,0.41015625,0.44921875,0.06185738,0.008121824,0.071927726,0.024346877,-0.00084392895,-2.2690625,124.19141,0.0513864,0.06903452,124.19141,138,FC128,crates,1,2138,,,,
10.2265625,0.33984375,0.484375,0.047717605,0.008117728,0.050083876,0.020747859,-0.003877904,-1.9048436,119.97266,0.050026245,0.06953477,119.97266,139,FC128,crates,1,2139,,,,
9.925781,0.3828125,0.484375,0.04466697,0.008113633,0.07890946,0.023632575,-0.000982249,-1.9742968,116.95703,0.04995447,0.07003502,116.95703,140,FC128,crates,1,2140,,,,
9.9609375,0.40234375,0.48046875,0.043890998,0.008109537,0.06497854,0.027375314,0.0003830181,-1.8431249,115.32031,0.054696467,0.07053527,115.32031,141,FC128,crates,1,2141,,,,
11.300781,0.34765625,0.40234375,0.03973617,0.008105442,0.081012964,0.023334032,-5.989181e-05,-2.0059764,130.47266,0.047432005,0.07103552,130.47266,142,FC128,crates,1,2142,,,,
9.9140625,0.328125,0.4921875,0.04083855,0.008101346,0.08251566,0.022463486,-0.0018124876,-1.8656639,114.75391,0.04921364,0.07153577,114.75391,143,FC128,crates,1,2143,,,,
10.277344,0.421875,0.47265625,0.04574995,0.00809725,0.0929274,0.026488498,-0.0011218023,-1.8030467,120.58203,0.055961497,0.07203602,120.58203,144,FC128,crates,1,2144,,,,
10.699219,0.39453125,0.42578125,0.059828386,0.008093155,0.08938867,0.029144784,0.0021003257,-2.045117,126.421875,0.055057317,0.07253627,126.421875,145,FC128,crates,1,2145,,,,
9.675781,0.453125,0.5078125,0.05080411,0.008089059,0.05967647,0.027378973,-0.0023203357,-1.4444921,113.64844,0.060220532,0.07303652,113.64844,146,FC128,crates,1,2146,,,,
9.550781,0.3828125,0.51171875,0.065426394,0.008084964,0.11136663,0.027594274,0.0013939393,-1.6067967,113.37891,0.053458612,0.07353677,113.37891,147,FC128,crates,1,2147,,,,
10.25,0.34765625,0.44921875,0.0796193,0.008080868,0.065889,0.029286208,0.0020447052,-2.3111718,123.109375,0.05576979,0.07403702,123.109375,148,FC128,crates,1,2148,,,,
10.433594,0.390625,0.453125,0.07230709,0.008076773,0.14358938,0.02578601,-0.0015823521,-1.991953,123.84766,0.055904742,0.07453727,123.84766,149,FC128,crates,1,2149,,,,
10.1484375,0.43359375,0.46875,0.08116752,0.008072677,0.0944289,0.02433176,-0.0024674532,-1.798867,120.72656,0.054908905,0.075037524,120.72656,150,FC128,crates,1,2150,,,,
9.5234375,0.40625,0.5234375,0.11326343,0.008068582,0.073741615,0.030847104,0.0033650384,-1.9667577,115.5,0.056791883,0.07553777,115.5,151,FC128,crates,1,2151,,,,
9.4921875,0.3828125,0.546875,0.117465556,0.008064486,0.14879906,0.030528167,0.0014721757,-2.1091795,113.4375,0.060006578,0.07603802,113.4375,152,FC128,crates,1,2152,,,,
8.84375,0.3671875,0.62890625,0.13477206,0.00806039,0.08002919,0.023710538,-0.011915425,-1.953906,104.65234,0.073424555,0.07653827,104.65234,153,FC128,crates,1,2153,,,,
7.3515625,0.44921875,0.6796875,0.20703256,0.008056295,0.15971208,0.038002208,-0.004506742,-2.2347264,90.08984,0.08835373,0.07703852,90.08984,154,FC128,crates,1,2154,,,,
4.3710938,0.2265625,0.890625,0.32598144,0.008052199,0.0035923123,0.058540866,-0.00010800328,-2.1382031,50.140625,0.12254747,0.07753877,50.140625,155,FC128,crates,1,2155,,,,
3.3476562,0.14453125,0.92578125,0.33273876,0.008048104,-0.038501978,0.030637102,-0.023938447,-2.1447654,36.847656,0.11450693,0.07803902,36.847656,156,FC128,crates,1,2156,,,,
4.6328125,0.29296875,0.84765625,0.351282,0.008044008,0.17585611,0.01788077,-0.030477727,-2.1428123,57.023438,0.10236842,0.078539275,57.023438,157,FC128,crates,1,2157,,,,
6.125,0.39453125,0.74609375,0.32190478,0.008039912,0.105902255,0.026816597,-0.030886834,-2.2030466,83.53125,0.120583035,0.07903952,83.53125,158,FC128,crates,1,2158,,,,
6.8476562,0.30078125,0.6953125,0.24820516,0.008035817,0.08934969,0.037506603,-0.010863792,-1.7827733,89.578125,0.10072985,0.079539776,89.578125,159,FC128,crates,1,2159,,,,
7.140625,0.3515625,0.7109375,0.17301781,0.008031721,0.17849612,0.045814257,0.0076291445,-1.7115624,89.23047,0.079149485,0.08004002,89.23047,160,FC128,crates,1,2160,,,,
7.6289062,0.3515625,0.68359375,0.1667404,0.008027626,0.07230258,0.060664322,0.019003062,-1.5133592,94.28516,0.085999586,0.08054027,94.28516,161,FC128,crates,1,2161,,,,
5.2304688,0.2890625,0.87109375,0.23605771,0.00802353,0.052785695,0.056952745,0.01439676,-1.4503514,65.45703,0.0889,0.081040524,65.45703,162,FC128,crates,1,2162,,,,
6.40625,0.46484375,0.7734375,0.28127566,0.008019435,0.10600275,0.073940985,0.019525433,-1.8347265,84.05078,0.11334244,0.08154077,84.05078,163,FC128,crates,1,2163,,,,
5.6484375,0.4609375,0.83984375,0.36812645,0.008015339,0.09069532,0.049329672,-0.003915603,-1.9227343,77.078125,0.11239187,0.082041025,77.078125,164,FC128,crates,1,2164,,,,
5.5,0.53125,0.8359375,0.43700337,0.008011244,0.0752365,0.025469875,-0.0301493,-1.7191014,75.85156,0.11824023,0.08254127,75.85156,165,FC128,crates,1,2165,,,,
6.0976562,0.609375,0.79296875,0.43838102,0.008007148,0.03652191,0.0091850525,-0.043610793,-1.6527342,80.96875,0.112612054,0.08304153,80.96875,166,FC128,crates,1,2166,,,,
5.5351562,0.56640625,0.828125,0.43821293,0.008003052,0.08216125,0.023084994,-0.033324383,-1.6290233,72.85156,0.119832836,0.08354177,72.85156,167,FC128,crates,1,2167,,,,
5.6953125,0.57421875,0.7890625,0.39553812,0.007998957,0.09265977,0.04862222,-0.0042508235,-1.6485155,71.48047,0.112073876,0.08404203,71.48047,168,FC128,crates,1,2168,,,,
5.390625,0.53125,0.85546875,0.37469977,0.007994861,0.11501199,0.054299373,-0.0023501345,-1.5104295,64.16406,0.11929036,0.084542274,64.16406,169,FC128,crates,1,2169,,,,
5.3085938,0.5234375,0.890625,0.3661704,0.007990766,0.18443376,0.03964465,-0.014614518,-1.7570701,63.0625,0.1143703,0.08504252,63.0625,170,FC128,crates,1,2170,,,,
5.1796875,0.48828125,0.90234375,0.38335958,0.00798667,0.33522904,0.033044137,-0.020978168,-1.8315233,61.867188,0.114168145,0.085542776,61.867188,171,FC128,crates,1,2171,,,,
3.6132812,0.25390625,0.97265625,0.4178605,0.007982575,0.06325108,0.051883325,-0.021519639,-1.1799998,43.07422,0.15347713,0.08604302,43.07422,172,FC128,crates,1,2172,,,,
4.234375,0.32421875,0.97265625,0.39524344,0.007978479,0.3199252,0.0544858,-0.0033945765,-1.2192185,51.46875,0.122067645,0.08654328,51.46875,173,FC128,crates,1,2173,,,,
5.4960938,0.4375,0.87890625,0.36484826,0.007974383,0.25368732,0.11097105,0.031165566,-1.5787499,68.85156,0.16542985,0.087043524,68.85156,174,FC128,crates,1,2174,,,,
5.5117188,0.390625,0.89453125,0.34423158,0.007970288,0.28273433,0.09509482,0.018383188,-1.8155077,68.30469,0.15891051,0.08754378,68.30469,175,FC128,crates,1,2175,,,,
4.3945312,0.3359375,0.9453125,0.3830263,0.007966192,0.4134168,0.06989659,0.009450721,-1.5074998,54.527344,0.12699427,0.088044025,54.527344,176,FC128,crates,1,2176,,,,
2.109375,0.11328125,0.99609375,0.44080898,0.007962097,0.0133523345,0.041650046,-0.05867722,-1.3755858,22.304688,0.20767406,0.08854427,22.304688,177,FC128,crates,1,2177,,,,
1.8398438,0.07421875,1.0,0.4607788,0.007958001,-0.004558325,0.034009054,-0.079345204,-1.5225781,17.847656,0.23404227,0.089044526,17.847656,178,FC128,crates,1,2178,,,,
4.3359375,0.28125,0.91015625,0.3652151,0.007953906,0.043198645,0.04556273,-0.03175686,-1.081953,48.98828,0.16044895,0.08954477,48.98828,179,FC128,crates,1,2179,,,,
4.7734375,0.265625,0.8671875,0.3250088,0.0079498105,0.09926039,0.029659828,-0.028486619,-1.3842186,53.76172,0.12146041,0.09004503,53.76172,180,FC128,crates,1,2180,,,,
3.7148438,0.21484375,0.94140625,0.2783565,0.0079457145,0.15535808,0.054021947,-0.0075368,-1.551289,38.472656,0.12754098,0.090545274,38.472656,181,FC128,crates,1,2181,,,,
4.5078125,0.23046875,0.89453125,0.2611371,0.0079416195,0.18444842,0.05305103,-0.0052735377,-1.6989452,46.375,0.12079684,0.09104553,46.375,182,FC128,crates,1,2182,,,,
5.1679688,0.3046875,0.87890625,0.24616027,0.007937524,0.28277504,0.041985337,-0.007690858,-1.7012109,53.109375,0.1032602,0.091545776,53.109375,183,FC128,crates,1,2183,,,,
5.8789062,0.296875,0.85546875,0.23969156,0.0079334285,0.08306265,0.028925443,-0.019399736,-1.5962889,60.09375,0.10045351,0.09204602,60.09375,184,FC128,crates,1,2184,,,,
5.5976562,0.40625,0.88671875,0.24727896,0.007929333,0.16495436,0.027947448,-0.021727577,-1.583828,56.90625,0.10327157,0.09254628,56.90625,185,FC128,crates,1,2185,,,,
4.4023438,0.26171875,0.9453125,0.24820133,0.0079252375,0.12915826,0.035607465,-0.017310299,-1.4773045,43.695312,0.109769635,0.09304652,43.695312,186,FC128,crates,1,2186,,,,
5.3515625,0.42578125,0.89453125,0.23148105,0.007921142,0.2163809,0.044512186,-0.00871849,-1.4449999,55.765625,0.110128544,0.09354678,55.765625,187,FC128,crates,1,2187,,,,
5.5507812,0.33203125,0.84765625,0.23881711,0.007917047,0.35592067,0.038538467,-0.011772416,-1.509414,60.734375,0.10440322,0.094047025,60.734375,188,FC128,crates,1,2188,,,,
5.3476562,0.43359375,0.84375,0.24005759,0.007912951,0.35978723,0.047760688,-0.00213445,-1.0738671,59.910156,0.1035894,0.09454728,59.910156,189,FC128,crates,1,2189,,,,
5.5273438,0.37890625,0.80078125,0.233519,0.007908855,0.45686424,0.04387936,-0.008235113,-1.3078904,66.765625,0.10792268,0.095047526,66.765625,190,FC128,crates,1,2190,,,,
5.359375,0.265625,0.84375,0.20114802,0.00790476,0.5718156,0.046201088,-0.008734433,-1.3715233,59.51953,0.113051094,0.09554778,59.51953,191,FC128,crates,1,2191,,,,
4.3007812,0.26171875,0.9140625,0.22504278,0.007900664,0.62167084,0.05054875,-0.029527845,-1.8428515,47.71875,0.16370916,0.09604803,47.71875,192,FC128,crates,1,2192,,,,
3.09375,0.19921875,0.95703125,0.20421493,0.007896569,0.7253805,0.10578091,-0.024136305,-1.8298829,34.746094,0.26305962,0.096548274,34.746094,193,FC128,crates,1,2193,,,,
3.2578125,0.25390625,0.95703125,0.1736552,0.007892473,0.63652956,0.12523481,-0.01390666,-1.8671484,39.0,0.28102407,0.09704853,39.0,194,FC128,crates,1,2194,,,,
5.7421875,0.25,0.80859375,0.14781785,0.007888378,0.5251509,0.09551577,-0.0046614343,-1.8021874,64.67969,0.2026865,0.097548775,64.67969,195,FC128,crates,1,2195,,,,
7.4414062,0.31640625,0.6640625,0.103543,0.007884282,0.7434765,0.06303376,-0.003982551,-1.7783201,88.57422,0.13566534,0.09804903,88.57422,196,FC128,crates,1,2196,,,,
7.65625,0.31640625,0.58984375,0.10004562,0.007880186,0.8181981,0.057571344,-0.0020610318,-1.8000779,101.57422,0.12084151,0.09854928,101.57422,197,FC128,crates,1,2197,,,,
7.0507812,0.3203125,0.58203125,0.119647525,0.007876091,0.79188776,0.050557826,0.0033795268,-1.8721093,103.59375,0.0962413,0.09904953,103.59375,198,FC128,crates,1,2198,,,,
7.0390625,0.453125,0.5546875,0.12954797,0.007871995,0.7574042,0.039730124,-0.008376848,-1.7121092,110.26172,0.09825355,0.09954978,110.26172,199,FC128,crates,1,2199,,,,
6.9375,0.390625,0.59375,0.12548226,0.0078679,0.71111035,0.03159576,-0.010767971,-1.4806639,104.51953,0.08670202,0.10005003,104.51953,200,FC128,crates,1,2200,,,,
6.640625,0.26953125,0.61328125,0.10713974,0.007863804,0.6476548,0.039367527,-0.0011322272,-1.499453,98.41016,0.08268456,0.10055028,98.41016,201,FC128,crates,1,2201,,,,
6.6679688,0.37890625,0.59375,0.0999064,0.007859709,0.7857603,0.039139163,-0.00412998,-1.7110155,103.23828,0.088108756,0.101050526,103.23828,202,FC128,crates,1,2202,,,,
6.515625,0.39453125,0.6171875,0.083890215,0.007855613,0.73156446,0.045438334,-0.0035871204,-1.2834764,98.80859,0.09936892,0.10155078,98.80859,203,FC128,crates,1,2203,,,,
5.0351562,0.25390625,0.625,0.088998795,0.007851517,0.83675814,0.050136775,0.0014481912,-1.9180467,95.37891,0.098774716,0.10205103,95.37891,204,FC128,crates,1,2204,,,,
5.3203125,0.33203125,0.640625,0.07911364,0.007847422,0.8417016,0.055744357,0.0024889854,-1.4810154,91.78906,0.10775242,0.10255128,91.78906,205,FC128,crates,1,2205,,,,
5.9179688,0.31640625,0.66015625,0.087982126,0.007843326,0.7438436,0.050000582,0.0015109899,-1.4472656,88.90234,0.09835933,0.10305153,88.90234,206,FC128,crates,1,2206,,,,
6.5039062,0.32421875,0.6171875,0.104729965,0.007839231,0.77577436,0.04383926,0.0014479099,-1.8429687,100.16797,0.08642471,0.10355178,100.16797,207,FC128,crates,1,2207,,,,
6.3125,0.36328125,0.71875,0.097332194,0.007835135,0.50283515,0.04794389,-0.0020702318,-1.1022654,79.83203,0.10155347,0.10405203,79.83203,208,FC128,crates,1,2208,,,,
6.3710938,0.359375,0.7265625,0.09991634,0.00783104,0.431013,0.0396803,-0.0038933386,-1.0793357,79.578125,0.08871217,0.10455228,79.578125,209,FC128,crates,1,2209,,,,
5.78125,0.32421875,0.75390625,0.12980026,0.007826944,0.49536502,0.039854955,-0.006425501,-1.2409763,73.23047,0.09459279,0.10505253,73.23047,210,FC128,crates,1,2210,,,,
5.7265625,0.34375,0.77734375,0.14290994,0.007822849,0.3173567,0.040069394,-0.00735023,-0.9409764,69.328125,0.09707517,0.10555278,69.328125,211,FC128,crates,1,2211,,,,
5.9414062,0.37890625,0.76171875,0.15981014,0.007818753,0.39862782,0.033602953,-0.007644563,-0.9942576,73.58594,0.08499406,0.10605303,73.58594,212,FC128,crates,1,2212,,,,
6.6523438,0.4296875,0.70703125,0.15265931,0.007814657,0.31738162,0.035714146,-0.003452758,-1.007617,81.33203,0.08071977,0.10655328,81.33203,213,FC128,crates,1,2213,,,,
6.609375,0.45703125,0.73046875,0.1404729,0.007810562,0.26189858,0.04293054,0.0018017984,-0.78031236,76.47656,0.084451824,0.10705353,76.47656,214,FC128,crates,1,2214,,,,
6.5742188,0.48046875,0.734375,0.14308666,0.007806466,0.32728273,0.041520875,-0.0020335582,-0.9562888,77.24219,0.08934287,0.10755378,77.24219,215,FC128,crates,1,2215,,,,
7.2304688,0.48828125,0.67578125,0.14726959,0.0078023705,0.2158469,0.03414843,-0.003948371,-0.8376561,85.84766,0.0784917,0.10805403,85.84766,216,FC128,crates,1,2216,,,,
6.375,0.40625,0.7265625,0.14589329,0.007798275,0.28906232,0.036536243,-0.00752441,-1.058867,77.921875,0.09039673,0.10855428,77.921875,217,FC128,crates,1,2217,,,,
6.359375,0.46875,0.7265625,0.14022318,0.0077941795,0.23901635,0.04053959,-0.0036680214,-0.8901952,77.96875,0.09060107,0.10905453,77.96875,218,FC128,crates,1,2218,,,,
6.9726562,0.52734375,0.67578125,0.13376023,0.007790084,0.24985099,0.03817751,-0.002377255,-0.8037889,85.19531,0.08319354,0.10955478,85.19531,219,FC128,crates,1,2219,,,,
7.1679688,0.51171875,0.6640625,0.13677794,0.0077859885,0.36597866,0.03477703,-0.006991458,-0.9559763,89.50391,0.08566688,0.11005503,89.50391,220,FC128,crates,1,2220,,,,
6.9804688,0.51953125,0.671875,0.13603187,0.007781893,0.39320785,0.034778785,-0.0077469484,-0.8611326,88.83594,0.08716864,0.11055528,88.83594,221,FC128,crates,1,2221,,,,
7.5351562,0.61328125,0.640625,0.12008167,0.007777797,0.27609998,0.044610497,0.0021662924,-0.6425389,93.29297,0.08675635,0.11105553,93.29297,222,FC128,crates,1,2222,,,,
6.9414062,0.44921875,0.68359375,0.11595436,0.0077737016,0.438632,0.03943828,-0.0033890912,-0.89218736,85.64453,0.08745753,0.111555785,85.64453,223,FC128,crates,1,2223,,,,
7.7695312,0.58984375,0.6171875,0.11876186,0.007769606,0.3387758,0.030975692,-0.010004693,-0.7748435,97.203125,0.08380623,0.11205603,97.203125,224,FC128,crates,1,2224,,,,
7.046875,0.421875,0.6953125,0.1012467,0.0077655106,0.36478347,0.034967612,-0.006949754,-0.9725389,83.37891,0.0854072,0.11255628,83.37891,225,FC128,crates,1,2225,,,,
7.2578125,0.4453125,0.66015625,0.10675915,0.007761415,0.37602973,0.030415256,-0.010623939,-1.0258591,89.26172,0.08373559,0.11305653,89.26172,226,FC128,crates,1,2226,,,,
7.3945312,0.5859375,0.64453125,0.09268047,0.0077573196,0.362194,0.03723221,-0.0054549915,-0.87156224,93.66016,0.0868123,0.11355678,93.66016,227,FC128,crates,1,2227,,,,
7.4570312,0.6015625,0.60546875,0.09592258,0.007753224,0.3979439,0.035620473,-0.005268341,-0.8204295,98.03906,0.08326505,0.114057034,98.03906,228,FC128,crates,1,2228,,,,
7.0039062,0.60546875,0.64453125,0.09093572,0.0077491286,0.35050678,0.044098675,0.00066808297,-0.6568748,89.71094,0.08827053,0.11455728,89.71094,229,FC128,crates,1,2229,,,,
8.359375,0.58984375,0.52734375,0.09133724,0.007745033,0.46482617,0.029440237,-0.004138754,-0.91128886,115.66016,0.068572804,0.115057535,115.66016,230,FC128,crates,1,2230,,,,
6.5546875,0.45703125,0.65234375,0.09892354,0.007740937,0.29002935,0.03946562,-0.0029331036,-1.0020311,88.53125,0.08632897,0.11555778,88.53125,231,FC128,crates,1,2231,,,,
6.9023438,0.546875,0.6171875,0.10018553,0.0077368417,0.3288626,0.03754139,-0.0020382635,-0.69285136,95.87891,0.08070955,0.11605804,95.87891,232,FC128,crates,1,2232,,,,
7.4101562,0.52734375,0.59765625,0.09963844,0.007732746,0.3948642,0.036938746,-0.0007093466,-0.7455076,101.73047,0.076837145,0.11655828,101.73047,233,FC128,crates,1,2233,,,,
6.6523438,0.46875,0.65625,0.10719544,0.0077286507,0.36316806,0.039072145,-0.0033952564,-0.858242,90.640625,0.08659175,0.11705853,90.640625,234,FC128,crates,1,2234,,,,
6.8945312,0.53125,0.64453125,0.11328691,0.007724555,0.38815296,0.040936813,-0.0021456503,-0.73972636,93.34766,0.08791511,0.117558785,93.34766,235,FC128,crates,1,2235,,,,
7.1992188,0.625,0.625,0.10664435,0.0077204597,0.38774723,0.040399823,-0.00093296677,-0.5412108,98.32031,0.08431227,0.11805903,98.32031,236,FC128,crates,1,2236,,,,
7.7421875,0.66796875,0.55078125,0.10020955,0.007716364,0.42439002,0.030139606,-0.0049803867,-0.6349607,111.546875,0.07178649,0.118559286,111.546875,237,FC128,crates,1,2237,,,,
7.2734375,0.578125,0.60546875,0.095342025,0.0077122683,0.14780498,0.033208273,-0.003550892,-0.6136326,98.16016,0.07498893,0.11905953,98.16016,238,FC128,crates,1,2238,,,,
8.105469,0.59375,0.515625,0.08136409,0.007708173,0.18553841,0.031204276,-0.0016207049,-0.5105466,114.65625,0.0669043,0.11955979,114.65625,239,FC128,crates,1,2239,,,,
8.066406,0.57421875,0.5078125,0.09798658,0.0077040773,0.19386268,0.022569755,-0.007300629,-0.6305467,117.03906,0.06125056,0.120060034,117.03906,240,FC128,crates,1,2240,,,,
8.285156,0.73046875,0.51953125,0.09731467,0.007699982,0.18538356,0.034963477,-0.0009147237,-0.32203096,113.07422,0.07325504,0.12056028,113.07422,241,FC128,crates,1,2241,,,,
8.527344,0.62109375,0.515625,0.110221334,0.0076958863,0.18906415,0.02989585,-0.0033871287,-0.44058567,113.55859,0.06826246,0.121060535,113.55859,242,FC128,crates,1,2242,,,,
8.128906,0.68359375,0.55859375,0.121970385,0.007691791,0.1703192,0.030315636,-0.008679824,-0.67628884,109.92578,0.079867266,0.12156078,109.92578,243,FC128,crates,1,2243,,,,
7.4648438,0.625,0.5859375,0.13049993,0.0076876953,0.24011159,0.02991304,-0.008927824,-0.8002342,104.18359,0.079688214,0.12206104,104.18359,244,FC128,crates,1,2244,,,,
7.4140625,0.58984375,0.56640625,0.10073236,0.0076835994,0.2679934,0.033659127,-0.00407262,-0.6028123,102.3125,0.07701147,0.12256128,102.3125,245,FC128,crates,1,2245,,,,
7.375,0.56640625,0.52734375,0.08863207,0.007679504,0.125,0.030731427,-0.004045722,-0.79234356,110.81641,0.070915595,0.12306154,110.81641,246,FC128,crates,1,2246,,,,
8.199219,0.66015625,0.48828125,0.08691494,0.0076754084,0.2714045,0.027929321,-0.0019161782,-0.6198044,120.92578,0.061025213,0.123561785,120.92578,247,FC128,crates,1,2247,,,,
7.0703125,0.66796875,0.50390625,0.115579754,0.007671313,0.32804662,0.030177414,-0.0008324117,-0.7325388,116.19922,0.06379295,0.12406203,116.19922,248,FC128,crates,1,2248,,,,
7.2539062,0.5859375,0.42578125,0.14162977,0.0076672174,0.1457637,0.027368061,0.002341055,-0.78855443,129.33984,0.052225824,0.124562286,129.33984,249,FC128,crates,1,2249,,,,
6.6835938,0.59375,0.515625,0.14922878,0.007663122,0.25487846,0.033557072,0.0024243973,-0.71636695,113.12891,0.06455247,0.12506254,113.12891,250,FC128,crates,1,2250,,,,
6.515625,0.5703125,0.546875,0.13509175,0.0076590264,0.102196515,0.03473776,-0.0005301927,-0.5540623,109.05859,0.072605245,0.12556279,109.05859,251,FC128,crates,1,2251,,,,
6.21875,0.5703125,0.52734375,0.12897107,0.0076549305,0.3209784,0.029323068,-0.0032114787,-0.9488279,110.80078,0.067043625,0.12606303,110.80078,252,FC128,crates,1,2252,,,,
8.253906,0.6484375,0.4609375,0.140646,0.0076508354,0.3498112,0.029331923,-0.0010432662,-0.49746066,124.83594,0.062902495,0.12656328,124.83594,253,FC128,crates,1,2253,,,,
7.3476562,0.54296875,0.55078125,0.13166702,0.0076467395,0.1927287,0.033554286,-0.0016466094,-0.74011695,108.3125,0.072415434,0.12706354,108.3125,254,FC128,crates,1,2254,,,,
6.5859375,0.49609375,0.5625,0.17090452,0.007642644,0.4480062,0.03237971,-0.0049912254,-1.2963669,108.46094,0.07735419,0.12756379,108.46094,255,FC128,crates,1,2255,,,,
6.453125,0.59765625,0.640625,0.16310415,0.0076385485,0.1847192,0.047711134,0.004718613,-0.5636717,92.69141,0.0884768,0.12806404,92.69141,256,FC128,crates,1,2256,,,,
7.0820312,0.66015625,0.578125,0.21009815,0.007634453,0.2906223,0.034174617,-0.0022602072,-0.5035545,105.38672,0.07607762,0.12856428,105.38672,257,FC128,crates,1,2257,,,,
6.2109375,0.6484375,0.59375,0.24149403,0.0076303575,0.1848709,0.03792874,0.0007196997,-0.62972635,102.02344,0.07810345,0.12906453,102.02344,258,FC128,crates,1,2258,,,,
6.4765625,0.54296875,0.53515625,0.28096178,0.0076262616,0.31357354,0.033525616,0.0035741725,-0.89976543,117.85547,0.06418826,0.12956479,117.85547,259,FC128,crates,1,2259,,,,
5.7226562,0.67578125,0.55859375,0.30288208,0.0076221665,0.2778405,0.037609775,0.0024545332,-0.9012108,115.13281,0.07492772,0.13006504,115.13281,260,FC128,crates,1,2260,,,,
5.4257812,0.65625,0.5703125,0.3166776,0.0076180706,0.29989684,0.030805375,-0.0025103644,-0.82249975,114.77344,0.071456425,0.13056529,114.77344,261,FC128,crates,1,2261,,,,
5.5585938,0.6328125,0.5703125,0.29918566,0.007613975,0.0986563,0.023436638,-0.010126388,-0.5971873,112.671875,0.071682036,0.13106553,112.671875,262,FC128,crates,1,2262,,,,
6.1679688,0.66015625,0.5703125,0.29824772,0.0076098796,0.2721066,0.011985064,-0.024498846,-0.8599217,113.49609,0.07750708,0.1315658,113.49609,263,FC128,crates,1,2263,,,,
5.421875,0.58984375,0.64453125,0.29009652,0.007605784,0.3231457,0.021996304,-0.018508341,-0.97515607,99.60547,0.08542211,0.13206604,99.60547,264,FC128,crates,1,2264,,,,
5.765625,0.71484375,0.65234375,0.26874185,0.0076016886,0.091273904,0.029639276,-0.015195695,-0.6814842,97.64844,0.09375572,0.13256629,97.64844,265,FC128,crates,1,2265,,,,
5.9570312,0.765625,0.578125,0.30544385,0.007597593,0.2118842,0.03346325,-0.0056266496,-0.47574192,112.82031,0.08282108,0.13306653,112.82031,266,FC128,crates,1,2266,,,,
5.4765625,0.7578125,0.6015625,0.30976924,0.0075934976,0.2852397,0.044696704,0.0022081959,-0.59964824,107.91016,0.089681484,0.13356678,107.91016,267,FC128,crates,1,2267,,,,
5.28125,0.6640625,0.640625,0.30480203,0.0075894017,0.02893895,0.052613262,0.011096544,-0.6629685,100.12109,0.08765996,0.13406704,100.12109,268,FC128,crates,1,2268,,,,
5.7460938,0.81640625,0.53515625,0.31439078,0.007585306,0.14811605,0.05291803,0.010872628,-0.57531226,115.87891,0.08886031,0.13456729,115.87891,269,FC128,crates,1,2269,,,,
5.6328125,0.76171875,0.6484375,0.26817343,0.0075812107,0.26545173,0.045293722,-0.00048785834,-0.5191013,101.75781,0.09562932,0.13506754,101.75781,270,FC128,crates,1,2270,,,,
5.9804688,0.796875,0.69140625,0.2432092,0.007577115,0.17835158,0.045526974,-0.0033917332,-0.47460914,99.12891,0.10152306,0.13556778,99.12891,271,FC128,crates,1,2271,,,,
6.2148438,0.71875,0.63671875,0.21143138,0.0075730197,0.10779959,0.038595874,-0.0066007404,-0.47468728,104.10156,0.09359558,0.13606805,104.10156,272,FC128,crates,1,2272,,,,
5.9882812,0.7890625,0.6796875,0.21755584,0.007568924,0.19776869,0.038885318,-0.00994284,-0.58253884,96.47266,0.100949645,0.1365683,96.47266,273,FC128,crates,1,2273,,,,
6.2109375,0.74609375,0.71484375,0.18904044,0.0075648287,0.14198858,0.045871876,-0.0091960905,-0.34093726,90.08203,0.11299605,0.13706854,90.08203,274,FC128,crates,1,2274,,,,
6.5898438,0.84375,0.66015625,0.18811615,0.007560733,0.11839712,0.040055495,-0.011365577,-0.40648416,102.1875,0.10568674,0.13756879,102.1875,275,FC128,crates,1,2275,,,,
6.9648438,0.859375,0.6875,0.19298072,0.0075566373,0.15030438,0.047271658,-0.00737088,-0.33507788,97.32031,0.11220164,0.13806903,97.32031,276,FC128,crates,1,2276,,,,
7.0976562,0.81640625,0.6796875,0.18605666,0.007552542,0.13242501,0.047346964,-0.009791549,-0.20429665,96.44141,0.11708743,0.1385693,96.44141,277,FC128,crates,1,2277,,,,
6.3984375,0.69921875,0.70703125,0.18543053,0.0075484463,0.11886686,0.051317424,-0.010738418,-0.60136694,91.234375,0.1269111,0.13906954,91.234375,278,FC128,crates,1,2278,,,,
6.609375,0.66015625,0.70703125,0.17895454,0.007544351,0.13277054,0.050152306,-0.009538262,-0.5963279,87.95703,0.12208133,0.13956979,87.95703,279,FC128,crates,1,2279,,,,
7.6640625,0.70703125,0.6328125,0.17269827,0.0075402553,0.09146708,0.044431765,-0.006303382,-0.38374978,102.34766,0.10407467,0.14007004,102.34766,280,FC128,crates,1,2280,,,,
7.2265625,0.81640625,0.6875,0.16740838,0.00753616,0.11347175,0.044870466,-0.010818212,-0.33832008,95.69141,0.113900594,0.14057028,95.69141,281,FC128,crates,1,2281,,,,
6.7226562,0.73046875,0.68359375,0.16061164,0.007532064,0.087441325,0.04181834,-0.008084443,-0.50085914,103.50391,0.102225035,0.14107054,103.50391,282,FC128,crates,1,2282,,,,
7.390625,0.72265625,0.59765625,0.15507087,0.007527969,0.15669882,0.038577132,-0.0022411034,-0.36738253,112.98047,0.08397121,0.14157079,112.98047,283,FC128,crates,1,2283,,,,
8.09375,0.79296875,0.53515625,0.17512816,0.007523873,0.08709359,0.039334282,0.0017643237,-0.14898407,120.66797,0.0777752,0.14207104,120.66797,284,FC128,crates,1,2284,,,,
7.53125,0.80078125,0.6015625,0.17361589,0.0075197774,0.1754691,0.043879393,0.0013846654,-0.33925754,110.97266,0.08760057,0.14257129,110.97266,285,FC128,crates,1,2285,,,,
6.7265625,0.68359375,0.6875,0.17314829,0.007515682,0.14138728,0.050462045,0.0020222256,-0.34472632,94.49609,0.09948229,0.14307155,94.49609,286,FC128,crates,1,2286,,,,
6.8359375,0.77734375,0.67578125,0.18189433,0.0075115864,0.3040346,0.0514083,-0.00040215786,-0.2855857,97.24219,0.106353536,0.1435718,97.24219,287,FC128,crates,1,2287,,,,
7.53125,0.7890625,0.66796875,0.18774284,0.007507491,0.057471693,0.049713448,-0.0010847722,-0.25937474,99.26172,0.104415394,0.14407204,99.26172,288,FC128,crates,1,2288,,,,
6.5,0.8203125,0.71875,0.2149284,0.007503395,0.04429263,0.051954452,-0.0038892862,-0.16039035,92.07031,0.11491286,0.14457229,92.07031,289,FC128,crates,1,2289,,,,
6.4101562,0.87109375,0.734375,0.24035142,0.0074993,0.056045532,0.051846206,-0.0057990695,-0.15589818,93.0625,0.118895486,0.14507253,93.0625,290,FC128,crates,1,2290,,,,
7.1640625,0.8984375,0.69921875,0.22207032,0.007495204,0.10121411,0.05027478,-0.005679233,-0.013241939,97.19922,0.115236945,0.1455728,97.19922,291,FC128,crates,1,2291,,,,
7.4492188,0.875,0.68359375,0.22526483,0.0074911085,0.14091319,0.053510793,-0.0026048652,-0.17335913,100.28516,0.11560628,0.14607304,100.28516,292,FC128,crates,1,2292,,,,
7.8164062,0.8828125,0.58984375,0.21168636,0.007487013,0.050421298,0.046093322,-0.0011756722,-0.16332006,106.43359,0.097707786,0.14657329,106.43359,293,FC128,crates,1,2293,,,,
8.292969,0.91015625,0.53515625,0.22193637,0.0074829175,0.049941957,0.039962836,-0.0035105566,0.2116409,116.421875,0.09026825,0.14707354,116.421875,294,FC128,crates,1,2294,,,,
6.8476562,0.77734375,0.63671875,0.21736011,0.007478822,0.060441792,0.051227566,-0.00018782249,-0.118007585,99.64453,0.10608197,0.1475738,99.64453,295,FC128,crates,1,2295,,,,
7.6875,0.9140625,0.58203125,0.21325134,0.0074747265,0.09867734,0.042032916,-0.004307516,-0.068945065,113.10156,0.095868856,0.14807405,113.10156,296,FC128,crates,1,2296,,,,
6.4726562,0.828125,0.62109375,0.22206052,0.007470631,0.0821237,0.05484201,0.004722623,-0.04917945,102.62891,0.10355664,0.1485743,102.62891,297,FC128,crates,1,2297,,,,
7.8945312,1.0898438,0.5,0.24987736,0.007466535,0.13799912,0.046776574,3.2300733e-07,0.3328519,126.21875,0.09728394,0.14907454,126.21875,298,FC128,crates,1,2298,,,,
6.6054688,0.84765625,0.5703125,0.22622716,0.0074624396,0.11194891,0.052237622,0.0011113788,-0.25207007,109.29297,0.10562891,0.14957479,109.29297,299,FC128,crates,1,2299,,,,
6.7265625,0.85546875,0.64453125,0.22222658,0.007458344,0.09225339,0.05187205,-0.009255845,-0.10601536,98.25781,0.12557067,0.15007505,98.25781,300,FC128,crates,1,2300,,,,
8.027344,0.9140625,0.53515625,0.2530578,0.0074542486,0.12452084,0.035124037,-0.012385901,0.1461331,120.39453,0.09879259,0.1505753,120.39453,301,FC128,crates,1,2301,,,,
7.9414062,1.0078125,0.50390625,0.23507279,0.007450153,0.21245873,0.039536316,-0.0033717586,0.1860159,125.06641,0.08931881,0.15107554,125.06641,302,FC128,crates,1,2302,,,,
8.011719,0.8828125,0.5625,0.2379996,0.0074460576,0.075623155,0.053946022,0.0053947074,-0.062304437,116.05078,0.10064694,0.15157579,116.05078,303,FC128,crates,1,2303,,,,
8.046875,0.94140625,0.55078125,0.22950129,0.007441962,0.13984597,0.04771435,0.0012789562,0.17800815,117.45703,0.09628667,0.15207604,117.45703,304,FC128,crates,1,2304,,,,
8.574219,0.86328125,0.46484375,0.22716838,0.007437866,0.11403042,0.026770199,-0.01347215,-0.079726234,129.4336,0.083863996,0.1525763,129.4336,305,FC128,crates,1,2305,,,,
8.6796875,0.9375,0.484375,0.23508863,0.0074337707,0.085638225,0.03215878,-0.0077961357,0.29414093,124.234375,0.08340502,0.15307654,124.234375,306,FC128,crates,1,2306,,,,
8.035156,0.84375,0.48046875,0.23388815,0.007429675,0.08624965,0.048398055,0.00819703,-0.163281,125.109375,0.083877474,0.15357679,125.109375,307,FC128,crates,1,2307,,,,
8.277344,0.91796875,0.45703125,0.21814334,0.0074255797,0.098671556,0.050367486,0.007978518,0.09351594,130.2461,0.08801762,0.15407704,130.2461,308,FC128,crates,1,2308,,,,
8.464844,0.89453125,0.484375,0.23309335,0.007421484,0.10833222,0.032049347,-0.0074541187,-0.08941384,128.09766,0.08246673,0.1545773,128.09766,309,FC128,crates,1,2309,,,,
8.144531,0.91796875,0.49609375,0.21785827,0.0074173887,0.09678942,0.030333886,-0.013377885,0.21316437,121.67969,0.09065542,0.15507755,121.67969,310,FC128,crates,1,2310,,,,
8.886719,0.87890625,0.46875,0.21186106,0.0074132932,0.12080312,0.030322438,-0.006476686,0.11835968,130.76172,0.07673942,0.1555778,130.76172,311,FC128,crates,1,2311,,,,
8.003906,0.7109375,0.5,0.2106831,0.0074091973,0.11060965,0.041647546,0.0015303027,-0.333906,123.61719,0.08335648,0.15607804,123.61719,312,FC128,crates,1,2312,,,,
9.519531,0.9921875,0.42578125,0.21851325,0.0074051023,0.11164451,0.03478256,-0.002100772,0.4749222,134.86719,0.07700289,0.15657829,134.86719,313,FC128,crates,1,2313,,,,
8.855469,0.88671875,0.44921875,0.21170588,0.0074010063,0.13529062,0.02491655,-0.01129419,0.12027372,131.0,0.07555515,0.15707855,131.0,314,FC128,crates,1,2314,,,,
8.683594,0.8984375,0.49609375,0.19842726,0.007396911,0.15335107,0.032207783,-0.0116693,0.11863309,123.94531,0.09068967,0.1575788,123.94531,315,FC128,crates,1,2315,,,,
9.214844,1.0,0.45703125,0.19459623,0.0073928153,0.14648426,0.0377523,-0.0029565725,0.3807034,125.66797,0.084294975,0.15807904,125.66797,316,FC128,crates,1,2316,,,,
8.777344,0.859375,0.43359375,0.20524898,0.00738872,0.1686725,0.03664264,0.0002602871,0.04269561,132.19922,0.07579777,0.15857929,132.19922,317,FC128,crates,1,2317,,,,
7.4179688,1.203125,0.484375,0.25415996,0.0073846243,0.152668,0.045131885,-0.00015541172,0.7440629,132.40625,0.094328344,0.15907955,132.40625,318,FC128,crates,1,2318,,,,
6.8632812,1.09375,0.515625,0.2581061,0.007380529,0.17836088,0.05393706,0.002497982,0.35332066,121.35547,0.106688075,0.1595798,121.35547,319,FC128,crates,1,2319,,,,
9.308594,1.0039062,0.5078125,0.20364825,0.0073764334,0.11418259,0.047163833,0.00016325898,0.38613313,128.1836,0.09700554,0.16008005,128.1836,320,FC128,crates,1,2320,,,,
8.503906,1.078125,0.5078125,0.20037788,0.0073723374,0.20117009,0.04324607,-0.006722026,0.23785189,121.625,0.1028907,0.16058029,121.625,321,FC128,crates,1,2321,,,,
9.566406,0.88671875,0.41796875,0.18778974,0.007368242,0.17000598,0.030143414,-0.008206317,0.098789364,133.21484,0.07946682,0.16108054,133.21484,322,FC128,crates,1,2322,,,,
9.246094,1.0117188,0.46875,0.20985304,0.0073641464,0.119167626,0.0357958,-0.010520308,0.28820342,127.35156,0.095722996,0.1615808,127.35156,323,FC128,crates,1,2323,,,,
9.207031,1.1875,0.46875,0.24867837,0.007360051,0.18372232,0.04236181,-0.0049742446,0.72539103,132.22656,0.09833269,0.16208105,132.22656,324,FC128,crates,1,2324,,,,
8.1015625,0.99609375,0.49609375,0.30144247,0.0073559554,0.16666216,0.049889598,0.0043056533,0.4967191,123.14844,0.09560268,0.1625813,123.14844,325,FC128,crates,1,2325,,,,
7.1171875,1.125,0.55078125,0.33883703,0.00735186,0.18773466,0.06450528,0.009169104,0.54664093,117.234375,0.11565451,0.16308154,117.234375,326,FC128,crates,1,2326,,,,
6.8203125,1.109375,0.54296875,0.35958046,0.0073477644,0.14050907,0.05707651,0.0047210366,0.24980497,115.328125,0.10999517,0.1635818,115.328125,327,FC128,crates,1,2327,,,,
6.8007812,0.953125,0.57421875,0.36059788,0.0073436685,0.12090087,0.046875574,-0.006975373,0.30375034,112.03516,0.11299811,0.16408205,112.03516,328,FC128,crates,1,2328,,,,
7.2148438,1.0820312,0.5859375,0.35209486,0.007339573,0.17608082,0.03925571,-0.01621104,0.3392972,114.21484,0.11610195,0.1645823,114.21484,329,FC128,crates,1,2329,,,,
7.4296875,0.8984375,0.59375,0.30984384,0.0073354775,0.13065428,0.03809201,-0.016472295,0.09335966,109.578125,0.11367431,0.16508254,109.578125,330,FC128,crates,1,2330,,,,
7.5898438,1.0664062,0.5625,0.31420806,0.007331382,0.1522618,0.04228037,-0.010355539,0.33683625,111.78125,0.10987897,0.16558279,111.78125,331,FC128,crates,1,2331,,,,
7.4921875,1.1835938,0.58203125,0.29908562,0.0073272865,0.13232255,0.050944444,-0.006272806,0.57507837,112.27344,0.11881748,0.16608305,112.27344,332,FC128,crates,1,2332,,,,
8.457031,0.98046875,0.48046875,0.30364686,0.007323191,0.18523514,0.04561281,-0.0012200761,0.17257842,123.80859,0.0981131,0.1665833,123.80859,333,FC128,crates,1,2333,,,,
9.214844,1.078125,0.56640625,0.25937968,0.0073190955,0.13303292,0.053000905,-0.0027472123,0.34437528,114.09766,0.11529308,0.16708355,114.09766,334,FC128,crates,1,2334,,,,
9.0546875,0.92578125,0.55859375,0.23707782,0.0073149996,0.15422827,0.04449117,-0.010980622,0.3262112,113.5625,0.11441203,0.1675838,113.5625,335,FC128,crates,1,2335,,,,
9.2421875,1.0429688,0.578125,0.2292388,0.0073109046,0.113375545,0.052177638,-0.0059464346,0.32082063,111.484375,0.11960003,0.16808406,111.484375,336,FC128,crates,1,2336,,,,
9.753906,0.75390625,0.5,0.2047009,0.0073068086,0.15104347,0.03486682,-0.009455968,-0.38261694,120.79297,0.091637,0.1685843,120.79297,337,FC128,crates,1,2337,,,,
9.78125,0.69921875,0.5546875,0.1875851,0.007302713,0.098119974,0.03246125,-0.014660245,-0.47796848,111.90625,0.09698274,0.16908455,111.90625,338,FC128,crates,1,2338,,,,
9.90625,0.9375,0.53125,0.28803143,0.0072986176,0.149827,0.020579243,-0.027779184,0.06253937,120.625,0.10092132,0.1695848,120.625,339,FC128,crates,1,2339,,,,
8.453125,0.96875,0.56640625,0.36302307,0.007294522,0.13869154,0.021748243,-0.026659101,0.1705081,115.33203,0.10211085,0.17008504,115.33203,340,FC128,crates,1,2340,,,,
8.113281,1.15625,0.5703125,0.37025714,0.0072904266,0.109873176,0.055523805,-1.3895968e-05,0.62089884,109.10547,0.11647407,0.1705853,109.10547,341,FC128,crates,1,2341,,,,
8.042969,1.1367188,0.546875,0.3916603,0.0072863307,0.076475024,0.06568221,0.011881675,0.66800815,117.65234,0.11330861,0.17108555,117.65234,342,FC128,crates,1,2342,,,,
7.3125,1.1171875,0.52734375,0.4070906,0.0072822357,0.12427223,0.058849614,0.004769042,0.41785187,119.38672,0.114090204,0.1715858,119.38672,343,FC128,crates,1,2343,,,,
7.9726562,1.0,0.515625,0.43403003,0.0072781397,0.108071506,0.045154758,-0.00016690823,0.40070343,119.48828,0.09696119,0.17208605,119.48828,344,FC128,crates,1,2344,,,,
8.3828125,1.1640625,0.55859375,0.36625743,0.007274044,0.16880739,0.04004605,-0.010907843,0.64273465,117.18359,0.10723613,0.17258629,117.18359,345,FC128,crates,1,2345,,,,
7.9570312,0.99609375,0.6015625,0.29225758,0.0072699487,0.1132763,0.0347681,-0.018107768,0.15472686,112.0625,0.11000113,0.17308655,112.0625,346,FC128,crates,1,2346,,,,
8.578125,1.0039062,0.50390625,0.30972305,0.007265853,0.13685262,0.02969921,-0.01656209,0.32433623,120.82422,0.097023405,0.1735868,120.82422,347,FC128,crates,1,2347,,,,
7.6132812,1.1210938,0.52734375,0.368704,0.0072617577,0.14640874,0.031806163,-0.015666401,0.3677737,119.82422,0.10030001,0.17408705,119.82422,348,FC128,crates,1,2348,,,,
7.9726562,1.09375,0.5546875,0.36406514,0.0072576622,0.11540955,0.049830396,-0.0031179122,0.48960972,117.00391,0.11118114,0.1745873,117.00391,349,FC128,crates,1,2349,,,,
7.0195312,0.9609375,0.58984375,0.39744723,0.0072535668,0.12131435,0.054880433,-0.0023212181,0.4345706,109.88672,0.12016912,0.17508756,109.88672,350,FC128,crates,1,2350,,,,
5.3789062,1.0039062,0.64453125,0.45019355,0.007249471,0.13606727,0.049403872,-0.015978457,0.22406277,100.83594,0.13729198,0.1755878,100.83594,351,FC128,crates,1,2351,,,,
5.984375,0.95703125,0.640625,0.37374637,0.0072453753,0.14961171,0.04676261,-0.01934334,-0.05281225,101.89844,0.13762777,0.17608805,101.89844,352,FC128,crates,1,2352,,,,
6.5664062,0.953125,0.6328125,0.34985316,0.00724128,0.1393885,0.04226624,-0.01774345,-0.010038776,103.19922,0.12508614,0.1765883,103.19922,353,FC128,crates,1,2353,,,,
7.1757812,1.1992188,0.59765625,0.36590394,0.0072371843,0.1586752,0.043721113,-0.014080414,0.7077738,110.40625,0.12089928,0.17708854,110.40625,354,FC128,crates,1,2354,,,,
6.1835938,1.03125,0.546875,0.37770855,0.007233089,0.15780634,0.042826056,-0.0071342145,0.30195338,111.99219,0.10538454,0.1775888,111.99219,355,FC128,crates,1,2355,,,,
7.0078125,1.171875,0.546875,0.35180888,0.0072289933,0.15947902,0.05772488,0.0030026122,0.56039095,114.89844,0.11453097,0.17808905,114.89844,356,FC128,crates,1,2356,,,,
6.875,0.9453125,0.56640625,0.32275286,0.007224898,0.11926347,0.054268237,1.4564352e-05,0.13515651,112.24609,0.113171056,0.1785893,112.24609,357,FC128,crates,1,2357,,,,
7.4570312,1.0625,0.49609375,0.37338266,0.007220802,0.14948279,0.035280127,-0.0128515465,0.48906282,123.62109,0.101655595,0.17908955,123.62109,358,FC128,crates,1,2358,,,,
7.2382812,1.1757812,0.5703125,0.33645737,0.0072167064,0.118017256,0.04484655,-0.011585487,0.5182425,110.953125,0.1177203,0.17958981,110.953125,359,FC128,crates,1,2359,,,,
8.269531,1.1445312,0.4765625,0.33867887,0.007212611,0.13153386,0.048695866,0.0013018786,0.66945344,125.171875,0.099673495,0.18009005,125.171875,360,FC128,crates,1,2360,,,,
5.7617188,1.2734375,0.48046875,0.45820898,0.0072085154,0.16797024,0.049694102,-0.0016215446,0.7546488,121.77344,0.109237306,0.1805903,121.77344,361,FC128,crates,1,2361,,,,
5.8867188,1.265625,0.49609375,0.4732209,0.00720442,0.18219388,0.06339558,0.006102592,0.9465238,120.55078,0.12140454,0.18109055,120.55078,362,FC128,crates,1,2362,,,,
7.2773438,1.2109375,0.484375,0.36995572,0.0072003244,0.12299514,0.07497261,0.017812409,0.631055,121.5,0.11964799,0.1815908,121.5,363,FC128,crates,1,2363,,,,
7.5507812,1.3398438,0.4765625,0.35365713,0.007196229,0.21565062,0.05784721,0.002095235,1.0744144,125.69141,0.11659395,0.18209106,125.69141,364,FC128,crates,1,2364,,,,
5.8125,1.1328125,0.49609375,0.4328494,0.007192133,0.17726469,0.038666252,-0.022736685,0.38160184,119.11328,0.12903209,0.1825913,119.11328,365,FC128,crates,1,2365,,,,
6.8007812,1.2148438,0.50390625,0.39621073,0.007188038,0.15603656,0.05228235,-0.007939517,0.90195346,119.46875,0.12613969,0.18309155,119.46875,366,FC128,crates,1,2366,,,,
6.5976562,1.1601562,0.5234375,0.34864804,0.007183942,0.1586675,0.07032104,0.0075102695,0.60687524,113.01953,0.13063088,0.1835918,113.01953,367,FC128,crates,1,2367,,,,
6.3125,1.2460938,0.5,0.37881574,0.0071798465,0.18727511,0.05654526,-0.0014160067,0.66695344,116.65625,0.12136221,0.18409204,116.65625,368,FC128,crates,1,2368,,,,
6.4179688,1.0859375,0.51953125,0.37817815,0.007175751,0.15713692,0.04978906,-0.009694477,0.38660184,115.140625,0.1243945,0.1845923,115.140625,369,FC128,crates,1,2369,,,,
8.167969,1.1015625,0.5,0.30094907,0.0071716555,0.13500196,0.04288428,-0.011923916,0.73171914,119.78906,0.113933,0.18509255,119.78906,370,FC128,crates,1,2370,,,,
7.8945312,1.5,0.52734375,0.29347572,0.00716756,0.2044208,0.050113652,-0.01194483,1.4309379,117.72656,0.12832397,0.1855928,117.72656,371,FC128,crates,1,2371,,,,
5.203125,1.2304688,0.5,0.5032775,0.007163464,0.18260121,0.039989598,-0.018523026,1.0446879,117.37891,0.12423567,0.18609305,117.37891,372,FC128,crates,1,2372,,,,
4.1601562,1.421875,0.49609375,0.5433152,0.007159369,0.20629108,0.045996826,-0.014777637,0.9909769,120.69531,0.12932852,0.18659331,120.69531,373,FC128,crates,1,2373,,,,
5.203125,1.4375,0.5625,0.46456823,0.007155273,0.15807766,0.0855354,0.004411739,1.0815237,110.39844,0.16889554,0.18709356,110.39844,374,FC128,crates,1,2374,,,,
6.3203125,1.0078125,0.640625,0.28984463,0.0071511776,0.04527974,0.10932778,0.006113946,0.121015854,98.12891,0.21057312,0.1875938,98.12891,375,FC128,crates,1,2375,,,,
5.9179688,1.3671875,0.62109375,0.403588,0.007147082,0.14765221,0.079431176,-0.008200345,0.94214875,108.92578,0.181032,0.18809405,108.92578,376,FC128,crates,1,2376,,,,
4.796875,1.3320312,0.51171875,0.5043881,0.0071429866,0.23106492,0.054326907,-0.013153356,1.2257426,119.28516,0.1421662,0.1885943,119.28516,377,FC128,crates,1,2377,,,,
5.4375,1.3515625,0.640625,0.43799624,0.007138891,0.16764492,0.07765833,-0.002693879,1.2162893,101.17969,0.16695803,0.18909456,101.17969,378,FC128,crates,1,2378,,,,
6.1757812,1.453125,0.62890625,0.4006356,0.0071347957,0.1885103,0.08251517,0.0015664527,1.1284769,104.734375,0.16761434,0.1895948,104.734375,379,FC128,crates,1,2379,,,,
5.1992188,1.4570312,0.58203125,0.48220384,0.0071307,0.18778652,0.055658095,-0.012954809,1.379141,110.51953,0.14410271,0.19009505,110.51953,380,FC128,crates,1,2380,,,,
5.7070312,1.3867188,0.546875,0.43907097,0.007126604,0.20141041,0.05939735,-0.010088087,1.2749221,114.51953,0.14522904,0.1905953,114.51953,381,FC128,crates,1,2381,,,,
7.2851562,1.4453125,0.515625,0.40230522,0.0071225087,0.22174138,0.06650159,9.330288e-05,1.3211331,117.91406,0.1385474,0.19109556,117.91406,382,FC128,crates,1,2382,,,,
7.171875,1.3945312,0.47265625,0.43734792,0.007118413,0.21175659,0.052534796,-0.013183403,1.1019535,124.28125,0.13766284,0.19159581,124.28125,383,FC128,crates,1,2383,,,,
6.6796875,1.3984375,0.4921875,0.4970586,0.0071143177,0.21334028,0.052163042,-0.01846387,1.3255863,120.375,0.1483263,0.19209605,120.375,384,FC128,crates,1,2384,,,,
7.1679688,1.3515625,0.51171875,0.40812042,0.0071102222,0.20025516,0.057767097,-0.016727498,1.1325785,119.1875,0.15479285,0.1925963,119.1875,385,FC128,crates,1,2385,,,,
7.0703125,1.3359375,0.5625,0.3951874,0.0071061268,0.16394824,0.062335715,-0.016227663,1.0808597,117.125,0.16274326,0.19309655,117.125,386,FC128,crates,1,2386,,,,
5.109375,1.359375,0.5234375,0.40827757,0.0071020313,0.22027081,0.054757413,-0.019009503,1.1812114,120.35156,0.15333302,0.19359681,120.35156,387,FC128,crates,1,2387,,,,
4.8320312,1.6328125,0.51953125,0.44166088,0.0070979353,0.22564167,0.06751314,-0.006587096,1.7127738,122.34766,0.15447024,0.19409706,122.34766,388,FC128,crates,1,2388,,,,
4.96875,1.359375,0.57421875,0.40129724,0.00709384,0.075796604,0.10495338,0.014180725,1.0105472,113.34766,0.18723878,0.1945973,113.34766,389,FC128,crates,1,2389,,,,
5.421875,1.375,0.57421875,0.39546242,0.0070897443,0.08622986,0.09188065,0.0074726115,0.7458987,118.640625,0.17442353,0.19509755,118.640625,390,FC128,crates,1,2390,,,,
5.7578125,1.6132812,0.58203125,0.40973994,0.007085649,0.13243926,0.07324959,-0.0069981082,1.5148441,112.57422,0.16630195,0.19559781,112.57422,391,FC128,crates,1,2391,,,,
4.09375,1.5429688,0.4921875,0.4992567,0.0070815533,0.1296997,0.028835487,-0.03632628,1.3962114,128.46875,0.13739456,0.19609806,128.46875,392,FC128,crates,1,2392,,,,
4.9296875,1.4921875,0.4765625,0.53055537,0.007077458,0.16422987,0.027631203,-0.03237744,1.557852,131.44922,0.12752725,0.1965983,131.44922,393,FC128,crates,1,2393,,,,
7.2695312,1.6835938,0.55859375,0.4030657,0.0070733624,0.11772895,0.05329799,-0.019364275,1.9101176,116.59766,0.15102659,0.19709855,116.59766,394,FC128,crates,1,2394,,,,
7.9609375,0.9921875,0.6484375,0.26527005,0.0070692664,0.048693538,0.07447068,-0.015604268,0.19312528,102.52734,0.18390042,0.1975988,102.52734,395,FC128,crates,1,2395,,,,
7.65625,1.2304688,0.66015625,0.33165255,0.0070651714,0.064139426,0.08157334,-0.010419277,0.9990238,101.55859,0.1886716,0.19809906,101.55859,396,FC128,crates,1,2396,,,,
7.5585938,1.5742188,0.49609375,0.43729734,0.0070610754,0.18661642,0.050099067,-0.01812885,1.4169925,127.3125,0.14263141,0.19859931,127.3125,397,FC128,crates,1,2397,,,,
7.3242188,1.5351562,0.51953125,0.42372116,0.00705698,0.14008826,0.052496493,-0.01855063,1.3107817,124.61719,0.14807463,0.19909956,124.61719,398,FC128,crates,1,2398,,,,
8.9765625,1.5859375,0.4453125,0.33198062,0.0070528844,0.17904454,0.06160172,-0.00016734532,1.6405864,131.1914,0.12822098,0.1995998,131.1914,399,FC128,crates,1,2399,,,,
8.3046875,1.359375,0.5546875,0.2714889,0.007048789,0.110967636,0.09917367,0.016527576,1.0670316,114.73047,0.16911952,0.20010006,114.73047,400,FC128,crates,1,2400,,,,
8.402344,1.1484375,0.51171875,0.2802811,0.0070446935,0.10466367,0.08048876,0.009162995,0.8430472,116.79297,0.14660051,0.20060031,116.79297,401,FC128,crates,1,2401,,,,
9.027344,1.5507812,0.41796875,0.30741432,0.0070405975,0.19470346,0.041520886,-0.026163828,1.5334771,134.53125,0.13969819,0.20110056,134.53125,402,FC128,crates,1,2402,,,,
8.707031,1.4921875,0.328125,0.40520144,0.0070365025,0.21059996,0.028763587,-0.026719032,1.3032035,149.5586,0.116667636,0.2016008,149.5586,403,FC128,crates,1,2403,,,,
7.5234375,1.3242188,0.41796875,0.4357286,0.0070324065,0.20961076,0.04863371,-0.009918701,1.0863676,136.0586,0.123233266,0.20210105,136.0586,404,FC128,crates,1,2404,,,,
8.496094,1.4726562,0.44921875,0.36797237,0.007028311,0.13692415,0.10270717,0.02629999,1.4127347,129.17578,0.1579868,0.20260131,129.17578,405,FC128,crates,1,2405,,,,
10.796875,1.1914062,0.40625,0.24478905,0.0070242155,-0.018335342,0.10414,0.027666247,0.89851606,136.55078,0.1563864,0.20310156,136.55078,406,FC128,crates,1,2406,,,,
11.089844,1.1445312,0.40234375,0.22913249,0.00702012,0.06340891,0.0693581,0.0076406104,0.41726598,138.10938,0.12665206,0.2036018,138.10938,407,FC128,crates,1,2407,,,,
8.6484375,1.2929688,0.48046875,0.3303849,0.0070160246,0.17448485,0.028295638,-0.03097852,1.2041801,130.96094,0.12318429,0.20410205,130.96094,408,FC128,crates,1,2408,,,,
4.1992188,1.7226562,0.375,0.57394385,0.007011929,0.16604102,0.017659105,-0.04638978,1.7488676,143.59375,0.13614668,0.2046023,143.59375,409,FC128,crates,1,2409,,,,
2.953125,1.1875,0.33203125,0.60107046,0.0070078336,0.13293618,0.0039313687,-0.044183657,0.50878936,155.74219,0.10465445,0.20510256,155.74219,410,FC128,crates,1,2410,,,,
2.9140625,1.2851562,0.2890625,0.6623588,0.0070037376,0.25411528,0.0026823813,-0.034485795,0.9165238,156.07812,0.08361433,0.20560281,156.07812,411,FC128,crates,1,2411,,,,
4.2070312,1.5078125,0.40625,0.5760221,0.006999642,0.26949048,0.038990937,-0.008739973,1.4203911,140.98438,0.10352572,0.20610306,140.98438,412,FC128,crates,1,2412,,,,
6.8828125,1.53125,0.5,0.42085436,0.0069955466,0.009187102,0.1251371,0.03877898,1.4437504,124.03516,0.17860447,0.2066033,124.03516,413,FC128,crates,1,2413,,,,
8.472656,1.3710938,0.46484375,0.33277342,0.006991451,-0.12711656,0.15008171,0.053038217,1.0800004,129.76953,0.19874012,0.20710357,129.76953,414,FC128,crates,1,2414,,,,
6.4960938,1.4921875,0.5,0.39079425,0.0069873556,0.06978935,0.111761265,0.029745823,1.1313286,126.05859,0.16949211,0.20760381,126.05859,415,FC128,crates,1,2415,,,,
4.671875,1.4023438,0.5703125,0.531622,0.00698326,0.18014628,0.066434465,-0.0011488514,1.1799222,115.13672,0.14259154,0.20810406,115.13672,416,FC128,crates,1,2416,,,,
4.15625,1.34375,0.5546875,0.5411929,0.0069791647,0.22304034,0.05053175,-0.014817452,1.1627737,116.13281,0.13825256,0.2086043,116.13281,417,FC128,crates,1,2417,,,,
4.7070312,1.4570312,0.52734375,0.5013644,0.0069750687,0.1852411,0.052563187,-0.016585289,1.4716802,118.984375,0.14529106,0.20910455,118.984375,418,FC128,crates,1,2418,,,,
6.3867188,1.5742188,0.55859375,0.38606736,0.006970973,0.17009223,0.06658885,-0.0064238994,1.6262113,117.703125,0.15140802,0.20960481,117.703125,419,FC128,crates,1,2419,,,,
7.578125,1.4804688,0.57421875,0.3464605,0.0069668777,0.123836875,0.08905784,0.0071689533,1.541016,110.80859,0.16860527,0.21010506,110.80859,420,FC128,crates,1,2420,,,,
6.734375,1.6367188,0.5859375,0.36624566,0.0069627822,0.21137589,0.101900525,0.011603639,1.5450394,113.66016,0.18569395,0.21060531,113.66016,421,FC128,crates,1,2421,,,,
6.0273438,1.7148438,0.55859375,0.4225922,0.0069586867,0.19039202,0.08658634,0.0051824744,1.7608206,115.10156,0.1686891,0.21110556,115.10156,422,FC128,crates,1,2422,,,,
5.9140625,1.7148438,0.5703125,0.4576181,0.0069545913,0.1920808,0.09478928,0.0057647373,1.851563,112.46484,0.18441418,0.21160582,112.46484,423,FC128,crates,1,2423,,,,
6.2695312,1.4648438,0.58203125,0.38066012,0.0069504958,0.14985317,0.097567156,0.008618696,1.3475394,113.40625,0.18318847,0.21210606,113.40625,424,FC128,crates,1,2424,,,,
7.2890625,1.6015625,0.58203125,0.37125206,0.0069464,0.12302351,0.08244126,-0.0043537165,1.7618754,111.50391,0.17874768,0.21260631,111.50391,425,FC128,crates,1,2425,,,,
7.046875,1.3554688,0.578125,0.33172137,0.006942305,0.14887261,0.061144534,-0.02973545,1.0358207,110.53125,0.18636578,0.21310656,110.53125,426,FC128,crates,1,2426,,,,
9.390625,1.015625,0.5625,0.26473647,0.006938209,0.088330925,0.046629548,-0.03463984,0.34015658,116.25391,0.16621237,0.2136068,116.25391,427,FC128,crates,1,2427,,,,
8.714844,0.765625,0.59375,0.20306328,0.0069341133,0.04293698,0.06750524,-0.017029397,-0.45121074,104.26953,0.1718854,0.21410707,104.26953,428,FC128,crates,1,2428,,,,
9.1484375,0.8046875,0.6015625,0.21644884,0.006930018,0.023729503,0.05853802,-0.017183019,-0.19578098,102.23047,0.15444207,0.21460731,102.23047,429,FC128,crates,1,2429,,,,
7.8007812,0.78515625,0.703125,0.25649664,0.0069259224,0.065751016,0.044599254,-0.03450913,-0.39148414,94.08984,0.16176972,0.21510756,94.08984,430,FC128,crates,1,2430,,,,
7.8828125,1.078125,0.5625,0.38194484,0.006921827,0.06655753,0.027924728,-0.039889846,0.35925815,117.35156,0.14091666,0.2156078,117.35156,431,FC128,crates,1,2431,,,,
6.8828125,1.53125,0.5078125,0.5062733,0.006917731,0.03648925,0.037524648,-0.035601526,1.1411332,122.76172,0.15325688,0.21610805,122.76172,432,FC128,crates,1,2432,,,,
6.234375,1.3945312,0.59375,0.5596009,0.006913636,0.08137405,0.045142293,-0.02730301,1.195469,113.3125,0.15262836,0.21660832,113.3125,433,FC128,crates,1,2433,,,,
6.4335938,1.4609375,0.61328125,0.5854575,0.00690954,0.09702635,0.062199965,-0.007546375,1.4267583,109.59766,0.14758316,0.21710856,109.59766,434,FC128,crates,1,2434,,,,
7.5,1.7265625,0.515625,0.5193736,0.0069054444,0.055212557,0.071001284,0.006773742,1.7620317,128.47266,0.1356281,0.21760881,128.47266,435,FC128,crates,1,2435,,,,
7.1757812,1.6679688,0.578125,0.4644221,0.006901349,0.023851395,0.09777779,0.027712243,1.6219926,115.859375,0.14654137,0.21810906,115.859375,436,FC128,crates,1,2436,,,,
8.203125,1.4335938,0.51953125,0.45457467,0.0068972535,0.009423375,0.09798699,0.032241438,1.5779692,122.97656,0.13776174,0.21860932,122.97656,437,FC128,crates,1,2437,,,,
8.4140625,1.640625,0.484375,0.45758182,0.006893158,0.0860427,0.07661568,0.020108277,1.9387896,129.90625,0.119323164,0.21910957,129.90625,438,FC128,crates,1,2438,,,,
6.6875,1.6328125,0.51171875,0.5152958,0.0068890625,0.14228237,0.062793694,0.0013975106,1.661602,127.69141,0.12989217,0.21960981,127.69141,439,FC128,crates,1,2439,,,,
6.8984375,1.6953125,0.48046875,0.5283718,0.006884967,0.14794832,0.06298734,0.0007604844,2.0496879,131.17578,0.13172936,0.22011006,131.17578,440,FC128,crates,1,2440,,,,
7.2070312,1.6640625,0.46484375,0.49979895,0.006880871,0.15233505,0.074191965,0.009649074,2.0407035,133.875,0.13596389,0.2206103,133.875,441,FC128,crates,1,2441,,,,
8.03125,1.828125,0.37890625,0.48294654,0.0068767755,0.17935133,0.08579695,0.019552493,2.422149,145.42969,0.13913114,0.22111057,145.42969,442,FC128,crates,1,2442,,,,
5.7851562,1.78125,0.3515625,0.55766594,0.00687268,0.2193898,0.044064004,-0.017495532,1.7783988,148.19531,0.13078439,0.22161081,148.19531,443,FC128,crates,1,2443,,,,
5.5859375,1.8007812,0.390625,0.5499403,0.0068685845,0.2130326,0.05219073,-0.01425416,2.0961332,142.57422,0.1404444,0.22211106,142.57422,444,FC128,crates,1,2444,,,,
5.9023438,1.7734375,0.484375,0.5233885,0.006864489,0.13216227,0.08302297,-0.0038376653,2.0489066,127.80078,0.18090686,0.22261131,127.80078,445,FC128,crates,1,2445,,,,
6.6679688,2.1015625,0.45703125,0.476681,0.0068603936,0.15338218,0.09008912,0.002962849,2.8036723,135.42188,0.18079297,0.22311157,135.42188,446,FC128,crates,1,2446,,,,
6.1757812,2.0507812,0.45703125,0.48139712,0.006856298,0.18218333,0.057130914,-0.027029907,2.6390238,134.9336,0.17492285,0.22361182,134.9336,447,FC128,crates,1,2447,,,,
5.1757812,1.8085938,0.42578125,0.5114448,0.006852202,0.17465985,0.027885977,-0.051163908,2.1951568,138.48828,0.16510881,0.22411206,138.48828,448,FC128,crates,1,2448,,,,
4.78125,1.7460938,0.45703125,0.453728,0.0068481066,0.21179175,0.05606365,-0.03481186,1.96668,130.64453,0.18796538,0.22461231,130.64453,449,FC128,crates,1,2449,,,,
6.1796875,2.109375,0.3984375,0.46020988,0.006844011,0.22002244,0.08677887,-0.0031227896,3.1287506,139.73047,0.18610269,0.22511256,139.73047,450,FC128,crates,1,2450,,,,
7.1796875,2.3476562,0.484375,0.3828215,0.0068399156,0.17354494,0.11170469,0.0040008742,3.3941803,131.57422,0.22064458,0.22561282,131.57422,451,FC128,crates,1,2451,,,,
6.1445312,2.1210938,0.34375,0.46608782,0.00683582,0.29592103,0.05217253,-0.022912528,3.1469927,149.64844,0.1565423,0.22611307,149.64844,452,FC128,crates,1,2452,,,,
8.253906,1.65625,0.546875,0.24888535,0.0068317247,0.14600599,0.10172138,-0.020001806,1.9773831,117.90625,0.24684702,0.22661331,117.90625,453,FC128,crates,1,2453,,,,
6.7851562,1.8710938,0.51171875,0.38675514,0.006827629,0.1708737,0.09331905,-0.022928713,2.3339458,124.98828,0.23777677,0.22711356,124.98828,454,FC128,crates,1,2454,,,,
3.8867188,1.390625,0.32421875,0.49983153,0.006823533,0.30021155,0.02862723,-0.040155023,1.4278519,151.44531,0.14438574,0.22761382,151.44531,455,FC128,crates,1,2455,,,,
5.3164062,1.9609375,0.30078125,0.5118208,0.006819438,0.35060406,0.06210299,-0.011768658,2.7552347,154.01562,0.15472396,0.22811407,154.01562,456,FC128,crates,1,2456,,,,
8.59375,2.0507812,0.484375,0.28743312,0.006815342,-0.008486986,0.17385657,0.032874368,2.6474223,127.79297,0.28588232,0.22861432,127.79297,457,FC128,crates,1,2457,,,,
10.167969,1.671875,0.453125,0.21009968,0.0068112467,-0.13445926,0.15155178,0.0170096,1.6861331,130.33594,0.27194646,0.22911456,130.33594,458,FC128,crates,1,2458,,,,
10.2578125,1.78125,0.44140625,0.21507138,0.0068071513,0.060798228,0.09640068,-0.0028218327,1.81043,133.53906,0.20137307,0.22961481,133.53906,459,FC128,crates,1,2459,,,,
9.816406,2.1992188,0.43359375,0.2909625,0.0068030558,0.11367941,0.062336795,-0.027764281,3.199024,136.8789,0.18416102,0.23011507,136.8789,460,FC128,crates,1,2460,,,,
7.7734375,2.296875,0.49609375,0.39606956,0.0067989603,0.08902359,0.065366544,-0.030569663,3.2744536,127.09375,0.19725814,0.23061532,127.09375,461,FC128,crates,1,2461,,,,
7.2734375,2.125,0.42578125,0.48167768,0.006794865,0.1518392,0.05017422,-0.029467387,2.851563,138.19922,0.16582909,0.23111556,138.19922,462,FC128,crates,1,2462,,,,
8.125,2.1132812,0.40234375,0.4920467,0.0067907693,0.18642825,0.068683475,-0.002358217,3.1401176,144.71094,0.14876615,0.23161581,144.71094,463,FC128,crates,1,2463,,,,
9.363281,2.40625,0.44140625,0.3556701,0.0067866733,0.15225613,0.11647752,0.025701134,3.836602,134.63281,0.1863804,0.23211607,134.63281,464,FC128,crates,1,2464,,,,
10.5625,2.1953125,0.4296875,0.2667409,0.006782578,0.16455805,0.107301705,0.012230873,3.427188,136.71484,0.19376004,0.23261632,136.71484,465,FC128,crates,1,2465,,,,
10.433594,2.2148438,0.40234375,0.26650226,0.0067784823,0.224433,0.09974028,0.00047546838,3.1536334,141.6211,0.2021426,0.23311657,141.6211,466,FC128,crates,1,2466,,,,
9.074219,2.0976562,0.37109375,0.39137182,0.006774387,0.15308827,0.094937496,-0.023171542,3.0732036,145.78516,0.24152069,0.23361681,145.78516,467,FC128,crates,1,2467,,,,
6.1953125,1.4726562,0.453125,0.48018605,0.0067702914,0.1919142,0.06938713,-0.040845178,1.3640629,138.98828,0.22696662,0.23411706,138.98828,468,FC128,crates,1,2468,,,,
6.0078125,1.7695312,0.4375,0.52457714,0.006766196,0.19795579,0.07287662,-0.030698774,1.9680864,138.4336,0.21424957,0.23461732,138.4336,469,FC128,crates,1,2469,,,,
6.046875,2.0,0.46484375,0.5324693,0.0067621004,0.17290026,0.08865213,-0.014387389,2.2026567,135.47266,0.21328026,0.23511757,135.47266,470,FC128,crates,1,2470,,,,
7.40625,2.5039062,0.3828125,0.50746256,0.0067580044,0.178972,0.099360116,0.008314334,3.5525787,148.52344,0.18895043,0.23561782,148.52344,471,FC128,crates,1,2471,,,,
8.0234375,2.6054688,0.41015625,0.45412153,0.006753909,0.081008255,0.113104284,0.012155624,3.9375396,141.85156,0.20803152,0.23611806,141.85156,472,FC128,crates,1,2472,,,,
6.5585938,2.4453125,0.4375,0.5273434,0.0067498134,0.15508014,0.06250908,-0.030272014,3.6748443,138.71484,0.19268113,0.23661831,138.71484,473,FC128,crates,1,2473,,,,
4.4453125,2.0546875,0.296875,0.58059174,0.006745718,0.24718136,0.015863476,-0.04972631,2.7151566,159.9336,0.13901259,0.23711857,159.9336,474,FC128,crates,1,2474,,,,
3.015625,1.4804688,0.28515625,0.57538974,0.0067416225,0.20011878,0.0029794597,-0.055693008,1.3139848,160.13672,0.12510306,0.23761882,160.13672,475,FC128,crates,1,2475,,,,
2.5859375,1.34375,0.19140625,0.5744008,0.006737527,0.2729292,-0.001400721,-0.04729855,1.1821097,173.23047,0.09953574,0.23811907,173.23047,476,FC128,crates,1,2476,,,,
3.1835938,1.6679688,0.24609375,0.59409785,0.0067334315,0.32239562,0.019556355,-0.032105654,1.9011332,163.84375,0.11132465,0.23861931,163.84375,477,FC128,crates,1,2477,,,,
4.9726562,2.1679688,0.359375,0.5112373,0.0067293355,0.23856694,0.10475463,0.014267303,3.2422662,144.7461,0.18785523,0.23911957,144.7461,478,FC128,crates,1,2478,,,,
8.566406,1.7851562,0.4375,0.33879185,0.0067252405,-0.17194033,0.2205261,0.059368163,2.2074223,132.82031,0.3268728,0.23961982,132.82031,479,FC128,crates,1,2479,,,,
11.96875,1.46875,0.38671875,0.18592861,0.0067211445,-0.48553228,0.2182534,0.057609554,1.2173833,141.14844,0.323787,0.24012007,141.14844,480,FC128,crates,1,2480,,,,
11.136719,1.1523438,0.4609375,0.15911087,0.006717049,-0.26477897,0.17370772,0.037255928,0.6789458,128.23047,0.2750411,0.24062032,128.23047,481,FC128,crates,1,2481,,,,
9.71875,1.0585938,0.5625,0.16843407,0.0067129536,-0.044688225,0.125326,0.010897945,0.34800807,113.515625,0.23111746,0.24112056,113.515625,482,FC128,crates,1,2482,,,,
10.6875,1.4570312,0.44921875,0.22992347,0.006708858,0.11169666,0.08066435,-0.0034503876,1.5734769,128.58984,0.17131452,0.24162082,128.58984,483,FC128,crates,1,2483,,,,
5.2265625,1.8632812,0.5234375,0.46162292,0.0067047626,0.22742176,0.08403658,-0.013273975,2.6997662,121.484375,0.20081127,0.24212107,121.484375,484,FC128,crates,1,2484,,,,
4.0625,1.640625,0.375,0.54634094,0.0067006666,0.26168776,0.047169805,-0.025016936,1.9933598,146.9375,0.15169518,0.24262132,146.9375,485,FC128,crates,1,2485,,,,
3.625,1.53125,0.31640625,0.5685901,0.0066965716,0.30931282,0.03920424,-0.025351822,1.6101565,150.17969,0.13672733,0.24312156,150.17969,486,FC128,crates,1,2486,,,,
4.75,1.734375,0.44921875,0.5675227,0.0066924756,0.27749777,0.049395803,-0.020717233,2.3105474,131.17188,0.14782234,0.24362183,131.17188,487,FC128,crates,1,2487,,,,
6.765625,1.9414062,0.4765625,0.4961204,0.00668838,0.19241738,0.07690845,0.0034539264,2.5231643,130.03516,0.15354553,0.24412207,130.03516,488,FC128,crates,1,2488,,,,
9.328125,1.578125,0.47265625,0.35948044,0.0066842847,0.11070585,0.09974496,0.019890856,1.7053909,131.16406,0.16451395,0.24462232,131.16406,489,FC128,crates,1,2489,,,,
10.488281,1.3085938,0.46484375,0.27044883,0.006680189,0.014272809,0.09409818,0.017276168,0.8200394,131.6836,0.15725732,0.24512257,131.6836,490,FC128,crates,1,2490,,,,
9.300781,1.203125,0.515625,0.2804222,0.0066760937,0.15059024,0.07516005,0.003159608,0.802266,124.50781,0.14774513,0.24562281,124.50781,491,FC128,crates,1,2491,,,,
9.03125,1.7421875,0.47265625,0.37418276,0.0066719977,0.1428191,0.05305406,-0.009448024,2.0251176,129.85547,0.12999727,0.24612308,129.85547,492,FC128,crates,1,2492,,,,
8.019531,1.6601562,0.38671875,0.40200084,0.0066679027,0.21170723,0.032551393,-0.02592059,1.8122661,141.54297,0.122304976,0.24662332,141.54297,493,FC128,crates,1,2493,,,,
6.8945312,1.6953125,0.3828125,0.46462718,0.0066638067,0.1934914,0.025451705,-0.031793185,2.0850785,140.83984,0.12068215,0.24712357,140.83984,494,FC128,crates,1,2494,,,,
6.8828125,1.96875,0.3515625,0.47887066,0.0066597117,0.24964231,0.037214197,-0.021110237,2.6952739,148.69531,0.123027146,0.24762382,148.69531,495,FC128,crates,1,2495,,,,
7.3359375,1.9726562,0.359375,0.43590346,0.0066556158,0.25742698,0.056008335,-0.0027051808,2.6009378,145.69531,0.123229444,0.24812406,145.69531,496,FC128,crates,1,2496,,,,
8.894531,1.9140625,0.37890625,0.36566833,0.0066515203,0.20306128,0.09184809,0.025405439,2.781602,144.15234,0.1377498,0.24862432,144.15234,497,FC128,crates,1,2497,,,,
9.425781,2.0664062,0.3828125,0.32254902,0.006647425,0.17892295,0.11298638,0.031723794,3.0501566,144.11719,0.16681342,0.24912457,144.11719,498,FC128,crates,1,2498,,,,
7.8671875,2.3164062,0.4296875,0.3825265,0.006643329,0.23937017,0.1091748,0.02231133,3.430274,140.70312,0.17880945,0.24962482,140.70312,499,FC128,crates,1,2499,,,,
6.6289062,2.328125,0.41796875,0.40490258,0.006639234,0.27720726,0.101287864,0.0089472225,3.5248442,137.38672,0.19005777,0.25012508,137.38672,500,FC128,crates,1,2500,,,,
6.2070312,2.1914062,0.4609375,0.39671844,0.006635138,0.2710992,0.0989527,-0.0006604237,2.830274,135.53906,0.20449083,0.2506253,135.53906,501,FC128,crates,1,2501,,,,
7.4453125,2.6484375,0.43359375,0.37437707,0.006631043,0.2430529,0.11244031,0.008943848,4.4400005,140.55469,0.21195795,0.25112557,140.55469,502,FC128,crates,1,2502,,,,
8.0234375,2.6953125,0.4375,0.30429018,0.006626947,0.15955693,0.1245881,0.007865088,4.320391,138.30078,0.23747906,0.25162584,138.30078,503,FC128,crates,1,2503,,,,
7.0625,2.6757812,0.40625,0.309927,0.0066228514,0.2824583,0.103461675,-0.0044611306,4.3286333,142.42578,0.21995081,0.25212607,142.42578,504,FC128,crates,1,2504,,,,
6.3554688,2.6328125,0.40625,0.3313449,0.006618756,0.22572315,0.09035556,-0.025134446,4.0877743,140.55469,0.2353662,0.25262633,140.55469,505,FC128,crates,1,2505,,,,
5.2109375,2.4648438,0.35546875,0.3379988,0.0066146604,0.23583889,0.07380093,-0.038581338,3.7479694,147.58984,0.22923602,0.25312656,147.58984,506,FC128,crates,1,2506,,,,
4.6445312,2.171875,0.27734375,0.343448,0.006610565,0.22973734,0.057360984,-0.043534003,2.8366022,159.27344,0.20633075,0.25362682,159.27344,507,FC128,crates,1,2507,,,,
3.8046875,1.8515625,0.2421875,0.39624894,0.006606469,0.26204967,0.03610228,-0.05403325,2.0657034,164.6875,0.18550667,0.2541271,164.6875,508,FC128,crates,1,2508,,,,
4.328125,2.1171875,0.1640625,0.3956763,0.006602374,0.36592835,0.04109696,-0.037397277,2.9282818,177.70703,0.16221328,0.25462732,177.70703,509,FC128,crates,1,2509,,,,
5.4023438,2.1796875,0.3359375,0.37557223,0.006598278,0.1823011,0.11359671,-0.015473103,3.0524616,150.61719,0.2630959,0.25512758,150.61719,510,FC128,crates,1,2510,,,,
7.9804688,2.6992188,0.33984375,0.30559805,0.0065941825,0.09835535,0.17116393,0.018336385,4.534961,150.35938,0.30968544,0.2556278,150.35938,511,FC128,crates,1,2511,,,,
9.449219,3.1679688,0.28125,0.23042744,0.006590087,0.14054942,0.14330585,0.012569811,5.399923,157.3789,0.26450914,0.25612807,157.3789,512,FC128,crates,1,2512,,,,
7.109375,2.71875,0.37890625,0.25495723,0.0065859915,0.26678455,0.09738078,-0.012058601,4.568594,143.36328,0.22223705,0.25662833,143.36328,513,FC128,crates,1,2513,,,,
5.0625,2.3007812,0.359375,0.3185095,0.006581896,0.27766055,0.080487855,-0.021676088,3.4527738,148.48047,0.20852068,0.25712857,148.48047,514,FC128,crates,1,2514,,,,
4.8828125,2.1835938,0.34375,0.35245296,0.0065778,0.2797045,0.073726036,-0.024333553,3.366094,154.02734,0.20075591,0.25762883,154.02734,515,FC128,crates,1,2515,,,,
6.6289062,2.5625,0.41796875,0.2778816,0.006573705,0.29527515,0.090799816,-0.015561174,4.3527346,142.33203,0.2163754,0.25812906,142.33203,516,FC128,crates,1,2516,,,,
10.6953125,2.4335938,0.38671875,0.19349103,0.006569609,0.23185277,0.09690929,-0.007789452,3.83086,142.0664,0.21193981,0.25862932,142.0664,517,FC128,crates,1,2517,,,,
10.941406,2.5820312,0.390625,0.20413046,0.0065655136,0.13769454,0.11218526,0.00060883944,4.17043,143.48438,0.22583328,0.25912958,143.48438,518,FC128,crates,1,2518,,,,
7.4609375,2.8828125,0.37890625,0.26471025,0.006561418,0.29167783,0.09352675,-0.0058006244,4.662813,146.1875,0.2021285,0.25962982,146.1875,519,FC128,crates,1,2519,,,,
5.5273438,2.4375,0.33984375,0.35944214,0.0065573226,0.3451615,0.07540295,-0.013473393,3.8719149,152.9336,0.18246664,0.26013008,152.9336,520,FC128,crates,1,2520,,,,
5.6953125,2.6679688,0.35546875,0.33968982,0.006553227,0.3227052,0.09033247,-0.009266984,4.571407,153.03906,0.20365103,0.2606303,153.03906,521,FC128,crates,1,2521,,,,
6.90625,2.9023438,0.3359375,0.2884131,0.006549131,0.31065398,0.10449858,-0.0041892617,5.1293364,153.3789,0.2211534,0.26113057,153.3789,522,FC128,crates,1,2522,,,,
8.417969,3.296875,0.390625,0.24837334,0.006545036,0.20180225,0.15490259,0.00821024,5.668829,141.45703,0.29663593,0.26163083,141.45703,523,FC128,crates,1,2523,,,,
9.535156,2.9179688,0.38671875,0.23804207,0.00654094,0.11608058,0.15768729,-0.00042203796,4.7788286,143.38281,0.3193327,0.26213107,143.38281,524,FC128,crates,1,2524,,,,
8.269531,2.90625,0.40234375,0.23168105,0.006536845,0.23788524,0.13927785,-0.01787331,4.7371492,142.50781,0.31733122,0.26263133,142.50781,525,FC128,crates,1,2525,,,,
6.8632812,2.8671875,0.3671875,0.2837909,0.006532749,0.2633748,0.10863026,-0.04113582,4.831016,147.36328,0.30324003,0.2631316,147.36328,526,FC128,crates,1,2526,,,,
6.2539062,2.984375,0.328125,0.33599386,0.0065286537,0.23835099,0.08850092,-0.052142028,4.8355474,153.1211,0.28567305,0.26363182,153.1211,527,FC128,crates,1,2527,,,,
5.921875,2.7773438,0.3125,0.38381884,0.006524558,0.20832235,0.07483647,-0.053486947,4.4136333,152.09375,0.26165533,0.26413208,152.09375,528,FC128,crates,1,2528,,,,
6.0039062,2.5351562,0.30859375,0.40330678,0.006520462,0.22478747,0.07505605,-0.04211528,4.0425396,157.92969,0.23960216,0.2646323,157.92969,529,FC128,crates,1,2529,,,,
6.7109375,2.9140625,0.359375,0.38099322,0.006516367,0.15765321,0.12673724,-0.013158409,4.9640236,148.74219,0.2847567,0.26513258,148.74219,530,FC128,crates,1,2530,,,,
7.7460938,3.1132812,0.34765625,0.31097925,0.0065122712,0.19648963,0.13151704,-0.002673999,5.434454,150.16406,0.27243245,0.26563284,150.16406,531,FC128,crates,1,2531,,,,
7.8828125,3.078125,0.4296875,0.278674,0.006508176,0.17056161,0.12656502,-0.0073160618,5.685977,141.46094,0.2713895,0.26613307,141.46094,532,FC128,crates,1,2532,,,,
7.328125,3.2890625,0.359375,0.2680713,0.0065040803,0.26049966,0.09573413,-0.017172923,5.8087506,153.27344,0.22930121,0.26663333,153.27344,533,FC128,crates,1,2533,,,,
7.4765625,3.2382812,0.2890625,0.26747087,0.006499985,0.33119363,0.08772831,-0.019098192,6.0603914,163.76172,0.21713011,0.26713356,163.76172,534,FC128,crates,1,2534,,,,
7.359375,3.1914062,0.296875,0.2764995,0.0064958893,0.319803,0.09472238,-0.019176692,6.157735,160.4414,0.23139037,0.26763383,160.4414,535,FC128,crates,1,2535,,,,
8.140625,3.2148438,0.33984375,0.24546394,0.006491794,0.37446886,0.10382642,-0.015452008,5.807149,156.1289,0.24174385,0.2681341,156.1289,536,FC128,crates,1,2536,,,,
9.0234375,3.3476562,0.3359375,0.2407418,0.0064876983,0.2935055,0.13272117,-0.0064971815,6.2465634,153.82422,0.28156042,0.26863432,153.82422,537,FC128,crates,1,2537,,,,
7.2539062,3.2734375,0.28125,0.26630205,0.0064836023,0.3513744,0.12290602,-0.013083941,5.694649,160.21094,0.27543312,0.26913458,160.21094,538,FC128,crates,1,2538,,,,
6.3125,2.921875,0.296875,0.27706653,0.0064795073,0.40517682,0.122490235,-0.017040404,5.123477,159.84375,0.28265178,0.2696348,159.84375,539,FC128,crates,1,2539,,,,
7.3203125,3.3398438,0.28125,0.25256398,0.0064754114,0.31905085,0.14884263,-0.0029054794,6.057188,161.16406,0.30676714,0.27013507,161.16406,540,FC128,crates,1,2540,,,,
8.675781,3.4960938,0.25390625,0.2087334,0.006471316,0.33264613,0.1471151,-0.0037039348,6.567149,166.58594,0.30433962,0.27063534,166.58594,541,FC128,crates,1,2541,,,,
8.265625,3.3789062,0.33203125,0.1870414,0.0064672204,0.29365766,0.13653897,-0.024818858,6.177579,154.35156,0.3251349,0.27113557,154.35156,542,FC128,crates,1,2542,,,,
6.4765625,3.1601562,0.2421875,0.21912605,0.006463125,0.30192012,0.10134278,-0.04119502,5.8185167,166.61328,0.28790808,0.27163583,166.61328,543,FC128,crates,1,2543,,,,
4.5390625,2.4492188,0.19140625,0.24394985,0.0064590294,0.32067204,0.08825236,-0.046805046,3.5713286,175.94922,0.27326617,0.2721361,175.94922,544,FC128,crates,1,2544,,,,
4.5390625,2.4179688,0.16796875,0.25073835,0.0064549334,0.3699522,0.08462983,-0.0343197,4.101485,177.8711,0.24113606,0.27263632,177.8711,545,FC128,crates,1,2545,,,,
5.3125,2.5859375,0.234375,0.22384797,0.0064508384,0.46181452,0.0909793,-0.026917892,4.500782,166.89453,0.23868239,0.2731366,166.89453,546,FC128,crates,1,2546,,,,
8.214844,3.4726562,0.3046875,0.20610766,0.0064467425,0.31454116,0.1390257,-0.001518841,6.342071,158.57812,0.28374654,0.27363682,158.57812,547,FC128,crates,1,2547,,,,
12.285156,2.171875,0.31640625,0.17863576,0.006442647,0.049376845,0.18385011,0.010572695,3.0788288,153.17578,0.3488566,0.27413708,153.17578,548,FC128,crates,1,2548,,,,
13.183594,1.875,0.28515625,0.14651877,0.0064385515,-0.04848814,0.16770291,0.006607576,2.1157036,157.11328,0.3240774,0.27463734,157.11328,549,FC128,crates,1,2549,,,,
12.7734375,1.8945312,0.30078125,0.16594964,0.006434456,0.082606316,0.13595141,0.0028781015,2.6281257,152.58594,0.26828223,0.27513757,152.58594,550,FC128,crates,1,2550,,,,
10.0546875,2.859375,0.3671875,0.21636386,0.0064303605,0.23098397,0.11156311,-0.011450734,5.03254,143.51953,0.24881029,0.27563784,143.51953,551,FC128,crates,1,2551,,,,
7.1210938,3.0234375,0.34375,0.24756128,0.0064262645,0.4034477,0.09501808,-0.016502388,5.5090632,149.78906,0.22622272,0.27613807,149.78906,552,FC128,crates,1,2552,,,,
5.6875,2.75,0.2578125,0.31817502,0.0064221695,0.37876034,0.07429367,-0.025875287,4.5004697,161.77344,0.20442466,0.27663833,161.77344,553,FC128,crates,1,2553,,,,
4.8828125,2.3085938,0.25,0.34458545,0.0064180735,0.35883492,0.07591642,-0.022322867,3.4092975,162.89453,0.20090173,0.2771386,162.89453,554,FC128,crates,1,2554,,,,
5.0976562,2.359375,0.34765625,0.33974445,0.0064139785,0.36545014,0.08279368,-0.018083904,4.063477,154.5664,0.2061134,0.27763882,154.5664,555,FC128,crates,1,2555,,,,
6.1757812,2.828125,0.29296875,0.3137334,0.0064098826,0.37649822,0.07909859,-0.013625083,5.165821,158.35938,0.18946934,0.27813908,158.35938,556,FC128,crates,1,2556,,,,
7.3125,2.9453125,0.36328125,0.3073709,0.006405787,0.36937112,0.10053517,-0.0047995206,5.536212,149.86719,0.21460728,0.27863932,149.86719,557,FC128,crates,1,2557,,,,
8.4296875,3.109375,0.265625,0.32508662,0.0064016916,0.34653682,0.116551004,0.015087221,5.4597273,160.48438,0.20708977,0.27913958,160.48438,558,FC128,crates,1,2558,,,,
9.027344,3.1484375,0.27734375,0.2930716,0.006397596,0.27132457,0.13550869,0.01695801,5.4652743,161.66016,0.24085125,0.27963984,161.66016,559,FC128,crates,1,2559,,,,
9.1640625,3.4453125,0.3125,0.26050016,0.0063935006,0.27634603,0.14057803,0.015235818,6.1505475,158.67578,0.25401545,0.28014007,158.67578,560,FC128,crates,1,2560,,,,
8.636719,3.4140625,0.296875,0.25783053,0.0063894046,0.40736842,0.124474645,0.004627743,6.7292194,161.20312,0.24298857,0.28064033,161.20312,561,FC128,crates,1,2561,,,,
7.7460938,3.5,0.31640625,0.24747372,0.0063853096,0.36282593,0.12964019,-0.0021193905,6.536524,159.02734,0.26667956,0.28114057,159.02734,562,FC128,crates,1,2562,,,,
8.34375,3.6132812,0.27734375,0.27525654,0.0063812137,0.3670351,0.12679517,-0.009415475,7.2391806,166.45703,0.27593425,0.28164083,166.45703,563,FC128,crates,1,2563,,,,
7.4804688,3.3867188,0.34765625,0.2997167,0.006377118,0.31003404,0.13965312,-0.027277734,6.318165,154.19531,0.33768436,0.2821411,154.19531,564,FC128,crates,1,2564,,,,
8.1484375,3.671875,0.296875,0.30259502,0.0063730227,0.32074994,0.13603748,-0.028598413,7.0523834,159.4336,0.3331287,0.28264132,159.4336,565,FC128,crates,1,2565,,,,
7.4921875,3.3945312,0.3203125,0.30757755,0.006368927,0.35927814,0.13798471,-0.042174507,6.187852,159.23047,0.3642363,0.28314158,159.23047,566,FC128,crates,1,2566,,,,
6.6289062,3.2226562,0.3046875,0.2946149,0.0063648317,0.3580551,0.14047255,-0.039621763,5.8690243,159.53516,0.363939,0.28364184,159.53516,567,FC128,crates,1,2567,,,,
6.5703125,3.2382812,0.26171875,0.30616096,0.0063607357,0.33927196,0.12742826,-0.0438118,5.9663286,166.22656,0.34637493,0.28414208,166.22656,568,FC128,crates,1,2568,,,,
6.3203125,3.1171875,0.25390625,0.30625457,0.0063566407,0.37422353,0.12244573,-0.03632121,5.84586,165.0039,0.32142738,0.28464234,165.0039,569,FC128,crates,1,2569,,,,
7.1992188,3.359375,0.2578125,0.26350507,0.0063525448,0.42469275,0.13277471,-0.024372159,6.47086,162.0586,0.3176416,0.28514257,162.0586,570,FC128,crates,1,2570,,,,
8.324219,3.1367188,0.33203125,0.2229723,0.0063484493,0.39380658,0.1482608,-0.013961753,6.003438,159.03125,0.32727614,0.28564283,159.03125,571,FC128,crates,1,2571,,,,
8.753906,3.5664062,0.33984375,0.17713965,0.006344354,0.3904457,0.14490227,-0.013078316,6.6800785,153.40625,0.31820884,0.2861431,153.40625,572,FC128,crates,1,2572,,,,
7.3789062,3.375,0.31640625,0.18331322,0.0063402583,0.44465965,0.12704448,-0.014455578,6.261524,156.82031,0.2853246,0.28664333,156.82031,573,FC128,crates,1,2573,,,,
7.0820312,3.5273438,0.3046875,0.22173908,0.006336163,0.32211632,0.13341399,-0.012833235,6.439805,160.66016,0.2953044,0.2871436,160.66016,574,FC128,crates,1,2574,,,,
6.1914062,3.046875,0.23046875,0.24173471,0.006332067,0.47991902,0.10273437,-0.018570911,5.2236724,168.54688,0.24567193,0.28764382,168.54688,575,FC128,crates,1,2575,,,,
7.8085938,3.6367188,0.28125,0.22467814,0.006327972,0.34215033,0.12125717,-0.0048574894,6.9366026,163.22266,0.25507283,0.28814408,163.22266,576,FC128,crates,1,2576,,,,
8.46875,3.7773438,0.28125,0.20166218,0.006323876,0.40132707,0.1341331,0.003242757,6.9381256,160.21875,0.26433125,0.28864434,160.21875,577,FC128,crates,1,2577,,,,
9.015625,3.4609375,0.3359375,0.19418965,0.0063197804,0.30964434,0.17032367,0.0107342,6.4425,153.5664,0.3216334,0.28914458,153.5664,578,FC128,crates,1,2578,,,,
9.2421875,3.765625,0.30859375,0.20607136,0.006315685,0.3074364,0.16730183,0.008716431,7.1401567,157.44531,0.31977376,0.28964484,157.44531,579,FC128,crates,1,2579,,,,
8.527344,3.8203125,0.265625,0.22027677,0.0063115894,0.36166817,0.13020505,-0.002883063,7.4125786,163.32422,0.2689568,0.29014507,163.32422,580,FC128,crates,1,2580,,,,
7.4101562,3.671875,0.21875,0.2364274,0.006307494,0.43626398,0.10341523,-0.009297386,7.1412897,170.91406,0.22840776,0.29064533,170.91406,581,FC128,crates,1,2581,,,,
6.1757812,3.1679688,0.16796875,0.25091052,0.006303398,0.38540602,0.09017952,-0.02445273,5.8846493,175.29688,0.23242767,0.2911456,175.29688,582,FC128,crates,1,2582,,,,
6.484375,3.4257812,0.1484375,0.24403113,0.006299303,0.49441612,0.09190867,-0.026011292,6.243126,179.11719,0.23891437,0.29164582,179.11719,583,FC128,crates,1,2583,,,,
7.9726562,3.703125,0.1953125,0.22204201,0.006295207,0.47861415,0.11996092,-0.015146093,7.076173,174.10156,0.27300963,0.2921461,174.10156,584,FC128,crates,1,2584,,,,
9.707031,3.8632812,0.21484375,0.20747,0.006291112,0.35370433,0.16168527,-0.0011853081,7.1028132,170.01172,0.32835162,0.29264632,170.01172,585,FC128,crates,1,2585,,,,
9.980469,3.203125,0.18359375,0.19876409,0.006287016,0.43056494,0.17505282,0.0018661909,5.785118,171.73047,0.3488725,0.29314658,171.73047,586,FC128,crates,1,2586,,,,
9.113281,3.7890625,0.21484375,0.20038731,0.0062829205,0.38320166,0.16668601,0.0017980163,7.408282,167.90234,0.33229402,0.29364684,167.90234,587,FC128,crates,1,2587,,,,
8.097656,3.9492188,0.1875,0.21511649,0.006278825,0.41978598,0.13343292,-0.005677242,7.4913683,176.1289,0.2809217,0.29414707,176.1289,588,FC128,crates,1,2588,,,,
7.6640625,3.7460938,0.1484375,0.235306,0.0062747295,0.42663908,0.10984265,-0.02087579,7.274767,179.54688,0.26438984,0.29464734,179.54688,589,FC128,crates,1,2589,,,,
8.0390625,3.84375,0.21484375,0.22810017,0.006270634,0.37438428,0.12809215,-0.012093585,7.8079696,169.6914,0.28323215,0.2951476,169.6914,590,FC128,crates,1,2590,,,,
8.2421875,3.7539062,0.28515625,0.22378223,0.006266538,0.35095888,0.1470608,-0.018035986,7.6216803,159.32812,0.33299822,0.29564783,159.32812,591,FC128,crates,1,2591,,,,
9.503906,4.3789062,0.16796875,0.22075094,0.006262443,0.41043502,0.124781236,-0.01432555,8.989103,177.09766,0.28097844,0.2961481,177.09766,592,FC128,crates,1,2592,,,,
8.78125,3.9257812,0.25,0.2066947,0.006258347,0.38323098,0.14303613,-0.022444986,7.69711,164.85547,0.33354935,0.29664832,164.85547,593,FC128,crates,1,2593,,,,
9.042969,4.0,0.265625,0.24059026,0.0062542516,0.34537506,0.15458082,-0.026065702,7.9955473,160.88672,0.3643025,0.2971486,160.88672,594,FC128,crates,1,2594,,,,
8.425781,4.0,0.19921875,0.25885922,0.006250156,0.44962466,0.12955096,-0.032082427,7.9733996,171.70703,0.3265026,0.29764885,171.70703,595,FC128,crates,1,2595,,,,
7.0429688,3.4726562,0.171875,0.2894165,0.0062460606,0.39807218,0.13512717,-0.024926301,6.7143755,175.66797,0.3237224,0.29814908,175.66797,596,FC128,crates,1,2596,,,,
7.09375,3.4375,0.1953125,0.29329568,0.006241965,0.3844543,0.16499038,-0.002411267,6.887618,174.30469,0.33846477,0.29864934,174.30469,597,FC128,crates,1,2597,,,,
8.7109375,4.2109375,0.1484375,0.2489408,0.006237869,0.32894844,0.19363518,0.013417744,8.463086,179.95312,0.3635406,0.29914957,179.95312,598,FC128,crates,1,2598,,,,
8.5546875,3.8242188,0.17578125,0.23916961,0.006233774,0.37774205,0.17294012,0.0053578797,7.21836,174.47266,0.33814636,0.29964983,174.47266,599,FC128,crates,1,2599,,,,
8.875,3.7421875,0.2890625,0.23485444,0.006229678,0.2984063,0.16019332,-0.012611696,7.2372665,162.77344,0.3485362,0.3001501,162.77344,600,FC128,crates,1,2600,,,,
7.1132812,3.3476562,0.16015625,0.2849149,0.0062255827,0.38896888,0.078656375,-0.043980855,6.2452354,179.5625,0.24882197,0.30065033,179.5625,601,FC128,crates,1,2601,,,,
5.9804688,2.9453125,0.1484375,0.29453337,0.006221487,0.3781588,0.06744478,-0.042720597,5.2264457,182.71875,0.22399561,0.3011506,182.71875,602,FC128,crates,1,2602,,,,
6.796875,3.4257812,0.18359375,0.260673,0.0062173917,0.40608507,0.09522149,-0.019397067,6.533907,174.91797,0.23247851,0.30165082,174.91797,603,FC128,crates,1,2603,,,,
8.246094,4.0078125,0.2421875,0.23005915,0.006213296,0.3569699,0.120915234,-0.0026813415,7.7749615,166.24219,0.250052,0.30215108,166.24219,604,FC128,crates,1,2604,,,,
9.574219,4.2265625,0.1640625,0.23641396,0.0062092002,0.39159524,0.13314159,0.008910248,8.729181,176.77734,0.25139856,0.30265135,176.77734,605,FC128,crates,1,2605,,,,
10.328125,4.328125,0.1953125,0.23718369,0.006205105,0.24546283,0.15158449,0.008212085,8.69293,174.67188,0.2896883,0.30315158,174.67188,606,FC128,crates,1,2606,,,,
10.011719,4.1445312,0.1796875,0.23680866,0.0062010093,0.37158322,0.1309107,-4.576446e-05,8.598321,175.1914,0.2648498,0.30365184,175.1914,607,FC128,crates,1,2607,,,,
9.4765625,4.1953125,0.21484375,0.2440172,0.006196914,0.39588666,0.12623997,-0.015538542,8.83086,173.86719,0.28658134,0.30415207,173.86719,608,FC128,crates,1,2608,,,,
7.8710938,3.9570312,0.17578125,0.2685721,0.0061928183,0.38428026,0.11526505,-0.02892013,7.646407,174.1875,0.2916968,0.30465233,174.1875,609,FC128,crates,1,2609,,,,
8.035156,3.8203125,0.1875,0.2637902,0.006188723,0.41643178,0.12131378,-0.027277406,7.7103915,175.90625,0.30044743,0.3051526,175.90625,610,FC128,crates,1,2610,,,,
8.996094,4.328125,0.15625,0.26797742,0.0061846273,0.38463545,0.12389283,-0.02775543,9.024102,178.19531,0.30661118,0.30565283,178.19531,611,FC128,crates,1,2611,,,,
8.449219,4.0898438,0.109375,0.28359312,0.0061805313,0.413571,0.12542208,-0.022482902,8.412462,186.26562,0.29931545,0.3061531,186.26562,612,FC128,crates,1,2612,,,,
7.4140625,3.8203125,0.1015625,0.32062045,0.0061764363,0.4354478,0.09950361,-0.045848757,7.506485,186.91406,0.2946653,0.30665335,186.91406,613,FC128,crates,1,2613,,,,
7.6367188,3.9570312,0.109375,0.29259893,0.0061723404,0.43406528,0.115838595,-0.03780877,7.775235,185.39844,0.31090677,0.30715358,185.39844,614,FC128,crates,1,2614,,,,
8.238281,4.0273438,0.12890625,0.26946288,0.0061682453,0.39732224,0.117822215,-0.03828194,8.295821,183.3789,0.31553254,0.30765384,183.3789,615,FC128,crates,1,2615,,,,
8.03125,4.2304688,0.10546875,0.27510738,0.0061641494,0.48904955,0.11473621,-0.027609225,8.688868,186.23828,0.28808248,0.30815408,186.23828,616,FC128,crates,1,2616,,,,
9.660156,4.546875,0.1484375,0.2368464,0.006160054,0.47435838,0.13526167,-0.018600991,9.579571,182.54297,0.3106433,0.30865434,182.54297,617,FC128,crates,1,2617,,,,
8.878906,4.3203125,0.15234375,0.22462021,0.0061559584,0.4586178,0.1455121,-0.013354373,8.929415,183.77344,0.32049847,0.3091546,183.77344,618,FC128,crates,1,2618,,,,
8.816406,4.40625,0.12890625,0.23648673,0.006151863,0.44821477,0.149837,-0.009231693,8.61336,184.8086,0.32104704,0.30965483,184.8086,619,FC128,crates,1,2619,,,,
9.441406,4.421875,0.13671875,0.22794484,0.0061477674,0.4261288,0.15997253,-0.007145117,9.162852,183.83203,0.337038,0.3101551,183.83203,620,FC128,crates,1,2620,,,,
8.652344,4.09375,0.1328125,0.21655162,0.0061436715,0.47877455,0.13638267,-0.014353748,8.541994,183.66797,0.30413368,0.31065533,183.66797,621,FC128,crates,1,2621,,,,
6.9609375,3.8515625,0.07421875,0.24319229,0.0061395764,0.5015697,0.10800181,-0.029735448,7.4185553,191.63672,0.2784607,0.3111556,191.63672,622,FC128,crates,1,2622,,,,
7.0976562,3.7929688,0.078125,0.2589971,0.0061354805,0.5000905,0.12225893,-0.012808265,7.6225395,187.86328,0.27331254,0.31165585,187.86328,623,FC128,crates,1,2623,,,,
8.816406,4.2382812,0.1484375,0.23052543,0.006131385,0.3800091,0.18394831,0.008913933,8.738321,183.44531,0.35289562,0.31215608,183.44531,624,FC128,crates,1,2624,,,,
9.488281,3.8984375,0.1640625,0.23279819,0.0061272895,0.36967504,0.19206727,0.0089073265,7.900899,179.39062,0.36917272,0.31265634,179.39062,625,FC128,crates,1,2625,,,,
10.7421875,4.3007812,0.16015625,0.21892752,0.006123194,0.37161553,0.16570312,0.0043453467,8.824688,179.78125,0.32539663,0.31315657,179.78125,626,FC128,crates,1,2626,,,,
10.449219,4.4101562,0.21875,0.20371236,0.0061190985,0.35917908,0.1264267,-0.020564925,8.861641,171.24219,0.29647633,0.31365684,171.24219,627,FC128,crates,1,2627,,,,
8.769531,4.1992188,0.15234375,0.2246966,0.0061150026,0.3581593,0.103413895,-0.037589014,8.458752,181.34766,0.28475386,0.3141571,181.34766,628,FC128,crates,1,2628,,,,
6.9492188,3.65625,0.078125,0.2828031,0.0061109075,0.40957677,0.0846775,-0.051856585,7.5047665,189.69922,0.27652454,0.31465733,189.69922,629,FC128,crates,1,2629,,,,
5.0546875,2.7148438,0.0546875,0.31372863,0.0061068116,0.42123628,0.06330198,-0.05026751,4.9619536,193.44922,0.23097074,0.3151576,193.44922,630,FC128,crates,1,2630,,,,
5.1679688,2.890625,0.0859375,0.31791934,0.006102716,0.46133006,0.080230534,-0.031675458,5.2464457,187.92188,0.22769232,0.31565785,187.92188,631,FC128,crates,1,2631,,,,
7.578125,3.9101562,0.12109375,0.32201615,0.0060986206,0.48276782,0.121233575,-0.009591064,8.041056,185.3125,0.265577,0.3161581,185.3125,632,FC128,crates,1,2632,,,,
10.785156,4.4101562,0.21484375,0.24150954,0.006094525,0.1769942,0.24391156,0.0330094,9.004259,171.74219,0.42474812,0.31665835,171.74219,633,FC128,crates,1,2633,,,,
13.9609375,2.125,0.23046875,0.15183075,0.0060904296,-0.43001342,0.37087625,0.04261806,3.577188,164.36719,0.6583658,0.31715858,164.36719,634,FC128,crates,1,2634,,,,
13.980469,1.4765625,0.29296875,0.11651908,0.0060863337,-0.50354123,0.34907404,0.021318803,1.7428911,157.11719,0.65692884,0.31765884,157.11719,635,FC128,crates,1,2635,,,,
13.238281,1.5,0.328125,0.116322525,0.0060822386,-0.25704968,0.2585067,0.000367306,1.4908206,148.7461,0.51769376,0.3181591,148.7461,636,FC128,crates,1,2636,,,,
10.050781,1.7226562,0.5078125,0.16444825,0.0060781427,0.06620896,0.18069181,-0.037310757,1.9125394,122.75,0.43800423,0.31865934,122.75,637,FC128,crates,1,2637,,,,
9.074219,3.1484375,0.4921875,0.23616487,0.0060740476,0.068211734,0.16473179,-0.047413755,5.718204,132.79297,0.42716002,0.3191596,132.79297,638,FC128,crates,1,2638,,,,
8.621094,3.9726562,0.375,0.2617197,0.0060699517,0.13070238,0.1511367,-0.04070677,7.6014853,149.95312,0.3868642,0.31965983,149.95312,639,FC128,crates,1,2639,,,,
8.2734375,4.3398438,0.16015625,0.2731181,0.006065856,0.30258787,0.091841936,-0.03861181,8.723243,176.95703,0.2642209,0.3201601,176.95703,640,FC128,crates,1,2640,,,,
6.6601562,3.5390625,0.1640625,0.2949226,0.0060617607,0.3961553,0.08099363,-0.022233618,6.8961725,177.16797,0.21003,0.32066035,177.16797,641,FC128,crates,1,2641,,,,
6.6132812,3.4023438,0.18359375,0.32572845,0.0060576648,0.42154747,0.090403475,-0.014075795,6.851446,174.92188,0.21290484,0.32116058,174.92188,642,FC128,crates,1,2642,,,,
7.5039062,3.6992188,0.1953125,0.31712264,0.0060535697,0.3689527,0.117302485,-0.0017455489,7.3504696,173.03906,0.24193552,0.32166085,173.03906,643,FC128,crates,1,2643,,,,
8.3984375,3.9570312,0.234375,0.30422163,0.006049474,0.30838048,0.14189918,0.004578375,7.8792195,169.5586,0.27832237,0.32216108,169.5586,644,FC128,crates,1,2644,,,,
9.925781,4.1757812,0.2734375,0.26225817,0.0060453787,0.24942881,0.17196636,0.013734074,8.8150015,161.5664,0.31963548,0.32266134,161.5664,645,FC128,crates,1,2645,,,,
10.347656,3.75,0.328125,0.24993534,0.006041283,0.24255133,0.18358415,0.0048869527,7.225313,154.04688,0.36041427,0.3231616,154.04688,646,FC128,crates,1,2646,,,,
11.484375,4.1445312,0.22265625,0.23751074,0.0060371873,0.3544067,0.1223243,-0.02428147,8.407852,171.60547,0.29607934,0.32366183,171.60547,647,FC128,crates,1,2647,,,,
9.2109375,4.296875,0.1953125,0.23780707,0.006033092,0.37998688,0.10593287,-0.042720266,8.587618,175.57422,0.3001757,0.3241621,175.57422,648,FC128,crates,1,2648,,,,
7.6523438,3.875,0.16796875,0.2590651,0.0060289963,0.4192043,0.12657574,-0.038069338,7.4579306,176.95312,0.33241397,0.32466233,176.95312,649,FC128,crates,1,2649,,,,
7.6289062,3.921875,0.16015625,0.25869665,0.006024901,0.42520666,0.1320508,-0.03727471,7.6720324,176.80469,0.34176823,0.3251626,176.80469,650,FC128,crates,1,2650,,,,
7.9140625,4.03125,0.1328125,0.24956672,0.006020805,0.47102177,0.140143,-0.021315023,8.08961,184.45312,0.32592124,0.32566285,184.45312,651,FC128,crates,1,2651,,,,
8.199219,4.0820312,0.13671875,0.24151598,0.00601671,0.38322294,0.19116811,0.00079337007,8.241719,181.55078,0.38365576,0.32616308,181.55078,652,FC128,crates,1,2652,,,,
8.394531,4.0390625,0.12109375,0.23568302,0.006012614,0.35385913,0.19410948,-0.008056326,8.1960945,182.36719,0.40716577,0.32666335,182.36719,653,FC128,crates,1,2653,,,,
9.136719,4.1484375,0.125,0.23065183,0.0060085184,0.32109743,0.20474842,-0.0015710068,8.80043,182.75781,0.4154106,0.3271636,182.75781,654,FC128,crates,1,2654,,,,
8.988281,3.84375,0.14453125,0.2178839,0.006004423,0.3432625,0.16927755,-0.0154712,8.264767,178.375,0.37211403,0.32766384,178.375,655,FC128,crates,1,2655,,,,
8.125,3.8671875,0.16015625,0.20775224,0.0060003274,0.409047,0.13557856,-0.026963025,7.7681255,176.72656,0.32757634,0.3281641,176.72656,656,FC128,crates,1,2656,,,,
7.3046875,3.859375,0.078125,0.222387,0.005996232,0.49430025,0.09920833,-0.029283928,7.83254,190.63281,0.25965148,0.32866433,190.63281,657,FC128,crates,1,2657,,,,
6.1210938,3.3398438,0.08203125,0.25653502,0.005992136,0.5339061,0.074914716,-0.03522418,6.300899,191.33984,0.22335218,0.3291646,191.33984,658,FC128,crates,1,2658,,,,
5.2460938,2.9804688,0.0390625,0.3055299,0.005988041,0.57219666,0.07592807,-0.022508789,5.189727,194.6211,0.20053278,0.32966486,194.6211,659,FC128,crates,1,2659,,,,
6.2226562,3.3085938,0.078125,0.3125919,0.005983945,0.59528065,0.09308788,-0.013461833,6.0834384,190.60156,0.2168405,0.3301651,190.60156,660,FC128,crates,1,2660,,,,
9.292969,4.375,0.16015625,0.22733903,0.0059798495,0.44758648,0.17046323,0.012019593,8.762774,178.7461,0.31960618,0.33066535,178.7461,661,FC128,crates,1,2661,,,,
11.261719,4.1054688,0.25390625,0.1809671,0.005975754,0.24273765,0.24427606,0.029673005,8.082267,163.98047,0.43136895,0.33116558,163.98047,662,FC128,crates,1,2662,,,,
12.433594,2.6757812,0.31640625,0.1555466,0.0059716585,0.09561145,0.24755548,0.025429986,4.6793756,154.41016,0.4461087,0.33166584,154.41016,663,FC128,crates,1,2663,,,,
13.125,2.0585938,0.32421875,0.15013836,0.005967563,-0.022654533,0.19060978,0.0088586295,2.9445708,150.86719,0.36529422,0.3321661,150.86719,664,FC128,crates,1,2664,,,,
12.464844,2.4804688,0.33203125,0.14164521,0.005963467,0.2364164,0.12507041,-0.020369755,3.993438,151.47656,0.29256973,0.33266634,151.47656,665,FC128,crates,1,2665,,,,
10.7421875,3.484375,0.41015625,0.18327393,0.005959372,0.1471476,0.16919973,-0.023429714,6.8801565,144.97266,0.3874433,0.3331666,144.97266,666,FC128,crates,1,2666,,,,
9.2734375,3.8359375,0.4140625,0.2159647,0.005955276,0.19041276,0.17760374,-0.020218635,7.5756254,145.5664,0.39821702,0.33366683,145.5664,667,FC128,crates,1,2667,,,,
8.824219,4.0664062,0.31640625,0.2615408,0.005951181,0.27858448,0.15761043,-0.022245387,8.168087,163.50781,0.3628246,0.3341671,163.50781,668,FC128,crates,1,2668,,,,
7.9296875,3.8398438,0.296875,0.2869383,0.005947085,0.30581224,0.14188851,-0.020383466,7.7758994,158.41016,0.32795686,0.33466735,158.41016,669,FC128,crates,1,2669,,,,
7.9257812,3.8398438,0.28125,0.32423136,0.0059429896,0.3058077,0.12062935,-0.018035669,8.002852,162.84766,0.28118384,0.3351676,162.84766,670,FC128,crates,1,2670,,,,
8.488281,4.3828125,0.1875,0.3312508,0.005938894,0.38626218,0.10326664,-0.00588912,8.934025,177.2539,0.22224605,0.33566785,177.2539,671,FC128,crates,1,2671,,,,
8.675781,4.2929688,0.26171875,0.294719,0.0059347986,0.36710423,0.1314984,0.0013177132,8.850626,165.6875,0.26385957,0.3361681,165.6875,672,FC128,crates,1,2672,,,,
9.488281,4.5429688,0.21484375,0.26133576,0.005930703,0.33924347,0.14878607,0.010815824,9.675001,170.9375,0.27904028,0.33666834,170.9375,673,FC128,crates,1,2673,,,,
9.515625,4.4101562,0.26171875,0.22909252,0.005926607,0.22972059,0.1850782,0.012191238,9.240744,160.9336,0.3484894,0.3371686,160.9336,674,FC128,crates,1,2674,,,,
10.2578125,4.6445312,0.25,0.19901977,0.005922512,0.23685306,0.19061261,0.010686552,9.862462,168.39844,0.36220953,0.33766884,168.39844,675,FC128,crates,1,2675,,,,
9.8125,4.5039062,0.23828125,0.18296012,0.005918416,0.3114633,0.17200059,-0.002473166,9.358673,168.33594,0.35111317,0.3381691,168.33594,676,FC128,crates,1,2676,,,,
9.714844,4.5742188,0.1953125,0.17245977,0.0059143207,0.3716048,0.15748703,-0.014746526,9.7219925,174.59766,0.3465071,0.33866936,174.59766,677,FC128,crates,1,2677,,,,
8.5546875,4.1992188,0.11328125,0.1903895,0.005910225,0.38447893,0.14266169,-0.035865065,9.133516,185.78516,0.359304,0.3391696,185.78516,678,FC128,crates,1,2678,,,,
6.6875,3.6875,0.078125,0.21965496,0.0059061297,0.4276728,0.1508595,-0.04546532,7.373555,190.82812,0.39524427,0.33966985,190.82812,679,FC128,crates,1,2679,,,,
4.7421875,2.6289062,0.06640625,0.23592626,0.005902034,0.42826957,0.14755185,-0.04948199,4.6701574,191.6836,0.39685255,0.3401701,191.6836,680,FC128,crates,1,2680,,,,
3.3164062,1.9960938,0.03515625,0.24987486,0.0058979383,0.46101755,0.14471468,-0.04441279,3.0058599,194.9375,0.38120243,0.34067035,194.9375,681,FC128,crates,1,2681,,,,
2.8164062,1.7773438,0.046875,0.26220995,0.0058938432,0.46393216,0.12684377,-0.046511564,2.3086724,192.92969,0.3498015,0.3411706,192.92969,682,FC128,crates,1,2682,,,,
2.4257812,1.3671875,0.01953125,0.30115193,0.0058897473,0.47517347,0.10091281,-0.045910396,1.3739066,198.0,0.29719383,0.34167084,198.0,683,FC128,crates,1,2683,,,,
2.3242188,1.3125,0.0234375,0.3278941,0.005885652,0.49351978,0.10408128,-0.037441496,1.2761722,196.0586,0.2869053,0.3421711,196.0586,684,FC128,crates,1,2684,,,,
2.78125,1.5507812,0.01953125,0.355199,0.0058815563,0.4759782,0.10813909,-0.031675268,1.5419145,197.03906,0.28380695,0.34267133,197.03906,685,FC128,crates,1,2685,,,,
4.1289062,2.1210938,0.0390625,0.35207188,0.005877461,0.4244269,0.16399348,-0.008501116,3.0569143,193.52734,0.34912777,0.3431716,193.52734,686,FC128,crates,1,2686,,,,
6.2929688,2.8046875,0.0703125,0.31548813,0.0058733653,0.3048935,0.24194138,0.011885513,4.9457426,191.4336,0.4638177,0.34367186,191.4336,687,FC128,crates,1,2687,,,,
8.34375,3.1835938,0.1796875,0.25045332,0.0058692694,0.046062887,0.34420496,0.03883321,5.7728133,175.45703,0.61368346,0.3441721,175.45703,688,FC128,crates,1,2688,,,,
12.121094,2.8984375,0.1875,0.21933591,0.0058651743,-0.33610702,0.43197298,0.071969666,4.6666803,171.64453,0.72257954,0.34467235,171.64453,689,FC128,crates,1,2689,,,,
13.347656,2.59375,0.26171875,0.17770848,0.0058610784,-0.39774823,0.34386486,0.040973492,3.6288676,161.86719,0.60786587,0.34517258,161.86719,690,FC128,crates,1,2690,,,,
13.417969,2.3828125,0.2421875,0.16913413,0.005856983,-0.1154052,0.21530363,0.012358669,3.3807425,162.71484,0.40787116,0.34567285,162.71484,691,FC128,crates,1,2691,,,,
11.84375,3.1132812,0.3671875,0.21459307,0.0058528874,0.034835577,0.14174981,-0.016591424,5.09836,149.28125,0.31919447,0.3461731,149.28125,692,FC128,crates,1,2692,,,,
8.96875,3.5078125,0.4609375,0.27627558,0.005848792,0.18655187,0.12521875,-0.017950265,6.1648445,139.69922,0.2895698,0.34667334,139.69922,693,FC128,crates,1,2693,,,,
7.3515625,3.2421875,0.390625,0.28622323,0.0058446964,0.28415537,0.09927196,-0.020798232,5.300352,150.76562,0.24348615,0.3471736,150.76562,694,FC128,crates,1,2694,,,,
6.84375,3.0898438,0.33984375,0.33196574,0.0058406005,0.2755447,0.08511084,-0.025317427,5.6454697,151.04688,0.22473429,0.34767386,151.04688,695,FC128,crates,1,2695,,,,
6.8945312,3.3085938,0.2734375,0.34814787,0.0058365054,0.30670637,0.06374633,-0.033215098,6.3489065,165.10938,0.1979868,0.3481741,165.10938,696,FC128,crates,1,2696,,,,
7.1171875,3.5,0.25390625,0.35381877,0.0058324095,0.29241985,0.07255658,-0.023431486,7.247462,167.38281,0.19610336,0.34867436,167.38281,697,FC128,crates,1,2697,,,,
7.1796875,3.71875,0.265625,0.3190934,0.0058283145,0.29789048,0.079703085,-0.01891229,7.1980867,164.92969,0.2009503,0.3491746,164.92969,698,FC128,crates,1,2698,,,,
7.3125,3.6757812,0.26171875,0.2769582,0.0058242185,0.32164407,0.08752245,-0.011804591,7.3465633,165.66406,0.2018802,0.34967485,165.66406,699,FC128,crates,1,2699,,,,
8.121094,4.0,0.2578125,0.27455157,0.005820123,0.31658584,0.100553736,-0.005617337,7.925899,165.89062,0.215538,0.3501751,165.89062,700,FC128,crates,1,2700,,,,
8.21875,3.9453125,0.2890625,0.24976355,0.0058160275,0.33790457,0.11354429,0.0030254028,7.695977,161.98047,0.22394304,0.35067534,161.98047,701,FC128,crates,1,2701,,,,
8.71875,3.8515625,0.30859375,0.22176962,0.005811932,0.2752034,0.1420641,0.0146491295,7.619415,159.63672,0.25740775,0.3511756,159.63672,702,FC128,crates,1,2702,,,,
8.519531,3.6875,0.3359375,0.20172183,0.0058078365,0.22776532,0.17630276,0.017652709,7.0080085,150.04297,0.31964326,0.35167584,150.04297,703,FC128,crates,1,2703,,,,
10.234375,4.2929688,0.23046875,0.19345628,0.0058037406,0.2024051,0.17863071,0.022385867,8.312111,168.10156,0.31473523,0.3521761,168.10156,704,FC128,crates,1,2704,,,,
9.917969,4.0742188,0.2578125,0.17794672,0.0057996456,0.2276985,0.18856138,0.0128276795,7.7709775,164.19531,0.35353145,0.35267636,164.19531,705,FC128,crates,1,2705,,,,
9.355469,4.0117188,0.29296875,0.17542343,0.0057955496,0.25642788,0.19972377,-0.00038881862,8.123321,157.23828,0.40225852,0.3531766,157.23828,706,FC128,crates,1,2706,,,,
10.1953125,4.6445312,0.23046875,0.1825235,0.005791454,0.2613871,0.19959173,-0.008019751,9.724258,172.25781,0.4173371,0.35367686,172.25781,707,FC128,crates,1,2707,,,,
9.417969,4.3945312,0.203125,0.1825399,0.0057873586,0.36459774,0.17317148,-0.01494583,8.966721,173.08203,0.37834746,0.3541771,173.08203,708,FC128,crates,1,2708,,,,
9.371094,4.5234375,0.1171875,0.1818262,0.005783263,0.396541,0.15454146,-0.00841152,9.297774,183.05469,0.32800907,0.35467735,183.05469,709,FC128,crates,1,2709,,,,
9.582031,4.4765625,0.19140625,0.20255531,0.0057791676,0.31173456,0.18601145,-0.012416217,9.303829,179.57422,0.39919654,0.3551776,179.57422,710,FC128,crates,1,2710,,,,
8.753906,4.1210938,0.16015625,0.19504136,0.0057750717,0.34877652,0.18588302,-0.02398592,8.053868,176.82422,0.42199063,0.35567784,176.82422,711,FC128,crates,1,2711,,,,
8.738281,4.1601562,0.2109375,0.18220398,0.0057709767,0.3610658,0.20675957,-0.020557344,8.488869,173.39453,0.45673683,0.3561781,173.39453,712,FC128,crates,1,2712,,,,
9.25,4.4335938,0.15234375,0.18496794,0.0057668807,0.38594073,0.17818211,-0.029554581,9.029141,181.3789,0.41760674,0.35667834,181.3789,713,FC128,crates,1,2713,,,,
9.113281,4.5585938,0.125,0.18455453,0.005762785,0.40267444,0.17726226,-0.019882662,9.526016,182.32812,0.39641696,0.3571786,182.32812,714,FC128,crates,1,2714,,,,
8.828125,4.4140625,0.07421875,0.17483376,0.0057586897,0.45362645,0.16394068,-0.012285282,9.389493,190.94922,0.35446554,0.35767886,190.94922,715,FC128,crates,1,2715,,,,
8.503906,4.234375,0.12890625,0.18362382,0.005754594,0.43977976,0.18876487,-0.008923816,8.280626,181.83203,0.39749074,0.3581791,181.83203,716,FC128,crates,1,2716,,,,
10.324219,4.6953125,0.14453125,0.17312364,0.0057504987,0.42369568,0.22042722,0.0140445605,9.557657,182.26953,0.41475642,0.35867935,182.26953,717,FC128,crates,1,2717,,,,
12.003906,4.0273438,0.19140625,0.16027322,0.005746403,0.30154395,0.22914314,0.013789544,8.164884,174.34766,0.43254918,0.35917962,174.34766,718,FC128,crates,1,2718,,,,
13.875,3.375,0.1953125,0.14251265,0.0057423078,0.19474769,0.19790238,-0.0013987041,6.1679306,173.34375,0.40023887,0.35967985,173.34375,719,FC128,crates,1,2719,,,,
13.574219,3.515625,0.1875,0.16371481,0.005738212,0.22246271,0.1617346,-0.018279871,6.574024,175.30469,0.36190778,0.3601801,175.30469,720,FC128,crates,1,2720,,,,
11.3828125,4.6328125,0.19140625,0.19297686,0.0057341163,0.2953037,0.15538156,-0.023577241,9.166915,175.19922,0.3601307,0.36068034,175.19922,721,FC128,crates,1,2721,,,,
10.0703125,4.6484375,0.12890625,0.21470506,0.005730021,0.32901704,0.13447013,-0.02765792,9.515821,186.33984,0.32671666,0.3611806,186.33984,722,FC128,crates,1,2722,,,,
8.144531,4.0664062,0.078125,0.24917516,0.0057259253,0.46272588,0.10800105,-0.023030806,7.9355087,189.82812,0.26491722,0.36168087,189.82812,723,FC128,crates,1,2723,,,,
7.96875,4.0,0.0859375,0.2714771,0.00572183,0.49313778,0.10434852,-0.015842313,7.9523053,189.69922,0.24348836,0.3621811,189.69922,724,FC128,crates,1,2724,,,,
8.234375,4.0078125,0.0859375,0.28279218,0.005717734,0.5159981,0.10667155,-0.008512737,8.11129,189.15234,0.23360243,0.36268136,189.15234,725,FC128,crates,1,2725,,,,
9.316406,4.265625,0.2109375,0.2485259,0.005713639,0.39260018,0.16630422,0.011830307,9.058594,172.94531,0.3117878,0.3631816,172.94531,726,FC128,crates,1,2726,,,,
10.609375,4.515625,0.19140625,0.2185448,0.005709543,0.28442425,0.18835564,0.017436419,9.35375,174.69922,0.34433404,0.36368185,174.69922,727,FC128,crates,1,2727,,,,
11.3359375,4.6601562,0.171875,0.17929605,0.005705448,0.22745615,0.19583264,0.01904084,9.520118,175.11328,0.35562953,0.3641821,175.11328,728,FC128,crates,1,2728,,,,
11.2109375,4.4726562,0.22265625,0.18238948,0.005701352,0.13022047,0.19525804,0.010436938,9.175704,168.35547,0.37172192,0.36468235,168.35547,729,FC128,crates,1,2729,,,,
10.3984375,4.3984375,0.1875,0.18747279,0.0056972564,0.30297738,0.15646787,-0.0044970103,8.822814,174.3711,0.32406592,0.3651826,174.3711,730,FC128,crates,1,2730,,,,
10.3359375,4.6757812,0.16015625,0.20233808,0.005693161,0.3333624,0.12518297,-0.028981302,10.047032,176.90234,0.31063244,0.36568284,176.90234,731,FC128,crates,1,2731,,,,
9.125,4.5898438,0.09765625,0.22725964,0.0056890654,0.29308575,0.11277753,-0.044647835,9.951368,187.1289,0.31743652,0.3661831,187.1289,732,FC128,crates,1,2732,,,,
6.9921875,3.7382812,0.09375,0.26187623,0.00568497,0.28848475,0.107667446,-0.06350349,7.684337,186.48438,0.3453194,0.36668336,186.48438,733,FC128,crates,1,2733,,,,
5.453125,3.3125,0.08984375,0.27528992,0.005680874,0.29955518,0.10828428,-0.06665646,6.303907,186.6914,0.35300925,0.3671836,186.6914,734,FC128,crates,1,2734,,,,
4.703125,2.828125,0.06640625,0.28988925,0.005676779,0.31819254,0.09293642,-0.06643849,5.0801177,190.16016,0.3220411,0.36768386,190.16016,735,FC128,crates,1,2735,,,,
4.6992188,2.84375,0.0625,0.2917834,0.005672683,0.3315171,0.10408664,-0.05215204,5.12918,191.4414,0.31578773,0.3681841,191.4414,736,FC128,crates,1,2736,,,,
5.3007812,3.1523438,0.0625,0.295771,0.0056685875,0.3496607,0.12205378,-0.028284619,6.189024,193.85547,0.30403,0.36868435,193.85547,737,FC128,crates,1,2737,,,,
6.09375,3.4609375,0.09375,0.28293246,0.005664492,0.36011714,0.15495624,-0.007877357,6.804532,186.75,0.32887253,0.3691846,186.75,738,FC128,crates,1,2738,,,,
7.953125,4.0664062,0.1171875,0.2548381,0.0056603965,0.25415635,0.21050122,0.0121361995,8.327891,183.73438,0.39961502,0.36968485,183.73438,739,FC128,crates,1,2739,,,,
9.1640625,4.4101562,0.18359375,0.22523575,0.005656301,0.12369943,0.26273984,0.023151059,9.178673,172.66797,0.48172554,0.3701851,172.66797,740,FC128,crates,1,2740,,,,
10.222656,4.4023438,0.203125,0.20135812,0.005652205,0.08222163,0.27329588,0.029706193,9.096993,173.60938,0.48945564,0.37068537,173.60938,741,FC128,crates,1,2741,,,,
11.921875,4.4492188,0.25,0.18839894,0.00564811,-0.11031556,0.29445153,0.03837392,9.149492,168.52344,0.5142834,0.3711856,168.52344,742,FC128,crates,1,2742,,,,
13.0,3.8789062,0.2578125,0.17549135,0.005644014,-0.09460032,0.24929786,0.026542641,7.599141,166.78906,0.4474914,0.37168586,166.78906,743,FC128,crates,1,2743,,,,
11.230469,3.0195312,0.47265625,0.16602197,0.0056399186,-0.032705665,0.22544572,-0.005307268,5.364376,135.08984,0.46337867,0.3721861,135.08984,744,FC128,crates,1,2744,,,,
6.8046875,2.1054688,0.7421875,0.16492242,0.005635823,0.051588476,0.29207352,-0.032767743,2.824805,87.61719,0.6515415,0.37268636,87.61719,745,FC128,crates,1,2745,,,,
10.011719,3.9804688,0.44921875,0.1729293,0.0056317276,0.17224228,0.15683094,-0.02408475,7.633985,141.1914,0.36377916,0.37318662,141.1914,746,FC128,crates,1,2746,,,,
10.167969,4.5078125,0.30078125,0.18078895,0.005627632,0.29419023,0.12641738,-0.015854612,9.069336,161.04297,0.2865788,0.37368685,161.04297,747,FC128,crates,1,2747,,,,
9.683594,4.546875,0.28125,0.19405438,0.005623536,0.29356474,0.124580115,-0.019093005,9.611564,165.27734,0.2895288,0.3741871,165.27734,748,FC128,crates,1,2748,,,,
8.0703125,4.0625,0.3125,0.20671873,0.005619441,0.28119278,0.13250408,-0.023383986,8.252852,157.11719,0.31409943,0.37468734,157.11719,749,FC128,crates,1,2749,,,,
7.5976562,3.9492188,0.23046875,0.2182602,0.005615345,0.32899708,0.1117993,-0.02599171,8.265704,169.8125,0.27803323,0.3751876,169.8125,750,FC128,crates,1,2750,,,,
7.4960938,3.8203125,0.18359375,0.2156905,0.00561125,0.34817207,0.11294734,-0.019849654,8.015665,174.22266,0.26801458,0.37568787,174.22266,751,FC128,crates,1,2751,,,,
7.328125,3.9921875,0.16796875,0.22798492,0.005607154,0.39266175,0.105931796,-0.021380056,8.3325405,177.4414,0.2571804,0.3761881,177.4414,752,FC128,crates,1,2752,,,,
7.1523438,3.90625,0.1484375,0.23817101,0.0056030587,0.41834235,0.08897029,-0.02351065,7.6350784,180.07812,0.22763085,0.37668836,180.07812,753,FC128,crates,1,2753,,,,
8.25,4.1875,0.14453125,0.23646986,0.0055989632,0.39216506,0.11266222,-0.008684209,8.630626,180.89062,0.24534082,0.3771886,180.89062,754,FC128,crates,1,2754,,,,
8.746094,3.9726562,0.18359375,0.23122878,0.0055948673,0.332434,0.15205626,-0.0013072005,8.160547,176.10156,0.3093143,0.37768885,176.10156,755,FC128,crates,1,2755,,,,
9.3203125,4.2460938,0.1640625,0.23145202,0.0055907723,0.3123935,0.17771138,0.0034314722,8.702892,181.24219,0.35114783,0.37818912,181.24219,756,FC128,crates,1,2756,,,,
9.9375,4.4960938,0.21484375,0.20844689,0.0055866763,0.18916482,0.22939198,0.0135465395,9.015782,172.32812,0.43401992,0.37868935,172.32812,757,FC128,crates,1,2757,,,,
10.792969,4.5898438,0.20703125,0.19304487,0.0055825813,0.20764226,0.2331245,0.013910629,9.795977,175.21875,0.44058308,0.3791896,175.21875,758,FC128,crates,1,2758,,,,
11.0,4.8671875,0.23046875,0.18522495,0.0055784853,0.23077887,0.23398143,0.0141586885,10.300704,170.55078,0.44171205,0.37968987,170.55078,759,FC128,crates,1,2759,,,,
10.5390625,4.640625,0.2578125,0.17059799,0.00557439,0.30158895,0.21156742,-0.0038364707,9.909298,163.46875,0.43270972,0.3801901,163.46875,760,FC128,crates,1,2760,,,,
10.722656,5.0429688,0.16796875,0.17386897,0.0055702943,0.37963933,0.18393557,-0.01506511,10.671876,179.1914,0.39993834,0.38069037,179.1914,761,FC128,crates,1,2761,,,,
10.375,4.7304688,0.1328125,0.18478085,0.005566199,0.33625883,0.17683336,-0.028694347,10.035002,181.92578,0.41311246,0.3811906,181.92578,762,FC128,crates,1,2762,,,,
10.542969,5.015625,0.1640625,0.16857392,0.0055621034,0.33050722,0.20411357,-0.019704154,10.834923,179.21094,0.4495107,0.38169086,179.21094,763,FC128,crates,1,2763,,,,
10.7265625,4.9765625,0.12890625,0.17213093,0.0055580074,0.38080192,0.17573842,-0.018042987,10.843946,186.10547,0.3894762,0.38219112,186.10547,764,FC128,crates,1,2764,,,,
10.296875,4.8867188,0.109375,0.17832603,0.0055539124,0.3998161,0.16347979,-0.01939255,10.399728,186.67969,0.3677255,0.38269135,186.67969,765,FC128,crates,1,2765,,,,
10.394531,4.9453125,0.1328125,0.19017953,0.0055498164,0.3903535,0.18707214,-0.01582432,10.202814,185.16406,0.40790385,0.38319162,185.16406,766,FC128,crates,1,2766,,,,
10.535156,5.0703125,0.140625,0.17082235,0.005545721,0.36447668,0.19373251,-0.012528976,10.87422,180.88281,0.41441762,0.38369185,180.88281,767,FC128,crates,1,2767,,,,
9.957031,4.7539062,0.10546875,0.16034566,0.0055416254,0.43141484,0.16741115,-0.0136569785,10.336564,185.23828,0.3639134,0.3841921,185.23828,768,FC128,crates,1,2768,,,,
8.980469,4.34375,0.078125,0.17366977,0.00553753,0.45400363,0.14296287,-0.023002172,9.255548,189.79688,0.3338535,0.38469237,189.79688,769,FC128,crates,1,2769,,,,
7.3359375,3.8320312,0.04296875,0.18441127,0.0055334345,0.49270654,0.12526074,-0.029128814,7.722032,195.20312,0.31081998,0.3851926,195.20312,770,FC128,crates,1,2770,,,,
6.5546875,3.5898438,0.0234375,0.19462529,0.0055293385,0.5078865,0.12724684,-0.021783056,7.3539457,196.36719,0.3002121,0.38569286,196.36719,771,FC128,crates,1,2771,,,,
5.6601562,3.2304688,0.0234375,0.2158233,0.0055252435,0.51754993,0.12902065,-0.015627567,5.8573446,196.55469,0.29168138,0.3861931,196.55469,772,FC128,crates,1,2772,,,,
5.6640625,3.0,0.03515625,0.22973065,0.0055211475,0.5478684,0.13736309,-0.0038855574,5.6991806,196.03516,0.28503403,0.38669336,196.03516,773,FC128,crates,1,2773,,,,
6.671875,3.3828125,0.078125,0.2217862,0.005517052,0.5350618,0.17562191,0.007700036,6.264845,190.29297,0.33829096,0.38719362,190.29297,774,FC128,crates,1,2774,,,,
9.5234375,4.2695312,0.10546875,0.19892222,0.0055129565,0.39722455,0.24725994,0.031293437,9.028595,185.17578,0.43412632,0.38769385,185.17578,775,FC128,crates,1,2775,,,,
11.3984375,4.4023438,0.13671875,0.1815442,0.005508861,0.28904748,0.2564459,0.03833449,9.283712,180.96484,0.43822306,0.3881941,180.96484,776,FC128,crates,1,2776,,,,
11.832031,3.5117188,0.3046875,0.17165884,0.0055047655,0.15634024,0.25369194,0.021984385,6.9780865,159.13672,0.46530497,0.38869435,159.13672,777,FC128,crates,1,2777,,,,
11.542969,3.1367188,0.34765625,0.1709588,0.0055006696,0.23968047,0.19831894,0.0017231039,5.9364853,152.2461,0.39507243,0.3891946,152.2461,778,FC128,crates,1,2778,,,,
9.285156,3.0351562,0.4453125,0.1930991,0.0054965746,0.23274261,0.18236317,-0.019611308,5.80711,135.14453,0.40607172,0.38969487,135.14453,779,FC128,crates,1,2779,,,,
7.3203125,3.1757812,0.34375,0.27687392,0.0054924786,0.26598573,0.111958995,-0.04655933,5.761524,155.2461,0.3200781,0.3901951,155.2461,780,FC128,crates,1,2780,,,,
5.5,2.7109375,0.1796875,0.3575177,0.0054883836,0.3188637,0.05020056,-0.064296365,4.8179693,175.92188,0.23291823,0.39069536,175.92188,781,FC128,crates,1,2781,,,,
4.8085938,2.625,0.1328125,0.37752548,0.0054842876,0.3441692,0.047125734,-0.055500947,4.6025004,182.77344,0.20939428,0.39119563,182.77344,782,FC128,crates,1,2782,,,,
4.2929688,2.5742188,0.0703125,0.38035506,0.005480192,0.39238214,0.03947675,-0.04653405,4.3969536,190.6289,0.17619044,0.39169586,190.6289,783,FC128,crates,1,2783,,,,
5.4765625,3.03125,0.09765625,0.37974316,0.0054760966,0.4322285,0.06352282,-0.029127322,5.768438,189.9336,0.18945931,0.39219612,189.9336,784,FC128,crates,1,2784,,,,
6.7539062,3.7070312,0.12109375,0.35913786,0.0054720007,0.45713663,0.07452604,-0.02136709,7.235782,183.6914,0.19571666,0.39269635,183.6914,785,FC128,crates,1,2785,,,,
7.9375,3.8203125,0.125,0.30771288,0.0054679057,0.50252104,0.086508006,-0.0066540674,7.641251,182.5625,0.18968923,0.3931966,182.5625,786,FC128,crates,1,2786,,,,
8.761719,3.828125,0.18359375,0.26202676,0.0054638097,0.45549238,0.109586366,0.0026631223,7.44129,176.75781,0.21670982,0.39369687,176.75781,787,FC128,crates,1,2787,,,,
10.6328125,4.0664062,0.17578125,0.21914108,0.0054597147,0.27500272,0.14097425,0.016015563,8.067501,172.48828,0.25231028,0.3941971,172.48828,788,FC128,crates,1,2788,,,,
11.222656,3.6601562,0.21484375,0.19453992,0.0054556187,0.21930808,0.17222066,0.022247426,6.472852,169.57031,0.30206916,0.39469737,169.57031,789,FC128,crates,1,2789,,,,
11.269531,2.8476562,0.27734375,0.17435123,0.0054515232,0.24583584,0.16780378,0.008696834,4.8931255,160.16406,0.32011485,0.3951976,160.16406,790,FC128,crates,1,2790,,,,
11.5234375,2.7421875,0.29296875,0.17398639,0.0054474277,0.19528496,0.15766545,-0.00040316256,4.3638678,161.21094,0.31803277,0.39569786,161.21094,791,FC128,crates,1,2791,,,,
11.277344,3.4335938,0.265625,0.16094455,0.0054433323,0.25655788,0.14458497,-0.0056512007,6.163829,164.48828,0.3022245,0.39619812,164.48828,792,FC128,crates,1,2792,,,,
10.0,3.9257812,0.203125,0.18188295,0.0054392368,0.35948634,0.12504293,-0.011554196,7.512892,172.35156,0.27517286,0.39669836,172.35156,793,FC128,crates,1,2793,,,,
8.9375,4.109375,0.19140625,0.20942323,0.005435141,0.37832385,0.121046506,-0.017409947,8.4003525,173.84766,0.2791894,0.39719862,173.84766,794,FC128,crates,1,2794,,,,
8.449219,4.0078125,0.18359375,0.22919627,0.005431046,0.38305283,0.116733864,-0.021706635,7.920938,174.8086,0.27937055,0.39769885,174.8086,795,FC128,crates,1,2795,,,,
7.8398438,3.859375,0.15234375,0.24938524,0.00542695,0.42991287,0.104664594,-0.026841106,7.5129304,179.01562,0.2657182,0.3981991,179.01562,796,FC128,crates,1,2796,,,,
8.167969,4.109375,0.1484375,0.252545,0.0054228543,0.42868555,0.10219682,-0.018708624,8.409533,180.75781,0.24454992,0.39869937,180.75781,797,FC128,crates,1,2797,,,,
8.7578125,4.2773438,0.12109375,0.25330865,0.005418759,0.3894676,0.11081461,-0.011015425,8.897775,183.89844,0.2464053,0.3991996,183.89844,798,FC128,crates,1,2798,,,,
8.972656,4.3242188,0.1328125,0.2694957,0.0054146633,0.36538547,0.12503661,-0.0077127973,9.116212,182.53516,0.26841727,0.39969987,182.53516,799,FC128,crates,1,2799,,,,
9.019531,4.28125,0.1171875,0.26544407,0.005410568,0.33791053,0.14222687,-0.0067946957,8.923361,184.48047,0.30091554,0.40020013,184.48047,800,FC128,crates,1,2800,,,,
9.796875,4.6328125,0.09375,0.25640714,0.005406472,0.29894674,0.15323126,-0.008764923,9.992697,186.97656,0.32676488,0.40070036,186.97656,801,FC128,crates,1,2801,,,,
9.488281,4.5,0.1640625,0.25203207,0.005402377,0.28362244,0.1593971,-0.022425704,9.584494,178.25781,0.36636877,0.40120062,178.25781,802,FC128,crates,1,2802,,,,
9.578125,4.4296875,0.10546875,0.23469444,0.005398281,0.38043112,0.13709441,-0.026213253,9.520665,185.83203,0.32914922,0.40170085,185.83203,803,FC128,crates,1,2803,,,,
8.996094,4.4726562,0.1328125,0.22669381,0.0053941854,0.44363695,0.12921414,-0.039034437,9.100899,181.52734,0.33894283,0.40220112,181.52734,804,FC128,crates,1,2804,,,,
9.246094,4.4375,0.11328125,0.20388421,0.00539009,0.43997627,0.13910334,-0.03451364,9.225821,185.1289,0.34943187,0.40270138,185.1289,805,FC128,crates,1,2805,,,,
9.4375,4.546875,0.140625,0.17658107,0.0053859944,0.41095078,0.16988619,-0.028735101,9.657345,181.14453,0.3991447,0.4032016,181.14453,806,FC128,crates,1,2806,,,,
9.027344,4.4140625,0.16796875,0.1600634,0.005381899,0.42488307,0.17379433,-0.025759092,8.905157,177.32812,0.40082973,0.40370187,177.32812,807,FC128,crates,1,2807,,,,
9.578125,4.6953125,0.14453125,0.15217063,0.005377803,0.42662692,0.17885265,-0.014450828,9.8942585,180.05469,0.38824365,0.4042021,180.05469,808,FC128,crates,1,2808,,,,
10.308594,4.9570312,0.10546875,0.15287822,0.005373708,0.4134875,0.16689225,-0.01262085,10.377852,186.69531,0.36066923,0.40470237,186.69531,809,FC128,crates,1,2809,,,,
10.8515625,4.7265625,0.10546875,0.13585134,0.005369612,0.41018534,0.18068746,-0.0046156626,10.023869,186.58594,0.3720652,0.40520263,186.58594,810,FC128,crates,1,2810,,,,
10.515625,4.5859375,0.1171875,0.13704404,0.005365517,0.4055813,0.18638578,-0.0025563645,9.6819935,185.82422,0.37935492,0.40570286,185.82422,811,FC128,crates,1,2811,,,,
10.949219,4.5820312,0.078125,0.14613946,0.005361421,0.40936947,0.16996132,-0.008168831,9.8109,190.25781,0.35782734,0.40620312,190.25781,812,FC128,crates,1,2812,,,,
10.121094,4.4765625,0.08984375,0.15460993,0.0053573255,0.41869873,0.15590276,-0.013054008,9.46129,187.30078,0.33957013,0.40670335,187.30078,813,FC128,crates,1,2813,,,,
9.7421875,4.515625,0.03125,0.18796815,0.00535323,0.50795436,0.12755646,-0.016160313,9.741564,195.97266,0.289446,0.4072036,195.97266,814,FC128,crates,1,2814,,,,
9.1953125,4.4765625,0.0390625,0.19717357,0.0053491346,0.5196463,0.12673567,-0.016467677,9.607618,195.60547,0.2885161,0.40770388,195.60547,815,FC128,crates,1,2815,,,,
8.683594,4.3046875,0.0546875,0.21953854,0.005345039,0.48389775,0.14056094,-0.009664727,9.023908,192.78125,0.3027982,0.4082041,192.78125,816,FC128,crates,1,2816,,,,
9.355469,4.6289062,0.0625,0.21487394,0.005340943,0.4478593,0.16747579,0.0053694122,9.649845,192.34375,0.32650802,0.40870437,192.34375,817,FC128,crates,1,2817,,,,
10.5,5.0429688,0.05859375,0.2185453,0.005336848,0.38106245,0.1972603,0.016919268,10.825861,192.27734,0.36301476,0.4092046,192.27734,818,FC128,crates,1,2818,,,,
10.667969,4.8945312,0.08203125,0.20962627,0.005332752,0.402807,0.1857019,0.009899329,10.398127,189.29297,0.35384092,0.40970486,189.29297,819,FC128,crates,1,2819,,,,
11.222656,4.8828125,0.140625,0.19054721,0.0053286566,0.40004396,0.16846465,0.003955325,10.329533,187.1289,0.33104938,0.41020513,187.1289,820,FC128,crates,1,2820,,,,
11.019531,4.6679688,0.1640625,0.18634158,0.005324561,0.35679054,0.14115413,-0.021744639,9.448868,181.78125,0.32778192,0.41070536,181.78125,821,FC128,crates,1,2821,,,,
11.1875,4.953125,0.13671875,0.18542093,0.0053204657,0.33902287,0.13206674,-0.03180638,10.422188,183.48438,0.3297193,0.41120562,183.48438,822,FC128,crates,1,2822,,,,
10.871094,4.984375,0.08203125,0.18229182,0.00531637,0.44033986,0.11349576,-0.03088857,10.521095,190.02344,0.29070693,0.41170588,190.02344,823,FC128,crates,1,2823,,,,
10.2109375,4.8046875,0.11328125,0.18175104,0.005312274,0.4303174,0.13016611,-0.025489204,10.2959385,185.79297,0.31324163,0.4122061,185.79297,824,FC128,crates,1,2824,,,,
10.183594,4.8828125,0.08203125,0.18854964,0.005308179,0.4691171,0.13901217,-0.020511981,10.475079,190.52344,0.32105002,0.41270638,190.52344,825,FC128,crates,1,2825,,,,
10.160156,4.8007812,0.09375,0.19608107,0.005304083,0.43350577,0.15949266,-0.011635952,10.817501,188.79297,0.34433725,0.4132066,188.79297,826,FC128,crates,1,2826,,,,
9.625,4.7851562,0.06640625,0.18075539,0.0052999877,0.45750308,0.1681492,-0.010019574,10.165392,190.34375,0.35825354,0.41370687,190.34375,827,FC128,crates,1,2827,,,,
9.199219,4.5546875,0.0546875,0.17863786,0.0052958922,0.4823264,0.17044435,-0.008650722,9.512852,191.54297,0.36008224,0.41420713,191.54297,828,FC128,crates,1,2828,,,,
9.4453125,4.5195312,0.04296875,0.1681128,0.0052917968,0.49180233,0.16425337,-0.00965467,9.193243,194.44922,0.3495953,0.41470736,194.44922,829,FC128,crates,1,2829,,,,
9.609375,4.4726562,0.078125,0.15848215,0.0052877013,0.50470626,0.16752099,-0.005954323,9.276993,191.28516,0.34862664,0.41520762,191.28516,830,FC128,crates,1,2830,,,,
10.7578125,4.8867188,0.0546875,0.15812759,0.0052836053,0.4453159,0.16303757,-0.005053819,10.532696,193.28906,0.33785373,0.41570786,193.28906,831,FC128,crates,1,2831,,,,
10.105469,4.6679688,0.078125,0.15401265,0.0052795103,0.51351094,0.14786729,-0.01094577,10.056563,188.38672,0.31925234,0.41620812,188.38672,832,FC128,crates,1,2832,,,,
10.546875,5.0,0.06640625,0.15577736,0.0052754143,0.48632878,0.13980624,-0.014294577,10.869649,191.20703,0.3098452,0.41670838,191.20703,833,FC128,crates,1,2833,,,,
9.671875,4.6835938,0.07421875,0.15855731,0.005271319,0.5591146,0.13221873,-0.015268011,10.230665,190.32812,0.2966451,0.4172086,190.32812,834,FC128,crates,1,2834,,,,
8.6484375,4.4609375,0.046875,0.17510958,0.0052672233,0.59162664,0.12571089,-0.01502503,9.419533,193.89453,0.28331652,0.41770887,193.89453,835,FC128,crates,1,2835,,,,
9.25,4.7382812,0.0703125,0.17374882,0.005263128,0.53290266,0.1453627,-0.011565687,10.353282,188.98047,0.31568572,0.4182091,188.98047,836,FC128,crates,1,2836,,,,
9.566406,4.9023438,0.0703125,0.18962125,0.0052590324,0.5577953,0.15775162,-0.0113857845,10.500938,190.38672,0.34026927,0.41870937,190.38672,837,FC128,crates,1,2837,,,,
10.8671875,5.25,0.1015625,0.16381131,0.0052549364,0.47610736,0.1883159,-0.004253302,11.628399,186.1875,0.38686004,0.41920963,186.1875,838,FC128,crates,1,2838,,,,
11.582031,5.2929688,0.1484375,0.15412864,0.0052508414,0.3965327,0.22799043,0.0040553114,11.264219,183.3164,0.44948888,0.41970986,183.3164,839,FC128,crates,1,2839,,,,
11.808594,5.1015625,0.16796875,0.13585201,0.0052467454,0.36970925,0.22253071,-0.00090460654,10.921602,178.125,0.4482962,0.42021012,178.125,840,FC128,crates,1,2840,,,,
11.785156,4.828125,0.140625,0.1374958,0.0052426504,0.44116962,0.19364387,-0.008689067,10.412149,182.69531,0.40610754,0.42071036,182.69531,841,FC128,crates,1,2841,,,,
11.605469,5.2070312,0.17578125,0.13916734,0.0052385544,0.39222556,0.19700603,-0.024212526,11.100782,177.61719,0.4438952,0.42121062,177.61719,842,FC128,crates,1,2842,,,,
11.261719,5.3007812,0.08984375,0.15219715,0.005234459,0.49214882,0.1855916,-0.018729849,11.599453,188.75781,0.41023624,0.42171088,188.75781,843,FC128,crates,1,2843,,,,
11.0234375,5.3398438,0.0859375,0.1610397,0.0052303635,0.48597854,0.18940532,-0.020293124,11.744572,189.94531,0.42108148,0.4222111,189.94531,844,FC128,crates,1,2844,,,,
10.277344,5.1132812,0.0703125,0.17575896,0.005226268,0.49983054,0.18123221,-0.016708385,11.295001,192.01562,0.39771834,0.42271137,192.01562,845,FC128,crates,1,2845,,,,
8.988281,4.5390625,0.06640625,0.18553828,0.0052221725,0.5448619,0.18448652,-0.011431433,9.348907,193.30078,0.39377376,0.42321163,193.30078,846,FC128,crates,1,2846,,,,
9.417969,4.7734375,0.03515625,0.18476555,0.0052180765,0.49928623,0.19459403,-0.0029588854,10.173868,195.7539,0.39703405,0.42371187,195.7539,847,FC128,crates,1,2847,,,,
9.734375,4.828125,0.01953125,0.1968078,0.0052139815,0.493145,0.19729012,0.0022403183,10.756563,198.07422,0.39215192,0.42421213,198.07422,848,FC128,crates,1,2848,,,,
9.59375,4.6914062,0.0703125,0.19037591,0.0052098855,0.5098422,0.17707153,-0.0049538165,10.17672,189.70312,0.36603436,0.42471236,189.70312,849,FC128,crates,1,2849,,,,
9.8515625,4.7851562,0.0390625,0.19399577,0.00520579,0.5636201,0.12505989,-0.013565158,10.380391,195.82812,0.27926987,0.42521262,195.82812,850,FC128,crates,1,2850,,,,
10.308594,5.0585938,0.05859375,0.17428051,0.0052016946,0.5526432,0.12794185,-0.0119990725,11.133751,192.5039,0.28169495,0.42571288,192.5039,851,FC128,crates,1,2851,,,,
10.734375,5.171875,0.0625,0.16207369,0.005197599,0.5676298,0.12343026,-0.020886054,11.117931,192.3125,0.29031742,0.42621312,192.3125,852,FC128,crates,1,2852,,,,
10.847656,5.2773438,0.05859375,0.16437183,0.0051935036,0.5838479,0.1342097,-0.011465413,11.38004,192.25,0.2930576,0.42671338,192.25,853,FC128,crates,1,2853,,,,
10.7578125,5.5507812,0.0546875,0.16793744,0.0051894076,0.5447147,0.14109561,-0.013086132,11.981837,193.02344,0.31010646,0.4272136,193.02344,854,FC128,crates,1,2854,,,,
9.359375,4.6132812,0.07421875,0.16117597,0.0051853126,0.6016424,0.15801682,-0.012475363,10.445665,189.98047,0.34265584,0.42771387,189.98047,855,FC128,crates,1,2855,,,,
8.925781,4.7304688,0.0859375,0.17300202,0.0051812166,0.55146354,0.17660938,-0.013327306,10.115938,191.10938,0.3816661,0.42821413,191.10938,856,FC128,crates,1,2856,,,,
9.574219,5.0546875,0.03515625,0.17342785,0.005177121,0.5637694,0.18409966,-0.00903694,11.00629,195.40234,0.3880689,0.42871436,195.40234,857,FC128,crates,1,2857,,,,
9.9609375,5.2304688,0.046875,0.15518688,0.0051730257,0.6171938,0.19152004,-0.0024048362,11.169766,194.39844,0.38945532,0.42921463,194.39844,858,FC128,crates,1,2858,,,,
10.777344,5.2148438,0.07421875,0.14114706,0.00516893,0.5945694,0.19499467,-0.0014439861,11.43297,190.85938,0.39433646,0.42971486,190.85938,859,FC128,crates,1,2859,,,,
11.597656,5.3085938,0.09375,0.13017492,0.0051648347,0.55145824,0.17767932,-0.0055156555,11.933556,188.65234,0.36773458,0.43021512,188.65234,860,FC128,crates,1,2860,,,,
12.0390625,5.2148438,0.125,0.1287088,0.0051607387,0.5307753,0.18642354,-0.013034798,11.489415,185.34375,0.40024516,0.43071538,185.34375,861,FC128,crates,1,2861,,,,
11.847656,5.046875,0.140625,0.13677931,0.0051566437,0.5429934,0.18177238,-0.016754832,11.053751,184.7461,0.39846507,0.4312156,184.7461,862,FC128,crates,1,2862,,,,
11.097656,5.1679688,0.15234375,0.13645503,0.0051525477,0.51572883,0.20905279,-0.006474475,10.930157,181.41406,0.43246073,0.43171588,181.41406,863,FC128,crates,1,2863,,,,
10.707031,4.9726562,0.11328125,0.15496385,0.0051484522,0.6063137,0.16149822,-0.016825842,10.946603,184.92578,0.35824376,0.4322161,184.92578,864,FC128,crates,1,2864,,,,
10.40625,5.1523438,0.05859375,0.16642615,0.0051443567,0.60824704,0.12957755,-0.03257282,11.345001,191.55469,0.32601306,0.43271637,191.55469,865,FC128,crates,1,2865,,,,
10.347656,5.1289062,0.0390625,0.16956179,0.0051402613,0.64845383,0.11912853,-0.026837213,11.376641,193.95703,0.29367468,0.43321663,193.95703,866,FC128,crates,1,2866,,,,
9.644531,4.8359375,0.03125,0.17536953,0.005136166,0.615879,0.15245646,-0.011868716,10.705586,195.74219,0.33045182,0.43371686,195.74219,867,FC128,crates,1,2867,,,,
8.980469,4.7148438,0.04296875,0.1828547,0.00513207,0.6074503,0.17448336,-0.0065547056,9.824415,194.4375,0.363953,0.43421713,194.4375,868,FC128,crates,1,2868,,,,
9.285156,4.7421875,0.0703125,0.19459462,0.005127975,0.61248577,0.15022758,-0.0135620665,10.085352,191.6914,0.32957503,0.4347174,191.6914,869,FC128,crates,1,2869,,,,
9.628906,5.0273438,0.01953125,0.2093486,0.005123879,0.65551853,0.12033824,-0.013856759,10.990939,196.90234,0.27053535,0.43521762,196.90234,870,FC128,crates,1,2870,,,,
9.660156,4.9492188,0.0625,0.20296258,0.005119784,0.64613354,0.14028552,-0.00028761153,10.734532,190.4375,0.2832245,0.43571788,190.4375,871,FC128,crates,1,2871,,,,
9.917969,4.84375,0.046875,0.18724091,0.005115688,0.62246746,0.17088263,0.0130591635,10.56711,194.80078,0.31756264,0.4362181,194.80078,872,FC128,crates,1,2872,,,,
10.550781,5.0664062,0.08984375,0.19911572,0.0051115924,0.6161731,0.1558429,0.00556683,11.168946,188.83984,0.30258772,0.43671837,188.83984,873,FC128,crates,1,2873,,,,
10.589844,5.046875,0.09375,0.20306142,0.005107497,0.657266,0.10942213,-0.019958092,11.049688,188.26953,0.26083472,0.43721864,188.26953,874,FC128,crates,1,2874,,,,
11.074219,5.3085938,0.09375,0.19525598,0.0051034014,0.65093625,0.10169253,-0.026143951,11.82711,191.01562,0.2576659,0.43771887,191.01562,875,FC128,crates,1,2875,,,,
10.4765625,5.0742188,0.09375,0.19648756,0.005099306,0.6335871,0.15067367,-0.006298251,10.815861,190.51953,0.31594774,0.43821913,190.51953,876,FC128,crates,1,2876,,,,
10.671875,5.2617188,0.078125,0.2061442,0.00509521,0.6573198,0.13120839,-0.0131519465,11.543087,192.48828,0.29082137,0.43871936,192.48828,877,FC128,crates,1,2877,,,,
10.597656,5.1679688,0.0546875,0.21678838,0.005091115,0.65627605,0.0935226,-0.043513704,11.538088,193.96094,0.27628,0.43921962,193.96094,878,FC128,crates,1,2878,,,,
10.496094,5.203125,0.046875,0.1988605,0.005087019,0.6590593,0.10259811,-0.03650879,11.587657,196.00781,0.28023702,0.4397199,196.00781,879,FC128,crates,1,2879,,,,
9.839844,4.9335938,0.05859375,0.20577931,0.0050829235,0.6579598,0.1394935,-0.014467753,10.892578,192.1289,0.3100144,0.44022012,192.1289,880,FC128,crates,1,2880,,,,
9.890625,4.9921875,0.05859375,0.20415999,0.005078828,0.68905795,0.13126785,-0.016792,10.896681,193.26172,0.29819348,0.44072038,193.26172,881,FC128,crates,1,2881,,,,
9.984375,5.1875,0.0546875,0.19218475,0.0050747325,0.6758171,0.12592275,-0.021288471,10.954181,192.85938,0.296373,0.4412206,192.85938,882,FC128,crates,1,2882,,,,
10.3359375,4.9648438,0.03515625,0.1873438,0.005070637,0.7097639,0.12262602,-0.015204016,11.108439,196.00781,0.27755997,0.44172087,196.00781,883,FC128,crates,1,2883,,,,
11.277344,5.421875,0.08203125,0.17157285,0.005066541,0.64304733,0.1939834,0.0064567765,12.276603,190.74219,0.3767918,0.44222113,190.74219,884,FC128,crates,1,2884,,,,
11.3984375,5.1601562,0.0703125,0.16961569,0.005062446,0.6569079,0.1951162,0.009713815,11.400431,190.96484,0.37252212,0.44272137,190.96484,885,FC128,crates,1,2885,,,,
12.015625,5.2773438,0.109375,0.16059935,0.00505835,0.6822598,0.15544027,-0.002258547,11.738869,186.02734,0.31702238,0.44322163,186.02734,886,FC128,crates,1,2886,,,,
11.957031,5.0585938,0.15625,0.15586974,0.0050542546,0.5882921,0.17814268,-0.023206828,11.174532,177.46875,0.40427464,0.4437219,177.46875,887,FC128,crates,1,2887,,,,
12.4609375,5.34375,0.16015625,0.15847108,0.005050159,0.5296325,0.18078156,-0.03898761,11.423595,182.33203,0.44113895,0.44422212,182.33203,888,FC128,crates,1,2888,,,,
12.40625,5.1601562,0.14453125,0.15331917,0.0050460636,0.66454136,0.14369631,-0.028433641,11.394455,183.35547,0.3458072,0.44472238,183.35547,889,FC128,crates,1,2889,,,,
12.527344,5.4765625,0.12890625,0.16169526,0.005041968,0.6885307,0.16809686,0.00021138699,11.826368,186.08594,0.33740145,0.44522262,186.08594,890,FC128,crates,1,2890,,,,
12.1015625,5.5898438,0.16015625,0.15944465,0.005037872,0.66397953,0.21189947,0.009058771,11.982033,179.3789,0.40728793,0.44572288,179.3789,891,FC128,crates,1,2891,,,,
11.714844,5.34375,0.17578125,0.17409979,0.005033777,0.7117919,0.1794177,-0.0024393033,11.949806,180.2539,0.36546677,0.44622314,180.2539,892,FC128,crates,1,2892,,,,
12.1484375,5.6992188,0.15625,0.17634547,0.005029681,0.7524738,0.13280515,-0.019541677,12.933245,183.58984,0.3064676,0.44672337,183.58984,893,FC128,crates,1,2893,,,,
11.332031,5.5273438,0.15234375,0.18681858,0.005025586,0.7434517,0.1336891,-0.026603142,12.08922,184.86328,0.32246226,0.44722363,184.86328,894,FC128,crates,1,2894,,,,
11.2265625,5.390625,0.07421875,0.1836201,0.00502149,0.78127724,0.12714127,-0.013031313,12.264416,189.80469,0.28218925,0.44772387,189.80469,895,FC128,crates,1,2895,,,,
10.308594,5.09375,0.11328125,0.1921655,0.0050173947,0.5526308,0.33701205,0.0256687,11.280821,186.83594,0.624615,0.44822413,186.83594,896,FC128,crates,1,2896,,,,
10.6953125,5.1992188,0.08984375,0.20204057,0.005013299,0.42233247,0.47201067,0.039910726,11.537697,188.01953,0.86622566,0.4487244,188.01953,897,FC128,crates,1,2897,,,,
10.457031,5.3398438,0.0625,0.19044389,0.005009203,0.58904576,0.3276692,0.031013675,11.463946,191.22656,0.595219,0.44922462,191.22656,898,FC128,crates,1,2898,,,,
10.238281,4.9648438,0.08203125,0.19799684,0.005005108,0.7399508,0.16911294,0.00024985027,11.161407,189.78125,0.33970818,0.44972488,189.78125,899,FC128,crates,1,2899,,,,
10.578125,5.3984375,0.0703125,0.2009311,0.0050010122,0.77000487,0.112890035,-0.026931182,11.88043,190.66016,0.28165215,0.4502251,190.66016,900,FC128,crates,1,2900,,,,
10.535156,5.453125,0.078125,0.20025681,0.004996917,0.78986764,0.10312864,-0.025554383,11.926759,190.66406,0.25936738,0.45072538,190.66406,901,FC128,crates,1,2901,,,,
10.484375,5.1914062,0.16796875,0.19874789,0.0049928213,0.74948263,0.12812322,-0.024150258,11.23629,182.78906,0.30653158,0.45122564,182.78906,902,FC128,crates,1,2902,,,,
9.28125,4.3632812,0.375,0.21148913,0.0049887258,0.63162506,0.17313099,-0.054055445,9.168751,169.4961,0.456483,0.45172587,169.4961,903,FC128,crates,1,2903,,,,
10.984375,5.4179688,0.12890625,0.20053424,0.0049846303,0.78609735,0.09718663,-0.027272332,11.863673,189.07422,0.2509171,0.45222613,189.07422,904,FC128,crates,1,2904,,,,
11.222656,5.59375,0.03515625,0.18468481,0.004980535,0.7142598,0.19815032,0.017425738,12.360079,195.41406,0.36328882,0.45272636,195.41406,905,FC128,crates,1,2905,,,,
10.597656,5.078125,0.1015625,0.18206586,0.0049764393,0.7052723,0.16292478,-0.0022963763,10.963087,187.60156,0.33225438,0.45322663,187.60156,906,FC128,crates,1,2906,,,,
11.355469,5.390625,0.0546875,0.16965577,0.0049723433,0.76143104,0.115687385,-0.0061522326,12.020352,191.4961,0.24536641,0.4537269,191.4961,907,FC128,crates,1,2907,,,,
11.730469,5.7109375,0.05078125,0.17645574,0.0049682483,0.763813,0.10807331,-0.011931926,12.577891,193.92188,0.24176382,0.45422712,193.92188,908,FC128,crates,1,2908,,,,
11.296875,5.3554688,0.109375,0.17381784,0.0049641524,0.75451887,0.14192052,-0.0044703316,11.94426,186.83594,0.2945074,0.45472738,186.83594,909,FC128,crates,1,2909,,,,
11.902344,5.3515625,0.08984375,0.16594584,0.004960057,0.7468437,0.13466382,-0.0076512177,12.5021105,190.6211,0.28627628,0.45522764,190.6211,910,FC128,crates,1,2910,,,,
11.332031,5.2148438,0.11328125,0.1662338,0.0049559614,0.77126795,0.121614724,-0.021031091,12.073634,188.51172,0.28693932,0.45572788,188.51172,911,FC128,crates,1,2911,,,,
10.777344,5.3085938,0.08203125,0.16883719,0.004951866,0.78484887,0.12526128,-0.017521963,11.541563,191.55078,0.2872386,0.45622814,191.55078,912,FC128,crates,1,2912,,,,
11.2578125,5.5429688,0.0703125,0.1726644,0.0049477704,0.78634834,0.14817978,-0.003203412,12.132541,191.13281,0.30447498,0.45672837,191.13281,913,FC128,crates,1,2913,,,,
11.328125,5.2695312,0.11328125,0.18018289,0.0049436744,0.8092989,0.12063247,-0.022653913,11.923048,189.64453,0.2883543,0.45722863,189.64453,914,FC128,crates,1,2914,,,,
11.207031,5.265625,0.1171875,0.18692659,0.0049395794,0.8162388,0.12861261,-0.013144768,11.463165,191.30078,0.2853614,0.4577289,191.30078,915,FC128,crates,1,2915,,,,
11.214844,5.28125,0.12890625,0.19878528,0.0049354834,0.82994795,0.11684024,-0.018180957,11.534181,190.16797,0.2720046,0.45822912,190.16797,916,FC128,crates,1,2916,,,,
11.808594,5.4570312,0.125,0.17778912,0.004931388,0.8399471,0.11804407,-0.0075775706,12.028634,194.33203,0.25299677,0.4587294,194.33203,917,FC128,crates,1,2917,,,,
11.484375,5.453125,0.13671875,0.1904584,0.0049272925,0.80759525,0.123340316,-0.035161413,12.03586,189.7539,0.31888035,0.45922962,189.7539,918,FC128,crates,1,2918,,,,
10.753906,5.1875,0.140625,0.20180734,0.004923197,0.850476,0.109476194,-0.015228111,11.151134,189.20703,0.25139567,0.45972988,189.20703,919,FC128,crates,1,2919,,,,
10.488281,5.0351562,0.06640625,0.20019205,0.0049191015,0.7483503,0.24149038,0.030308247,11.027306,191.71094,0.42433378,0.46023014,191.71094,920,FC128,crates,1,2920,,,,
9.738281,4.8125,0.0546875,0.2066136,0.0049150055,0.75150824,0.21797092,0.012122477,10.141525,192.99219,0.4137279,0.46073037,192.99219,921,FC128,crates,1,2921,,,,
8.988281,4.4570312,0.02734375,0.20533144,0.0049109105,0.8286376,0.12442525,-0.0075357403,9.12004,196.67578,0.2659387,0.46123064,196.67578,922,FC128,crates,1,2922,,,,
8.90625,4.5546875,0.05078125,0.20894673,0.0049068145,0.81434757,0.09236839,-0.03632342,9.389181,195.64453,0.25943413,0.46173087,195.64453,923,FC128,crates,1,2923,,,,
9.328125,4.6367188,0.0546875,0.2124651,0.0049027195,0.77656865,0.10597829,-0.036416035,9.524337,196.17578,0.28687197,0.46223113,196.17578,924,FC128,crates,1,2924,,,,
8.972656,4.4023438,0.03515625,0.22235954,0.0048986236,0.8231019,0.09711827,-0.020054713,9.28922,196.46484,0.23652448,0.4627314,196.46484,925,FC128,crates,1,2925,,,,
8.582031,4.1914062,0.0390625,0.21965487,0.004894528,0.6961298,0.20584014,0.010798435,8.215118,194.85547,0.3922336,0.46323162,194.85547,926,FC128,crates,1,2926,,,,
9.324219,4.4960938,0.03125,0.20373519,0.0048904326,0.63397217,0.2769796,0.03102165,9.277149,196.28125,0.49390858,0.46373188,196.28125,927,FC128,crates,1,2927,,,,
9.3515625,4.4492188,0.06640625,0.20917773,0.004886337,0.6790284,0.2252845,0.01992539,9.297266,192.0586,0.41276246,0.46423215,192.0586,928,FC128,crates,1,2928,,,,
9.917969,4.6601562,0.05859375,0.20354031,0.0048822416,0.7335698,0.1249123,-0.002026189,9.881017,193.1289,0.25586444,0.46473238,193.1289,929,FC128,crates,1,2929,,,,
10.777344,5.046875,0.09765625,0.20500314,0.0048781456,0.6343703,0.13191994,-0.041583665,10.894923,189.16016,0.34900728,0.46523264,189.16016,930,FC128,crates,1,2930,,,,
10.761719,4.9101562,0.1171875,0.18994279,0.0048740506,0.5423257,0.17873937,-0.049372446,10.844337,190.66406,0.45807523,0.46573287,190.66406,931,FC128,crates,1,2931,,,,
11.2109375,5.15625,0.09765625,0.19793978,0.0048699547,0.6447661,0.1216937,-0.042085484,11.205861,189.64844,0.32948628,0.46623313,189.64844,932,FC128,crates,1,2932,,,,
11.671875,5.296875,0.0703125,0.19135949,0.004865859,0.78450334,0.08768302,-0.017498583,11.721016,192.73438,0.21222547,0.4667334,192.73438,933,FC128,crates,1,2933,,,,
11.90625,5.40625,0.07421875,0.18541573,0.0048617637,0.688154,0.19149323,0.022655511,12.310939,191.85156,0.3394783,0.46723363,191.85156,934,FC128,crates,1,2934,,,,
11.4609375,5.3671875,0.09375,0.19748926,0.004857668,0.53416866,0.2862722,0.03804269,11.973986,188.6914,0.49837768,0.4677339,188.6914,935,FC128,crates,1,2935,,,,
11.886719,5.5859375,0.0625,0.19067325,0.0048535727,0.6415336,0.21686459,0.028876984,12.228321,192.03516,0.3778261,0.46823412,192.03516,936,FC128,crates,1,2936,,,,
12.1796875,5.6953125,0.078125,0.19192912,0.0048494767,0.78520447,0.110955305,0.00084872975,12.75168,190.3789,0.22207466,0.46873438,190.3789,937,FC128,crates,1,2937,,,,
11.1015625,5.2265625,0.078125,0.19142485,0.0048453817,0.77790666,0.09272052,-0.02502868,11.488985,189.77344,0.23735344,0.46923465,189.77344,938,FC128,crates,1,2938,,,,
10.953125,5.1601562,0.12890625,0.19174993,0.0048412858,0.72381705,0.11075488,-0.031156346,11.348048,185.89062,0.28567907,0.46973488,185.89062,939,FC128,crates,1,2939,,,,
11.441406,5.5117188,0.05859375,0.1929131,0.0048371903,0.7682173,0.12620121,-0.0053740507,12.073165,193.1914,0.26501682,0.47023514,193.1914,940,FC128,crates,1,2940,,,,
11.8046875,5.6328125,0.06640625,0.19320929,0.004833095,0.7361549,0.15532109,0.0059489035,12.436094,192.10156,0.30061197,0.47073537,192.10156,941,FC128,crates,1,2941,,,,
12.496094,5.7460938,0.06640625,0.1841925,0.0048289993,0.7830032,0.12008044,-0.005565734,13.400704,193.19922,0.25307128,0.47123563,193.19922,942,FC128,crates,1,2942,,,,
11.9453125,5.59375,0.09765625,0.18239336,0.004824904,0.768631,0.11283389,-0.023587864,12.244063,188.28906,0.27460358,0.4717359,188.28906,943,FC128,crates,1,2943,,,,
12.5703125,5.5195312,0.14453125,0.16758263,0.004820808,0.7576025,0.14394389,-0.0095457,12.29422,180.33203,0.30859494,0.47223613,180.33203,944,FC128,crates,1,2944,,,,
12.609375,5.578125,0.0859375,0.16507927,0.004816713,0.80228084,0.11793515,-0.015652345,12.39133,190.5625,0.26876527,0.4727364,190.5625,945,FC128,crates,1,2945,,,,
12.7890625,5.8007812,0.0625,0.16238739,0.004812617,0.82526636,0.112926096,-0.012788209,13.446407,192.88281,0.25299162,0.47323662,192.88281,946,FC128,crates,1,2946,,,,
11.480469,5.4492188,0.1015625,0.16644047,0.0048085214,0.819191,0.1426254,-0.006954524,12.3230095,188.9336,0.3007605,0.47373688,188.9336,947,FC128,crates,1,2947,,,,
10.8125,5.2382812,0.06640625,0.17959704,0.004804426,0.8381039,0.122461595,-0.01681213,11.792814,192.01562,0.28027317,0.47423714,192.01562,948,FC128,crates,1,2948,,,,
10.859375,5.1757812,0.05859375,0.18722889,0.0048003304,0.85753006,0.1126287,-0.0150862485,11.734844,193.83984,0.25722742,0.47473738,193.83984,949,FC128,crates,1,2949,,,,
9.941406,4.8203125,0.03515625,0.19764213,0.004796235,0.8458367,0.13375272,-0.00528322,10.790938,196.19531,0.27996776,0.47523764,196.19531,950,FC128,crates,1,2950,,,,
11.027344,5.2265625,0.04296875,0.21094783,0.004792139,0.86504173,0.14546008,0.013843513,11.595939,196.11328,0.26525494,0.4757379,196.11328,951,FC128,crates,1,2951,,,,
11.371094,5.234375,0.125,0.19994225,0.004788044,0.8791083,0.102259524,-0.007879541,11.185978,192.77734,0.2221928,0.47623813,192.77734,952,FC128,crates,1,2952,,,,
11.15625,4.9765625,0.1796875,0.19915856,0.004783948,0.8568896,0.12742041,0.00080602843,10.507423,187.8164,0.25513428,0.4767384,187.8164,953,FC128,crates,1,2953,,,,
11.878906,5.2148438,0.171875,0.19675134,0.0047798525,0.85178816,0.12966351,0.007424295,11.387696,188.4336,0.24635932,0.47723863,188.4336,954,FC128,crates,1,2954,,,,
11.578125,5.0117188,0.1171875,0.20298435,0.004775757,0.85156506,0.11073716,0.0012424304,10.723673,191.57812,0.22092827,0.4777389,191.57812,955,FC128,crates,1,2955,,,,
11.980469,5.3984375,0.0859375,0.20499505,0.0047716615,0.8440137,0.13326709,0.021733847,11.6416025,193.1914,0.22502284,0.47823915,193.1914,956,FC128,crates,1,2956,,,,
12.136719,5.390625,0.0625,0.2047399,0.004767566,0.8579061,0.11182903,0.010908199,11.996954,195.8164,0.20379387,0.47873938,195.8164,957,FC128,crates,1,2957,,,,
11.941406,5.5117188,0.0625,0.19635352,0.0047634705,0.84151256,0.12956224,0.014408443,12.285353,195.53125,0.23217826,0.47923964,195.53125,958,FC128,crates,1,2958,,,,
12.34375,5.6640625,0.06640625,0.17890765,0.004759375,0.8468379,0.10718828,0.001973718,12.692189,193.79688,0.2121321,0.47973987,193.79688,959,FC128,crates,1,2959,,,,
12.308594,5.5390625,0.09765625,0.17849962,0.004755279,0.8208362,0.13489029,0.0011897102,12.636837,191.39453,0.2690988,0.48024014,191.39453,960,FC128,crates,1,2960,,,,
12.0390625,5.5273438,0.09765625,0.17406346,0.0047511836,0.82101643,0.116236076,-0.020562492,12.31336,187.90234,0.27525115,0.4807404,187.90234,961,FC128,crates,1,2961,,,,
11.9609375,5.6601562,0.04296875,0.18408816,0.004747088,0.83606637,0.09333032,-0.031087657,12.880704,196.44531,0.25058374,0.48124063,196.44531,962,FC128,crates,1,2962,,,,
10.8671875,5.3242188,0.0703125,0.18791333,0.0047429926,0.7947204,0.14671582,-0.016159786,11.371719,190.78906,0.32753375,0.4817409,190.78906,963,FC128,crates,1,2963,,,,
11.644531,5.6015625,0.0703125,0.18391564,0.004738897,0.7998842,0.13953187,-0.017925296,12.603985,191.76172,0.31665742,0.48224112,191.76172,964,FC128,crates,1,2964,,,,
11.1171875,5.2929688,0.0859375,0.19063048,0.0047348016,0.7887877,0.13218121,-0.02527978,11.789885,189.92578,0.31672716,0.4827414,189.92578,965,FC128,crates,1,2965,,,,
11.96875,5.625,0.0859375,0.1771027,0.004730706,0.8172051,0.10604121,-0.028228866,12.691016,190.4961,0.27021578,0.48324165,190.4961,966,FC128,crates,1,2966,,,,
12.640625,5.859375,0.078125,0.17079511,0.0047266106,0.8148876,0.11166154,-0.0142130265,13.209376,191.60156,0.2533637,0.48374188,191.60156,967,FC128,crates,1,2967,,,,
12.40625,5.6992188,0.05859375,0.17173553,0.0047225147,0.82968986,0.10324717,-0.010808294,12.709845,193.3125,0.22973299,0.48424214,193.3125,968,FC128,crates,1,2968,,,,
11.871094,5.4921875,0.03515625,0.1871309,0.004718419,0.84162176,0.08683147,-0.020366354,12.497697,195.8711,0.21616158,0.48474237,195.8711,969,FC128,crates,1,2969,,,,
11.7421875,5.6679688,0.078125,0.18209408,0.0047143237,0.8171809,0.12868239,-0.0015554521,12.848556,190.59375,0.2621926,0.48524264,190.59375,970,FC128,crates,1,2970,,,,
10.714844,5.4140625,0.04296875,0.20259376,0.004710228,0.81951237,0.10947963,-0.014431232,12.086524,194.78906,0.24973024,0.4857429,194.78906,971,FC128,crates,1,2971,,,,
9.339844,4.9140625,0.04296875,0.2187061,0.0047061327,0.7936996,0.11710421,-0.017570807,10.680275,194.82812,0.27140856,0.48624313,194.82812,972,FC128,crates,1,2972,,,,
8.058594,4.3476562,0.01953125,0.23397101,0.004702037,0.7663993,0.11314493,-0.024455914,9.14547,197.5625,0.27740195,0.4867434,197.5625,973,FC128,crates,1,2973,,,,
8.535156,4.4140625,0.04296875,0.24336465,0.0046979417,0.78113085,0.11932073,-0.011290702,9.627071,194.69922,0.26350948,0.48724365,194.69922,974,FC128,crates,1,2974,,,,
9.667969,4.8984375,0.04296875,0.23102006,0.004693846,0.7847748,0.11353937,-0.0028394063,10.534649,196.67578,0.2349263,0.48774388,196.67578,975,FC128,crates,1,2975,,,,
11.828125,5.5,0.04296875,0.21038426,0.0046897503,0.8335881,0.09202378,0.002910662,12.424494,196.32422,0.18019955,0.48824415,196.32422,976,FC128,crates,1,2976,,,,
12.707031,5.4609375,0.11328125,0.1892716,0.004685655,0.7987106,0.121318355,0.010427244,12.168439,190.0664,0.22355595,0.48874438,190.0664,977,FC128,crates,1,2977,,,,
13.191406,5.4257812,0.11328125,0.18541226,0.0046815593,0.7843298,0.110517256,0.0045819064,11.688829,187.1289,0.21360673,0.48924464,187.1289,978,FC128,crates,1,2978,,,,
13.3125,5.1367188,0.1875,0.17252967,0.004677464,0.76963323,0.122312136,-0.002336553,11.236486,180.46484,0.25091138,0.4897449,180.46484,979,FC128,crates,1,2979,,,,
14.011719,5.5898438,0.1484375,0.16175945,0.0046733683,0.8027708,0.11128997,0.00085706904,12.331799,186.14844,0.22237772,0.49024513,186.14844,980,FC128,crates,1,2980,,,,
13.421875,5.5859375,0.140625,0.16987881,0.004669273,0.81755054,0.12318925,0.00539942,12.506837,186.52734,0.23716608,0.4907454,186.52734,981,FC128,crates,1,2981,,,,
13.5546875,5.9140625,0.11328125,0.18186222,0.0046651773,0.8459348,0.12057751,0.01330627,13.429142,189.91406,0.21623932,0.49124563,189.91406,982,FC128,crates,1,2982,,,,
12.277344,5.578125,0.109375,0.1866777,0.0046610814,0.8319939,0.12490681,-0.004888576,12.702384,189.03125,0.26133102,0.4917459,189.03125,983,FC128,crates,1,2983,,,,
10.859375,5.265625,0.09765625,0.19930802,0.004656986,0.7949446,0.1541598,-0.015749242,11.935352,189.70703,0.34167445,0.49224615,189.70703,984,FC128,crates,1,2984,,,,
9.921875,4.9804688,0.05078125,0.20236719,0.0046528904,0.7885262,0.14491025,-0.0159651,11.062775,195.66797,0.32363388,0.49274638,195.66797,985,FC128,crates,1,2985,,,,
9.316406,4.828125,0.0234375,0.19976099,0.004648795,0.7992837,0.14181031,-0.016673943,10.373713,197.35938,0.3188258,0.49324664,197.35938,986,FC128,crates,1,2986,,,,
10.589844,5.328125,0.03125,0.20730172,0.0046446994,0.80670035,0.13419752,-0.009361778,11.952852,195.70312,0.2890443,0.49374688,195.70312,987,FC128,crates,1,2987,,,,
10.925781,5.2304688,0.0546875,0.18814276,0.004640604,0.8175506,0.11539663,-0.013563064,12.013712,193.19531,0.25966558,0.49424714,193.19531,988,FC128,crates,1,2988,,,,
12.0078125,5.8203125,0.0703125,0.17838088,0.0046365084,0.8310217,0.10296811,-0.015937382,13.112892,191.39844,0.23946512,0.4947474,191.39844,989,FC128,crates,1,2989,,,,
11.9765625,5.3164062,0.10546875,0.18555175,0.004632413,0.79601794,0.11605535,-0.019122567,11.878204,185.48828,0.27207494,0.49524763,185.48828,990,FC128,crates,1,2990,,,,
12.691406,5.5507812,0.04296875,0.17628239,0.004628317,0.8309531,0.100404344,-0.009216545,12.455275,195.57031,0.22087356,0.4957479,195.57031,991,FC128,crates,1,2991,,,,
13.152344,6.0234375,0.03515625,0.17077254,0.0046242215,0.83855516,0.1122189,-9.639278e-06,13.541486,194.30469,0.22603646,0.49624813,194.30469,992,FC128,crates,1,2992,,,,
13.058594,6.03125,0.07421875,0.16714966,0.004620126,0.8363474,0.11204502,-0.0023615395,13.597149,192.64453,0.23035762,0.4967484,192.64453,993,FC128,crates,1,2993,,,,
12.769531,5.9804688,0.0546875,0.17130302,0.0046160305,0.86763006,0.10147269,-0.0022722047,13.610588,195.8125,0.20907126,0.49724865,195.8125,994,FC128,crates,1,2994,,,,
12.5625,5.9609375,0.05078125,0.17756942,0.004611935,0.8253965,0.15477997,0.0124193095,13.774376,195.91406,0.2863592,0.49774888,195.91406,995,FC128,crates,1,2995,,,,
11.8046875,5.6015625,0.06640625,0.18275003,0.0046078395,0.8166499,0.160161,0.0026974764,12.72965,194.66016,0.3166112,0.49824914,194.66016,996,FC128,crates,1,2996,,,,
11.296875,5.4609375,0.07421875,0.18362926,0.004603744,0.8278888,0.13155665,-0.021025069,12.4575405,194.0664,0.30685422,0.4987494,194.0664,997,FC128,crates,1,2997,,,,
10.816406,5.34375,0.046875,0.1888337,0.004599648,0.8315898,0.12910433,-0.018792814,11.870197,194.17969,0.29753143,0.49924964,194.17969,998,FC128,crates,1,2998,,,,
11.292969,5.4570312,0.09375,0.16708925,0.0045955526,0.8404833,0.14384978,-0.0037762516,12.0421505,187.67578,0.2967878,0.4997499,187.67578,999,FC128,crates,1,2999,,,,
12.714844,5.6796875,0.0703125,0.17165443,0.004591457,0.8564165,0.11619448,-0.005111358,13.2185955,192.76172,0.24418797,0.50025016,192.76172,1000,FC128,crates,1,3000,,,,
12.359375,5.6210938,0.10546875,0.16633369,0.0045873616,0.8493998,0.10962411,-0.018764047,12.866095,189.02344,0.2583024,0.50075036,189.02344,1001,FC128,crates,1,3001,,,,
12.6640625,5.8125,0.06640625,0.17404506,0.004583266,0.8680696,0.091326214,-0.019864138,12.981915,194.49219,0.2239761,0.5012506,194.49219,1002,FC128,crates,1,3002,,,,
12.402344,5.6914062,0.09375,0.17843027,0.0045791706,0.8582828,0.10628777,-0.0073937573,12.59504,190.6289,0.22899717,0.5017509,190.6289,1003,FC128,crates,1,3003,,,,
12.609375,5.6992188,0.0859375,0.17342672,0.004575075,0.8600569,0.10254474,-0.0070741987,13.057033,190.76953,0.22082476,0.50225115,190.76953,1004,FC128,crates,1,3004,,,,
12.457031,5.9765625,0.0546875,0.19111851,0.0045709796,0.87578666,0.07740341,-0.019720027,13.697775,194.33984,0.19599406,0.5027514,194.33984,1005,FC128,crates,1,3005,,,,
11.421875,5.6054688,0.0546875,0.19023241,0.0045668837,0.8761168,0.07647861,-0.019782117,12.764181,194.4375,0.19425899,0.5032517,194.4375,1006,FC128,crates,1,3006,,,,
11.160156,5.4765625,0.046875,0.19506767,0.004562788,0.8489277,0.11265407,-0.003266793,12.591212,193.25,0.23362184,0.5037519,193.25,1007,FC128,crates,1,3007,,,,
11.496094,5.6015625,0.05078125,0.1987328,0.0045586927,0.84630036,0.116575085,-0.0006089582,12.789806,196.38281,0.23618001,0.50425214,196.38281,1008,FC128,crates,1,3008,,,,
11.015625,5.3945312,0.03515625,0.2008311,0.004554597,0.8618268,0.09371684,-0.015965497,12.415704,195.61328,0.22119409,0.5047524,195.61328,1009,FC128,crates,1,3009,,,,
11.996094,5.6484375,0.046875,0.18314579,0.0045505017,0.8755998,0.101322286,-0.0024992318,12.937462,196.4961,0.20930985,0.50525266,196.4961,1010,FC128,crates,1,3010,,,,
12.53125,5.6835938,0.0625,0.17248403,0.004546406,0.8564555,0.13690683,0.011061839,13.169142,193.38281,0.25325838,0.5057529,193.38281,1011,FC128,crates,1,3011,,,,
13.2265625,5.8242188,0.06640625,0.17307219,0.0045423107,0.868446,0.11794813,0.005311341,13.303986,192.69531,0.22684588,0.5062531,192.69531,1012,FC128,crates,1,3012,,,,
13.464844,5.7460938,0.08203125,0.1681184,0.0045382148,0.8710692,0.097015575,-0.015673544,13.068518,191.39453,0.22690414,0.5067534,191.39453,1013,FC128,crates,1,3013,,,,
13.546875,5.9335938,0.109375,0.16146994,0.0045341193,0.85760576,0.11184188,-0.01671874,13.482033,187.88281,0.25858548,0.50725365,187.88281,1014,FC128,crates,1,3014,,,,
13.578125,5.796875,0.125,0.172061,0.004530024,0.86382914,0.118452616,-0.0074125994,13.172853,186.51172,0.2532893,0.5077539,186.51172,1015,FC128,crates,1,3015,,,,
13.519531,5.9804688,0.1015625,0.15785806,0.0045259283,0.8643241,0.14432329,0.010878351,13.431837,188.32422,0.26831877,0.5082542,188.32422,1016,FC128,crates,1,3016,,,,
13.0234375,6.0703125,0.08984375,0.17306244,0.004521833,0.8700941,0.13093108,0.00060775696,13.459376,189.66016,0.26221177,0.5087544,189.66016,1017,FC128,crates,1,3017,,,,
13.515625,6.1757812,0.04296875,0.1701856,0.0045177373,0.904117,0.088108346,-0.0090431785,14.38047,195.04297,0.19584076,0.50925463,195.04297,1018,FC128,crates,1,3018,,,,
12.7578125,5.890625,0.05078125,0.1730188,0.004513642,0.89311695,0.09362652,-0.01461847,13.724728,195.0586,0.21805188,0.5097549,195.0586,1019,FC128,crates,1,3019,,,,
12.386719,5.9804688,0.03125,0.17875321,0.0045095463,0.8958154,0.100252464,-0.011488887,13.686798,196.89844,0.22509488,0.51025516,196.89844,1020,FC128,crates,1,3020,,,,
12.296875,6.0039062,0.03125,0.18641977,0.0045054504,0.8968548,0.09831356,-0.0106931,13.723516,197.3086,0.21969314,0.5107554,197.3086,1021,FC128,crates,1,3021,,,,
12.339844,5.8515625,0.03515625,0.17628886,0.004501355,0.8966623,0.08075436,-0.023084376,13.421408,197.36719,0.20926456,0.5112556,197.36719,1022,FC128,crates,1,3022,,,,
12.2109375,5.9257812,0.03515625,0.1805602,0.0044972594,0.8979149,0.08729522,-0.017112132,13.811485,197.1289,0.21043874,0.5117559,197.1289,1023,FC128,crates,1,3023,,,,
11.574219,5.5585938,0.046875,0.18273059,0.004493164,0.89422953,0.10537126,-0.009234368,12.512266,194.11328,0.23085333,0.51225615,194.11328,1024,FC128,crates,1,3024,,,,
11.863281,5.6992188,0.0234375,0.19752972,0.0044890684,0.898785,0.08852654,-0.011958091,12.896446,197.27344,0.20274271,0.5127564,197.27344,1025,FC128,crates,1,3025,,,,
11.824219,5.7695312,0.03515625,0.20549595,0.004484973,0.90531737,0.0774313,-0.017297711,13.136486,197.5,0.1913013,0.51325667,197.5,1026,FC128,crates,1,3026,,,,
11.441406,5.65625,0.0546875,0.21008055,0.0044808774,0.8916153,0.08727482,-0.015396858,12.555353,194.51953,0.20722604,0.5137569,194.51953,1027,FC128,crates,1,3027,,,,
11.402344,5.6601562,0.0546875,0.20056097,0.0044767815,0.8881488,0.096875876,-0.0013776505,12.497071,195.69922,0.19830279,0.51425713,195.69922,1028,FC128,crates,1,3028,,,,
12.1640625,5.8476562,0.0546875,0.20292112,0.004472686,0.8971126,0.10136303,0.007393303,13.479962,194.32422,0.18975466,0.5147574,194.32422,1029,FC128,crates,1,3029,,,,
12.390625,6.0625,0.078125,0.19330576,0.0044685905,0.902686,0.09424868,0.0026716103,13.645275,192.77734,0.18488176,0.51525766,192.77734,1030,FC128,crates,1,3030,,,,
12.863281,6.0195312,0.09375,0.17636743,0.004464495,0.89999807,0.09931738,0.004029673,13.91133,192.53516,0.19215019,0.5157579,192.53516,1031,FC128,crates,1,3031,,,,
12.90625,5.9414062,0.06640625,0.17429143,0.0044603995,0.904752,0.10358397,-4.8355298e-05,13.740393,193.70312,0.20881946,0.5162581,193.70312,1032,FC128,crates,1,3032,,,,
12.941406,5.8867188,0.08203125,0.1660467,0.004456304,0.8829222,0.11697347,-0.0067307805,13.711876,189.28516,0.2488884,0.5167584,189.28516,1033,FC128,crates,1,3033,,,,
13.0546875,6.09375,0.04296875,0.16273734,0.0044522085,0.89104426,0.11373257,-0.004194337,14.297853,194.32031,0.23730288,0.51725864,194.32031,1034,FC128,crates,1,3034,,,,
12.855469,6.1796875,0.0390625,0.17044286,0.004448113,0.90161586,0.11021129,-0.0006734712,14.124727,195.73047,0.22328582,0.5177589,195.73047,1035,FC128,crates,1,3035,,,,
12.777344,5.921875,0.05078125,0.16442032,0.004444017,0.89571327,0.103362076,-0.008705946,13.801798,194.48047,0.22559741,0.51825917,194.48047,1036,FC128,crates,1,3036,,,,
13.457031,6.1914062,0.046875,0.16282487,0.0044399216,0.8982388,0.0952186,-0.01151162,14.360587,195.55078,0.2149063,0.51875937,195.55078,1037,FC128,crates,1,3037,,,,
12.8515625,5.9257812,0.046875,0.16912614,0.004435826,0.8935943,0.106852286,-0.008154516,13.874415,195.92578,0.23151404,0.51925963,195.92578,1038,FC128,crates,1,3038,,,,
13.082031,6.1328125,0.05859375,0.18082766,0.0044317306,0.9090795,0.08248777,-0.01661465,14.294924,194.60938,0.1998076,0.5197599,194.60938,1039,FC128,crates,1,3039,,,,
12.5703125,6.1835938,0.0390625,0.1838658,0.004427635,0.9168315,0.074989624,-0.018878061,14.159924,197.05469,0.18936354,0.52026016,197.05469,1040,FC128,crates,1,3040,,,,
11.121094,5.5429688,0.04296875,0.19356255,0.0044235396,0.8932906,0.098019056,-0.017713767,12.422579,196.28125,0.23317811,0.5207604,196.28125,1041,FC128,crates,1,3041,,,,
11.0390625,5.4921875,0.0390625,0.20217812,0.004419444,0.88431203,0.09360012,-0.02303408,12.475157,195.47266,0.23505543,0.5212606,195.47266,1042,FC128,crates,1,3042,,,,
10.933594,5.4257812,0.046875,0.20228148,0.004415348,0.8969217,0.08026387,-0.022902254,12.4887905,194.07812,0.20811853,0.5217609,194.07812,1043,FC128,crates,1,3043,,,,
11.0390625,5.4375,0.05859375,0.19680925,0.0044112527,0.88587934,0.09241129,-0.01439238,12.541056,194.44922,0.2153437,0.52226114,194.44922,1044,FC128,crates,1,3044,,,,
11.824219,5.6445312,0.05078125,0.19631079,0.004407157,0.9003038,0.09882028,0.004210374,12.990157,193.47656,0.19095014,0.5227614,193.47656,1045,FC128,crates,1,3045,,,,
12.3671875,5.625,0.09765625,0.17564338,0.0044030617,0.88781524,0.09915328,-0.0031761841,13.162266,187.9336,0.20620567,0.52326167,187.9336,1046,FC128,crates,1,3046,,,,
13.597656,6.2578125,0.05859375,0.16802253,0.004398966,0.89368486,0.103307106,0.014236857,14.550237,193.51172,0.17961875,0.5237619,193.51172,1047,FC128,crates,1,3047,,,,
13.5703125,6.0429688,0.07421875,0.17510414,0.0043948707,0.8828607,0.117854744,0.018187055,13.9308605,192.90625,0.2008745,0.52426213,192.90625,1048,FC128,crates,1,3048,,,,
13.363281,6.0859375,0.06640625,0.16399851,0.004390775,0.88150924,0.10672611,0.00849447,14.029064,192.21875,0.19790344,0.5247624,192.21875,1049,FC128,crates,1,3049,,,,
13.390625,6.1679688,0.078125,0.1594442,0.0043866797,0.8673513,0.11617887,0.002893,13.953439,190.82812,0.2279706,0.52526265,190.82812,1050,FC128,crates,1,3050,,,,
12.863281,5.9609375,0.0859375,0.16424333,0.004382584,0.8750254,0.11960471,0.004934782,13.763907,189.65234,0.23077947,0.5257629,189.65234,1051,FC128,crates,1,3051,,,,
13.347656,6.3671875,0.03515625,0.15821306,0.0043784883,0.8966805,0.09783013,-0.0024402433,14.620041,195.82422,0.20192622,0.5262632,195.82422,1052,FC128,crates,1,3052,,,,
12.5,6.0625,0.0703125,0.154988,0.004374393,0.86896837,0.11847261,-0.012308522,13.821291,189.6211,0.26291823,0.5267634,189.6211,1053,FC128,crates,1,3053,,,,
12.308594,6.1015625,0.06640625,0.16894418,0.0043702973,0.8610402,0.13030799,-0.011053802,13.915079,191.58594,0.28420025,0.52726364,191.58594,1054,FC128,crates,1,3054,,,,
12.140625,5.9257812,0.06640625,0.16994634,0.004366202,0.8711494,0.11925571,-0.013242487,13.71879,192.40625,0.26648042,0.5277639,192.40625,1055,FC128,crates,1,3055,,,,
11.6875,5.9492188,0.07421875,0.17709564,0.0043621063,0.87932074,0.0974473,-0.021464448,13.574884,189.98828,0.23936851,0.52826416,189.98828,1056,FC128,crates,1,3056,,,,
11.328125,5.6953125,0.02734375,0.19925213,0.004358011,0.8837032,0.08828335,-0.01983232,12.783985,197.07812,0.21796803,0.5287644,197.07812,1057,FC128,crates,1,3057,,,,
11.472656,5.6953125,0.04296875,0.19629236,0.004353915,0.87953496,0.09736781,-0.014205228,12.904337,195.46875,0.22485535,0.5292646,195.46875,1058,FC128,crates,1,3058,,,,
12.152344,5.8515625,0.0390625,0.20073093,0.0043498194,0.8918722,0.089848146,-0.008825985,13.445744,196.98828,0.19909455,0.5297649,196.98828,1059,FC128,crates,1,3059,,,,
11.972656,5.796875,0.0390625,0.18054686,0.004345724,0.87360454,0.100927114,-0.004466721,13.345001,196.14453,0.21235688,0.53026515,196.14453,1060,FC128,crates,1,3060,,,,
12.265625,5.9257812,0.0625,0.17961729,0.0043416284,0.89673394,0.074345246,-0.01590044,13.411759,194.82422,0.18205103,0.5307654,194.82422,1061,FC128,crates,1,3061,,,,
12.199219,5.8867188,0.08984375,0.16902323,0.004337533,0.8753734,0.09618262,-0.012386623,13.074063,190.94531,0.21860477,0.5312657,190.94531,1062,FC128,crates,1,3062,,,,
12.7578125,5.8632812,0.078125,0.15602067,0.0043334374,0.866942,0.12051735,0.0022173005,13.727033,190.32422,0.2379523,0.5317659,190.32422,1063,FC128,crates,1,3063,,,,
12.5078125,5.890625,0.078125,0.14530621,0.004329342,0.86206996,0.12179815,0.0029045623,13.644338,192.4414,0.23904534,0.53226614,192.4414,1064,FC128,crates,1,3064,,,,
12.933594,6.0351562,0.04296875,0.14393055,0.0043252464,0.8862823,0.0865266,-0.011917127,14.153127,196.27344,0.19813253,0.5327664,196.27344,1065,FC128,crates,1,3065,,,,
13.203125,6.1992188,0.0390625,0.14244951,0.0043211505,0.8901614,0.092371315,-0.00829178,14.505392,195.3789,0.20255728,0.53326666,195.3789,1066,FC128,crates,1,3066,,,,
13.390625,6.2695312,0.0625,0.13571902,0.004317055,0.87246066,0.123098485,0.0052059772,14.429533,194.0625,0.23695683,0.5337669,194.0625,1067,FC128,crates,1,3067,,,,
13.363281,6.046875,0.06640625,0.13007616,0.0043129595,0.87815917,0.122127295,0.0011118664,14.15711,194.66797,0.24315289,0.5342671,194.66797,1068,FC128,crates,1,3068,,,,
13.824219,6.2734375,0.046875,0.1356828,0.004308864,0.885356,0.11290971,-0.0004348419,14.462462,195.14844,0.22785838,0.5347674,195.14844,1069,FC128,crates,1,3069,,,,
13.2265625,6.0195312,0.0703125,0.13813585,0.0043047685,0.8821014,0.11440105,-0.0067135477,13.694025,191.83984,0.24341848,0.53526765,191.83984,1070,FC128,crates,1,3070,,,,
13.8828125,6.3398438,0.04296875,0.13516182,0.004300673,0.90147966,0.094619,-0.0023852047,14.759767,196.17578,0.19517098,0.5357679,196.17578,1071,FC128,crates,1,3071,,,,
13.621094,6.4101562,0.0390625,0.1497483,0.0042965775,0.9100336,0.09091003,-0.0038581833,14.507189,196.29297,0.19082324,0.5362682,196.29297,1072,FC128,crates,1,3072,,,,
13.464844,6.2617188,0.0234375,0.15313585,0.0042924816,0.9198607,0.08416273,-0.004856456,14.492228,197.96875,0.17935304,0.5367684,197.96875,1073,FC128,crates,1,3073,,,,
12.871094,6.1289062,0.046875,0.16626492,0.004288386,0.91075563,0.08981952,-0.010713593,14.021252,194.32812,0.20249224,0.53726864,194.32812,1074,FC128,crates,1,3074,,,,
12.332031,5.921875,0.0234375,0.16755706,0.0042842906,0.9044731,0.08953386,-0.009248421,13.8996105,198.01172,0.19900028,0.5377689,198.01172,1075,FC128,crates,1,3075,,,,
11.667969,5.7578125,0.015625,0.18950544,0.004280195,0.911292,0.07747628,-0.016511388,13.310978,197.45312,0.18959758,0.53826916,197.45312,1076,FC128,crates,1,3076,,,,
11.066406,5.4921875,0.03125,0.21219602,0.0042760996,0.8873645,0.10540697,-0.008957122,12.88754,197.17578,0.23054293,0.5387694,197.17578,1077,FC128,crates,1,3077,,,,
10.5703125,5.4101562,0.01953125,0.21862416,0.004272004,0.8928935,0.08505863,-0.017880708,12.231134,197.47266,0.2077466,0.5392696,197.47266,1078,FC128,crates,1,3078,,,,
11.128906,5.3710938,0.015625,0.22408628,0.0042679086,0.8964818,0.09069356,-0.006128157,12.491095,197.64453,0.1955562,0.5397699,197.64453,1079,FC128,crates,1,3079,,,,
12.292969,5.8945312,0.05078125,0.21568207,0.004263813,0.905071,0.08172344,-0.0048079193,13.724766,195.83594,0.17490196,0.54027015,195.83594,1080,FC128,crates,1,3080,,,,
12.84375,6.1132812,0.04296875,0.19699027,0.004259717,0.89973384,0.0963939,0.0053220005,14.055901,195.91797,0.18382204,0.5407704,195.91797,1081,FC128,crates,1,3081,,,,
12.808594,6.0820312,0.07421875,0.19105594,0.0042556217,0.8736079,0.12629259,0.013016827,13.755899,190.51953,0.22817765,0.5412707,190.51953,1082,FC128,crates,1,3082,,,,
12.496094,5.8867188,0.08203125,0.19069962,0.004251526,0.8780586,0.10266522,-0.0033189785,13.216173,189.22656,0.21358994,0.5417709,189.22656,1083,FC128,crates,1,3083,,,,
12.636719,5.5351562,0.1015625,0.17509094,0.0042474307,0.8583236,0.109589,-0.010023041,12.9316025,184.05078,0.24071147,0.54227114,184.05078,1084,FC128,crates,1,3084,,,,
12.1328125,5.5898438,0.12109375,0.16995388,0.004243335,0.8474649,0.12878996,-0.0041792854,12.26754,183.03516,0.26738083,0.5427714,183.03516,1085,FC128,crates,1,3085,,,,
12.7734375,6.0429688,0.0625,0.17000054,0.0042392397,0.8858396,0.09277887,-0.0110278055,13.929142,192.2461,0.2090547,0.54327166,192.2461,1086,FC128,crates,1,3086,,,,
12.234375,5.8398438,0.0625,0.17593884,0.0042351442,0.8705534,0.10394446,-0.013431262,13.497345,191.38281,0.2362417,0.5437719,191.38281,1087,FC128,crates,1,3087,,,,
12.2421875,5.9023438,0.0546875,0.17141749,0.0042310487,0.853928,0.13942134,0.003195932,13.690275,193.82031,0.27390137,0.5442722,193.82031,1088,FC128,crates,1,3088,,,,
12.035156,5.8789062,0.03125,0.16825788,0.004226953,0.8708327,0.12814757,0.00072160695,13.903088,195.71875,0.25627437,0.5447724,195.71875,1089,FC128,crates,1,3089,,,,
12.4140625,6.2695312,0.01953125,0.174115,0.0042228573,0.8911545,0.10065698,-0.007792182,14.355158,198.52734,0.21836884,0.54527265,198.52734,1090,FC128,crates,1,3090,,,,
12.527344,6.2109375,0.01953125,0.17137665,0.004218762,0.90059364,0.08308097,-0.016067285,14.315197,197.875,0.1997425,0.5457729,197.875,1091,FC128,crates,1,3091,,,,
12.828125,6.3007812,0.03515625,0.16930717,0.0042146663,0.89443207,0.09959678,-0.004177321,14.520352,196.02734,0.20897536,0.5462732,196.02734,1092,FC128,crates,1,3092,,,,
12.9453125,6.1210938,0.0390625,0.16118386,0.004210571,0.8989618,0.09418681,-0.0076830103,14.315313,194.73828,0.20509699,0.54677343,194.73828,1093,FC128,crates,1,3093,,,,
12.96875,6.3242188,0.0390625,0.16067287,0.0042064753,0.90181255,0.083415546,-0.018216148,14.686485,197.73828,0.20461512,0.54727364,197.73828,1094,FC128,crates,1,3094,,,,
12.328125,6.0820312,0.05859375,0.17029068,0.00420238,0.8894497,0.09409035,-0.021743042,13.685782,194.13672,0.23309804,0.5477739,194.13672,1095,FC128,crates,1,3095,,,,
12.96875,6.3320312,0.0234375,0.17368725,0.004198284,0.9201309,0.07614639,-0.011079507,14.795392,198.49219,0.17591016,0.54827416,198.49219,1096,FC128,crates,1,3096,,,,
12.9296875,6.2421875,0.04296875,0.17551078,0.0041941884,0.8975892,0.1340561,0.0106061,14.386837,195.61719,0.24837227,0.5487744,195.61719,1097,FC128,crates,1,3097,,,,
12.347656,6.0273438,0.0625,0.18209812,0.004190093,0.86977905,0.17234571,0.013529105,13.891486,193.29688,0.31915924,0.5492747,193.29688,1098,FC128,crates,1,3098,,,,
12.261719,5.8867188,0.109375,0.18120377,0.0041859974,0.8910283,0.13915457,-0.0008330535,13.826916,187.4961,0.28149226,0.5497749,187.4961,1099,FC128,crates,1,3099,,,,
12.4375,5.9921875,0.0625,0.17827664,0.004181902,0.9034544,0.094007276,-0.021038955,13.734299,193.625,0.23158354,0.55027515,193.625,1100,FC128,crates,1,3100,,,,
12.3515625,6.0742188,0.05078125,0.1845098,0.0041778064,0.8950435,0.10104693,-0.029533878,13.660938,195.32422,0.2627033,0.5507754,195.32422,1101,FC128,crates,1,3101,,,,
12.28125,5.8632812,0.06640625,0.17587774,0.004173711,0.903481,0.09850134,-0.0191327,13.263634,194.38672,0.23673621,0.5512757,194.38672,1102,FC128,crates,1,3102,,,,
13.1484375,6.2265625,0.04296875,0.17432211,0.0041696155,0.90636915,0.129694,0.010945979,14.411837,195.61719,0.23894975,0.55177593,195.61719,1103,FC128,crates,1,3103,,,,
12.8125,6.125,0.06640625,0.16652088,0.0041655195,0.88443756,0.15399086,0.011707784,14.17754,193.11328,0.28595346,0.55227613,193.11328,1104,FC128,crates,1,3104,,,,
12.765625,6.1015625,0.0703125,0.16095744,0.004161424,0.9007199,0.13209592,0.009125886,13.974102,192.01562,0.24727969,0.5527764,192.01562,1105,FC128,crates,1,3105,,,,
13.308594,6.375,0.0625,0.16313532,0.0041573285,0.92301404,0.08202304,-0.01390562,14.910002,195.54688,0.19321373,0.55327666,195.54688,1106,FC128,crates,1,3106,,,,
13.2734375,6.3828125,0.07421875,0.15601233,0.004153233,0.9140229,0.09176692,-0.015262657,14.6959,191.4414,0.21535507,0.5537769,191.4414,1107,FC128,crates,1,3107,,,,
13.171875,6.265625,0.0703125,0.16217165,0.0041491375,0.92046255,0.08473727,-0.009153887,14.430743,192.60156,0.18912806,0.5542772,192.60156,1108,FC128,crates,1,3108,,,,
13.3515625,6.3398438,0.0703125,0.14497733,0.004145042,0.90518874,0.12751167,0.008373359,14.910353,191.04688,0.23947847,0.5547774,191.04688,1109,FC128,crates,1,3109,,,,
13.65625,6.5390625,0.04296875,0.147126,0.0041409465,0.9134546,0.123481415,0.012773314,15.419846,195.1875,0.22263469,0.55527765,195.1875,1110,FC128,crates,1,3110,,,,
13.191406,6.2851562,0.03515625,0.14225708,0.0041368506,0.9203219,0.09131446,-0.0035507956,14.582189,196.67969,0.19090751,0.5557779,196.67969,1111,FC128,crates,1,3111,,,,
13.0234375,6.4257812,0.08203125,0.14992605,0.004132755,0.9093418,0.08240506,-0.025735503,14.899493,192.04688,0.21752034,0.55627817,192.04688,1112,FC128,crates,1,3112,,,,
12.9296875,6.3984375,0.04296875,0.15700947,0.0041286596,0.91041434,0.07805439,-0.028810564,14.89176,196.33594,0.21502638,0.55677843,196.33594,1113,FC128,crates,1,3113,,,,
12.4296875,5.8476562,0.03515625,0.15250812,0.004124564,0.9078896,0.08167748,-0.023319393,13.977579,196.82812,0.21125181,0.55727863,196.82812,1114,FC128,crates,1,3114,,,,
12.621094,6.3476562,0.05078125,0.15583073,0.0041204686,0.91111517,0.094925754,-0.006513154,14.6027355,195.1875,0.20416202,0.5577789,195.1875,1115,FC128,crates,1,3115,,,,
12.984375,6.4257812,0.03125,0.15804267,0.004116373,0.9073364,0.099828556,-0.00044246498,15.263516,197.89844,0.20184317,0.55827916,197.89844,1116,FC128,crates,1,3116,,,,
12.2578125,6.0195312,0.0390625,0.16246812,0.0041122776,0.90548545,0.09758362,-0.0032797044,14.236916,197.20703,0.20306288,0.5587794,197.20703,1117,FC128,crates,1,3117,,,,
12.640625,6.2382812,0.02734375,0.1680443,0.004108182,0.9105079,0.07149297,-0.0193386,14.444142,197.19531,0.18304385,0.5592797,197.19531,1118,FC128,crates,1,3118,,,,
12.574219,6.390625,0.0390625,0.16337267,0.004104086,0.91695875,0.07697174,-0.01499467,14.700157,197.48438,0.18527381,0.5597799,197.48438,1119,FC128,crates,1,3119,,,,
13.097656,6.3320312,0.046875,0.15781312,0.0040999907,0.9092414,0.0929425,-0.0035061121,14.84754,195.17578,0.19419128,0.56028014,195.17578,1120,FC128,crates,1,3120,,,,
12.5078125,6.1132812,0.04296875,0.15917847,0.004095895,0.904786,0.1130538,0.0032752664,14.193712,193.5625,0.22086102,0.5607804,193.5625,1121,FC128,crates,1,3121,,,,
13.28125,6.2304688,0.0390625,0.1593993,0.0040917997,0.9166073,0.10119437,0.004418005,14.729728,194.97656,0.19485718,0.56128067,194.97656,1122,FC128,crates,1,3122,,,,
13.363281,6.34375,0.0546875,0.15683585,0.0040877042,0.9174329,0.08521811,-0.0062315604,14.87047,192.8711,0.18418154,0.5617809,192.8711,1123,FC128,crates,1,3123,,,,
13.3671875,6.3007812,0.046875,0.15193634,0.0040836087,0.9193395,0.08176735,-0.0076663876,15.041994,195.41797,0.18010837,0.56228113,195.41797,1124,FC128,crates,1,3124,,,,
13.3125,6.5390625,0.0390625,0.16125803,0.0040795133,0.92121065,0.09004698,-0.0022871655,15.148009,195.6875,0.185984,0.5627814,195.6875,1125,FC128,crates,1,3125,,,,
12.9375,6.28125,0.02734375,0.16762567,0.0040754173,0.91129833,0.109619185,0.0038864412,14.480314,197.73828,0.21283178,0.56328166,197.73828,1126,FC128,crates,1,3126,,,,
12.8359375,6.3398438,0.015625,0.17576696,0.004071322,0.92199224,0.09427448,-0.0013247539,14.693321,199.49219,0.19262968,0.5637819,199.49219,1127,FC128,crates,1,3127,,,,
12.8203125,6.265625,0.01953125,0.1724346,0.0040672263,0.91783977,0.08211128,-0.019005485,14.898869,196.96875,0.20363618,0.5642822,196.96875,1128,FC128,crates,1,3128,,,,
12.417969,5.984375,0.03125,0.17356646,0.004063131,0.920605,0.07292341,-0.021489145,14.079454,197.57422,0.19023554,0.5647824,197.57422,1129,FC128,crates,1,3129,,,,
12.6640625,6.2695312,0.02734375,0.17625329,0.0040590353,0.9219446,0.083104596,-0.008661738,14.484493,198.3164,0.18496351,0.56528264,198.3164,1130,FC128,crates,1,3130,,,,
13.0390625,6.328125,0.01953125,0.1780153,0.00405494,0.9295023,0.07914019,-0.0041895867,14.879963,198.0,0.16810323,0.5657829,198.0,1131,FC128,crates,1,3131,,,,
12.8828125,6.3554688,0.05078125,0.18192497,0.0040508443,0.91508925,0.08103418,-0.016817478,14.568517,194.58594,0.19717723,0.56628317,194.58594,1132,FC128,crates,1,3132,,,,
13.265625,6.5429688,0.0234375,0.17905957,0.004046749,0.9325376,0.0680147,-0.011256113,14.97879,197.63281,0.15999085,0.5667834,197.63281,1133,FC128,crates,1,3133,,,,
13.203125,6.1367188,0.03515625,0.16819917,0.004042653,0.9123196,0.11027098,0.0062224315,14.599181,195.2539,0.20945702,0.5672837,195.2539,1134,FC128,crates,1,3134,,,,
13.375,6.4335938,0.05078125,0.17012158,0.0040385574,0.92009944,0.096356906,0.00012070665,14.942423,195.1836,0.1938465,0.5677839,195.1836,1135,FC128,crates,1,3135,,,,
13.6328125,6.4296875,0.0546875,0.15358168,0.004034462,0.9170342,0.08546603,-0.009238006,15.002775,194.1914,0.1906473,0.56828415,194.1914,1136,FC128,crates,1,3136,,,,
13.125,6.265625,0.07421875,0.16493973,0.0040303664,0.9171536,0.09107813,-0.008705474,14.398087,190.32422,0.20089675,0.5687844,190.32422,1137,FC128,crates,1,3137,,,,
13.5546875,6.5078125,0.0625,0.15084104,0.004026271,0.91025865,0.11628747,0.0025278751,15.164024,191.33594,0.22873384,0.5692847,191.33594,1138,FC128,crates,1,3138,,,,
13.75,6.4921875,0.0625,0.14428432,0.0040221754,0.91908616,0.101098485,0.0005878304,14.970822,193.19531,0.20218198,0.56978494,193.19531,1139,FC128,crates,1,3139,,,,
13.410156,6.4140625,0.0703125,0.15845324,0.00401808,0.9171872,0.08692962,-0.013847664,14.942149,193.23828,0.20282792,0.57028514,193.23828,1140,FC128,crates,1,3140,,,,
13.21875,6.375,0.03515625,0.15696248,0.004013984,0.91827667,0.081256874,-0.01560181,14.663555,196.57031,0.19497745,0.5707854,196.57031,1141,FC128,crates,1,3141,,,,
13.074219,6.3125,0.03125,0.1605063,0.0040098885,0.9248163,0.08656449,-0.0057381536,14.674376,195.64062,0.1858925,0.57128567,195.64062,1142,FC128,crates,1,3142,,,,
12.859375,6.265625,0.01953125,0.17405537,0.004005793,0.9229318,0.09350376,0.0009871459,14.657501,197.04297,0.1864277,0.5717859,197.04297,1143,FC128,crates,1,3143,,,,
13.160156,6.3164062,0.03515625,0.16906168,0.0040016975,0.92596585,0.083686374,-0.004398441,14.98176,197.42578,0.1775227,0.5722862,197.42578,1144,FC128,crates,1,3144,,,,
12.839844,6.2773438,0.015625,0.17026117,0.003997602,0.9223689,0.07141145,-0.015134939,14.692696,198.16797,0.17445405,0.5727864,198.16797,1145,FC128,crates,1,3145,,,,
12.769531,6.3476562,0.01171875,0.1658598,0.0039935065,0.91375065,0.08865344,-0.006116626,14.635978,199.57812,0.19086486,0.57328665,199.57812,1146,FC128,crates,1,3146,,,,
12.765625,6.3359375,0.0234375,0.17082936,0.003989411,0.9171507,0.087233774,-0.004368846,14.908048,197.30469,0.18456827,0.5737869,197.30469,1147,FC128,crates,1,3147,,,,
13.1328125,6.4609375,0.02734375,0.16042557,0.0039853156,0.9212849,0.07211037,-0.013935034,15.166877,197.14844,0.17336951,0.5742872,197.14844,1148,FC128,crates,1,3148,,,,
12.578125,6.1914062,0.05078125,0.16672075,0.0039812196,0.91568744,0.080134995,-0.014892024,14.748556,194.10156,0.19138154,0.57478744,194.10156,1149,FC128,crates,1,3149,,,,
13.214844,6.53125,0.046875,0.15571208,0.003977124,0.908149,0.10081161,-0.003033333,15.265938,194.3711,0.20892845,0.57528764,194.3711,1150,FC128,crates,1,3150,,,,
13.1328125,6.3085938,0.06640625,0.14862162,0.0039730286,0.8961597,0.12290435,0.0018233173,14.433399,191.33594,0.24334303,0.5757879,191.33594,1151,FC128,crates,1,3151,,,,
13.269531,6.1679688,0.1015625,0.13800226,0.003968933,0.88921785,0.11922055,-0.010741077,14.469259,186.53516,0.2610187,0.57628816,186.53516,1152,FC128,crates,1,3152,,,,
13.5546875,6.2460938,0.078125,0.13647924,0.0039648376,0.88885635,0.10685499,-0.021681141,14.783596,189.29688,0.2581545,0.5767884,189.29688,1153,FC128,crates,1,3153,,,,
13.878906,6.65625,0.0546875,0.13890609,0.003960742,0.90409905,0.095792525,-0.017783685,15.622736,193.36719,0.22825277,0.5772887,193.36719,1154,FC128,crates,1,3154,,,,
13.511719,6.5117188,0.06640625,0.13620554,0.0039566467,0.91593707,0.092879854,-0.0079831155,15.368243,193.24219,0.20280378,0.5777889,193.24219,1155,FC128,crates,1,3155,,,,
13.359375,6.5507812,0.0390625,0.1351452,0.0039525507,0.9104049,0.1255671,0.008163394,15.405041,195.98047,0.23587573,0.57828915,195.98047,1156,FC128,crates,1,3156,,,,
13.4765625,6.6992188,0.0390625,0.13933422,0.003948455,0.89171314,0.15468183,0.015806556,15.652424,195.73438,0.27885085,0.5787894,195.73438,1157,FC128,crates,1,3157,,,,
13.410156,6.5039062,0.0390625,0.15165381,0.0039443597,0.9033413,0.13110615,0.008732128,15.274025,194.80469,0.2459444,0.5792897,194.80469,1158,FC128,crates,1,3158,,,,
12.980469,6.3984375,0.02734375,0.14925289,0.003940264,0.9244919,0.08718761,-0.007902068,14.89633,195.80469,0.19135556,0.57978994,195.80469,1159,FC128,crates,1,3159,,,,
13.28125,6.4335938,0.03125,0.1430011,0.0039361687,0.92398345,0.07869465,-0.015779013,15.121095,197.23828,0.19007307,0.58029014,197.23828,1160,FC128,crates,1,3160,,,,
13.441406,6.609375,0.0234375,0.14505404,0.0039320732,0.9343698,0.07077818,-0.014534956,15.51836,196.9375,0.17176701,0.5807904,196.9375,1161,FC128,crates,1,3161,,,,
13.183594,6.3828125,0.03125,0.14059165,0.0039279778,0.9232764,0.09329204,-0.003103775,14.970509,197.10156,0.19389613,0.58129066,197.10156,1162,FC128,crates,1,3162,,,,
13.2890625,6.5390625,0.0234375,0.14457366,0.0039238823,0.9259181,0.09003848,-0.0034288722,15.411173,196.75781,0.18806927,0.5817909,196.75781,1163,FC128,crates,1,3163,,,,
12.59375,6.390625,0.01171875,0.15993829,0.0039197863,0.9297701,0.06721029,-0.015980981,14.8317585,199.41406,0.16763638,0.5822912,199.41406,1164,FC128,crates,1,3164,,,,
12.800781,6.3828125,0.02734375,0.15687704,0.003915691,0.92625415,0.06643441,-0.019493952,15.078088,196.4961,0.1730853,0.5827914,196.4961,1165,FC128,crates,1,3165,,,,
12.378906,6.2851562,0.02734375,0.16738927,0.0039115953,0.92429304,0.076410644,-0.014034529,14.9472275,197.84375,0.18219987,0.58329165,197.84375,1166,FC128,crates,1,3166,,,,
12.527344,6.375,0.03125,0.15817018,0.0039075,0.9172506,0.10988691,0.006682164,14.862345,197.89844,0.20764558,0.5837919,197.89844,1167,FC128,crates,1,3167,,,,
12.8828125,6.46875,0.04296875,0.15075132,0.0039034043,0.91855925,0.10503632,0.0047173495,15.252306,195.59375,0.20181483,0.5842922,195.59375,1168,FC128,crates,1,3168,,,,
13.207031,6.5585938,0.0625,0.14302279,0.0038993089,0.920974,0.087989904,-0.0067639723,15.085392,192.7539,0.19062313,0.58479244,192.7539,1169,FC128,crates,1,3169,,,,
13.332031,6.4257812,0.078125,0.13821135,0.0038952134,0.91637474,0.10065448,-0.007309797,14.886876,191.76172,0.21700528,0.58529264,191.76172,1170,FC128,crates,1,3170,,,,
13.9296875,6.6015625,0.07421875,0.12588844,0.0038911174,0.9150209,0.10667208,-0.0009030689,15.445978,191.0625,0.21612999,0.5857929,191.0625,1171,FC128,crates,1,3171,,,,
13.589844,6.4882812,0.07421875,0.13338073,0.003887022,0.9016441,0.12464677,-0.0019730958,15.102501,190.29297,0.25427663,0.58629316,190.29297,1172,FC128,crates,1,3172,,,,
13.640625,6.6914062,0.04296875,0.13353264,0.0038829264,0.92628807,0.08636868,-0.010678695,15.631251,195.58984,0.19513175,0.5867934,195.58984,1173,FC128,crates,1,3173,,,,
13.3125,6.546875,0.05078125,0.13596542,0.003878831,0.9191334,0.09922595,-0.009982298,15.414728,193.67578,0.21947128,0.5872937,193.67578,1174,FC128,crates,1,3174,,,,
12.800781,6.421875,0.03125,0.1471081,0.0038747354,0.9157443,0.10326302,-0.0047432873,14.747618,196.61719,0.21715263,0.58779395,196.61719,1175,FC128,crates,1,3175,,,,
12.910156,6.4023438,0.03125,0.14935318,0.00387064,0.9189877,0.09684261,-0.006101046,14.97965,197.51562,0.2070435,0.58829415,197.51562,1176,FC128,crates,1,3176,,,,
12.40625,6.1953125,0.01953125,0.15619063,0.0038665445,0.9211025,0.07973511,-0.019074915,14.647618,197.25,0.19882789,0.5887944,197.25,1177,FC128,crates,1,3177,,,,
11.566406,6.0507812,0.01171875,0.17857519,0.003862449,0.89978576,0.06498853,-0.041033473,13.957659,199.40234,0.21342348,0.5892947,199.40234,1178,FC128,crates,1,3178,,,,
10.480469,5.5351562,0.015625,0.19348253,0.003858353,0.8902021,0.072366804,-0.042409703,12.416407,198.64844,0.23104607,0.58979493,198.64844,1179,FC128,crates,1,3179,,,,
9.6171875,5.1054688,0.01171875,0.20823774,0.0038542575,0.88924754,0.073403984,-0.03193246,11.61293,198.6211,0.21227808,0.5902952,198.6211,1180,FC128,crates,1,3180,,,,
9.3828125,5.1210938,0.01171875,0.2223232,0.003850162,0.8662505,0.107768685,-0.0077207987,11.4308605,199.28906,0.23269093,0.5907954,199.28906,1181,FC128,crates,1,3181,,,,
10.191406,5.4414062,0.01953125,0.23245853,0.0038460665,0.86532307,0.1280337,0.015152966,12.338829,198.46094,0.22754957,0.59129566,198.46094,1182,FC128,crates,1,3182,,,,
10.691406,5.5039062,0.01171875,0.21623854,0.003841971,0.8932097,0.097136244,0.008359697,12.617658,198.59766,0.17921467,0.5917959,198.59766,1183,FC128,crates,1,3183,,,,
12.546875,6.3007812,0.0390625,0.19826026,0.0038378756,0.912192,0.066783756,-0.0031225197,14.689531,197.0625,0.14133435,0.5922962,197.0625,1184,FC128,crates,1,3184,,,,
12.8125,6.1484375,0.0390625,0.1801716,0.00383378,0.9063064,0.07081587,-0.005500163,14.426212,197.4375,0.15401353,0.59279644,197.4375,1185,FC128,crates,1,3185,,,,
13.578125,6.5,0.04296875,0.1765423,0.003829684,0.8964929,0.077923946,0.0015896958,14.913361,195.38672,0.15402071,0.59329665,195.38672,1186,FC128,crates,1,3186,,,,
13.425781,6.0429688,0.0703125,0.17052232,0.0038255886,0.8741298,0.11668057,0.016500253,14.112307,191.90625,0.20166533,0.5937969,191.90625,1187,FC128,crates,1,3187,,,,
13.527344,6.1054688,0.078125,0.16142851,0.0038214931,0.8571799,0.12760273,0.013898572,14.042658,191.02734,0.2286421,0.5942972,191.02734,1188,FC128,crates,1,3188,,,,
13.421875,5.96875,0.1171875,0.15336588,0.0038173976,0.82764375,0.14070521,0.001700263,13.85547,184.9414,0.2791808,0.59479743,184.9414,1189,FC128,crates,1,3189,,,,
12.71875,5.8867188,0.11328125,0.14877926,0.0038133021,0.83761686,0.12484763,-0.015716769,13.285469,184.82812,0.2822635,0.5952977,184.82812,1190,FC128,crates,1,3190,,,,
13.699219,6.2265625,0.09765625,0.14202105,0.0038092067,0.85296756,0.11094487,-0.015852544,14.837267,187.66016,0.2546768,0.5957979,187.66016,1191,FC128,crates,1,3191,,,,
14.140625,6.6679688,0.078125,0.14093933,0.0038051112,0.8876708,0.098235995,-0.011158814,15.228439,191.08203,0.21986221,0.59629816,191.08203,1192,FC128,crates,1,3192,,,,
14.230469,6.7695312,0.046875,0.13560092,0.0038010157,0.8875239,0.11034798,-0.0023431848,15.677267,194.3125,0.22641318,0.5967984,194.3125,1193,FC128,crates,1,3193,,,,
14.578125,6.6484375,0.0390625,0.12620299,0.0037969197,0.88430107,0.11541595,-0.0025406324,15.577423,196.14453,0.23687154,0.5972987,196.14453,1194,FC128,crates,1,3194,,,,
14.683594,6.7890625,0.03515625,0.12028675,0.0037928242,0.8955147,0.105277136,-0.011966297,15.878322,195.67969,0.23539932,0.59779894,195.67969,1195,FC128,crates,1,3195,,,,
14.46875,6.625,0.0390625,0.12919976,0.0037887287,0.88345724,0.1083788,-0.02385519,15.645119,195.21484,0.265447,0.59829915,195.21484,1196,FC128,crates,1,3196,,,,
14.246094,6.6679688,0.02734375,0.1290574,0.0037846332,0.8977075,0.09955855,-0.023907982,15.526407,196.50781,0.24790993,0.5987994,196.50781,1197,FC128,crates,1,3197,,,,
14.050781,6.6601562,0.02734375,0.14075634,0.0037805378,0.90948,0.08788919,-0.021394052,15.673204,197.96094,0.21963075,0.59929967,197.96094,1198,FC128,crates,1,3198,,,,
13.574219,6.6523438,0.01953125,0.1522588,0.0037764423,0.91069216,0.10715901,-0.0071377843,15.737618,197.80078,0.22974358,0.59979993,197.80078,1199,FC128,crates,1,3199,,,,
12.128906,6.0703125,0.015625,0.1658863,0.0037723468,0.886356,0.12688193,-0.010164429,14.186133,198.35547,0.27534425,0.6003002,198.35547,1200,FC128,crates,1,3200,,,,
10.84375,5.6328125,0.01171875,0.19268446,0.0037682508,0.8858285,0.1139809,-0.021282477,13.031486,197.89844,0.2719789,0.6008004,197.89844,1201,FC128,crates,1,3201,,,,
10.15625,5.4570312,0.01953125,0.21628033,0.0037641553,0.88816583,0.08647366,-0.0322215,12.500509,198.66016,0.23901854,0.60130066,198.66016,1202,FC128,crates,1,3202,,,,
9.042969,4.9453125,0.00390625,0.23641546,0.0037600598,0.8643664,0.08159258,-0.047283646,11.172031,199.65625,0.25953034,0.6018009,199.65625,1203,FC128,crates,1,3203,,,,
8.21875,4.5390625,0.046875,0.24329093,0.0037559643,0.84942514,0.089945845,-0.039323255,10.181211,195.61719,0.26036578,0.6023012,195.61719,1204,FC128,crates,1,3204,,,,
7.8164062,4.2773438,0.01171875,0.25141805,0.0037518688,0.8602332,0.081129156,-0.031457007,9.49336,199.38672,0.2270589,0.60280144,199.38672,1205,FC128,crates,1,3205,,,,
8.1015625,4.609375,0.015625,0.25005764,0.0037477734,0.8618016,0.08892415,-0.011188732,9.437853,199.08203,0.20210007,0.60330164,199.08203,1206,FC128,crates,1,3206,,,,
8.9296875,4.7265625,0.02734375,0.2600895,0.0037436779,0.8417141,0.113825805,0.0074785133,10.308437,197.60156,0.21464197,0.6038019,197.60156,1207,FC128,crates,1,3207,,,,
10.0703125,5.1640625,0.0234375,0.24683979,0.0037395824,0.8620044,0.10379442,0.012728322,11.659649,198.64844,0.18397835,0.60430217,198.64844,1208,FC128,crates,1,3208,,,,
11.3046875,5.671875,0.05078125,0.23749007,0.0037354864,0.862602,0.085588805,0.006806756,12.872852,195.85156,0.15933838,0.6048024,195.85156,1209,FC128,crates,1,3209,,,,
12.546875,5.90625,0.078125,0.19407672,0.003731391,0.85364574,0.0939749,0.010583015,13.768087,193.875,0.16823213,0.6053027,193.875,1210,FC128,crates,1,3210,,,,
13.4609375,6.3242188,0.08984375,0.18412094,0.0037272954,0.8510979,0.10430007,0.020504056,14.898986,192.55469,0.16896456,0.6058029,192.55469,1211,FC128,crates,1,3211,,,,
13.8671875,6.3203125,0.0625,0.16196874,0.0037232,0.79834837,0.14812134,0.03004283,14.826134,191.3164,0.23736309,0.60630316,191.3164,1212,FC128,crates,1,3212,,,,
13.65625,6.1523438,0.08984375,0.15988481,0.0037191045,0.804836,0.14223297,0.026568616,13.997267,189.9336,0.23251796,0.6068034,189.9336,1213,FC128,crates,1,3213,,,,
13.207031,5.765625,0.16796875,0.14831892,0.003715009,0.817106,0.12580064,0.010712957,13.378555,178.8164,0.23127736,0.6073037,178.8164,1214,FC128,crates,1,3214,,,,
13.996094,6.2617188,0.1328125,0.1438983,0.0037109135,0.8209105,0.10906429,0.0004661838,14.402462,184.57422,0.21826419,0.60780394,184.57422,1215,FC128,crates,1,3215,,,,
13.8125,6.2617188,0.10546875,0.14914028,0.0037068175,0.83285105,0.107999824,-0.00704786,14.334143,186.71094,0.23120104,0.60830414,186.71094,1216,FC128,crates,1,3216,,,,
13.1875,5.7851562,0.10546875,0.15158382,0.003702722,0.79702127,0.13049294,-0.014960415,12.915157,184.625,0.29202923,0.6088044,184.625,1217,FC128,crates,1,3217,,,,
13.1484375,5.5351562,0.1484375,0.14884865,0.0036986265,0.77724755,0.17118321,-0.0053108307,12.804493,178.91797,0.35408917,0.60930467,178.91797,1218,FC128,crates,1,3218,,,,
13.402344,6.1054688,0.10546875,0.15247256,0.003694531,0.8056145,0.15256657,-0.0079418365,13.80879,186.375,0.32214344,0.6098049,186.375,1219,FC128,crates,1,3219,,,,
13.316406,5.9960938,0.125,0.14088088,0.0036904356,0.7986041,0.15455955,-0.014038716,13.696642,181.35938,0.33823636,0.6103052,181.35938,1220,FC128,crates,1,3220,,,,
13.78125,6.4726562,0.08203125,0.14560094,0.00368634,0.8607908,0.10158602,-0.018696684,15.138829,191.10156,0.24163888,0.61080545,191.10156,1221,FC128,crates,1,3221,,,,
13.703125,6.4921875,0.0390625,0.14987408,0.0036822446,0.8741444,0.09796559,-0.01083661,15.039728,195.03125,0.21870814,0.61130565,195.03125,1222,FC128,crates,1,3222,,,,
13.332031,6.484375,0.04296875,0.16017659,0.003678149,0.8671058,0.113650106,-0.006688192,14.960548,194.3789,0.2418549,0.6118059,194.3789,1223,FC128,crates,1,3223,,,,
12.03125,6.1132812,0.01953125,0.16569039,0.0036740531,0.8676087,0.1062859,-0.013163185,13.811485,198.48047,0.24011569,0.6123062,198.48047,1224,FC128,crates,1,3224,,,,
11.527344,5.9140625,0.015625,0.18056199,0.0036699576,0.8477836,0.09450301,-0.031911783,13.115118,197.70312,0.2541549,0.61280644,197.70312,1225,FC128,crates,1,3225,,,,
10.640625,5.4101562,0.0078125,0.2019703,0.0036658621,0.8426688,0.08001558,-0.046712346,12.206524,199.02344,0.25493664,0.6133067,199.02344,1226,FC128,crates,1,3226,,,,
9.9609375,5.40625,0.01171875,0.21123764,0.0036617666,0.8262227,0.08041551,-0.049284123,11.742619,199.36328,0.26094627,0.6138069,199.36328,1227,FC128,crates,1,3227,,,,
8.863281,4.546875,0.0,0.2209145,0.0036576712,0.80886555,0.08859123,-0.038738836,10.402345,200.0,0.2562762,0.61430717,200.0,1228,FC128,crates,1,3228,,,,
7.984375,4.3789062,0.0078125,0.23307571,0.0036535757,0.7759364,0.107163295,-0.025015457,9.66754,199.21094,0.26606062,0.6148074,199.21094,1229,FC128,crates,1,3229,,,,
6.7617188,3.8515625,0.0078125,0.2848798,0.0036494802,0.71508235,0.14176293,-0.007094614,8.009376,199.7539,0.29979444,0.6153077,199.7539,1230,FC128,crates,1,3230,,,,
6.2382812,3.6992188,0.0390625,0.3380314,0.0036453847,0.6415169,0.14339922,-0.0016487506,7.4178133,196.79297,0.29256046,0.61580795,196.79297,1231,FC128,crates,1,3231,,,,
9.175781,4.71875,0.19140625,0.28786984,0.0036412887,0.73373175,0.09654041,-0.01203656,10.335079,186.54688,0.21925037,0.61630815,186.54688,1232,FC128,crates,1,3232,,,,
11.0859375,5.5039062,0.15625,0.22992776,0.0036371932,0.7389623,0.098458044,-0.005084819,12.534415,190.3086,0.20875831,0.6168084,190.3086,1233,FC128,crates,1,3233,,,,
12.4609375,5.9414062,0.04296875,0.214693,0.0036330977,0.7861498,0.087402344,0.004049839,13.878986,195.25,0.16826501,0.6173087,195.25,1234,FC128,crates,1,3234,,,,
12.722656,5.9414062,0.0390625,0.18529825,0.0036290023,0.81385064,0.10460829,0.015512285,13.522423,195.53125,0.1795369,0.61780894,195.53125,1235,FC128,crates,1,3235,,,,
13.3125,6.1875,0.0390625,0.18109295,0.0036249068,0.79892945,0.10673807,0.016762154,14.317266,196.26172,0.18126473,0.6183092,196.26172,1236,FC128,crates,1,3236,,,,
13.652344,6.2460938,0.03125,0.16221097,0.0036208113,0.80953306,0.10982028,0.016886473,14.599767,196.7539,0.18704228,0.6188094,196.7539,1237,FC128,crates,1,3237,,,,
13.613281,6.203125,0.07421875,0.15201962,0.0036167158,0.8146232,0.11353296,0.014985121,14.426524,193.02734,0.1981953,0.61930966,193.02734,1238,FC128,crates,1,3238,,,,
13.019531,6.1367188,0.0625,0.15393096,0.0036126198,0.825054,0.11185741,0.012413742,14.07172,191.11328,0.19999953,0.6198099,191.11328,1239,FC128,crates,1,3239,,,,
13.457031,6.328125,0.078125,0.15384668,0.0036085243,0.8372995,0.10631329,0.0062052775,14.934611,189.29297,0.20132634,0.6203102,189.29297,1240,FC128,crates,1,3240,,,,
13.4375,6.5234375,0.078125,0.14077756,0.0036044288,0.8453315,0.113299325,0.0041210176,15.379142,190.42578,0.21937145,0.62081045,190.42578,1241,FC128,crates,1,3241,,,,
13.1484375,6.3320312,0.09765625,0.13952859,0.0036003334,0.82922953,0.13551608,-0.0023922923,14.915939,187.2539,0.27682143,0.62131065,187.2539,1242,FC128,crates,1,3242,,,,
12.871094,6.03125,0.12890625,0.13505758,0.0035962379,0.8148772,0.1614873,-0.0036735276,14.044727,182.7461,0.33129305,0.6218109,182.7461,1243,FC128,crates,1,3243,,,,
13.6640625,6.4101562,0.07421875,0.13112229,0.0035921424,0.84889954,0.13838501,-0.0082006315,14.847502,189.03516,0.2941133,0.6223112,189.03516,1244,FC128,crates,1,3244,,,,
13.613281,6.265625,0.0859375,0.12848079,0.0035880469,0.8547207,0.13085996,-0.01747873,14.374142,188.45312,0.29759938,0.62281144,188.45312,1245,FC128,crates,1,3245,,,,
14.027344,6.3867188,0.0859375,0.121973425,0.0035839514,0.8667031,0.1246608,-0.021836234,14.950392,188.07422,0.29386836,0.6233117,188.07422,1246,FC128,crates,1,3246,,,,
13.4375,6.3320312,0.09375,0.12591733,0.0035798554,0.8758177,0.11644975,-0.024335612,14.696251,188.16406,0.28247225,0.6238119,188.16406,1247,FC128,crates,1,3247,,,,
13.550781,6.5546875,0.0234375,0.14205626,0.00357576,0.9078213,0.09533104,-0.0128940325,15.289375,197.25781,0.21746607,0.62431216,197.25781,1248,FC128,crates,1,3248,,,,
12.78125,6.2539062,0.0234375,0.1706377,0.0035716644,0.89906216,0.09244081,-0.018963449,14.798594,197.625,0.22402743,0.6248124,197.625,1249,FC128,crates,1,3249,,,,
11.4140625,5.7890625,0.0078125,0.19957624,0.003567569,0.8913373,0.07356546,-0.031705886,13.412032,199.76172,0.2119667,0.6253127,199.76172,1250,FC128,crates,1,3250,,,,
8.796875,4.828125,0.01171875,0.2267337,0.0035634735,0.8349342,0.09103268,-0.0469419,10.239376,198.84766,0.27756506,0.62581295,198.84766,1251,FC128,crates,1,3251,,,,
7.1210938,3.9414062,0.015625,0.25348848,0.003559378,0.7769855,0.107102685,-0.047127243,8.2174225,198.01953,0.31026438,0.62631315,198.01953,1252,FC128,crates,1,3252,,,,
5.5351562,3.1210938,0.015625,0.27392894,0.0035552825,0.7181345,0.10093515,-0.055231415,6.154063,197.98828,0.31428093,0.6268134,197.98828,1253,FC128,crates,1,3253,,,,
4.5546875,2.5429688,0.01171875,0.28456098,0.0035511865,0.6715896,0.10152252,-0.04807844,4.62086,198.58984,0.30122298,0.6273137,198.58984,1254,FC128,crates,1,3254,,,,
4.484375,2.609375,0.01953125,0.31552875,0.003547091,0.6743089,0.08687524,-0.04586076,4.749688,197.25781,0.26771042,0.62781394,197.25781,1255,FC128,crates,1,3255,,,,
4.75,2.71875,0.03125,0.33009237,0.0035429955,0.68725747,0.09597339,-0.025702808,4.965977,195.40625,0.24569143,0.6283142,195.40625,1256,FC128,crates,1,3256,,,,
4.7578125,2.5703125,0.01953125,0.35970178,0.0035389,0.66321015,0.088586204,-0.021640992,4.6000395,196.96875,0.22300029,0.6288144,196.96875,1257,FC128,crates,1,3257,,,,
5.96875,3.2929688,0.046875,0.39020452,0.0035348046,0.66704804,0.08866173,-0.008314892,6.2339067,196.07031,0.19671184,0.62931466,196.07031,1258,FC128,crates,1,3258,,,,
8.363281,4.203125,0.0859375,0.36147127,0.003530709,0.6475865,0.13643458,0.028626066,8.570822,190.54297,0.21816954,0.6298149,190.54297,1259,FC128,crates,1,3259,,,,
11.515625,5.5585938,0.12109375,0.28806126,0.0035266136,0.67985505,0.15479235,0.047127157,12.645939,190.95703,0.21736218,0.6303152,190.95703,1260,FC128,crates,1,3260,,,,
12.535156,6.0703125,0.15625,0.2588097,0.003522518,0.6515849,0.16048184,0.050896365,13.762384,188.80078,0.22099428,0.63081545,188.80078,1261,FC128,crates,1,3261,,,,
13.152344,5.9765625,0.140625,0.24650757,0.0035184221,0.6419115,0.15742551,0.048039615,13.951993,185.6836,0.22050641,0.6313157,185.6836,1262,FC128,crates,1,3262,,,,
12.640625,5.4296875,0.1875,0.2428964,0.0035143266,0.65279686,0.14598472,0.038241446,12.741993,180.01172,0.21719377,0.6318159,180.01172,1263,FC128,crates,1,3263,,,,
12.71875,5.4726562,0.16796875,0.22653072,0.0035102312,0.6631386,0.13091399,0.027733535,12.44254,178.82422,0.20795126,0.6323162,178.82422,1264,FC128,crates,1,3264,,,,
12.238281,5.0859375,0.1953125,0.2223807,0.0035061357,0.62302804,0.132482,0.01951817,11.493478,175.00781,0.22748707,0.63281643,175.00781,1265,FC128,crates,1,3265,,,,
11.984375,5.0,0.21875,0.22125326,0.0035020402,0.62267965,0.1452594,0.01710453,10.993791,172.94922,0.25785938,0.6333167,172.94922,1266,FC128,crates,1,3266,,,,
10.972656,4.6445312,0.234375,0.20069866,0.0034979447,0.6061973,0.15099317,0.0007649469,10.077149,167.1875,0.3018605,0.63381696,167.1875,1267,FC128,crates,1,3267,,,,
11.574219,4.859375,0.20703125,0.18711607,0.0034938492,0.650499,0.15166079,-0.0051866453,10.646681,171.53516,0.31500238,0.63431716,171.53516,1268,FC128,crates,1,3268,,,,
11.480469,5.125,0.171875,0.17101559,0.0034897532,0.67993915,0.15910904,9.2481496e-05,11.124337,177.1914,0.31922674,0.6348174,177.1914,1269,FC128,crates,1,3269,,,,
12.652344,5.8242188,0.140625,0.15438,0.0034856577,0.74554557,0.15418252,0.0032541913,13.306642,180.6875,0.3029329,0.6353177,180.6875,1270,FC128,crates,1,3270,,,,
12.0546875,5.6367188,0.1328125,0.1410511,0.0034815622,0.7447225,0.16719702,0.001264606,13.017775,181.89062,0.332847,0.63581795,181.89062,1271,FC128,crates,1,3271,,,,
11.738281,5.7929688,0.0859375,0.15021908,0.0034774668,0.7936719,0.14390141,-0.00056307187,13.172344,187.77344,0.2899737,0.6363182,187.77344,1272,FC128,crates,1,3272,,,,
11.8046875,5.7617188,0.05859375,0.1656528,0.0034733713,0.8225612,0.12443613,-0.0014080292,13.101915,194.08594,0.25283906,0.6368184,194.08594,1273,FC128,crates,1,3273,,,,
11.984375,5.9101562,0.11328125,0.16498621,0.0034692758,0.81330526,0.12660575,-0.009061701,13.517696,188.92969,0.27247965,0.6373187,188.92969,1274,FC128,crates,1,3274,,,,
13.050781,6.421875,0.06640625,0.15954976,0.0034651803,0.86204004,0.10613817,-0.0073032468,14.632657,193.32422,0.22798857,0.63781893,193.32422,1275,FC128,crates,1,3275,,,,
12.808594,6.2148438,0.0703125,0.15420371,0.0034610848,0.8406739,0.1236105,-0.009476704,14.284493,192.36328,0.26724184,0.6383192,192.36328,1276,FC128,crates,1,3276,,,,
12.488281,6.046875,0.0625,0.15543875,0.0034569888,0.851508,0.11767791,-0.020120323,13.903869,192.0,0.27667117,0.63881946,192.0,1277,FC128,crates,1,3277,,,,
12.0234375,5.9726562,0.01953125,0.16854618,0.0034528933,0.8651872,0.10951364,-0.017054358,13.966797,198.57422,0.25429994,0.63931966,198.57422,1278,FC128,crates,1,3278,,,,
11.25,5.8007812,0.03125,0.17179377,0.0034487979,0.83990496,0.13282315,-0.012305757,13.197775,195.91797,0.29144278,0.6398199,195.91797,1279,FC128,crates,1,3279,,,,
11.109375,5.7304688,0.02734375,0.17732555,0.0034447024,0.8274876,0.13541567,-0.010771797,13.05754,197.4375,0.2935966,0.6403202,197.4375,1280,FC128,crates,1,3280,,,,
10.949219,5.7773438,0.0234375,0.18025552,0.0034406069,0.8393259,0.14202839,-0.0023100846,13.182892,197.63281,0.28991732,0.64082044,197.63281,1281,FC128,crates,1,3281,,,,
11.1328125,5.640625,0.05078125,0.17983145,0.0034365114,0.8309473,0.14879958,0.0010033196,12.882032,193.48828,0.2968285,0.6413207,193.48828,1282,FC128,crates,1,3282,,,,
12.2265625,6.0273438,0.03515625,0.17835036,0.003432416,0.8572057,0.11112589,-0.007814836,13.714493,194.5039,0.23910579,0.6418209,194.5039,1283,FC128,crates,1,3283,,,,
12.980469,6.1132812,0.03125,0.17405407,0.00342832,0.8579092,0.11065825,-0.0036723316,14.246057,196.08984,0.22985458,0.64232117,196.08984,1284,FC128,crates,1,3284,,,,
13.609375,6.4492188,0.0390625,0.16851833,0.0034242244,0.8833173,0.095115274,-0.0023080907,15.034924,195.375,0.19600083,0.64282143,195.375,1285,FC128,crates,1,3285,,,,
13.464844,6.46875,0.0703125,0.1607645,0.003420129,0.8814203,0.09859267,-0.0030021933,14.674259,192.13672,0.2042894,0.6433217,192.13672,1286,FC128,crates,1,3286,,,,
13.214844,6.3398438,0.04296875,0.16734296,0.0034160335,0.89884907,0.096382,0.006788649,14.890665,195.3125,0.18033,0.64382195,195.3125,1287,FC128,crates,1,3287,,,,
13.222656,6.59375,0.0234375,0.1749758,0.003411938,0.9020617,0.092196815,0.002916777,15.399805,196.80078,0.1797541,0.64432216,196.80078,1288,FC128,crates,1,3288,,,,
12.7578125,6.15625,0.02734375,0.17377244,0.0034078425,0.9099939,0.08451599,-0.0012176438,14.452345,197.44922,0.17265163,0.6448224,197.44922,1289,FC128,crates,1,3289,,,,
12.355469,6.0742188,0.03125,0.17761016,0.003403747,0.9032877,0.096898094,-0.0010790001,14.134336,196.85156,0.19716327,0.6453227,196.85156,1290,FC128,crates,1,3290,,,,
13.0390625,6.4335938,0.0390625,0.16587889,0.0033996515,0.9072923,0.092775576,-0.0068443357,15.120353,196.28516,0.20036767,0.64582294,196.28516,1291,FC128,crates,1,3291,,,,
13.6796875,6.6914062,0.04296875,0.1507829,0.0033955555,0.9114354,0.10004845,-0.0010436894,15.627267,195.92969,0.20320827,0.6463232,195.92969,1292,FC128,crates,1,3292,,,,
13.8203125,6.5429688,0.0390625,0.13479072,0.00339146,0.9155148,0.09632076,-0.008410491,15.398088,194.39062,0.21037678,0.6468234,194.39062,1293,FC128,crates,1,3293,,,,
13.890625,6.5625,0.04296875,0.13518393,0.0033873646,0.90741795,0.09355969,-0.020412091,15.577345,194.82812,0.22885941,0.64732367,194.82812,1294,FC128,crates,1,3294,,,,
13.2890625,6.2617188,0.08984375,0.13957527,0.003383269,0.88257676,0.12727377,-0.02451062,14.417618,188.21094,0.30451322,0.6478239,188.21094,1295,FC128,crates,1,3295,,,,
13.4453125,6.296875,0.046875,0.13603216,0.0033791736,0.8969446,0.11798833,-0.014682774,14.969337,193.875,0.26626158,0.6483242,193.875,1296,FC128,crates,1,3296,,,,
12.246094,6.0429688,0.05859375,0.1409967,0.003375078,0.8899795,0.12397474,-0.01753441,13.776681,193.875,0.28397006,0.64882445,193.875,1297,FC128,crates,1,3297,,,,
12.953125,6.2460938,0.015625,0.14377736,0.0033709826,0.917459,0.09577915,-0.010265763,14.698439,197.78906,0.21305916,0.64932466,197.78906,1298,FC128,crates,1,3298,,,,
12.863281,6.2851562,0.03515625,0.1537065,0.0033668866,0.9189127,0.082728356,-0.017477205,14.728518,196.77344,0.20144615,0.6498249,196.77344,1299,FC128,crates,1,3299,,,,
12.292969,6.1367188,0.01953125,0.15900502,0.0033627911,0.91123074,0.0838695,-0.015235495,14.165861,197.28125,0.19927938,0.6503252,197.28125,1300,FC128,crates,1,3300,,,,
12.34375,6.1289062,0.01953125,0.16265589,0.0033586957,0.91658354,0.09502279,0.00260394,14.409962,198.45703,0.18593033,0.65082544,198.45703,1301,FC128,crates,1,3301,,,,
11.988281,6.0585938,0.0390625,0.17564268,0.0033546002,0.90722716,0.09883496,-0.002211933,13.83625,196.23828,0.20327222,0.6513257,196.23828,1302,FC128,crates,1,3302,,,,
11.8125,5.9140625,0.03125,0.18053775,0.0033505047,0.91259104,0.07554604,-0.014883437,13.93797,196.0586,0.18206874,0.65182596,196.0586,1303,FC128,crates,1,3303,,,,
11.425781,5.765625,0.01953125,0.17923395,0.0033464092,0.9082017,0.07624751,-0.0122235175,13.415431,197.26562,0.17814164,0.65232617,197.26562,1304,FC128,crates,1,3304,,,,
11.5,5.765625,0.07421875,0.19108756,0.0033423137,0.89151734,0.092912234,-0.0043315315,13.321876,192.6914,0.19576487,0.6528264,192.6914,1305,FC128,crates,1,3305,,,,
12.1875,6.0585938,0.04296875,0.18057296,0.0033382182,0.88103455,0.12262208,0.013204812,14.166876,195.13281,0.22004011,0.6533267,195.13281,1306,FC128,crates,1,3306,,,,
12.113281,6.21875,0.0234375,0.17874026,0.0033341222,0.8858345,0.12178022,0.020129453,14.317501,197.45312,0.2044934,0.65382695,197.45312,1307,FC128,crates,1,3307,,,,
11.792969,5.984375,0.0390625,0.17567284,0.0033300268,0.8996864,0.09407926,0.0036739297,13.556017,196.13672,0.18198065,0.6543272,196.13672,1308,FC128,crates,1,3308,,,,
12.261719,6.15625,0.03125,0.17457792,0.0033259313,0.9045729,0.07152328,-0.008060498,14.3169155,197.38281,0.16032882,0.6548274,197.38281,1309,FC128,crates,1,3309,,,,
12.785156,6.2109375,0.0390625,0.16483495,0.0033218358,0.89030546,0.08016799,-0.011886738,14.794924,195.27344,0.18520457,0.6553277,195.27344,1310,FC128,crates,1,3310,,,,
12.878906,6.2539062,0.03125,0.15736374,0.0033177403,0.90108657,0.08477469,-0.002797029,14.531446,197.88281,0.17618762,0.65582794,197.88281,1311,FC128,crates,1,3311,,,,
13.203125,6.3320312,0.03515625,0.1578373,0.0033136448,0.8776925,0.1188204,0.005741075,14.877345,195.54297,0.22720468,0.6563282,195.54297,1312,FC128,crates,1,3312,,,,
13.4921875,6.359375,0.0546875,0.14786628,0.0033095493,0.87155575,0.13406505,0.0055767093,14.968635,194.8125,0.2579554,0.65682846,194.8125,1313,FC128,crates,1,3313,,,,
14.019531,6.2890625,0.046875,0.13937682,0.0033054533,0.876701,0.124301,0.0024383024,14.6602745,194.44922,0.24464682,0.65732867,194.44922,1314,FC128,crates,1,3314,,,,
13.878906,6.125,0.07421875,0.13975926,0.0033013579,0.87402934,0.112916805,-0.016284969,14.179533,191.14453,0.25932634,0.6578289,191.14453,1315,FC128,crates,1,3315,,,,
14.09375,6.3476562,0.0859375,0.13442644,0.0032972624,0.8584073,0.12330673,-0.014033362,14.6175785,188.85547,0.27556667,0.6583292,188.85547,1316,FC128,crates,1,3316,,,,
13.9453125,6.1328125,0.0625,0.14202987,0.0032931669,0.88030624,0.114806354,-0.011052585,14.271876,191.11719,0.25265333,0.65882945,191.11719,1317,FC128,crates,1,3317,,,,
13.8046875,6.3046875,0.09375,0.14430475,0.0032890714,0.88056237,0.12422407,-0.004696848,14.682423,187.82812,0.2587911,0.6593297,187.82812,1318,FC128,crates,1,3318,,,,
13.972656,6.25,0.0703125,0.14228244,0.003284976,0.8833882,0.11950292,-0.002949853,14.693166,190.92969,0.24584034,0.6598299,190.92969,1319,FC128,crates,1,3319,,,,
13.5625,6.4101562,0.07421875,0.1524133,0.0032808804,0.9043953,0.09507873,-0.009240889,14.817188,190.91406,0.20963934,0.6603302,190.91406,1320,FC128,crates,1,3320,,,,
13.6171875,6.5703125,0.03515625,0.15188901,0.003276785,0.9148559,0.08651937,-0.0111347055,15.4258995,195.17969,0.19630356,0.66083044,195.17969,1321,FC128,crates,1,3321,,,,
13.59375,6.5585938,0.03515625,0.15770678,0.003272689,0.9176705,0.07798548,-0.0117850015,15.543243,197.35156,0.18057321,0.6613307,197.35156,1322,FC128,crates,1,3322,,,,
13.332031,6.71875,0.03125,0.16098438,0.0032685935,0.9108887,0.09703779,-0.0030957747,15.885002,196.47266,0.20131952,0.66183096,196.47266,1323,FC128,crates,1,3323,,,,
13.128906,6.5898438,0.04296875,0.15901816,0.003264498,0.9084505,0.10053709,-0.0065726605,15.59758,194.89453,0.21525773,0.66233116,194.89453,1324,FC128,crates,1,3324,,,,
12.9453125,6.3320312,0.03515625,0.16951923,0.0032604025,0.9135852,0.079728134,-0.018124007,14.898634,197.51562,0.19680968,0.6628314,197.51562,1325,FC128,crates,1,3325,,,,
13.105469,6.5976562,0.03515625,0.17379576,0.003256307,0.9171549,0.07421939,-0.021265771,15.944532,196.4414,0.1921022,0.6633317,196.4414,1326,FC128,crates,1,3326,,,,
12.230469,6.2578125,0.02734375,0.1719419,0.0032522115,0.9069489,0.08583907,-0.017025692,14.697931,197.34375,0.2068479,0.66383195,197.34375,1327,FC128,crates,1,3327,,,,
12.1640625,6.3203125,0.015625,0.17636107,0.003248116,0.9112838,0.096357055,-0.008599671,14.64176,197.85156,0.21105912,0.6643322,197.85156,1328,FC128,crates,1,3328,,,,
11.949219,6.0507812,0.01953125,0.17463279,0.00324402,0.9020692,0.09392558,-0.011303819,14.410002,197.92578,0.21159182,0.6648324,197.92578,1329,FC128,crates,1,3329,,,,
12.253906,6.2539062,0.01171875,0.17355049,0.0032399246,0.9131806,0.07815461,-0.013537367,14.60051,198.71094,0.18450853,0.6653327,198.71094,1330,FC128,crates,1,3330,,,,
12.589844,6.3671875,0.01171875,0.16301253,0.003235829,0.918499,0.07785187,-0.011930134,14.88547,198.57422,0.18061897,0.66583294,198.57422,1331,FC128,crates,1,3331,,,,
12.8984375,6.4765625,0.0078125,0.15910725,0.0032317336,0.91236717,0.1022688,0.008024401,14.840744,199.11719,0.18951719,0.6663332,199.11719,1332,FC128,crates,1,3332,,,,
13.269531,6.5273438,0.01171875,0.16316353,0.003227638,0.91560954,0.09102308,0.0036608647,15.190939,198.88672,0.17577769,0.66683346,198.88672,1333,FC128,crates,1,3333,,,,
13.433594,6.5585938,0.01953125,0.14027181,0.0032235426,0.92217153,0.081424884,-0.0012816396,15.284924,198.10938,0.1663174,0.66733366,198.10938,1334,FC128,crates,1,3334,,,,
13.714844,6.7226562,0.04296875,0.14277352,0.003219447,0.9163999,0.08513265,-0.0037372473,15.532891,194.21484,0.1786591,0.6678339,194.21484,1335,FC128,crates,1,3335,,,,
14.1640625,6.921875,0.01953125,0.14097048,0.0032153516,0.9289299,0.08789928,0.0058529456,16.3325,197.39453,0.16499922,0.6683342,197.39453,1336,FC128,crates,1,3336,,,,
14.34375,6.8476562,0.03125,0.13904601,0.0032112557,0.9241112,0.09853802,0.007925259,16.115234,197.49219,0.18211855,0.66883445,197.49219,1337,FC128,crates,1,3337,,,,
14.003906,6.7070312,0.04296875,0.13403483,0.0032071602,0.92303836,0.100155085,0.00012811417,15.817111,196.02734,0.20091368,0.6693347,196.02734,1338,FC128,crates,1,3338,,,,
14.0859375,6.6875,0.05078125,0.13194759,0.0032030647,0.9258446,0.09613578,-0.0059689446,15.757619,194.26953,0.20505472,0.6698349,194.26953,1339,FC128,crates,1,3339,,,,
13.75,6.5664062,0.07421875,0.13193685,0.0031989692,0.9145114,0.10803174,-0.0077057895,15.419728,189.01953,0.23231919,0.6703352,189.01953,1340,FC128,crates,1,3340,,,,
13.9140625,6.703125,0.05078125,0.13903515,0.0031948737,0.9195985,0.09644241,-0.012994305,15.632735,192.85156,0.21976182,0.67083544,192.85156,1341,FC128,crates,1,3341,,,,
13.457031,6.5390625,0.046875,0.14502281,0.0031907782,0.9209032,0.08085313,-0.024395902,15.541994,194.53906,0.21142353,0.6713357,194.53906,1342,FC128,crates,1,3342,,,,
13.125,6.4453125,0.04296875,0.15482393,0.0031866827,0.9229492,0.07759088,-0.019784005,15.311525,194.04688,0.19573653,0.67183596,194.04688,1343,FC128,crates,1,3343,,,,
13.238281,6.5625,0.0234375,0.15586959,0.0031825872,0.9364593,0.070054,-0.011224811,15.671408,196.96484,0.16354977,0.6723362,196.96484,1344,FC128,crates,1,3344,,,,
12.964844,6.4570312,0.01953125,0.16327141,0.0031784913,0.9236249,0.07065359,-0.01729685,15.027267,197.50781,0.17693879,0.6728364,197.50781,1345,FC128,crates,1,3345,,,,
12.3359375,6.1289062,0.05078125,0.1690226,0.0031743958,0.91264343,0.07752982,-0.020414518,14.726212,193.83594,0.19696176,0.6733367,193.83594,1346,FC128,crates,1,3346,,,,
11.8046875,6.0820312,0.0234375,0.183773,0.0031703003,0.9116399,0.0837287,-0.011842251,14.384806,198.04688,0.19230713,0.67383695,198.04688,1347,FC128,crates,1,3347,,,,
12.003906,6.1328125,0.0390625,0.17866056,0.0031662048,0.8919482,0.118880615,0.005922947,14.503087,195.375,0.22704668,0.6743372,195.375,1348,FC128,crates,1,3348,,,,
11.75,6.0742188,0.02734375,0.17855762,0.0031621093,0.89136255,0.12322187,0.012896887,14.235743,196.45312,0.2217792,0.67483747,196.45312,1349,FC128,crates,1,3349,,,,
11.519531,5.9609375,0.0234375,0.18393292,0.0031580138,0.90253776,0.091394246,-0.0022504143,13.803635,198.0,0.18845105,0.6753377,198.0,1350,FC128,crates,1,3350,,,,
13.046875,6.6054688,0.015625,0.16835989,0.0031539183,0.922592,0.084967546,0.008270258,15.430197,198.40234,0.15445657,0.67583793,198.40234,1351,FC128,crates,1,3351,,,,
13.3671875,6.6210938,0.046875,0.14961009,0.0031498224,0.9115147,0.100928344,0.011035434,15.356955,194.44922,0.1807283,0.6763382,194.44922,1352,FC128,crates,1,3352,,,,
14.378906,6.8867188,0.04296875,0.12837842,0.0031457269,0.9124263,0.094792314,0.007088,16.13465,195.60156,0.17621632,0.67683846,195.60156,1353,FC128,crates,1,3353,,,,
14.6640625,6.8242188,0.05859375,0.11786971,0.0031416314,0.91744435,0.08608745,-0.00018067803,16.041058,194.19531,0.17327686,0.6773387,194.19531,1354,FC128,crates,1,3354,,,,
14.699219,6.5859375,0.09765625,0.11528118,0.0031375359,0.9020953,0.1078015,-0.006097316,15.192072,189.58203,0.22852102,0.6778389,189.58203,1355,FC128,crates,1,3355,,,,
15.019531,6.6445312,0.07421875,0.114521585,0.0031334404,0.8994261,0.11688424,-0.0050240024,15.324766,192.08984,0.24453418,0.6783392,192.08984,1356,FC128,crates,1,3356,,,,
14.53125,6.7460938,0.0625,0.12439311,0.003129345,0.91973215,0.102777764,-0.004414381,15.863907,193.16406,0.21516283,0.67883945,193.16406,1357,FC128,crates,1,3357,,,,
13.8671875,6.765625,0.0625,0.13658254,0.0031252494,0.92042005,0.106708795,-0.009564812,15.994024,192.84766,0.23340091,0.6793397,192.84766,1358,FC128,crates,1,3358,,,,
13.28125,6.5703125,0.08984375,0.14959566,0.003121154,0.90293366,0.122698195,-0.012489103,15.497071,188.64453,0.27130842,0.67983997,188.64453,1359,FC128,crates,1,3359,,,,
12.859375,6.5351562,0.046875,0.16797413,0.003117058,0.9207569,0.0869023,-0.019799279,15.614767,195.52344,0.21445031,0.6803402,195.52344,1360,FC128,crates,1,3360,,,,
11.953125,6.0429688,0.04296875,0.18032378,0.0031129625,0.9006036,0.10336221,-0.02501046,14.293751,195.10156,0.25786802,0.68084043,195.10156,1361,FC128,crates,1,3361,,,,
12.003906,6.1523438,0.0390625,0.18513268,0.003108867,0.9074215,0.08370807,-0.030141093,14.187266,194.73047,0.22884943,0.6813407,194.73047,1362,FC128,crates,1,3362,,,,
11.9609375,6.2421875,0.0234375,0.18939683,0.0031047715,0.91166025,0.07090519,-0.028902903,14.553556,198.00781,0.20079227,0.68184096,198.00781,1363,FC128,crates,1,3363,,,,
12.582031,6.578125,0.01953125,0.18560968,0.003100676,0.9205307,0.07267887,-0.014040626,15.184649,197.66797,0.17459002,0.6823412,197.66797,1364,FC128,crates,1,3364,,,,
12.8515625,6.640625,0.03125,0.18281016,0.0030965805,0.9245763,0.059884004,-0.019696934,15.377619,196.46875,0.16029406,0.6828414,196.46875,1365,FC128,crates,1,3365,,,,
12.957031,6.65625,0.0078125,0.17328511,0.003092485,0.9317313,0.06738648,-0.005375,15.407774,198.8789,0.14659472,0.6833417,198.8789,1366,FC128,crates,1,3366,,,,
12.652344,6.5546875,0.015625,0.17535406,0.003088389,0.9289836,0.07296984,-0.0006113041,15.590508,198.3086,0.14824541,0.68384194,198.3086,1367,FC128,crates,1,3367,,,,
12.839844,6.5703125,0.015625,0.16849156,0.0030842936,0.9227452,0.07945354,-0.001683687,15.582736,198.01172,0.16331382,0.6843422,198.01172,1368,FC128,crates,1,3368,,,,
13.0234375,6.6835938,0.0234375,0.15550116,0.003080198,0.92313576,0.092549585,0.001968133,15.780549,196.59766,0.18212086,0.68484247,196.59766,1369,FC128,crates,1,3369,,,,
13.90625,6.9335938,0.00390625,0.14112456,0.0030761026,0.9311212,0.08806121,0.0031016103,16.51551,199.60547,0.17078744,0.68534267,199.60547,1370,FC128,crates,1,3370,,,,
14.34375,6.7773438,0.03515625,0.121543,0.003072007,0.92739064,0.09849096,0.0010988881,16.435978,195.42188,0.1955309,0.68584293,195.42188,1371,FC128,crates,1,3371,,,,
14.4921875,6.8320312,0.0390625,0.11657764,0.0030679116,0.9228952,0.09784355,-0.012551304,16.311682,194.59375,0.221505,0.6863432,194.59375,1372,FC128,crates,1,3372,,,,
14.6640625,6.5859375,0.06640625,0.116923735,0.003063816,0.90680945,0.12507473,-0.01081299,15.379766,191.85547,0.2724919,0.68684345,191.85547,1373,FC128,crates,1,3373,,,,
15.4453125,6.5742188,0.05859375,0.11038784,0.0030597206,0.90678495,0.12605931,-0.012078869,15.490002,192.5625,0.27695185,0.6873437,192.5625,1374,FC128,crates,1,3374,,,,
14.957031,6.5546875,0.07421875,0.10299002,0.0030556247,0.90222603,0.13175105,-0.017992046,15.407736,191.0,0.3001156,0.6878439,191.0,1375,FC128,crates,1,3375,,,,
15.140625,6.7265625,0.0625,0.11509771,0.0030515292,0.912836,0.11090456,-0.021804024,15.74008,191.54297,0.2661196,0.6883442,191.54297,1376,FC128,crates,1,3376,,,,
14.933594,6.8789062,0.04296875,0.12069534,0.0030474337,0.935504,0.08948716,-0.008801118,16.179531,194.4336,0.19731218,0.68884444,194.4336,1377,FC128,crates,1,3377,,,,
14.886719,7.1171875,0.03125,0.12334888,0.0030433382,0.9465026,0.07583833,-0.0031281358,17.144924,197.08203,0.1586837,0.6893447,197.08203,1378,FC128,crates,1,3378,,,,
13.7734375,6.8671875,0.03125,0.14787628,0.0030392427,0.9431068,0.071850725,-0.009894269,16.081291,196.6289,0.16438885,0.68984497,196.6289,1379,FC128,crates,1,3379,,,,
13.089844,6.8085938,0.01171875,0.1571849,0.0030351472,0.9342948,0.08636153,-0.0036276872,15.833634,198.95312,0.18093258,0.69034517,198.95312,1380,FC128,crates,1,3380,,,,
12.214844,6.3085938,0.015625,0.17496637,0.0030310517,0.924391,0.08379576,-0.010602094,14.832267,198.39062,0.18985638,0.69084543,198.39062,1381,FC128,crates,1,3381,,,,
12.089844,6.2734375,0.0078125,0.18641871,0.0030269558,0.9285686,0.06233136,-0.020322358,14.70797,198.83984,0.166436,0.6913457,198.83984,1382,FC128,crates,1,3382,,,,
11.9453125,6.21875,0.0078125,0.18791196,0.0030228603,0.93295383,0.061585136,-0.014714435,14.610664,199.66406,0.1537352,0.69184595,199.66406,1383,FC128,crates,1,3383,,,,
13.332031,6.6835938,0.0234375,0.15531194,0.0030187648,0.9341938,0.07835986,0.0041744057,16.166798,198.69531,0.1493086,0.6923462,198.69531,1384,FC128,crates,1,3384,,,,
13.3515625,6.9179688,0.0234375,0.1514048,0.0030146693,0.9440486,0.06511504,0.0010552751,16.215275,198.63281,0.1290324,0.6928464,198.63281,1385,FC128,crates,1,3385,,,,
13.574219,6.796875,0.02734375,0.14274393,0.0030105738,0.9422601,0.06482925,-0.0013376786,16.20543,196.14453,0.13319334,0.6933467,196.14453,1386,FC128,crates,1,3386,,,,
13.988281,6.8007812,0.03515625,0.13260204,0.0030064783,0.94472355,0.067154214,0.0009876225,16.355862,196.22656,0.13313052,0.69384694,196.22656,1387,FC128,crates,1,3387,,,,
14.402344,6.9804688,0.04296875,0.12105922,0.0030023828,0.93348664,0.08392335,0.0027622266,16.396643,194.38281,0.16304918,0.6943472,194.38281,1388,FC128,crates,1,3388,,,,
14.910156,7.2421875,0.01953125,0.11508019,0.0029982873,0.9516347,0.06429043,-0.00094580656,17.406487,198.0039,0.13116255,0.69484746,198.0039,1389,FC128,crates,1,3389,,,,
14.988281,6.9101562,0.03125,0.11076658,0.0029941914,0.9329244,0.0860746,-0.0065829204,16.45539,195.41016,0.18597835,0.6953477,195.41016,1390,FC128,crates,1,3390,,,,
15.0390625,6.9648438,0.03515625,0.11018104,0.0029900959,0.9291777,0.10071208,-0.0018498682,16.439142,195.84766,0.2057828,0.6958479,195.84766,1391,FC128,crates,1,3391,,,,
15.2265625,6.828125,0.05078125,0.10444399,0.0029860004,0.92398727,0.10256456,-0.011314716,16.234612,193.67969,0.22838227,0.6963482,193.67969,1392,FC128,crates,1,3392,,,,
14.847656,6.9453125,0.05859375,0.11577304,0.002981905,0.93088675,0.09569984,-0.013043154,16.228674,192.8164,0.21817642,0.69684845,192.8164,1393,FC128,crates,1,3393,,,,
14.652344,6.9023438,0.03125,0.12255422,0.0029778094,0.9341557,0.09630103,-0.009151152,16.167032,196.29688,0.21163425,0.6973487,196.29688,1394,FC128,crates,1,3394,,,,
14.6484375,7.03125,0.015625,0.1196407,0.002973714,0.9459567,0.08158504,-0.004166144,17.015705,198.54297,0.17221393,0.697849,198.54297,1395,FC128,crates,1,3395,,,,
14.066406,6.8867188,0.01953125,0.12956028,0.0029696184,0.9386995,0.079142064,-0.012288578,16.306252,197.1875,0.18363078,0.6983492,197.1875,1396,FC128,crates,1,3396,,,,
13.875,6.7109375,0.0078125,0.14089535,0.0029655225,0.94448376,0.06976721,-0.009023486,16.084454,198.45703,0.15841705,0.69884944,198.45703,1397,FC128,crates,1,3397,,,,
13.292969,6.7773438,0.01953125,0.15715373,0.002961427,0.93530494,0.0790832,-0.0085647665,15.895158,197.92578,0.17622674,0.6993497,197.92578,1398,FC128,crates,1,3398,,,,
12.433594,6.4414062,0.0078125,0.16987601,0.0029573315,0.92646605,0.07195291,-0.021589462,15.051876,198.86328,0.18808949,0.69984996,198.86328,1399,FC128,crates,1,3399,,,,
12.261719,6.3398438,0.015625,0.1758078,0.002953236,0.92466855,0.07109221,-0.015933454,14.801369,198.27734,0.17508973,0.7003502,198.27734,1400,FC128,crates,1,3400,,,,
12.285156,6.1914062,0.01953125,0.17418163,0.0029491405,0.91697633,0.09154606,-0.0025560476,14.674923,198.32812,0.18923159,0.7008504,198.32812,1401,FC128,crates,1,3401,,,,
12.996094,6.5976562,0.01953125,0.16378917,0.002945045,0.93486977,0.072833635,-0.0019010287,15.748516,199.03516,0.15043406,0.7013507,199.03516,1402,FC128,crates,1,3402,,,,
12.9296875,6.5585938,0.015625,0.15538675,0.0029409495,0.9316441,0.061590884,-0.011239865,15.380314,198.15625,0.14657547,0.70185095,198.15625,1403,FC128,crates,1,3403,,,,
13.2890625,6.7539062,0.0078125,0.15179685,0.002936854,0.9311419,0.073511265,-0.0035764137,16.223125,199.23828,0.15506697,0.7023512,199.23828,1404,FC128,crates,1,3404,,,,
13.75,6.8125,0.01953125,0.14390469,0.002932758,0.92199296,0.095302075,0.008192182,16.348476,197.30078,0.17506386,0.7028515,197.30078,1405,FC128,crates,1,3405,,,,
14.1953125,7.0546875,0.01171875,0.130204,0.0029286626,0.93001115,0.09200288,0.0071595274,16.842697,198.24219,0.17044936,0.7033517,198.24219,1406,FC128,crates,1,3406,,,,
13.5625,6.71875,0.0234375,0.13296005,0.002924567,0.92398816,0.08553315,-0.004036293,15.455431,196.41406,0.17991659,0.70385194,196.41406,1407,FC128,crates,1,3407,,,,
15.078125,7.2734375,0.0078125,0.123887315,0.0029204716,0.9406035,0.072218075,-0.0021970402,17.39043,199.34375,0.14955385,0.7043522,199.34375,1408,FC128,crates,1,3408,,,,
14.574219,6.7148438,0.046875,0.10780269,0.002916376,0.91609263,0.10928994,-0.00035207006,16.11082,193.57422,0.2199128,0.70485246,193.57422,1409,FC128,crates,1,3409,,,,
14.9140625,6.7265625,0.04296875,0.10939565,0.0029122806,0.9246575,0.10739507,-0.0044740387,16.186876,194.7539,0.2243754,0.7053527,194.7539,1410,FC128,crates,1,3410,,,,
15.1953125,6.9375,0.0546875,0.109036915,0.0029081851,0.9218813,0.110584706,-0.004119642,16.185665,193.32422,0.23004289,0.7058529,193.32422,1411,FC128,crates,1,3411,,,,
14.605469,6.9726562,0.04296875,0.11374555,0.0029040892,0.92996037,0.10069741,-0.00637912,16.274338,194.71875,0.21481372,0.7063532,194.71875,1412,FC128,crates,1,3412,,,,
14.808594,6.8984375,0.0546875,0.11955561,0.0028999937,0.9363768,0.09507392,-0.0015583851,16.547424,194.39453,0.19395804,0.70685345,194.39453,1413,FC128,crates,1,3413,,,,
14.3671875,6.890625,0.03125,0.1312758,0.0028958982,0.93812126,0.08052064,-0.012320596,16.406174,195.27344,0.18644278,0.7073537,195.27344,1414,FC128,crates,1,3414,,,,
14.644531,7.0351562,0.03515625,0.12703982,0.0028918027,0.9455492,0.07062261,-0.011616353,16.844925,195.8164,0.16521268,0.707854,195.8164,1415,FC128,crates,1,3415,,,,
14.375,7.1914062,0.01171875,0.12585276,0.0028877072,0.94934416,0.072072394,-0.0058360305,17.29008,198.40625,0.1565437,0.7083542,198.40625,1416,FC128,crates,1,3416,,,,
12.988281,6.5898438,0.015625,0.14689085,0.0028836117,0.939167,0.07356916,-0.016162043,15.6320715,198.21484,0.18030956,0.70885444,198.21484,1417,FC128,crates,1,3417,,,,
11.90625,6.1757812,0.03125,0.16030404,0.0028795162,0.91813487,0.08887701,-0.022679428,14.715588,196.71484,0.22403607,0.7093547,196.71484,1418,FC128,crates,1,3418,,,,
11.1171875,5.9921875,0.00390625,0.18422,0.0028754207,0.9130817,0.07737745,-0.028244445,14.136798,199.82031,0.2123032,0.70985496,199.82031,1419,FC128,crates,1,3419,,,,
10.160156,5.5625,0.01171875,0.19469427,0.0028713248,0.887949,0.0963816,-0.028449915,12.72672,199.15625,0.2507811,0.7103552,199.15625,1420,FC128,crates,1,3420,,,,
9.324219,4.9570312,0.0234375,0.19799833,0.0028672293,0.86579597,0.10082888,-0.030440412,11.387892,197.3086,0.263674,0.7108554,197.3086,1421,FC128,crates,1,3421,,,,
9.75,5.3164062,0.015625,0.21684046,0.0028631338,0.89035416,0.07643794,-0.027938692,11.91879,198.01953,0.20999496,0.7113557,198.01953,1422,FC128,crates,1,3422,,,,
10.863281,5.84375,0.015625,0.19977407,0.0028590383,0.9049773,0.07985206,-0.006413292,13.341915,197.79688,0.17367303,0.71185595,197.79688,1423,FC128,crates,1,3423,,,,
12.363281,6.34375,0.015625,0.18191859,0.0028549428,0.91013587,0.09162441,0.009680108,14.821603,197.91406,0.16492733,0.7123562,197.91406,1424,FC128,crates,1,3424,,,,
13.699219,6.7890625,0.03125,0.16097985,0.0028508473,0.9247093,0.08006309,0.012106195,16.14336,198.80078,0.13683164,0.7128565,198.80078,1425,FC128,crates,1,3425,,,,
14.105469,6.9414062,0.046875,0.14863709,0.0028467518,0.9082571,0.09372963,0.01443485,16.073868,195.02344,0.15943582,0.7133567,195.02344,1426,FC128,crates,1,3426,,,,
14.519531,7.046875,0.03515625,0.13573673,0.0028426559,0.90406066,0.093356095,0.013121404,16.476173,194.9961,0.16124108,0.71385694,194.9961,1427,FC128,crates,1,3427,,,,
14.894531,7.0234375,0.046875,0.1251217,0.0028385604,0.9007493,0.09878012,0.011663613,16.653362,195.60938,0.17494334,0.7143572,195.60938,1428,FC128,crates,1,3428,,,,
15.113281,6.8828125,0.046875,0.124570444,0.002834465,0.8993309,0.095064685,0.00729405,16.161407,193.10547,0.17624745,0.71485746,193.10547,1429,FC128,crates,1,3429,,,,
15.125,6.7265625,0.07421875,0.11903523,0.0028303694,0.8890166,0.10805119,0.0028484866,15.652501,191.13281,0.21107924,0.7153577,191.13281,1430,FC128,crates,1,3430,,,,
14.8984375,6.4453125,0.09765625,0.12323415,0.002826274,0.8718194,0.12555924,-0.005380467,14.995157,187.125,0.262576,0.715858,187.125,1431,FC128,crates,1,3431,,,,
14.9921875,6.6289062,0.05859375,0.12591635,0.0028221784,0.88845664,0.11282254,-0.0076291314,15.288204,194.38281,0.24161406,0.7163582,194.38281,1432,FC128,crates,1,3432,,,,
15.144531,6.6601562,0.0546875,0.120384246,0.002818083,0.8856185,0.12517272,-0.003946188,15.740861,192.41406,0.25891632,0.71685845,192.41406,1433,FC128,crates,1,3433,,,,
14.902344,6.7109375,0.046875,0.12740228,0.0028139874,0.9025126,0.11327056,-0.0088012675,15.701719,193.95703,0.24486066,0.7173587,193.95703,1434,FC128,crates,1,3434,,,,
15.015625,7.0273438,0.0390625,0.13494855,0.0028098915,0.9224984,0.08654326,-0.01115847,16.698284,196.38281,0.19616184,0.71785897,196.38281,1435,FC128,crates,1,3435,,,,
14.519531,7.046875,0.015625,0.14609331,0.002805796,0.9310471,0.0810877,-0.011522438,16.76668,197.9375,0.18604009,0.71835923,197.9375,1436,FC128,crates,1,3436,,,,
14.0,6.953125,0.02734375,0.14501831,0.0028017005,0.91900074,0.087991536,-0.017184189,16.266603,197.11719,0.21116404,0.71885943,197.11719,1437,FC128,crates,1,3437,,,,
13.410156,6.78125,0.03515625,0.159798,0.002797605,0.92399085,0.07828067,-0.023648238,15.877461,196.60547,0.20475192,0.7193597,196.60547,1438,FC128,crates,1,3438,,,,
12.8046875,6.5039062,0.0234375,0.17201878,0.0027935095,0.9116371,0.092230976,-0.020427683,15.311837,198.60547,0.22627838,0.71985996,198.60547,1439,FC128,crates,1,3439,,,,
12.15625,6.2617188,0.02734375,0.17041756,0.002789414,0.9007411,0.09746509,-0.020818591,14.594064,196.89062,0.23751809,0.7203602,196.89062,1440,FC128,crates,1,3440,,,,
11.609375,5.9570312,0.01953125,0.17808917,0.0027853185,0.89679587,0.09261412,-0.026069315,13.788868,197.77344,0.23835894,0.7208605,197.77344,1441,FC128,crates,1,3441,,,,
11.503906,5.953125,0.03125,0.1704907,0.0027812226,0.8886974,0.094278425,-0.023682443,13.678712,196.63281,0.23687008,0.7213607,196.63281,1442,FC128,crates,1,3442,,,,
11.644531,6.1914062,0.03515625,0.18452111,0.002777127,0.88997495,0.089474194,-0.014782718,13.9266815,195.86328,0.2095387,0.72186095,195.86328,1443,FC128,crates,1,3443,,,,
12.371094,6.3125,0.046875,0.16856045,0.0027730316,0.8920189,0.09643557,-0.004787863,14.884649,196.77734,0.20338172,0.7223612,196.77734,1444,FC128,crates,1,3444,,,,
13.125,6.6210938,0.02734375,0.15688731,0.002768936,0.91906863,0.074164525,-0.0017179938,15.722189,197.90625,0.15263386,0.72286147,197.90625,1445,FC128,crates,1,3445,,,,
13.3125,6.625,0.03515625,0.1479117,0.0027648406,0.92075694,0.07631857,-0.0024682991,15.872345,196.35547,0.15839165,0.72336173,196.35547,1446,FC128,crates,1,3446,,,,
13.777344,7.0820312,0.00390625,0.14628795,0.0027607451,0.9336972,0.06917128,0.0045048376,16.541525,199.40625,0.13014062,0.72386193,199.40625,1447,FC128,crates,1,3447,,,,
13.5078125,6.90625,0.01953125,0.13875312,0.0027566496,0.91998065,0.08277537,0.0012149495,16.140587,197.71875,0.16388582,0.7243622,197.71875,1448,FC128,crates,1,3448,,,,
13.855469,6.9335938,0.03125,0.13741143,0.0027525541,0.9173963,0.08687679,-0.00032403946,16.480743,197.23047,0.17515811,0.72486246,197.23047,1449,FC128,crates,1,3449,,,,
13.558594,6.6679688,0.046875,0.12820412,0.0027484582,0.90781534,0.09678956,-0.005035859,15.383907,193.14062,0.20435557,0.7253627,193.14062,1450,FC128,crates,1,3450,,,,
14.4140625,6.5195312,0.0390625,0.11056854,0.0027443627,0.90969276,0.0969956,-0.010606426,15.555275,195.52734,0.21581092,0.725863,195.52734,1451,FC128,crates,1,3451,,,,
14.550781,6.6796875,0.0703125,0.1047443,0.0027402672,0.90285265,0.11554927,-0.0042492053,15.58629,191.01172,0.240171,0.7263632,191.01172,1452,FC128,crates,1,3452,,,,
14.59375,6.5703125,0.0625,0.10399411,0.0027361717,0.90158457,0.11839001,-0.00833381,15.173946,191.90625,0.25401673,0.72686344,191.90625,1453,FC128,crates,1,3453,,,,
15.46875,7.015625,0.03125,0.102385335,0.0027320762,0.9119872,0.10509953,-0.00715339,16.728127,196.53516,0.22506529,0.7273637,196.53516,1454,FC128,crates,1,3454,,,,
15.222656,6.9609375,0.015625,0.09731357,0.0027279807,0.9284024,0.09761586,-0.0066611655,16.692032,197.86328,0.20908499,0.72786397,197.86328,1455,FC128,crates,1,3455,,,,
14.7421875,6.8671875,0.015625,0.10756066,0.0027238852,0.9240966,0.11655411,0.0032314798,16.469063,198.48047,0.22723122,0.7283642,198.48047,1456,FC128,crates,1,3456,,,,
14.457031,7.0117188,0.02734375,0.113314934,0.0027197893,0.93067217,0.10054243,-0.0027432404,16.690586,197.02344,0.20718774,0.72886443,197.02344,1457,FC128,crates,1,3457,,,,
13.984375,6.8164062,0.015625,0.12755634,0.0027156938,0.9358312,0.086527914,-0.008722474,16.453712,198.88281,0.1911936,0.7293647,198.88281,1458,FC128,crates,1,3458,,,,
13.6015625,6.8867188,0.01953125,0.13981134,0.0027115983,0.9422074,0.07447153,-0.016441697,16.374846,197.57422,0.18258469,0.72986495,197.57422,1459,FC128,crates,1,3459,,,,
13.25,6.6171875,0.01171875,0.14497907,0.0027075028,0.92403245,0.11091877,-0.004021388,15.929104,198.60547,0.23066539,0.7303652,198.60547,1460,FC128,crates,1,3460,,,,
12.269531,6.4414062,0.02734375,0.16573378,0.0027034073,0.922092,0.10895765,-0.012302117,14.865158,196.91016,0.24341562,0.7308655,196.91016,1461,FC128,crates,1,3461,,,,
11.761719,6.1992188,0.05078125,0.16690126,0.0026993118,0.91387653,0.103202015,-0.024259951,14.35672,193.20703,0.25582498,0.7313657,193.20703,1462,FC128,crates,1,3462,,,,
11.3203125,6.03125,0.0390625,0.18580593,0.0026952163,0.9055447,0.08146131,-0.049961425,14.032384,196.19531,0.26384705,0.73186594,196.19531,1463,FC128,crates,1,3463,,,,
11.042969,5.9179688,0.046875,0.19647934,0.0026911208,0.90462697,0.073292375,-0.05493289,13.776759,196.10156,0.25750804,0.7323662,196.10156,1464,FC128,crates,1,3464,,,,
10.21875,5.4375,0.06640625,0.19542189,0.002687025,0.89753777,0.08685674,-0.042465243,12.575977,192.27344,0.25969416,0.73286647,192.27344,1465,FC128,crates,1,3465,,,,
10.3984375,5.7148438,0.0390625,0.2182751,0.0026829294,0.9033713,0.08622293,-0.027358554,13.070821,196.04297,0.2283342,0.7333667,196.04297,1466,FC128,crates,1,3466,,,,
9.832031,5.390625,0.0390625,0.21821253,0.002678834,0.8907438,0.10370829,-0.021818409,12.325157,193.77344,0.2522225,0.73386693,193.77344,1467,FC128,crates,1,3467,,,,
9.5390625,5.1835938,0.0234375,0.22507957,0.0026747384,0.8931159,0.0732545,-0.027588017,11.734259,197.26172,0.2028891,0.7343672,197.26172,1468,FC128,crates,1,3468,,,,
10.066406,5.40625,0.015625,0.2259354,0.002670643,0.9132633,0.05775497,-0.023921192,12.635742,198.6875,0.16455911,0.73486745,198.6875,1469,FC128,crates,1,3469,,,,
9.890625,5.4960938,0.01953125,0.237175,0.0026665474,0.9187894,0.06819257,-0.006129657,12.545627,198.91406,0.14990933,0.7353677,198.91406,1470,FC128,crates,1,3470,,,,
11.2734375,5.8867188,0.015625,0.2146538,0.002662452,0.9041581,0.11289236,0.022847258,14.088049,197.69531,0.18123321,0.735868,197.69531,1471,FC128,crates,1,3471,,,,
12.4453125,6.4140625,0.00390625,0.19644797,0.002658356,0.8964664,0.12201553,0.03061529,15.25586,199.67188,0.18384492,0.7363682,199.67188,1472,FC128,crates,1,3472,,,,
13.738281,6.9609375,0.02734375,0.16745901,0.0026542605,0.91589403,0.09349167,0.021757657,16.586487,197.39453,0.144357,0.73686844,197.39453,1473,FC128,crates,1,3473,,,,
14.1640625,7.1523438,0.015625,0.15688635,0.002650165,0.9218297,0.079703346,0.0150039,17.035313,198.26172,0.13023044,0.7373687,198.26172,1474,FC128,crates,1,3474,,,,
14.207031,6.90625,0.05859375,0.14464505,0.0026460695,0.90765613,0.07617898,0.0016697646,16.201603,193.17969,0.14978392,0.73786896,193.17969,1475,FC128,crates,1,3475,,,,
14.777344,6.90625,0.046875,0.14311415,0.002641974,0.9097002,0.08170093,0.008512848,16.11883,195.42969,0.14713237,0.7383692,195.42969,1476,FC128,crates,1,3476,,,,
15.0390625,7.0507812,0.03125,0.14178462,0.0026378785,0.90880436,0.090027735,0.011276883,16.282267,195.84766,0.15824972,0.7388695,195.84766,1477,FC128,crates,1,3477,,,,
15.269531,6.921875,0.05078125,0.13667151,0.002633783,0.8966149,0.100176826,0.0073727285,16.011213,193.94922,0.18632811,0.7393697,193.94922,1478,FC128,crates,1,3478,,,,
15.328125,6.5429688,0.0625,0.12671198,0.0026296875,0.8886403,0.109216034,-0.002709095,15.47461,190.86328,0.22451669,0.73986995,190.86328,1479,FC128,crates,1,3479,,,,
15.75,6.7226562,0.04296875,0.13103166,0.0026255916,0.88928825,0.102220975,-0.014882913,15.576174,195.14062,0.23489586,0.7403702,195.14062,1480,FC128,crates,1,3480,,,,
15.375,6.5,0.0703125,0.12032084,0.002621496,0.8751473,0.13661692,-0.015502493,15.270665,191.38281,0.30486968,0.7408705,191.38281,1481,FC128,crates,1,3481,,,,
15.578125,6.765625,0.04296875,0.12849335,0.0026174006,0.8937055,0.123079166,-0.010229942,15.573282,195.17578,0.26729086,0.74137074,195.17578,1482,FC128,crates,1,3482,,,,
15.0078125,6.5976562,0.0546875,0.13580367,0.002613305,0.9009376,0.124138065,-0.008077816,15.573791,193.0664,0.26514155,0.74187094,193.0664,1483,FC128,crates,1,3483,,,,
14.671875,6.7226562,0.06640625,0.13737561,0.0026092096,0.9033972,0.111166455,-0.021372112,16.225939,191.08594,0.265794,0.7423712,191.08594,1484,FC128,crates,1,3484,,,,
14.453125,6.9375,0.0390625,0.14947666,0.0026051141,0.9201661,0.08685704,-0.022806581,16.280548,195.46094,0.22010605,0.74287146,195.46094,1485,FC128,crates,1,3485,,,,
14.203125,6.9179688,0.01171875,0.15157959,0.0026010186,0.9192017,0.09476434,-0.010772518,16.172619,198.23828,0.21186224,0.7433717,198.23828,1486,FC128,crates,1,3486,,,,
13.925781,6.5898438,0.00390625,0.1513478,0.0025969232,0.92247117,0.08612384,-0.014359717,16.124104,199.03906,0.2017532,0.743872,199.03906,1487,FC128,crates,1,3487,,,,
13.410156,6.7929688,0.01171875,0.1656985,0.0025928272,0.9187958,0.06581719,-0.033939045,15.881094,198.91406,0.20037174,0.7443722,198.91406,1488,FC128,crates,1,3488,,,,
13.0546875,6.6757812,0.0,0.16972594,0.0025887317,0.908604,0.07261553,-0.029977115,15.530353,199.875,0.20606403,0.74487245,199.875,1489,FC128,crates,1,3489,,,,
12.488281,6.359375,0.01171875,0.17663953,0.0025846362,0.8958999,0.086148895,-0.023270184,14.685158,198.97656,0.21975125,0.7453727,198.97656,1490,FC128,crates,1,3490,,,,
11.859375,6.125,0.00390625,0.18812732,0.0025805407,0.886929,0.091760285,-0.019452766,14.061446,199.34766,0.22339705,0.745873,199.34766,1491,FC128,crates,1,3491,,,,
11.441406,5.8242188,0.0078125,0.18860751,0.0025764452,0.8892418,0.08352456,-0.02199409,13.523322,199.25781,0.21200918,0.74637324,199.25781,1492,FC128,crates,1,3492,,,,
11.949219,6.1054688,0.01953125,0.18475603,0.0025723497,0.8929616,0.0735224,-0.021000512,14.294806,197.55078,0.18999633,0.74687344,197.55078,1493,FC128,crates,1,3493,,,,
12.433594,6.4765625,0.01953125,0.18916656,0.0025682542,0.8967973,0.08275133,-0.005325294,15.176486,198.15234,0.17712492,0.7473737,198.15234,1494,FC128,crates,1,3494,,,,
12.871094,6.4492188,0.0078125,0.17193215,0.0025641583,0.8986927,0.090833075,0.003449983,15.382502,198.82812,0.1756479,0.74787396,198.82812,1495,FC128,crates,1,3495,,,,
13.902344,6.9960938,0.01953125,0.15710688,0.0025600628,0.9138157,0.08406308,0.007252982,16.78672,197.5,0.15442461,0.7483742,197.5,1496,FC128,crates,1,3496,,,,
14.457031,7.1054688,0.02734375,0.14472745,0.0025559673,0.9227803,0.07584919,0.0023776079,17.14672,197.58203,0.14768301,0.7488745,197.58203,1497,FC128,crates,1,3497,,,,
14.925781,7.0820312,0.02734375,0.12412892,0.0025518718,0.91885394,0.08434943,0.0047114845,17.132893,196.28906,0.15990941,0.7493747,196.28906,1498,FC128,crates,1,3498,,,,
14.761719,7.0546875,0.0546875,0.118005484,0.0025477763,0.9117007,0.09729757,0.0034596703,16.71375,194.32422,0.18827711,0.74987495,194.32422,1499,FC128,crates,1,3499,,,,
15.253906,7.234375,0.05078125,0.111915104,0.0025436808,0.9177627,0.0970695,0.0037505913,16.90879,194.91406,0.18720718,0.7503752,194.91406,1500,FC128,crates,1,3500,,,,
15.5234375,6.9453125,0.05859375,0.102731995,0.0025395853,0.9085288,0.112831496,0.0007741999,16.650547,192.34766,0.22463639,0.7508755,192.34766,1501,FC128,crates,1,3501,,,,
15.5,6.90625,0.07421875,0.10012923,0.0025354899,0.90232396,0.12194211,-0.011157347,16.332697,190.84766,0.26670668,0.75137573,190.84766,1502,FC128,crates,1,3502,,,,
15.3046875,6.7773438,0.07421875,0.10440349,0.002531394,0.9079423,0.12534055,-0.010736877,16.189339,191.80469,0.27268344,0.75187594,191.80469,1503,FC128,crates,1,3503,,,,
15.089844,7.2695312,0.02734375,0.10386141,0.0025272984,0.9325253,0.09336015,-0.009623142,16.974182,196.8086,0.20649156,0.7523762,196.8086,1504,FC128,crates,1,3504,,,,
14.3828125,7.1914062,0.02734375,0.110594,0.002523203,0.93317866,0.09898316,-0.011490165,17.061914,196.58984,0.22150476,0.75287646,196.58984,1505,FC128,crates,1,3505,,,,
14.332031,6.9882812,0.00390625,0.11168442,0.0025191074,0.94019383,0.0864815,-0.008188567,16.700079,199.625,0.18990281,0.7533767,199.625,1506,FC128,crates,1,3506,,,,
13.566406,6.9023438,0.0078125,0.12328868,0.002515012,0.9357126,0.08973692,-0.010136714,16.33254,199.48828,0.20036742,0.753877,199.48828,1507,FC128,crates,1,3507,,,,
12.917969,6.4960938,0.0078125,0.13507088,0.0025109164,0.92844844,0.08846375,-0.013178567,15.470352,199.61328,0.20396294,0.7543772,199.61328,1508,FC128,crates,1,3508,,,,
12.347656,6.2773438,0.00390625,0.15168412,0.002506821,0.9217506,0.08304779,-0.019398686,14.744572,199.88281,0.20565344,0.75487745,199.88281,1509,FC128,crates,1,3509,,,,
11.75,6.1523438,0.00390625,0.1670407,0.002502725,0.9157241,0.08065237,-0.020667301,14.018361,199.20312,0.20347546,0.7553777,199.20312,1510,FC128,crates,1,3510,,,,
11.9375,6.0898438,0.00390625,0.17353976,0.0024986295,0.91864806,0.07772026,-0.013654406,14.480352,199.70312,0.18361655,0.755878,199.70312,1511,FC128,crates,1,3511,,,,
10.839844,5.7460938,0.0078125,0.19962771,0.002494534,0.90426815,0.06455217,-0.026297206,13.441212,199.2461,0.1826947,0.75637823,199.2461,1512,FC128,crates,1,3512,,,,
9.964844,5.171875,0.02734375,0.20577781,0.0024904385,0.87926173,0.08141211,-0.023662698,11.986174,196.9375,0.21117456,0.75687844,196.9375,1513,FC128,crates,1,3513,,,,
10.285156,5.5117188,0.015625,0.21355434,0.002486343,0.88979244,0.07633948,-0.012268045,12.784024,198.50781,0.178277,0.7573787,198.50781,1514,FC128,crates,1,3514,,,,
11.21875,5.7851562,0.01171875,0.20895164,0.0024822475,0.89574397,0.08212073,7.72048e-05,13.530744,198.4414,0.1651244,0.75787896,198.4414,1515,FC128,crates,1,3515,,,,
12.332031,6.2382812,0.015625,0.18089812,0.002478152,0.91676503,0.075918324,0.006069243,15.0884,198.01172,0.14059475,0.7583792,198.01172,1516,FC128,crates,1,3516,,,,
13.683594,6.8476562,0.01171875,0.1725292,0.0024740566,0.91929317,0.081040636,0.015607774,16.441525,199.1211,0.13171941,0.7588795,199.1211,1517,FC128,crates,1,3517,,,,
14.0390625,6.9375,0.05078125,0.16117765,0.0024699606,0.90418965,0.10002771,0.020266168,16.53258,194.83984,0.16031928,0.75937974,194.83984,1518,FC128,crates,1,3518,,,,
14.160156,6.7851562,0.07421875,0.15021922,0.002465865,0.89281404,0.108888455,0.019145478,16.104181,191.98047,0.18022679,0.75987995,191.98047,1519,FC128,crates,1,3519,,,,
14.167969,6.4296875,0.0859375,0.1526075,0.0024617696,0.88344365,0.10757297,0.010691407,15.494961,188.98828,0.19451451,0.7603802,188.98828,1520,FC128,crates,1,3520,,,,
13.996094,6.40625,0.12109375,0.14486271,0.0024576741,0.8797184,0.11045772,0.0028965718,15.179885,182.5625,0.21583435,0.7608805,182.5625,1521,FC128,crates,1,3521,,,,
13.964844,6.21875,0.140625,0.13467209,0.0024535786,0.87095255,0.11179061,-0.0026633972,14.527697,182.44922,0.22956887,0.76138073,182.44922,1522,FC128,crates,1,3522,,,,
14.6875,6.4140625,0.11328125,0.12721722,0.0024494831,0.8734298,0.12642722,0.0037119738,15.143244,184.30469,0.24605373,0.761881,184.30469,1523,FC128,crates,1,3523,,,,
15.152344,6.5585938,0.08203125,0.13022389,0.0024453877,0.88250875,0.12515722,0.0027135916,15.445587,188.86328,0.24552417,0.7623812,188.86328,1524,FC128,crates,1,3524,,,,
15.050781,6.390625,0.09765625,0.12187889,0.0024412917,0.8823554,0.12592383,-0.011967782,14.9541025,187.2461,0.2763783,0.76288146,187.2461,1525,FC128,crates,1,3525,,,,
15.0625,6.609375,0.0859375,0.11981501,0.0024371962,0.894855,0.12983827,-0.009674836,15.57797,189.75,0.27961025,0.7633817,189.75,1526,FC128,crates,1,3526,,,,
14.550781,6.7382812,0.06640625,0.12047052,0.0024331007,0.9032948,0.123432964,-0.008957469,15.675666,191.44531,0.2653671,0.763882,191.44531,1527,FC128,crates,1,3527,,,,
15.1875,7.1796875,0.015625,0.1235638,0.0024290052,0.93687886,0.08222751,-0.0071837646,17.100899,197.07422,0.17942284,0.76438224,197.07422,1528,FC128,crates,1,3528,,,,
13.78125,6.65625,0.05859375,0.14028442,0.0024249097,0.92429113,0.10864633,-0.010197314,15.650783,194.08203,0.23836765,0.76488245,194.08203,1529,FC128,crates,1,3529,,,,
13.421875,6.7578125,0.015625,0.1497682,0.0024208142,0.92887306,0.09077535,-0.015047567,15.627697,198.82812,0.21237095,0.7653827,198.82812,1530,FC128,crates,1,3530,,,,
12.644531,6.4960938,0.02734375,0.15298864,0.0024167188,0.9132481,0.09517124,-0.023846332,14.9178915,198.78516,0.2387746,0.76588297,198.78516,1531,FC128,crates,1,3531,,,,
12.097656,6.2265625,0.015625,0.15690574,0.0024126233,0.8987594,0.11344485,-0.017563974,14.657892,198.40625,0.26277477,0.76638323,198.40625,1532,FC128,crates,1,3532,,,,
11.5,5.9296875,0.015625,0.1746963,0.0024085273,0.88895124,0.12652265,-0.010995832,13.970275,199.29688,0.2758785,0.7668835,199.29688,1533,FC128,crates,1,3533,,,,
11.417969,5.8632812,0.0078125,0.18648233,0.0024044318,0.87515455,0.111989506,-0.022989217,13.51961,199.41406,0.2708542,0.7673837,199.41406,1534,FC128,crates,1,3534,,,,
11.042969,5.734375,0.015625,0.19370148,0.0024003363,0.8619878,0.12097707,-0.02034182,13.165665,198.13672,0.28356767,0.76788396,198.13672,1535,FC128,crates,1,3535,,,,
10.40625,5.265625,0.015625,0.22089203,0.0023962408,0.8200731,0.13851674,-0.018683424,12.017384,197.86719,0.31545892,0.7683842,197.86719,1536,FC128,crates,1,3536,,,,
10.488281,5.2265625,0.03125,0.21816625,0.0023921453,0.8521034,0.11138274,-0.010691799,12.008516,196.05469,0.24519284,0.7688845,196.05469,1537,FC128,crates,1,3537,,,,
11.652344,5.9023438,0.0234375,0.2161978,0.0023880498,0.838981,0.12691939,0.00292895,13.264416,195.88672,0.24901348,0.76938474,195.88672,1538,FC128,crates,1,3538,,,,
12.1640625,6.1757812,0.015625,0.1882156,0.0023839544,0.87313133,0.10772018,0.008560314,14.257735,198.20703,0.19921713,0.76988494,198.20703,1539,FC128,crates,1,3539,,,,
13.3203125,6.6484375,0.05078125,0.16285568,0.0023798584,0.874655,0.117393546,0.014940146,15.68586,194.39453,0.20568195,0.7703852,194.39453,1540,FC128,crates,1,3540,,,,
13.136719,6.5117188,0.09375,0.15409286,0.002375763,0.8641431,0.12224531,0.011754898,15.538752,186.92188,0.221713,0.77088547,186.92188,1541,FC128,crates,1,3541,,,,
12.8203125,6.2421875,0.171875,0.13274334,0.0023716674,0.85186803,0.12485399,0.0012337901,14.84211,176.78125,0.24787006,0.7713857,176.78125,1542,FC128,crates,1,3542,,,,
13.074219,6.40625,0.09765625,0.1411635,0.002367572,0.8851055,0.09701312,-0.0043847607,15.050352,186.52734,0.20346421,0.771886,186.52734,1543,FC128,crates,1,3543,,,,
13.582031,6.828125,0.07421875,0.13089925,0.0023634764,0.88624537,0.10872893,0.0003625539,16.077854,189.51562,0.21735151,0.7723862,189.51562,1544,FC128,crates,1,3544,,,,
13.390625,6.5703125,0.09765625,0.123079546,0.002359381,0.8617456,0.14384833,0.003458063,15.454923,185.42578,0.2813613,0.77288646,185.42578,1545,FC128,crates,1,3545,,,,
13.4375,6.6875,0.109375,0.12869343,0.0023552855,0.87432647,0.13886237,-0.00046895997,15.430391,187.14844,0.27926886,0.7733867,187.14844,1546,FC128,crates,1,3546,,,,
13.390625,6.5117188,0.109375,0.12417011,0.00235119,0.8678745,0.14294669,-0.0070433863,15.01379,183.04688,0.30056405,0.773887,183.04688,1547,FC128,crates,1,3547,,,,
13.777344,6.5664062,0.12109375,0.11224577,0.002347094,0.8760909,0.13124852,-0.015607865,15.021368,181.65625,0.29423967,0.77438724,181.65625,1548,FC128,crates,1,3548,,,,
14.121094,6.546875,0.12109375,0.1148878,0.0023429985,0.8751004,0.13572066,-0.01584579,15.191994,183.48047,0.30367124,0.77488744,183.48047,1549,FC128,crates,1,3549,,,,
14.703125,6.796875,0.07421875,0.10790978,0.002338903,0.8957305,0.1184299,-0.01213399,15.985001,189.11328,0.26163256,0.7753877,189.11328,1550,FC128,crates,1,3550,,,,
14.5390625,6.921875,0.0625,0.10919376,0.0023348075,0.91607964,0.10187107,-0.009133888,16.202229,192.3789,0.22251981,0.77588797,192.3789,1551,FC128,crates,1,3551,,,,
14.390625,7.1054688,0.015625,0.11470224,0.002330712,0.9275764,0.08715892,-0.0091885505,17.00887,198.17188,0.1932296,0.7763882,198.17188,1552,FC128,crates,1,3552,,,,
13.558594,6.7460938,0.0078125,0.12463954,0.0023266166,0.9140816,0.10987256,-0.0037163522,16.146759,198.55469,0.2277578,0.7768885,198.55469,1553,FC128,crates,1,3553,,,,
12.957031,6.375,0.01171875,0.1402305,0.002322521,0.9079589,0.11235132,-0.007624207,15.602424,198.83203,0.24060243,0.7773887,198.83203,1554,FC128,crates,1,3554,,,,
11.925781,6.0117188,0.00390625,0.16153418,0.002318425,0.902231,0.095532425,-0.021990996,14.2852745,199.75781,0.23579586,0.77788895,199.75781,1555,FC128,crates,1,3555,,,,
11.121094,5.7617188,0.0078125,0.17588718,0.0023143296,0.8856184,0.10219414,-0.027534949,13.4304695,199.4414,0.2602723,0.7783892,199.4414,1556,FC128,crates,1,3556,,,,
11.058594,5.7539062,0.0078125,0.18268827,0.0023102341,0.90311867,0.086671636,-0.020195255,13.057189,198.66406,0.21457788,0.7788895,198.66406,1557,FC128,crates,1,3557,,,,
11.34375,5.71875,0.02734375,0.19872645,0.0023061386,0.89377767,0.09698691,-0.017057175,13.567032,196.95703,0.22900476,0.77938974,196.95703,1558,FC128,crates,1,3558,,,,
12.453125,6.3046875,0.02734375,0.18849452,0.0023020431,0.9178676,0.0804902,-0.006939053,15.009532,197.78516,0.17572635,0.77989,197.78516,1559,FC128,crates,1,3559,,,,
12.75,6.5,0.0078125,0.18311909,0.0022979476,0.9243405,0.080212824,0.0016307365,15.391212,199.51953,0.15800577,0.7803902,199.51953,1560,FC128,crates,1,3560,,,,
13.191406,6.6132812,0.00390625,0.1702837,0.0022938522,0.92015636,0.09175583,0.009343977,15.719416,199.74219,0.16560492,0.78089046,199.74219,1561,FC128,crates,1,3561,,,,
13.855469,6.8320312,0.0078125,0.17280771,0.0022897567,0.9340199,0.07514255,0.00900747,16.22047,199.07422,0.13306153,0.7813907,199.07422,1562,FC128,crates,1,3562,,,,
13.9375,6.8789062,0.02734375,0.16859135,0.0022856607,0.9346388,0.074705675,0.0043655876,16.510548,197.3125,0.14145087,0.781891,197.3125,1563,FC128,crates,1,3563,,,,
13.949219,6.8476562,0.01171875,0.16804315,0.0022815652,0.93424535,0.082083575,0.008978296,16.466837,198.11328,0.14697737,0.78239125,198.11328,1564,FC128,crates,1,3564,,,,
13.355469,6.5507812,0.03125,0.16739678,0.0022774697,0.92257243,0.09047011,0.0013208776,15.302619,196.66406,0.17906095,0.78289145,196.66406,1565,FC128,crates,1,3565,,,,
14.277344,7.0859375,0.02734375,0.15446806,0.0022733742,0.94065547,0.06807944,-0.0033640175,16.607111,196.1914,0.14358924,0.7833917,196.1914,1566,FC128,crates,1,3566,,,,
14.1171875,6.8320312,0.05078125,0.14928856,0.0022692787,0.9271809,0.085850276,-0.009341654,16.341993,192.66797,0.19106142,0.783892,192.66797,1567,FC128,crates,1,3567,,,,
14.660156,7.0820312,0.0546875,0.13700488,0.0022651833,0.9344205,0.091879465,-0.0019254272,16.87262,193.125,0.18823045,0.78439224,193.125,1568,FC128,crates,1,3568,,,,
14.300781,6.640625,0.05859375,0.13690203,0.0022610878,0.9205554,0.10725974,-0.016473996,15.840393,191.6836,0.24808657,0.7848925,191.6836,1569,FC128,crates,1,3569,,,,
15.0234375,6.8242188,0.04296875,0.12445369,0.0022569918,0.9274888,0.10125623,-0.014632333,16.261253,193.8789,0.23233892,0.7853927,193.8789,1570,FC128,crates,1,3570,,,,
14.96875,6.7070312,0.0625,0.11814883,0.0022528963,0.921405,0.11376337,-0.012400011,15.745314,190.58984,0.25285912,0.78589296,190.58984,1571,FC128,crates,1,3571,,,,
14.9296875,6.875,0.04296875,0.1201873,0.0022488008,0.9330803,0.10511638,-0.0087037645,16.164299,193.26172,0.22818084,0.7863932,193.26172,1572,FC128,crates,1,3572,,,,
15.2578125,7.0976562,0.05078125,0.11617268,0.0022447053,0.9337571,0.09241559,-0.018128576,16.892307,194.45312,0.22160988,0.7868935,194.45312,1573,FC128,crates,1,3573,,,,
15.050781,7.0664062,0.0390625,0.11855715,0.0022406098,0.9376305,0.08585867,-0.014856946,16.796251,195.66797,0.20196252,0.78739375,195.66797,1574,FC128,crates,1,3574,,,,
14.6171875,7.1523438,0.0234375,0.1208213,0.0022365144,0.938619,0.09385395,-0.0027689822,17.039963,196.4961,0.19378631,0.78789395,196.4961,1575,FC128,crates,1,3575,,,,
14.449219,6.9492188,0.046875,0.12238239,0.0022324189,0.9340947,0.10395103,-0.00031185997,16.731955,193.84375,0.20907219,0.7883942,193.84375,1576,FC128,crates,1,3576,,,,
14.449219,7.1367188,0.03125,0.122002095,0.0022283234,0.9427374,0.07578158,-0.009991379,17.063282,195.71484,0.17208962,0.7888945,195.71484,1577,FC128,crates,1,3577,,,,
14.207031,6.9492188,0.0234375,0.13407448,0.0022242274,0.94652146,0.07018437,-0.009412598,16.715706,197.20312,0.15979037,0.78939474,197.20312,1578,FC128,crates,1,3578,,,,
13.5390625,6.8242188,0.01171875,0.1375489,0.002220132,0.9327948,0.09585217,-0.000897868,16.19426,198.30078,0.19411083,0.789895,198.30078,1579,FC128,crates,1,3579,,,,
13.839844,7.1289062,0.01171875,0.14381851,0.0022160364,0.9416758,0.089104846,0.0038069428,16.941916,198.3789,0.17123322,0.7903952,198.3789,1580,FC128,crates,1,3580,,,,
13.136719,6.7460938,0.015625,0.16051626,0.002211941,0.93893135,0.06652124,-0.01755506,15.909376,198.08203,0.1688627,0.79089546,198.08203,1581,FC128,crates,1,3581,,,,
13.3671875,6.7617188,0.01953125,0.15391795,0.0022078454,0.9430577,0.064432405,-0.015142461,16.209103,197.52734,0.1598294,0.7913957,197.52734,1582,FC128,crates,1,3582,,,,
13.5,6.8476562,0.0234375,0.14346372,0.00220375,0.9439069,0.07441681,-0.0072333748,16.290392,197.5664,0.16393268,0.791896,197.5664,1583,FC128,crates,1,3583,,,,
13.441406,6.8632812,0.03125,0.14563823,0.0021996545,0.94197637,0.07864228,-0.004561506,16.122267,196.94531,0.16704828,0.79239625,196.94531,1584,FC128,crates,1,3584,,,,
14.1796875,7.1640625,0.015625,0.14218423,0.0021955585,0.95056146,0.06327255,-0.00925702,17.19297,198.29688,0.14568348,0.79289645,198.29688,1585,FC128,crates,1,3585,,,,
14.144531,7.0273438,0.0390625,0.13244371,0.002191463,0.94115114,0.08076985,-0.00494481,16.755901,195.52344,0.17200981,0.7933967,195.52344,1586,FC128,crates,1,3586,,,,
14.8984375,7.171875,0.015625,0.1239398,0.0021873675,0.9506224,0.07824841,0.00094501465,17.650158,197.94922,0.155149,0.793897,197.94922,1587,FC128,crates,1,3587,,,,
14.957031,7.3125,0.01171875,0.1235073,0.002183272,0.95731616,0.065179184,-0.0029016575,17.505314,198.64062,0.13670099,0.79439723,198.64062,1588,FC128,crates,1,3588,,,,
14.890625,7.3085938,0.015625,0.11383573,0.0021791765,0.95058614,0.07875807,-0.0025113446,17.777697,197.38281,0.16303496,0.7948975,197.38281,1589,FC128,crates,1,3589,,,,
15.1640625,7.3671875,0.00390625,0.11738695,0.002175081,0.9571104,0.07857259,0.0016416035,17.89383,199.39062,0.15437263,0.7953977,199.39062,1590,FC128,crates,1,3590,,,,
14.566406,7.328125,0.01171875,0.12535174,0.0021709856,0.9508873,0.08747445,-0.0065743485,17.487305,198.3125,0.18864188,0.79589796,198.3125,1591,FC128,crates,1,3591,,,,
14.550781,7.1171875,0.02734375,0.12249608,0.00216689,0.9472395,0.087722115,-0.0149887595,17.175587,196.55078,0.20595261,0.7963982,196.55078,1592,FC128,crates,1,3592,,,,
14.296875,7.1132812,0.03515625,0.13140233,0.0021627941,0.94588214,0.0917482,-0.01438591,16.776838,195.86719,0.21283661,0.7968985,195.86719,1593,FC128,crates,1,3593,,,,
13.765625,6.96875,0.0390625,0.13515301,0.0021586986,0.9460516,0.085392445,-0.012774027,16.327385,194.17578,0.19691646,0.79739875,194.17578,1594,FC128,crates,1,3594,,,,
14.03125,7.1875,0.03515625,0.1414834,0.0021546031,0.95055306,0.07341356,-0.01567855,17.178633,195.1211,0.17879389,0.79789895,195.1211,1595,FC128,crates,1,3595,,,,
13.863281,7.0234375,0.00390625,0.1463586,0.0021505076,0.9538853,0.06116678,-0.0144366445,16.877697,199.63672,0.15183634,0.7983992,199.63672,1596,FC128,crates,1,3596,,,,
13.050781,6.7421875,0.02734375,0.16089422,0.0021464122,0.9358946,0.084381,-0.013889159,16.068478,195.46484,0.197231,0.7988995,195.46484,1597,FC128,crates,1,3597,,,,
12.238281,6.4414062,0.0234375,0.1744585,0.0021423167,0.93658435,0.07196727,-0.018111441,15.2484,197.64453,0.18090491,0.79939973,197.64453,1598,FC128,crates,1,3598,,,,
12.2421875,6.5390625,0.01171875,0.18669361,0.0021382212,0.93382657,0.07246495,-0.011034665,15.514455,199.01562,0.16779763,0.7999,199.01562,1599,FC128,crates,1,3599,,,,
12.371094,6.5742188,0.015625,0.17854476,0.0021341257,0.9343339,0.07304604,-0.004284132,15.405353,197.50781,0.15542242,0.80040026,197.50781,1600,FC128,crates,1,3600,,,,
12.519531,6.5898438,0.00390625,0.17752285,0.0021300297,0.93568206,0.07988413,0.0046026506,15.574221,199.65234,0.15131922,0.80090046,199.65234,1601,FC128,crates,1,3601,,,,
13.2890625,6.6210938,0.01171875,0.16871965,0.0021259342,0.93138546,0.08904996,0.009054218,15.846954,198.07031,0.16070884,0.8014007,198.07031,1602,FC128,crates,1,3602,,,,
13.933594,7.0664062,0.01953125,0.15304208,0.0021218387,0.9416737,0.06880364,0.003842576,16.577345,198.08594,0.13057159,0.801901,198.08594,1603,FC128,crates,1,3603,,,,
14.3515625,7.0390625,0.01953125,0.14273657,0.0021177432,0.9432798,0.072574705,0.0057840217,17.024689,198.46875,0.13418593,0.80240124,198.46875,1604,FC128,crates,1,3604,,,,
14.847656,7.1171875,0.0234375,0.1339674,0.0021136478,0.93983024,0.08045141,0.0071502435,17.333986,198.01172,0.14716865,0.8029015,198.01172,1605,FC128,crates,1,3605,,,,
14.671875,6.9101562,0.0390625,0.1261501,0.0021095523,0.9242501,0.09938601,0.0058511365,16.516563,195.70703,0.18760198,0.8034017,195.70703,1606,FC128,crates,1,3606,,,,
14.96875,7.046875,0.05859375,0.12313179,0.0021054568,0.9280727,0.08370276,-0.009959686,17.092266,192.29688,0.18784338,0.803902,192.29688,1607,FC128,crates,1,3607,,,,
14.859375,6.890625,0.0703125,0.12356621,0.0021013608,0.9228043,0.09113185,-0.013470641,16.518204,191.98047,0.2097243,0.80440223,191.98047,1608,FC128,crates,1,3608,,,,
15.046875,6.859375,0.07421875,0.116590664,0.0020972653,0.9178606,0.1168179,-0.006128149,16.233438,190.01172,0.24638113,0.8049025,190.01172,1609,FC128,crates,1,3609,,,,
14.828125,6.9492188,0.0703125,0.12304327,0.0020931698,0.91388255,0.11754708,-0.012087288,16.608282,189.4961,0.25978383,0.80540276,189.4961,1610,FC128,crates,1,3610,,,,
14.640625,6.9296875,0.0546875,0.11933763,0.0020890743,0.9205199,0.10738235,-0.019271139,16.793556,192.39844,0.25380558,0.80590296,192.39844,1611,FC128,crates,1,3611,,,,
14.464844,6.9101562,0.06640625,0.12758379,0.0020849789,0.91694844,0.11362787,-0.023555847,16.449219,191.39453,0.27489945,0.8064032,191.39453,1612,FC128,crates,1,3612,,,,
14.628906,7.171875,0.02734375,0.1238731,0.0020808834,0.933494,0.09227451,-0.015006847,17.045547,197.38672,0.21507825,0.8069035,197.38672,1613,FC128,crates,1,3613,,,,
14.7890625,7.1367188,0.02734375,0.12271589,0.0020767879,0.9360699,0.09684664,-0.008098407,17.143711,196.26172,0.2103998,0.80740374,196.26172,1614,FC128,crates,1,3614,,,,
14.300781,6.9960938,0.01953125,0.13331333,0.0020726924,0.9462846,0.07439375,-0.015770437,16.621056,197.17188,0.18088101,0.807904,197.17188,1615,FC128,crates,1,3615,,,,
14.84375,7.3320312,0.01953125,0.12955037,0.0020685964,0.9493891,0.06375422,-0.0165068,17.680664,197.26562,0.16105802,0.8084042,197.26562,1616,FC128,crates,1,3616,,,,
14.347656,7.0976562,0.0234375,0.13642809,0.002064501,0.94903207,0.06296614,-0.014928938,16.9968,196.76953,0.15635346,0.80890447,196.76953,1617,FC128,crates,1,3617,,,,
14.433594,7.1445312,0.0078125,0.13426358,0.0020604054,0.94847846,0.07260401,-0.005697911,17.07,199.58984,0.15715712,0.80940473,199.58984,1618,FC128,crates,1,3618,,,,
13.824219,6.9023438,0.0234375,0.14687563,0.00205631,0.94146407,0.08101715,-0.008575962,16.834766,196.46875,0.17979027,0.809905,196.46875,1619,FC128,crates,1,3619,,,,
14.128906,7.125,0.00390625,0.14223576,0.0020522145,0.9501875,0.060004964,-0.014265605,17.430666,199.00781,0.14912494,0.81040525,199.00781,1620,FC128,crates,1,3620,,,,
13.671875,6.8671875,0.01171875,0.14485045,0.002048119,0.9469696,0.06289011,-0.015462166,16.90172,199.27344,0.15729791,0.81090546,199.27344,1621,FC128,crates,1,3621,,,,
13.214844,6.8125,0.015625,0.15008312,0.0020440235,0.93838626,0.08077357,-0.009305884,16.21336,198.15234,0.18077245,0.8114057,198.15234,1622,FC128,crates,1,3622,,,,
13.558594,7.0,0.00390625,0.15508066,0.0020399275,0.94415385,0.07548565,-0.005485143,16.787971,199.82031,0.16257428,0.811906,199.82031,1623,FC128,crates,1,3623,,,,
13.3203125,6.6914062,0.0078125,0.15000243,0.002035832,0.94482666,0.06658108,-0.01614536,16.073126,198.33984,0.16606362,0.81240624,198.33984,1624,FC128,crates,1,3624,,,,
13.671875,6.8945312,0.01171875,0.13834375,0.0020317365,0.94869494,0.06683039,-0.008728556,16.80637,198.33984,0.15168005,0.8129065,198.33984,1625,FC128,crates,1,3625,,,,
14.046875,7.2539062,0.00390625,0.13144408,0.002027641,0.95011705,0.07578059,0.00069419626,17.397736,199.625,0.15070584,0.8134067,199.625,1626,FC128,crates,1,3626,,,,
14.636719,7.3164062,0.0078125,0.12484992,0.0020235456,0.95672387,0.06251403,-0.0036153032,17.868282,199.3711,0.13276395,0.81390697,199.3711,1627,FC128,crates,1,3627,,,,
14.53125,7.2304688,0.015625,0.120154075,0.00201945,0.9558566,0.06833473,-0.0038916583,17.65844,197.72656,0.14493807,0.8144072,197.72656,1628,FC128,crates,1,3628,,,,
14.878906,7.3125,0.00390625,0.1197241,0.0020153546,0.95845926,0.07037591,-0.0017504622,17.646643,199.16797,0.14473532,0.8149075,199.16797,1629,FC128,crates,1,3629,,,,
14.8359375,7.234375,0.0234375,0.11524064,0.002011259,0.9520104,0.07576684,-0.009350564,17.508595,196.83984,0.17069837,0.81540775,196.83984,1630,FC128,crates,1,3630,,,,
14.65625,7.1523438,0.01953125,0.10965919,0.0020071631,0.9515414,0.087763816,-0.006698719,16.89664,197.36719,0.18936528,0.81590796,197.36719,1631,FC128,crates,1,3631,,,,
14.902344,7.3710938,0.0234375,0.112144254,0.0020030676,0.95282805,0.09322874,-0.0002165442,17.63926,196.66406,0.18733984,0.8164082,196.66406,1632,FC128,crates,1,3632,,,,
15.046875,7.3203125,0.04296875,0.10738461,0.0019989721,0.9487504,0.09749407,-0.0023283802,17.654337,195.15625,0.20007423,0.8169085,195.15625,1633,FC128,crates,1,3633,,,,
14.949219,7.2773438,0.0234375,0.11017413,0.0019948767,0.9472853,0.090858616,-0.013206374,17.430042,196.82422,0.20856954,0.81740874,196.82422,1634,FC128,crates,1,3634,,,,
14.652344,7.4375,0.05078125,0.11158718,0.0019907812,0.9488229,0.088501915,-0.012201171,17.544765,194.28516,0.20185047,0.817909,194.28516,1635,FC128,crates,1,3635,,,,
14.90625,7.2382812,0.046875,0.10980196,0.0019866857,0.95356876,0.08614519,-0.005290261,17.676134,194.21094,0.1833072,0.8184092,194.21094,1636,FC128,crates,1,3636,,,,
14.734375,7.3359375,0.02734375,0.11401875,0.0019825902,0.9474008,0.1104002,0.0062168757,17.537308,196.58984,0.20881875,0.81890947,196.58984,1637,FC128,crates,1,3637,,,,
14.6484375,7.1835938,0.03125,0.11345627,0.0019784942,0.9375754,0.128634,0.00661602,17.49121,195.32422,0.24448492,0.8194097,195.32422,1638,FC128,crates,1,3638,,,,
14.839844,7.4296875,0.03125,0.107935384,0.0019743987,0.9577964,0.077065274,0.0005439658,17.962227,196.54297,0.15346883,0.81991,196.54297,1639,FC128,crates,1,3639,,,,
14.4765625,7.0546875,0.06640625,0.113470644,0.0019703032,0.9449765,0.08313207,-0.015958184,17.473633,191.9414,0.19862765,0.82041025,191.9414,1640,FC128,crates,1,3640,,,,
13.953125,7.0390625,0.0625,0.11955595,0.0019662078,0.92866755,0.09931146,-0.023584083,16.954767,191.36328,0.24626124,0.82091045,191.36328,1641,FC128,crates,1,3641,,,,
14.144531,7.28125,0.01171875,0.12384647,0.0019621123,0.9504715,0.06670299,-0.017425112,17.347424,198.3164,0.16874221,0.8214107,198.3164,1642,FC128,crates,1,3642,,,,
14.316406,7.2382812,0.02734375,0.12541485,0.0019580168,0.9583315,0.064148016,-0.0073086633,17.511915,196.80469,0.14340448,0.821911,196.80469,1643,FC128,crates,1,3643,,,,
14.066406,6.9921875,0.03125,0.124526806,0.0019539213,0.9310158,0.1284316,0.010376271,17.217697,195.95703,0.23659731,0.82241124,195.95703,1644,FC128,crates,1,3644,,,,
13.550781,6.9648438,0.015625,0.12744595,0.0019498258,0.9054768,0.16811454,0.011360217,16.853165,197.21875,0.31400564,0.8229115,197.21875,1645,FC128,crates,1,3645,,,,
13.785156,7.0898438,0.01953125,0.13247189,0.0019457298,0.9180503,0.14914915,0.012088249,17.115353,197.76172,0.2746373,0.82341176,197.76172,1646,FC128,crates,1,3646,,,,
13.3125,6.875,0.03515625,0.14040636,0.0019416343,0.93145096,0.114530206,0.0013664832,16.652775,195.79297,0.22687268,0.82391196,195.79297,1647,FC128,crates,1,3647,,,,
13.457031,7.0273438,0.015625,0.14499494,0.0019375389,0.94629246,0.06743707,-0.01673834,17.021252,198.20312,0.16891268,0.8244122,198.20312,1648,FC128,crates,1,3648,,,,
13.2578125,6.90625,0.01953125,0.1450206,0.0019334434,0.9400056,0.07341841,-0.02254305,16.717228,196.98828,0.1924837,0.8249125,196.98828,1649,FC128,crates,1,3649,,,,
13.839844,7.046875,0.02734375,0.137069,0.0019293479,0.9464926,0.06658138,-0.016597787,16.965118,195.5664,0.16688724,0.82541275,195.5664,1650,FC128,crates,1,3650,,,,
14.167969,7.2734375,0.015625,0.13801247,0.0019252524,0.9572108,0.06325399,-0.0033129724,17.411018,197.89844,0.13366535,0.825913,197.89844,1651,FC128,crates,1,3651,,,,
14.042969,7.1484375,0.02734375,0.12912111,0.0019211569,0.94728976,0.085190915,-1.2014697e-05,17.111525,196.04297,0.17090198,0.8264132,196.04297,1652,FC128,crates,1,3652,,,,
14.347656,7.234375,0.0234375,0.1341396,0.0019170609,0.9532603,0.07742214,-0.0011447323,17.4184,196.77734,0.15764806,0.8269135,196.77734,1653,FC128,crates,1,3653,,,,
14.613281,7.2734375,0.03125,0.12481522,0.0019129654,0.9576905,0.06263255,-0.00845323,17.556759,197.16797,0.1426491,0.82741374,197.16797,1654,FC128,crates,1,3654,,,,
14.71875,7.3320312,0.015625,0.12622045,0.00190887,0.95950705,0.05906175,-0.011938758,18.03555,197.96484,0.14248289,0.827914,197.96484,1655,FC128,crates,1,3655,,,,
14.753906,7.4960938,0.046875,0.12234589,0.0019047745,0.95390445,0.07546478,-0.009458031,17.968243,194.6875,0.17031169,0.82841426,194.6875,1656,FC128,crates,1,3656,,,,
14.136719,7.2148438,0.0234375,0.11811383,0.001900679,0.9429912,0.10520659,-0.002455074,17.132853,196.5625,0.2157723,0.82891446,196.5625,1657,FC128,crates,1,3657,,,,
13.792969,7.0546875,0.04296875,0.11902234,0.0018965835,0.9406822,0.11677274,-0.000770114,16.61715,193.8164,0.23553719,0.8294147,193.8164,1658,FC128,crates,1,3658,,,,
13.707031,7.0898438,0.05859375,0.12026648,0.001892488,0.94062525,0.10847634,-0.012365426,16.88094,191.55469,0.24213873,0.829915,191.55469,1659,FC128,crates,1,3659,,,,
14.2265625,7.2929688,0.01953125,0.11454755,0.0018883925,0.94987017,0.07975279,-0.016380114,17.40039,196.44531,0.19269843,0.83041525,196.44531,1660,FC128,crates,1,3660,,,,
13.941406,7.1484375,0.01171875,0.12265112,0.0018842965,0.9507125,0.07791455,-0.018786239,17.067226,197.82031,0.1938638,0.8309155,197.82031,1661,FC128,crates,1,3661,,,,
13.683594,6.84375,0.02734375,0.12218098,0.001880201,0.94936955,0.07882042,-0.015578999,16.515274,195.9414,0.18925829,0.8314157,195.9414,1662,FC128,crates,1,3662,,,,
14.003906,7.1015625,0.015625,0.12481976,0.0018761056,0.9464451,0.09711288,0.0011811001,17.14668,198.02344,0.1923319,0.831916,198.02344,1663,FC128,crates,1,3663,,,,
13.9140625,7.2148438,0.02734375,0.12707306,0.0018720101,0.94205505,0.102368735,0.0005990273,16.952385,196.74219,0.20401518,0.83241624,196.74219,1664,FC128,crates,1,3664,,,,
14.3203125,7.3203125,0.015625,0.12505642,0.0018679146,0.9585709,0.06481384,-0.00275684,17.729454,197.48047,0.13560855,0.8329165,197.48047,1665,FC128,crates,1,3665,,,,
14.378906,7.28125,0.01171875,0.12769641,0.0018638191,0.95221937,0.060330223,-0.015041959,17.888556,198.61719,0.15122037,0.83341676,198.61719,1666,FC128,crates,1,3666,,,,
13.9453125,7.046875,0.01953125,0.13389094,0.0018597236,0.9458285,0.06320363,-0.018987458,16.900627,198.08203,0.16488019,0.83391696,198.08203,1667,FC128,crates,1,3667,,,,
13.8671875,7.1328125,0.015625,0.1314302,0.0018556276,0.94891125,0.063429564,-0.013461953,16.643986,198.48828,0.15427081,0.8344172,198.48828,1668,FC128,crates,1,3668,,,,
13.878906,7.1132812,0.01171875,0.125661,0.0018515321,0.9477149,0.07726857,-0.0016316603,17.241016,198.33203,0.1582658,0.8349175,198.33203,1669,FC128,crates,1,3669,,,,
14.0625,7.3359375,0.01171875,0.13494462,0.0018474367,0.9509866,0.08411217,0.0042304667,17.441095,199.0664,0.160262,0.83541775,199.0664,1670,FC128,crates,1,3670,,,,
14.390625,7.1289062,0.0078125,0.12790029,0.0018433412,0.9529833,0.07385288,0.0009691746,17.354221,199.0586,0.14623895,0.835918,199.0586,1671,FC128,crates,1,3671,,,,
14.488281,7.140625,0.0234375,0.120200545,0.0018392457,0.9511167,0.068539016,-0.010222569,17.736486,197.70312,0.15796533,0.8364182,197.70312,1672,FC128,crates,1,3672,,,,
14.269531,7.1367188,0.03515625,0.12493542,0.0018351502,0.94675934,0.0757662,-0.014469356,17.317385,196.38281,0.18092966,0.8369185,196.38281,1673,FC128,crates,1,3673,,,,
14.550781,7.21875,0.01953125,0.12186592,0.0018310547,0.95534277,0.06692141,-0.011466443,17.426134,198.32422,0.157222,0.83741874,198.32422,1674,FC128,crates,1,3674,,,,
14.519531,7.3554688,0.01953125,0.115937926,0.0018269592,0.9428169,0.10506725,0.0028312039,17.559143,195.86328,0.20489572,0.837919,195.86328,1675,FC128,crates,1,3675,,,,
14.53125,7.2617188,0.0078125,0.113383226,0.0018228632,0.94001514,0.11102688,0.0035747555,17.350315,199.46875,0.2153176,0.83841926,199.46875,1676,FC128,crates,1,3676,,,,
14.660156,7.3320312,0.02734375,0.10970734,0.0018187677,0.9458094,0.0999611,-0.0013912293,17.521057,195.91016,0.20310374,0.83891946,195.91016,1677,FC128,crates,1,3677,,,,
14.363281,7.140625,0.02734375,0.11517548,0.0018146723,0.9450081,0.08464792,-0.017073829,17.356018,196.0664,0.2038615,0.8394197,196.0664,1678,FC128,crates,1,3678,,,,
14.707031,7.4023438,0.02734375,0.10967513,0.0018105768,0.9473641,0.08291466,-0.016338052,17.695274,196.82812,0.19890256,0.83992,196.82812,1679,FC128,crates,1,3679,,,,
14.691406,7.3125,0.015625,0.111753896,0.0018064813,0.95778805,0.06919877,-0.010356397,17.650158,197.98828,0.1595141,0.84042025,197.98828,1680,FC128,crates,1,3680,,,,
14.8046875,7.3359375,0.00390625,0.11109235,0.0018023858,0.95908785,0.07676693,-0.0007165082,17.834923,199.05078,0.15536734,0.8409205,199.05078,1681,FC128,crates,1,3681,,,,
14.765625,7.4570312,0.01953125,0.11450842,0.0017982903,0.95531994,0.081870005,-0.0013057658,17.78918,196.72656,0.16676338,0.8414207,196.72656,1682,FC128,crates,1,3682,,,,
14.636719,7.4179688,0.01953125,0.11575684,0.0017941943,0.95904076,0.06540703,-0.008821704,17.849533,197.5664,0.14887285,0.841921,197.5664,1683,FC128,crates,1,3683,,,,
14.2421875,7.203125,0.0234375,0.12120646,0.0017900988,0.9549895,0.06908804,-0.013137913,17.400236,197.36328,0.16488585,0.84242123,197.36328,1684,FC128,crates,1,3684,,,,
14.1328125,7.4101562,0.015625,0.11975787,0.0017860034,0.9604833,0.06287845,-0.01089847,17.83879,198.03125,0.14798163,0.8429215,198.03125,1685,FC128,crates,1,3685,,,,
14.496094,7.375,0.01953125,0.11916554,0.0017819079,0.95978355,0.069682665,-0.004304192,18.271408,198.01562,0.1483984,0.84342176,198.01562,1686,FC128,crates,1,3686,,,,
13.988281,7.1328125,0.0078125,0.12498519,0.0017778124,0.9564992,0.07520245,-0.004346238,17.391642,198.57812,0.15954177,0.843922,198.57812,1687,FC128,crates,1,3687,,,,
13.917969,7.2617188,0.0078125,0.12621672,0.0017737169,0.95824915,0.06690147,-0.009265016,17.437891,198.66016,0.15278071,0.8444222,198.66016,1688,FC128,crates,1,3688,,,,
13.996094,7.1640625,0.015625,0.122960195,0.0017696214,0.95695657,0.06523804,-0.01385468,17.586056,196.97656,0.15862064,0.8449225,196.97656,1689,FC128,crates,1,3689,,,,
13.9140625,7.1054688,0.01171875,0.12605059,0.0017655259,0.9567389,0.07444315,-0.0038784263,17.21555,198.47656,0.15708825,0.84542274,198.47656,1690,FC128,crates,1,3690,,,,
13.816406,7.2695312,0.0,0.12535189,0.00176143,0.9617964,0.0638455,-0.004328232,17.411486,199.4961,0.13678905,0.845923,199.4961,1691,FC128,crates,1,3691,,,,
14.109375,7.3710938,0.00390625,0.12329139,0.0017573345,0.96475893,0.054776385,-0.008881191,17.997345,199.35156,0.12774847,0.84642327,199.35156,1692,FC128,crates,1,3692,,,,
14.207031,7.3125,0.0078125,0.12155094,0.001753239,0.9612649,0.059963364,-0.007884507,17.83133,198.59375,0.13612196,0.8469235,198.59375,1693,FC128,crates,1,3693,,,,
14.152344,7.2617188,0.0,0.12008098,0.0017491435,0.9601943,0.071530886,0.0013460366,17.437305,199.7461,0.14078978,0.84742373,199.7461,1694,FC128,crates,1,3694,,,,
14.582031,7.2773438,0.00390625,0.11526665,0.001745048,0.9628745,0.07109624,0.0029316111,17.923674,199.6289,0.13673155,0.847924,199.6289,1695,FC128,crates,1,3695,,,,
14.359375,7.3242188,0.015625,0.11631,0.0017409525,0.95870495,0.06562392,-0.009029509,17.63844,197.4414,0.14971183,0.84842426,197.4414,1696,FC128,crates,1,3696,,,,
14.503906,7.1679688,0.015625,0.11125515,0.001736857,0.9627947,0.062382665,-0.0043452117,17.576992,197.80469,0.13384221,0.8489245,197.80469,1697,FC128,crates,1,3697,,,,
14.4921875,7.4414062,0.01171875,0.112793274,0.001732761,0.9600333,0.07744475,0.0017987941,17.660313,198.41406,0.1516828,0.8494247,198.41406,1698,FC128,crates,1,3698,,,,
14.609375,7.1835938,0.015625,0.11770679,0.0017286655,0.95655215,0.079470694,-0.002864972,17.498205,197.16797,0.16507828,0.849925,197.16797,1699,FC128,crates,1,3699,,,,
14.402344,7.2539062,0.03125,0.116014086,0.0017245701,0.9492487,0.08911694,-0.012965943,17.878906,195.46094,0.20456591,0.85042524,195.46094,1700,FC128,crates,1,3700,,,,
14.3359375,7.1445312,0.02734375,0.117641285,0.0017204746,0.9482822,0.08805433,-0.011863735,17.366056,195.3164,0.20024092,0.8509255,195.3164,1701,FC128,crates,1,3701,,,,
14.582031,7.2851562,0.03125,0.11822358,0.0017163791,0.9538789,0.078946725,-0.010120502,17.453243,195.80078,0.17854029,0.85142577,195.80078,1702,FC128,crates,1,3702,,,,
14.738281,7.3320312,0.00390625,0.117730856,0.0017122836,0.9582852,0.07667715,-0.00022597963,17.802345,199.1836,0.15420943,0.85192597,199.1836,1703,FC128,crates,1,3703,,,,
14.785156,7.4257812,0.00390625,0.123795986,0.0017081881,0.9633462,0.061653987,-0.0057473434,18.232426,199.0664,0.1352256,0.85242623,199.0664,1704,FC128,crates,1,3704,,,,
14.625,7.4257812,0.01953125,0.12146908,0.0017040926,0.962928,0.05997329,-0.0073772953,17.829025,196.72656,0.13511516,0.8529265,196.72656,1705,FC128,crates,1,3705,,,,
14.613281,7.4492188,0.01171875,0.11986225,0.0016999966,0.9547629,0.081159756,-0.0010341371,18.023438,198.21484,0.16479532,0.85342675,198.21484,1706,FC128,crates,1,3706,,,,
14.371094,7.2734375,0.01171875,0.12650037,0.0016959012,0.9565634,0.07464726,-0.003069148,17.458633,199.38281,0.15586188,0.853927,199.38281,1707,FC128,crates,1,3707,,,,
13.921875,7.1367188,0.015625,0.13303782,0.0016918057,0.95526016,0.06701071,-0.013055427,17.256447,198.51172,0.16058242,0.8544272,198.51172,1708,FC128,crates,1,3708,,,,
13.917969,7.203125,0.015625,0.1334653,0.0016877102,0.9528296,0.07138397,-0.011915563,17.238361,198.25,0.16704957,0.8549275,198.25,1709,FC128,crates,1,3709,,,,
14.109375,7.1445312,0.0078125,0.13488488,0.0016836147,0.9601818,0.068702124,-0.006202985,17.21172,198.52344,0.15026441,0.85542774,198.52344,1710,FC128,crates,1,3710,,,,
13.878906,7.1679688,0.0,0.13122971,0.0016795192,0.9564584,0.07483377,-0.0061176037,17.253204,199.58203,0.16234356,0.855928,199.58203,1711,FC128,crates,1,3711,,,,
14.003906,7.1367188,0.015625,0.13497819,0.0016754237,0.9537206,0.06652655,-0.014389338,17.01625,198.29297,0.16228406,0.85642827,198.29297,1712,FC128,crates,1,3712,,,,
14.582031,7.3164062,0.01171875,0.12471736,0.0016713277,0.9648036,0.053779457,-0.007606653,17.760939,198.15625,0.12318911,0.85692847,198.15625,1713,FC128,crates,1,3713,,,,
14.734375,7.3398438,0.0078125,0.12637125,0.0016672323,0.9573287,0.07643944,0.00027790485,17.866251,198.65625,0.15274444,0.8574287,198.65625,1714,FC128,crates,1,3714,,,,
14.777344,7.203125,0.0,0.11950293,0.0016631368,0.9597714,0.07153291,-0.0004398402,17.656681,199.8789,0.144343,0.857929,199.8789,1715,FC128,crates,1,3715,,,,
14.7734375,7.3632812,0.0234375,0.11950483,0.0016590413,0.9588684,0.06813625,-0.007330812,17.96629,197.14453,0.15133065,0.85842925,197.14453,1716,FC128,crates,1,3716,,,,
14.785156,7.4765625,0.015625,0.11645773,0.0016549458,0.96042573,0.06301859,-0.008261077,18.056095,198.33203,0.1429448,0.8589295,198.33203,1717,FC128,crates,1,3717,,,,
14.996094,7.40625,0.01953125,0.11142746,0.0016508503,0.9600449,0.07303999,-0.001692318,18.106642,197.79297,0.14983252,0.8594297,197.79297,1718,FC128,crates,1,3718,,,,
14.9140625,7.28125,0.0234375,0.11414514,0.0016467548,0.9525194,0.08364728,-0.0060656653,17.49715,197.125,0.17980184,0.85993,197.125,1719,FC128,crates,1,3719,,,,
14.535156,7.2773438,0.046875,0.11814092,0.0016426593,0.95404226,0.07556907,-0.012211032,17.300743,195.08984,0.17594834,0.86043024,195.08984,1720,FC128,crates,1,3720,,,,
14.746094,7.2929688,0.01953125,0.113575056,0.0016385633,0.95489454,0.072346225,-0.011243062,17.971992,198.21094,0.16755077,0.8609305,198.21094,1721,FC128,crates,1,3721,,,,
14.417969,7.2851562,0.02734375,0.115808725,0.0016344679,0.9581236,0.07393648,-0.0046043396,17.427423,196.54297,0.1574602,0.86143076,196.54297,1722,FC128,crates,1,3722,,,,
14.4140625,7.2773438,0.0234375,0.11459682,0.0016303724,0.9611349,0.07526723,0.0009110303,17.449337,198.44922,0.14908609,0.86193097,198.44922,1723,FC128,crates,1,3723,,,,
14.347656,7.3320312,0.0390625,0.11905441,0.0016262769,0.9581901,0.0703736,-0.007861591,18.041252,194.66406,0.15685762,0.8624312,194.66406,1724,FC128,crates,1,3724,,,,
13.957031,7.1523438,0.01953125,0.119240895,0.0016221814,0.95654917,0.066694625,-0.010275616,17.38508,196.16016,0.15432735,0.8629315,196.16016,1725,FC128,crates,1,3725,,,,
13.984375,7.140625,0.0078125,0.12306996,0.0016180859,0.95428586,0.08212111,-0.00061875634,17.298634,198.36719,0.16587801,0.86343175,198.36719,1726,FC128,crates,1,3726,,,,
13.875,7.1992188,0.02734375,0.12665813,0.0016139904,0.94902563,0.090820335,-0.002585756,17.20004,196.41016,0.18722102,0.863932,196.41016,1727,FC128,crates,1,3727,,,,
13.871094,7.2773438,0.0078125,0.117763236,0.0016098944,0.963918,0.062141012,-0.0076348213,17.407072,198.67578,0.13993084,0.8644322,198.67578,1728,FC128,crates,1,3728,,,,
13.7265625,6.9765625,0.0078125,0.12265453,0.001605799,0.9527322,0.069904536,-0.011045424,17.270275,198.97656,0.16229384,0.8649325,198.97656,1729,FC128,crates,1,3729,,,,
13.796875,7.1601562,0.015625,0.122148596,0.0016017035,0.95328534,0.08646104,0.00017570156,17.153088,198.125,0.17296197,0.86543274,198.125,1730,FC128,crates,1,3730,,,,
14.316406,7.484375,0.01953125,0.115914606,0.001597608,0.96248275,0.070907354,0.0025290346,18.087502,198.20312,0.13712701,0.865933,198.20312,1731,FC128,crates,1,3731,,,,
14.066406,7.4257812,0.01171875,0.118456125,0.0015935125,0.95995086,0.064800054,-0.006737076,17.736681,199.0,0.14345178,0.86643326,199.0,1732,FC128,crates,1,3732,,,,
13.9453125,7.2070312,0.0078125,0.118551165,0.001589417,0.9577189,0.06724269,-0.009226769,17.313595,198.76562,0.15331577,0.8669335,198.76562,1733,FC128,crates,1,3733,,,,
14.1328125,7.2304688,0.00390625,0.11563185,0.0015853215,0.959335,0.07456315,-0.0011164695,17.265665,199.70703,0.15172587,0.8674337,199.70703,1734,FC128,crates,1,3734,,,,
13.628906,7.1445312,0.015625,0.11489604,0.001581226,0.9526744,0.08389971,-0.0036564246,16.814884,197.80469,0.17547561,0.867934,197.80469,1735,FC128,crates,1,3735,,,,
14.386719,7.15625,0.01171875,0.11585212,0.00157713,0.95354867,0.078400046,-0.007496434,17.745392,198.05078,0.17215838,0.86843425,198.05078,1736,FC128,crates,1,3736,,,,
14.777344,7.6679688,0.0078125,0.11296092,0.0015730346,0.9682307,0.053045776,-0.005476593,18.385353,198.77734,0.117400125,0.8689345,198.77734,1737,FC128,crates,1,3737,,,,
14.3046875,7.2070312,0.01171875,0.112938,0.0015689391,0.95681334,0.07825355,-0.0005902214,17.44258,198.3125,0.15804192,0.8694348,198.3125,1738,FC128,crates,1,3738,,,,
14.550781,7.2304688,0.01953125,0.10678659,0.0015648436,0.9558329,0.08143833,-0.00014836287,17.479298,197.51953,0.1635076,0.869935,197.51953,1739,FC128,crates,1,3739,,,,
14.847656,7.3046875,0.015625,0.11301825,0.0015607481,0.96237165,0.061916407,-0.0074686655,18.126211,198.41016,0.13912293,0.87043524,198.41016,1740,FC128,crates,1,3740,,,,
14.5859375,7.3125,0.01953125,0.11187756,0.0015566526,0.9581133,0.06819906,-0.009604075,17.664337,197.80469,0.15595458,0.8709355,197.80469,1741,FC128,crates,1,3741,,,,
14.847656,7.5078125,0.01171875,0.115246415,0.0015525571,0.9627749,0.0708095,-0.002373995,17.96043,198.67578,0.14672484,0.87143576,198.67578,1742,FC128,crates,1,3742,,,,
14.78125,7.5625,0.0078125,0.10963635,0.0015484616,0.9647445,0.06810491,-0.0012842492,18.123516,198.71094,0.13911785,0.871936,198.71094,1743,FC128,crates,1,3743,,,,
14.753906,7.3945312,0.03125,0.10810994,0.0015443657,0.9609911,0.06579002,-0.011749186,17.989182,195.76172,0.15541233,0.8724362,195.76172,1744,FC128,crates,1,3744,,,,
14.691406,7.4726562,0.01171875,0.11226474,0.0015402702,0.9659436,0.058612656,-0.009256461,18.07547,198.38281,0.13608406,0.8729365,198.38281,1745,FC128,crates,1,3745,,,,
14.652344,7.3984375,0.015625,0.10858467,0.0015361747,0.961927,0.07549248,-0.0044716657,18.017227,198.39062,0.1602619,0.87343675,198.39062,1746,FC128,crates,1,3746,,,,
14.6484375,7.4882812,0.01171875,0.1096033,0.0015320792,0.96164227,0.077073835,-0.003125601,18.211174,198.9336,0.16073471,0.873937,198.9336,1747,FC128,crates,1,3747,,,,
14.515625,7.453125,0.01953125,0.10605816,0.0015279837,0.9646622,0.0655902,-0.009282209,18.250198,197.28516,0.15006894,0.8744373,197.28516,1748,FC128,crates,1,3748,,,,
13.953125,7.2929688,0.01171875,0.11761849,0.0015238882,0.9659446,0.0586221,-0.011564346,17.525002,197.82422,0.14073136,0.8749375,197.82422,1749,FC128,crates,1,3749,,,,
14.050781,7.3046875,0.01953125,0.12113219,0.0015197927,0.9597198,0.07661778,-0.0040476774,17.692736,197.99219,0.1616991,0.87543774,197.99219,1750,FC128,crates,1,3750,,,,
13.277344,6.8515625,0.0078125,0.13098763,0.0015156968,0.9541746,0.07748535,-0.011753,16.792423,198.69531,0.17887378,0.875938,198.69531,1751,FC128,crates,1,3751,,,,
13.265625,7.0195312,0.015625,0.13763773,0.0015116013,0.95954734,0.06175837,-0.0117926495,16.928322,198.72656,0.14751814,0.87643826,198.72656,1752,FC128,crates,1,3752,,,,
13.328125,7.0742188,0.0078125,0.13731885,0.0015075058,0.95907855,0.06589462,-0.0022848386,16.728867,198.76172,0.13677293,0.8769385,198.76172,1753,FC128,crates,1,3753,,,,
14.2421875,7.5351562,0.0078125,0.12988475,0.0015034103,0.965276,0.065234505,0.0060204156,17.988049,199.58203,0.11881873,0.8774387,199.58203,1754,FC128,crates,1,3754,,,,
14.269531,7.40625,0.00390625,0.12586151,0.0014993148,0.9664805,0.05541762,0.00039932414,17.95887,199.78125,0.110414,0.877939,199.78125,1755,FC128,crates,1,3755,,,,
14.214844,7.1992188,0.0234375,0.11816043,0.0014952193,0.9586706,0.06655898,-0.004593303,17.477463,196.78906,0.14265792,0.87843925,196.78906,1756,FC128,crates,1,3756,,,,
14.910156,7.4882812,0.015625,0.111504,0.0014911238,0.9654219,0.058380734,-0.0008773331,18.140549,198.57812,0.11884867,0.8789395,198.57812,1757,FC128,crates,1,3757,,,,
14.800781,7.2890625,0.046875,0.110374704,0.0014870283,0.9539464,0.0811935,-0.0037295183,17.672735,194.90234,0.17017429,0.8794398,194.90234,1758,FC128,crates,1,3758,,,,
15.152344,7.3828125,0.0234375,0.10544824,0.0014829324,0.9589106,0.077087596,-0.00406814,18.029339,197.1875,0.16262423,0.87994,197.1875,1759,FC128,crates,1,3759,,,,
14.859375,7.390625,0.0234375,0.10190298,0.0014788369,0.95024097,0.08861009,-0.012686419,17.650587,197.44531,0.2028944,0.88044024,197.44531,1760,FC128,crates,1,3760,,,,
15.0625,7.40625,0.0390625,0.104266666,0.0014747414,0.9500041,0.09383006,-0.014136306,17.664299,195.66016,0.21624026,0.8809405,195.66016,1761,FC128,crates,1,3761,,,,
14.921875,7.1757812,0.0234375,0.0996065,0.0014706459,0.95053,0.09954836,-0.0065961643,17.314026,196.04297,0.21258202,0.88144076,196.04297,1762,FC128,crates,1,3762,,,,
14.644531,7.2148438,0.0546875,0.10333772,0.0014665504,0.9462493,0.10999039,-0.0072116703,17.226837,192.35156,0.23470722,0.881941,192.35156,1763,FC128,crates,1,3763,,,,
15.375,7.5664062,0.015625,0.10704337,0.0014624549,0.9639031,0.06507869,-0.00827389,18.133087,198.69922,0.14701825,0.8824412,198.69922,1764,FC128,crates,1,3764,,,,
14.628906,7.375,0.0234375,0.11043919,0.0014583594,0.9532557,0.07310336,-0.016295455,17.767618,197.5586,0.17911975,0.8829415,197.5586,1765,FC128,crates,1,3765,,,,
14.230469,7.2109375,0.02734375,0.11880109,0.0014542635,0.9518045,0.06930083,-0.019594619,17.519337,197.27344,0.17813644,0.88344175,197.27344,1766,FC128,crates,1,3766,,,,
14.7109375,7.4375,0.0078125,0.12402332,0.001450168,0.9705209,0.043439593,-0.010045744,18.17508,199.33594,0.10733038,0.883942,199.33594,1767,FC128,crates,1,3767,,,,
14.4140625,7.3320312,0.00390625,0.123319976,0.0014460725,0.9546374,0.08322184,0.004637399,17.833673,199.39062,0.15752554,0.88444227,199.39062,1768,FC128,crates,1,3768,,,,
14.105469,7.3710938,0.01171875,0.12816004,0.001441977,0.9444868,0.10324559,0.0065581584,17.756525,197.95312,0.19374448,0.8849425,197.95312,1769,FC128,crates,1,3769,,,,
14.074219,7.3828125,0.015625,0.13565303,0.0014378815,0.9543877,0.0775125,-0.0007261133,17.54719,198.61719,0.15686734,0.88544273,198.61719,1770,FC128,crates,1,3770,,,,
13.878906,7.3125,0.0234375,0.13449414,0.001433786,0.9635019,0.050655127,-0.010630697,17.689768,197.90234,0.12295732,0.885943,197.90234,1771,FC128,crates,1,3771,,,,
13.84375,7.109375,0.015625,0.13231422,0.0014296905,0.95816326,0.058278784,-0.013280004,17.240313,198.15234,0.14349592,0.88644326,198.15234,1772,FC128,crates,1,3772,,,,
14.171875,7.2539062,0.00390625,0.12861478,0.001425595,0.96219844,0.05903718,-0.0068343957,17.773869,199.17969,0.13210985,0.8869435,199.17969,1773,FC128,crates,1,3773,,,,
14.066406,7.2929688,0.01171875,0.12677926,0.0014214991,0.95336217,0.08330579,0.0015509337,17.601604,198.05469,0.16387014,0.8874438,198.05469,1774,FC128,crates,1,3774,,,,
14.7890625,7.546875,0.015625,0.11976723,0.0014174036,0.95726454,0.08696206,0.0059334203,18.718987,198.82031,0.1623968,0.887944,198.82031,1775,FC128,crates,1,3775,,,,
14.433594,7.421875,0.00390625,0.12218215,0.0014133081,0.9632554,0.06982704,0.00045609483,17.751331,199.8125,0.13908726,0.88844424,199.8125,1776,FC128,crates,1,3776,,,,
14.578125,7.4570312,0.01171875,0.11577093,0.0014092126,0.9644843,0.057744678,-0.010846164,18.053322,198.72266,0.13750798,0.8889445,198.72266,1777,FC128,crates,1,3777,,,,
14.7890625,7.3320312,0.0234375,0.11424945,0.0014051171,0.9561542,0.06674312,-0.019681145,18.334728,197.66406,0.17316958,0.88944477,197.66406,1778,FC128,crates,1,3778,,,,
14.8984375,7.4453125,0.0234375,0.11364223,0.0014010216,0.9677373,0.053662468,-0.011463054,18.070587,197.86719,0.13056947,0.88994503,197.86719,1779,FC128,crates,1,3779,,,,
15.125,7.5976562,0.015625,0.10864896,0.0013969261,0.96391064,0.0749292,0.0003995957,18.223595,198.20312,0.14936276,0.89044523,198.20312,1780,FC128,crates,1,3780,,,,
15.1171875,7.515625,0.0078125,0.111251794,0.0013928302,0.96027726,0.084843494,0.00024863068,18.111954,198.7539,0.16949964,0.8909455,198.7539,1781,FC128,crates,1,3781,,,,
15.019531,7.4960938,0.0078125,0.10878114,0.0013887347,0.96610075,0.07151678,-0.0010395073,18.074923,199.03906,0.14541471,0.89144576,199.03906,1782,FC128,crates,1,3782,,,,
15.269531,7.4570312,0.0078125,0.10951898,0.0013846392,0.9654321,0.060236234,-0.013097314,18.264297,198.5,0.14697039,0.891946,198.5,1783,FC128,crates,1,3783,,,,
14.8984375,7.3828125,0.01953125,0.11295501,0.0013805437,0.9545529,0.07660751,-0.017162656,17.894024,197.39453,0.18785222,0.8924463,197.39453,1784,FC128,crates,1,3784,,,,
15.0234375,7.4882812,0.01171875,0.11339206,0.0013764482,0.9655394,0.057414435,-0.01334082,18.236603,198.8125,0.14182267,0.8929465,198.8125,1785,FC128,crates,1,3785,,,,
15.015625,7.5703125,0.01171875,0.11594144,0.0013723527,0.96765804,0.06693357,-0.0003047838,18.41258,198.38281,0.13479494,0.89344674,198.38281,1786,FC128,crates,1,3786,,,,
14.515625,7.3984375,0.0078125,0.11972474,0.0013682572,0.9598905,0.083093576,0.0014381243,17.873869,198.67578,0.16363853,0.893947,198.67578,1787,FC128,crates,1,3787,,,,
14.6953125,7.421875,0.01171875,0.118753016,0.0013641617,0.96473706,0.06959861,-0.0014897351,18.215431,197.64844,0.14250068,0.89444727,197.64844,1788,FC128,crates,1,3788,,,,
14.558594,7.4804688,0.015625,0.117850296,0.0013600658,0.9624342,0.06379504,-0.0112703685,18.059103,197.95312,0.15045138,0.8949475,197.95312,1789,FC128,crates,1,3789,,,,
14.078125,7.2773438,0.03515625,0.11890094,0.0013559703,0.94848365,0.08653535,-0.015781255,17.679611,196.01953,0.20495565,0.89544773,196.01953,1790,FC128,crates,1,3790,,,,
14.3046875,7.4882812,0.0078125,0.12229416,0.0013518748,0.9612555,0.06352911,-0.010898718,18.005627,198.9961,0.14918631,0.895948,198.9961,1791,FC128,crates,1,3791,,,,
13.988281,7.2226562,0.01171875,0.130939,0.0013477793,0.9619237,0.069712184,-0.0033485172,17.551018,199.26562,0.14647435,0.89644825,199.26562,1792,FC128,crates,1,3792,,,,
14.109375,7.4179688,0.0234375,0.12534368,0.0013436838,0.95811975,0.08012561,-0.0017425024,17.773283,197.26562,0.16407306,0.8969485,197.26562,1793,FC128,crates,1,3793,,,,
14.160156,7.53125,0.01953125,0.123674065,0.0013395883,0.96290547,0.06975978,-0.0019308476,18.04594,197.0664,0.1437126,0.8974488,197.0664,1794,FC128,crates,1,3794,,,,
14.488281,7.4375,0.0390625,0.12510839,0.0013354928,0.96339905,0.06183051,-0.009473085,18.126682,195.08594,0.14294136,0.897949,195.08594,1795,FC128,crates,1,3795,,,,
14.316406,7.5703125,0.0234375,0.13339758,0.0013313969,0.9650793,0.056710977,-0.012177316,18.138828,197.23438,0.1381318,0.89844924,197.23438,1796,FC128,crates,1,3796,,,,
14.105469,7.3203125,0.04296875,0.13106932,0.0013273014,0.95857495,0.06793977,-0.013244671,17.70086,194.35156,0.16271684,0.8989495,194.35156,1797,FC128,crates,1,3797,,,,
14.1484375,7.3085938,0.01953125,0.12523581,0.0013232059,0.9528971,0.09496432,-0.00020153364,17.402111,197.21094,0.19066313,0.89944977,197.21094,1798,FC128,crates,1,3798,,,,
14.3984375,7.46875,0.015625,0.124747545,0.0013191104,0.9584211,0.09185776,0.004958559,18.171604,198.38281,0.17412752,0.89995,198.38281,1799,FC128,crates,1,3799,,,,
14.3359375,7.515625,0.0078125,0.12259393,0.0013150149,0.9621767,0.07504895,-0.0008009317,17.608086,198.30078,0.1520222,0.9004502,198.30078,1800,FC128,crates,1,3800,,,,
14.5,7.5117188,0.03125,0.12133792,0.0013109194,0.9621991,0.06408537,-0.013399122,18.034336,195.07422,0.15528712,0.9009505,195.07422,1801,FC128,crates,1,3801,,,,
14.699219,7.3710938,0.01171875,0.11558734,0.0013068239,0.958863,0.06602749,-0.01544996,18.012423,198.41797,0.163257,0.90145075,198.41797,1802,FC128,crates,1,3802,,,,
14.957031,7.546875,0.00390625,0.1083367,0.0013027284,0.96252173,0.06348681,-0.008227402,18.157188,198.69922,0.14371069,0.901951,198.69922,1803,FC128,crates,1,3803,,,,
14.832031,7.4960938,0.02734375,0.111410946,0.0012986325,0.9607827,0.07921901,-0.002035969,18.295313,196.35547,0.16279933,0.9024513,196.35547,1804,FC128,crates,1,3804,,,,
14.59375,7.40625,0.01953125,0.115523435,0.001294537,0.95480454,0.091020375,0.0010215724,17.876446,196.86719,0.1802967,0.9029515,196.86719,1805,FC128,crates,1,3805,,,,
14.910156,7.5117188,0.015625,0.11074101,0.0012904415,0.9643658,0.071303904,0.0008336506,18.463203,197.6211,0.1412263,0.90345174,197.6211,1806,FC128,crates,1,3806,,,,
14.738281,7.5351562,0.0234375,0.114185624,0.001286346,0.96340334,0.061927408,-0.010525828,18.100704,197.19922,0.14520024,0.903952,197.19922,1807,FC128,crates,1,3807,,,,
14.558594,7.4804688,0.0234375,0.117191486,0.0012822505,0.95813674,0.069541395,-0.0117749395,17.977892,197.27344,0.16293322,0.90445226,197.27344,1808,FC128,crates,1,3808,,,,
14.3203125,7.2890625,0.015625,0.119209774,0.001278155,0.9626511,0.06286902,-0.010372531,17.646915,197.45312,0.14678784,0.9049525,197.45312,1809,FC128,crates,1,3809,,,,
14.6328125,7.5898438,0.015625,0.11662743,0.0012740595,0.96495974,0.0717401,0.00036112042,18.46754,197.71484,0.14305513,0.9054527,197.71484,1810,FC128,crates,1,3810,,,,
14.683594,7.3476562,0.015625,0.111888975,0.0012699636,0.9621282,0.080868684,0.0032293457,18.20465,198.75,0.15556288,0.905953,198.75,1811,FC128,crates,1,3811,,,,
14.535156,7.4296875,0.015625,0.116716996,0.0012658681,0.96074677,0.07810067,-0.0025098596,18.17469,197.03906,0.16151655,0.90645325,197.03906,1812,FC128,crates,1,3812,,,,
14.128906,7.296875,0.02734375,0.11971389,0.0012617726,0.96151465,0.062704965,-0.0134544065,17.455627,196.86719,0.15262085,0.9069535,196.86719,1813,FC128,crates,1,3813,,,,
14.828125,7.5351562,0.0390625,0.12242711,0.0012576771,0.96572673,0.054946885,-0.014948955,18.558517,196.29688,0.14009963,0.9074538,196.29688,1814,FC128,crates,1,3814,,,,
14.316406,7.3828125,0.03125,0.12318979,0.0012535816,0.96102643,0.06388486,-0.015155776,17.753124,196.63281,0.15839013,0.90795404,196.63281,1815,FC128,crates,1,3815,,,,
14.597656,7.46875,0.01171875,0.11891863,0.0012494861,0.9664247,0.07056404,-8.491765e-06,18.206642,198.33203,0.14144224,0.90845424,198.33203,1816,FC128,crates,1,3816,,,,
14.128906,7.40625,0.01171875,0.121039495,0.0012453906,0.95569074,0.092498794,0.00087591977,17.785978,198.34766,0.18354723,0.9089545,198.34766,1817,FC128,crates,1,3817,,,,
14.203125,7.1914062,0.02734375,0.11814455,0.0012412951,0.957566,0.08059178,-0.004185763,17.650743,196.96484,0.1698484,0.90945476,196.96484,1818,FC128,crates,1,3818,,,,
14.1015625,7.3164062,0.01171875,0.12827925,0.0012371992,0.96548796,0.054656204,-0.013900584,17.74379,199.26562,0.137431,0.909955,199.26562,1819,FC128,crates,1,3819,,,,
14.4140625,7.4882812,0.00390625,0.118535236,0.0012331037,0.9656856,0.052706353,-0.01303044,18.191837,199.39453,0.13176592,0.9104553,199.39453,1820,FC128,crates,1,3820,,,,
14.4140625,7.5664062,0.015625,0.11865968,0.0012290082,0.9658695,0.057132203,-0.007869714,18.179768,198.44531,0.1302955,0.9109555,198.44531,1821,FC128,crates,1,3821,,,,
14.25,7.4257812,0.01171875,0.11630658,0.0012249127,0.96333694,0.072314836,0.0010340678,17.995743,197.29297,0.14284647,0.91145575,197.29297,1822,FC128,crates,1,3822,,,,
14.5390625,7.53125,0.02734375,0.11254691,0.0012208172,0.95641506,0.08979902,0.004156234,18.251915,196.90625,0.17156036,0.911956,196.90625,1823,FC128,crates,1,3823,,,,
14.449219,7.4492188,0.02734375,0.11867147,0.0012167217,0.96190757,0.07540072,6.339685e-05,18.111408,196.38672,0.15096343,0.9124563,196.38672,1824,FC128,crates,1,3824,,,,
14.464844,7.40625,0.0078125,0.117116,0.0012126262,0.96248144,0.061218884,-0.012058207,17.902931,198.15234,0.14683822,0.91295654,198.15234,1825,FC128,crates,1,3825,,,,
14.5703125,7.4140625,0.03125,0.10931177,0.0012085303,0.95649755,0.07211614,-0.01404944,17.986176,194.83203,0.17259537,0.91345674,194.83203,1826,FC128,crates,1,3826,,,,
14.769531,7.5742188,0.0078125,0.10978857,0.0012044348,0.96231586,0.06255255,-0.008871793,18.167854,199.08203,0.14311315,0.913957,199.08203,1827,FC128,crates,1,3827,,,,
14.8984375,7.5585938,0.00390625,0.10571255,0.0012003393,0.96261185,0.07443083,0.0013325687,17.975588,198.73438,0.14645031,0.91445726,198.73438,1828,FC128,crates,1,3828,,,,
14.996094,7.5703125,0.0,0.111603834,0.0011962438,0.96254975,0.07540099,0.0023074928,18.280079,199.80469,0.14645402,0.9149575,199.80469,1829,FC128,crates,1,3829,,,,
15.0859375,7.5820312,0.01953125,0.108961135,0.0011921483,0.9675104,0.06429398,-0.0012832914,18.551601,198.17969,0.13141434,0.9154578,198.17969,1830,FC128,crates,1,3830,,,,
14.582031,7.515625,0.03515625,0.118752375,0.0011880528,0.9591928,0.0708642,-0.010302667,18.038906,194.77734,0.16261591,0.915958,194.77734,1831,FC128,crates,1,3831,,,,
14.394531,7.4140625,0.0546875,0.11508157,0.0011839573,0.95401967,0.085654005,-0.010812775,18.003908,193.14062,0.19320606,0.91645825,193.14062,1832,FC128,crates,1,3832,,,,
14.953125,7.609375,0.046875,0.12312907,0.0011798618,0.96631795,0.06061771,-0.0101315845,18.511915,196.1211,0.14178914,0.9169585,196.1211,1833,FC128,crates,1,3833,,,,
14.777344,7.484375,0.046875,0.11619244,0.0011757659,0.9648712,0.06717396,-0.006890493,18.364416,196.51562,0.14840212,0.9174588,196.51562,1834,FC128,crates,1,3834,,,,
14.6328125,7.5351562,0.03515625,0.115181446,0.0011716704,0.9592235,0.08528919,-0.0016070053,18.079142,196.24219,0.1740623,0.91795903,196.24219,1835,FC128,crates,1,3835,,,,
14.667969,7.6367188,0.015625,0.11615333,0.0011675749,0.9670744,0.06470866,-0.0059904307,18.425627,197.80469,0.14166941,0.91845924,197.80469,1836,FC128,crates,1,3836,,,,
14.269531,7.3671875,0.01171875,0.116512805,0.0011634794,0.9578346,0.07434833,-0.01637724,17.761837,198.47656,0.18172227,0.9189595,198.47656,1837,FC128,crates,1,3837,,,,
14.2578125,7.4101562,0.01171875,0.11776596,0.0011593839,0.9609482,0.0733776,-0.014987789,17.915352,197.73438,0.17700386,0.91945976,197.73438,1838,FC128,crates,1,3838,,,,
14.519531,7.4726562,0.01171875,0.11184751,0.0011552884,0.9686404,0.053394385,-0.011967337,18.276447,198.42188,0.13098188,0.91996,198.42188,1839,FC128,crates,1,3839,,,,
14.558594,7.46875,0.015625,0.11239403,0.0011511929,0.96539646,0.07148069,0.0005659538,18.163792,197.69922,0.14208825,0.9204603,197.69922,1840,FC128,crates,1,3840,,,,
14.5234375,7.5195312,0.0078125,0.11254009,0.001147097,0.9624654,0.081384696,0.0051810592,18.27676,199.14844,0.15266547,0.9209605,199.14844,1841,FC128,crates,1,3841,,,,
14.050781,7.4375,0.01171875,0.11181199,0.0011430015,0.96341413,0.07212936,0.00074991223,17.851408,197.46875,0.14301449,0.92146075,197.46875,1842,FC128,crates,1,3842,,,,
13.910156,7.484375,0.01171875,0.11776797,0.001138906,0.9685116,0.05467219,-0.008652053,18.12836,198.25,0.12691674,0.921961,198.25,1843,FC128,crates,1,3843,,,,
14.082031,7.2539062,0.0234375,0.11581473,0.0011348105,0.96087974,0.06283809,-0.014252825,17.720509,197.3086,0.1544447,0.9224613,197.3086,1844,FC128,crates,1,3844,,,,
14.1875,7.2773438,0.01171875,0.11647492,0.001130715,0.968861,0.050796434,-0.010224498,17.904377,197.8164,0.12230527,0.92296153,197.8164,1845,FC128,crates,1,3845,,,,
14.0546875,7.5507812,0.00390625,0.114463374,0.0011266195,0.96762866,0.06667035,0.0014720184,17.813438,199.07031,0.13065457,0.92346174,199.07031,1846,FC128,crates,1,3846,,,,
14.0390625,7.3242188,0.0078125,0.11238802,0.001122524,0.95874923,0.08471546,0.0007528065,17.727852,198.76562,0.16817763,0.923962,198.76562,1847,FC128,crates,1,3847,,,,
14.2109375,7.328125,0.02734375,0.111890346,0.0011184285,0.96263385,0.07127203,-0.0032699716,17.913282,195.53516,0.14933428,0.92446226,195.53516,1848,FC128,crates,1,3848,,,,
14.425781,7.5390625,0.01953125,0.118089125,0.0011143326,0.96343964,0.06057454,-0.013222882,18.2784,196.96484,0.14785802,0.9249625,196.96484,1849,FC128,crates,1,3849,,,,
14.589844,7.578125,0.0,0.112161875,0.0011102371,0.9632113,0.06313487,-0.012013204,18.649063,199.82031,0.15054521,0.9254628,199.82031,1850,FC128,crates,1,3850,,,,
14.328125,7.4882812,0.0234375,0.11424723,0.0011061416,0.9613551,0.06756712,-0.010261362,18.161251,197.19922,0.15590972,0.925963,197.19922,1851,FC128,crates,1,3851,,,,
14.386719,7.4023438,0.0078125,0.116880715,0.0011020461,0.96396047,0.07421172,-0.0010013346,17.645432,198.49219,0.15068372,0.92646325,198.49219,1852,FC128,crates,1,3852,,,,
14.855469,7.5976562,0.01953125,0.11985074,0.0010979506,0.9674061,0.070961826,0.0009768708,18.772892,198.3164,0.1402331,0.9269635,198.3164,1853,FC128,crates,1,3853,,,,
14.71875,7.5234375,0.03125,0.112757795,0.0010938551,0.96416444,0.07200135,-0.0016892344,18.362617,196.03516,0.14762786,0.92746377,196.03516,1854,FC128,crates,1,3854,,,,
14.839844,7.59375,0.0078125,0.118217334,0.0010897596,0.96942425,0.052180335,-0.012173271,18.486408,198.65234,0.12896487,0.92796403,198.65234,1855,FC128,crates,1,3855,,,,
14.871094,7.703125,0.01171875,0.11959204,0.0010856641,0.9664079,0.059570413,-0.011875936,18.597189,197.92969,0.14315237,0.9284643,197.92969,1856,FC128,crates,1,3856,,,,
14.128906,7.4179688,0.0234375,0.1205546,0.0010815682,0.9608673,0.07032423,-0.014333393,17.623672,196.85547,0.169576,0.9289645,196.85547,1857,FC128,crates,1,3857,,,,
14.15625,7.46875,0.03125,0.12146864,0.0010774727,0.9600281,0.080736816,-0.005142835,17.904375,196.52734,0.17202106,0.92946476,196.52734,1858,FC128,crates,1,3858,,,,
14.40625,7.5117188,0.015625,0.118400544,0.0010733772,0.9584614,0.08704823,-0.003049295,18.349533,198.46094,0.18044923,0.929965,198.46094,1859,FC128,crates,1,3859,,,,
13.9296875,7.3515625,0.015625,0.12438149,0.0010692817,0.9594095,0.08043913,-0.004891482,17.970783,197.11719,0.17092723,0.9304653,197.11719,1860,FC128,crates,1,3860,,,,
13.5078125,7.2226562,0.01953125,0.12731989,0.0010651862,0.96320426,0.062022965,-0.01286968,17.293049,197.51172,0.15005653,0.93096554,197.51172,1861,FC128,crates,1,3861,,,,
13.828125,7.2890625,0.015625,0.12624975,0.0010610907,0.9601094,0.06588465,-0.011339372,17.749687,197.54688,0.15471597,0.93146574,197.54688,1862,FC128,crates,1,3862,,,,
13.5078125,7.1328125,0.01953125,0.12693991,0.0010569952,0.9613038,0.059880875,-0.013720062,17.274532,197.58594,0.14747022,0.931966,197.58594,1863,FC128,crates,1,3863,,,,
14.355469,7.6914062,0.015625,0.12113095,0.0010528993,0.96704084,0.06339317,0.0002919031,18.63797,197.9375,0.1264576,0.93246627,197.9375,1864,FC128,crates,1,3864,,,,
14.535156,7.6953125,0.01171875,0.12399703,0.0010488038,0.966018,0.06839623,0.0038718048,18.869455,197.94922,0.12930895,0.93296653,197.94922,1865,FC128,crates,1,3865,,,,
14.109375,7.4726562,0.015625,0.119569145,0.0010447083,0.96295315,0.06769849,-0.002794807,18.134104,198.5586,0.14123644,0.9334668,198.5586,1866,FC128,crates,1,3866,,,,
13.941406,7.1210938,0.02734375,0.120264985,0.0010406128,0.95982236,0.06825698,-0.011575201,17.505587,197.02734,0.15991466,0.933967,197.02734,1867,FC128,crates,1,3867,,,,
14.042969,7.3125,0.0234375,0.118766874,0.0010365173,0.9565427,0.079619735,-0.008616233,17.627657,196.53516,0.17671815,0.93446726,196.53516,1868,FC128,crates,1,3868,,,,
14.910156,7.4375,0.0234375,0.115132436,0.0010324218,0.9546217,0.09423264,0.0009954904,18.21391,196.44531,0.18671204,0.9349675,196.44531,1869,FC128,crates,1,3869,,,,
15.292969,7.7304688,0.0078125,0.120363325,0.0010283263,0.959686,0.08345251,-2.7675755e-05,18.808674,198.32031,0.16720791,0.9354678,198.32031,1870,FC128,crates,1,3870,,,,
15.082031,7.3828125,0.0234375,0.11735988,0.0010242308,0.951961,0.0923558,-0.0061497064,17.972424,197.21484,0.19725142,0.93596804,197.21484,1871,FC128,crates,1,3871,,,,
15.066406,7.5507812,0.03125,0.12252589,0.0010201349,0.95437694,0.080237806,-0.013744611,18.197659,196.1836,0.18821482,0.93646824,196.1836,1872,FC128,crates,1,3872,,,,
14.917969,7.4726562,0.046875,0.11404141,0.0010160394,0.9385955,0.10980295,-0.015369162,17.987267,194.26953,0.25057596,0.9369685,194.26953,1873,FC128,crates,1,3873,,,,
14.808594,7.4335938,0.046875,0.11869483,0.0010119439,0.9462505,0.095265694,-0.015259762,18.083164,194.73828,0.22129114,0.93746877,194.73828,1874,FC128,crates,1,3874,,,,
15.214844,7.5703125,0.015625,0.11979239,0.0010078484,0.96351314,0.06650325,-0.0063374615,18.489063,197.6914,0.14592288,0.937969,197.6914,1875,FC128,crates,1,3875,,,,
14.8125,7.609375,0.015625,0.109757006,0.0010037529,0.9520239,0.103448935,0.004581526,18.485666,198.07031,0.19795516,0.9384693,198.07031,1876,FC128,crates,1,3876,,,,
14.6484375,7.5390625,0.01953125,0.119116634,0.0009996574,0.9451073,0.124172375,0.007139083,18.251173,196.34766,0.23430474,0.9389695,196.34766,1877,FC128,crates,1,3877,,,,
13.605469,7.046875,0.0390625,0.12582389,0.000995562,0.9382635,0.12813541,-0.0016340278,16.893753,194.53125,0.2597894,0.93946975,194.53125,1878,FC128,crates,1,3878,,,,
13.339844,7.1054688,0.0390625,0.12957583,0.000991466,0.94654244,0.10570352,-0.0053200894,16.843283,193.91406,0.22230415,0.93997,193.91406,1879,FC128,crates,1,3879,,,,
13.886719,7.3359375,0.03125,0.12945391,0.0009873705,0.9589361,0.07142107,-0.011213997,17.663244,195.34766,0.16552578,0.9404703,195.34766,1880,FC128,crates,1,3880,,,,
14.230469,7.3984375,0.015625,0.121457055,0.000983275,0.95959586,0.06731542,-0.012120502,18.024494,198.15234,0.1591107,0.94097054,198.15234,1881,FC128,crates,1,3881,,,,
14.3125,7.3632812,0.015625,0.12130381,0.0009791795,0.9645988,0.05550939,-0.011326894,18.055939,197.44922,0.13391012,0.94147074,197.44922,1882,FC128,crates,1,3882,,,,
14.5390625,7.6054688,0.0078125,0.113263994,0.000975084,0.97090167,0.05626619,0.0007120288,18.529415,199.52734,0.111329205,0.941971,199.52734,1883,FC128,crates,1,3883,,,,
14.214844,7.3203125,0.0234375,0.11818566,0.00097098853,0.9572748,0.08017889,-0.0011268537,17.824924,196.84766,0.16284099,0.94247127,196.84766,1884,FC128,crates,1,3884,,,,
13.964844,7.4570312,0.015625,0.11873885,0.00096689304,0.96283793,0.06444516,-0.00742714,17.871134,197.02344,0.14397421,0.9429715,197.02344,1885,FC128,crates,1,3885,,,,
14.140625,7.3789062,0.0078125,0.123960085,0.00096279755,0.9632274,0.054716874,-0.015358597,18.172266,198.73828,0.14038964,0.9434718,198.73828,1886,FC128,crates,1,3886,,,,
13.933594,7.4921875,0.00390625,0.1356606,0.0009587016,0.9632689,0.054768115,-0.016665503,17.99297,199.32031,0.14312735,0.943972,199.32031,1887,FC128,crates,1,3887,,,,
13.425781,7.1484375,0.01953125,0.13040653,0.0009546061,0.9516334,0.07279663,-0.018580327,17.274767,196.70312,0.18300287,0.94447225,196.70312,1888,FC128,crates,1,3888,,,,
13.6875,7.2578125,0.01953125,0.12974934,0.0009505106,0.9588345,0.07160052,-0.010423831,17.696487,197.14844,0.16429536,0.9449725,197.14844,1889,FC128,crates,1,3889,,,,
14.238281,7.546875,0.00390625,0.119470805,0.0009464151,0.9635926,0.07513141,0.0018931706,18.30043,199.10156,0.14670262,0.9454728,199.10156,1890,FC128,crates,1,3890,,,,
14.65625,7.5351562,0.01171875,0.113175444,0.00094231963,0.9675919,0.066292316,0.0011123912,18.528633,198.61328,0.13057314,0.94597304,198.61328,1891,FC128,crates,1,3891,,,,
14.527344,7.484375,0.015625,0.11121361,0.00093822414,0.96562964,0.064859465,-0.0050515705,18.245197,197.80078,0.14003076,0.94647324,197.80078,1892,FC128,crates,1,3892,,,,
15.042969,7.5742188,0.00390625,0.10374519,0.00093412865,0.9634506,0.066967025,-0.0076016616,18.578243,198.91797,0.1493312,0.9469735,198.91797,1893,FC128,crates,1,3893,,,,
14.894531,7.4570312,0.01171875,0.109569095,0.0009300327,0.9685628,0.06140823,-0.0058603366,18.140781,197.6914,0.13474093,0.94747376,197.6914,1894,FC128,crates,1,3894,,,,
14.8203125,7.5273438,0.01171875,0.10780799,0.0009259372,0.96494865,0.074031055,-0.0023908282,18.253517,198.09766,0.15304342,0.947974,198.09766,1895,FC128,crates,1,3895,,,,
14.9375,7.546875,0.02734375,0.10719604,0.0009218417,0.96971667,0.06255706,-0.005890662,18.421915,197.03516,0.13709307,0.9484743,197.03516,1896,FC128,crates,1,3896,,,,
14.4921875,7.4257812,0.0234375,0.108210236,0.0009177462,0.9625356,0.07522043,-0.006474981,18.035078,197.10156,0.16358943,0.9489745,197.10156,1897,FC128,crates,1,3897,,,,
14.5,7.4882812,0.03515625,0.10951448,0.0009136507,0.9652209,0.07206637,-0.0029481768,17.957932,196.46875,0.15022922,0.94947475,196.46875,1898,FC128,crates,1,3898,,,,
14.4453125,7.4257812,0.0390625,0.11614714,0.00090955524,0.96811914,0.063086666,-0.0070677884,18.044025,195.98828,0.1405202,0.949975,195.98828,1899,FC128,crates,1,3899,,,,
14.1640625,7.2578125,0.02734375,0.11436582,0.00090545975,0.9643414,0.0689753,-0.007173191,17.679768,196.9336,0.15250409,0.9504753,196.9336,1900,FC128,crates,1,3900,,,,
14.4765625,7.5234375,0.0078125,0.111929975,0.00090136426,0.97306746,0.05338019,-0.0021567373,18.244377,199.14453,0.111275636,0.95097554,199.14453,1901,FC128,crates,1,3901,,,,
14.0,7.3671875,0.01171875,0.11988553,0.0008972683,0.968612,0.05948262,-0.004751672,17.794884,198.23828,0.12868372,0.9514758,198.23828,1902,FC128,crates,1,3902,,,,
13.59375,7.09375,0.0390625,0.122598894,0.0008931728,0.9495754,0.08717113,-0.01446737,17.315159,194.1289,0.203496,0.951976,194.1289,1903,FC128,crates,1,3903,,,,
14.3203125,7.5585938,0.01171875,0.1209602,0.0008890773,0.96739846,0.06195371,-0.005181574,18.39875,198.67188,0.13448565,0.95247626,198.67188,1904,FC128,crates,1,3904,,,,
14.4140625,7.40625,0.0078125,0.121124454,0.0008849818,0.9600919,0.08085406,-0.00015047437,17.89543,198.35547,0.16222344,0.9529765,198.35547,1905,FC128,crates,1,3905,,,,
14.394531,7.453125,0.0078125,0.11637322,0.00088088633,0.9645366,0.07207683,-0.00046520747,17.992071,198.26172,0.1452891,0.9534768,198.26172,1906,FC128,crates,1,3906,,,,
14.652344,7.390625,0.015625,0.11334981,0.00087679084,0.9641903,0.06808351,-0.0029430524,17.951721,197.85156,0.1422519,0.95397705,197.85156,1907,FC128,crates,1,3907,,,,
14.7890625,7.5507812,0.02734375,0.11418338,0.0008726949,0.96246,0.06545926,-0.010210163,17.857891,196.58203,0.15153813,0.95447725,196.58203,1908,FC128,crates,1,3908,,,,
15.234375,7.3945312,0.03125,0.1072136,0.00086859986,0.95829403,0.07375971,-0.008575086,17.661642,196.05469,0.16485585,0.9549775,196.05469,1909,FC128,crates,1,3909,,,,
15.527344,7.4804688,0.01953125,0.11198999,0.0008645039,0.964627,0.07028342,-4.0359704e-05,18.17883,198.03516,0.14084119,0.9554778,198.03516,1910,FC128,crates,1,3910,,,,
15.3828125,7.5078125,0.01953125,0.11405485,0.0008604089,0.96514726,0.070144564,-0.0033584014,18.224495,197.19922,0.1472022,0.95597804,197.19922,1911,FC128,crates,1,3911,,,,
15.0859375,7.5078125,0.01953125,0.1171987,0.0008563129,0.96538264,0.061994586,-0.009485272,18.288635,197.75781,0.14316043,0.9564783,197.75781,1912,FC128,crates,1,3912,,,,
14.6953125,7.5039062,0.01953125,0.11800804,0.00085221697,0.9624084,0.07037623,-0.008589344,17.896214,197.11719,0.15813228,0.9569785,197.11719,1913,FC128,crates,1,3913,,,,
14.890625,7.5507812,0.03125,0.120356604,0.00084812194,0.96037555,0.082339056,-0.0036610381,18.605862,195.94922,0.17220435,0.95747876,195.94922,1914,FC128,crates,1,3914,,,,
14.480469,7.34375,0.015625,0.12851368,0.000844026,0.96045244,0.079488896,-0.002551171,17.929377,197.46875,0.16429706,0.957979,197.46875,1915,FC128,crates,1,3915,,,,
13.847656,7.2851562,0.046875,0.12750448,0.00083993096,0.9563559,0.07688072,-0.013747405,17.568361,195.02734,0.18147045,0.9584793,195.02734,1916,FC128,crates,1,3916,,,,
13.890625,7.3515625,0.0234375,0.13504738,0.000835835,0.9555497,0.06658256,-0.019892309,17.756563,196.98438,0.17317548,0.95897955,196.98438,1917,FC128,crates,1,3917,,,,
13.6796875,7.0742188,0.0078125,0.13281581,0.00083174,0.9525935,0.066239044,-0.021364333,17.078945,199.30078,0.17542769,0.95947975,199.30078,1918,FC128,crates,1,3918,,,,
13.636719,7.1796875,0.00390625,0.1329524,0.000827644,0.95854735,0.05844593,-0.012487719,17.174572,199.28516,0.14208737,0.95998,199.28516,1919,FC128,crates,1,3919,,,,
13.667969,7.140625,0.015625,0.12831068,0.00082354806,0.9510503,0.08299957,-0.0006660128,17.284416,197.4336,0.16754252,0.9604803,197.4336,1920,FC128,crates,1,3920,,,,
14.7734375,7.484375,0.00390625,0.12155314,0.00081945304,0.9538344,0.08424329,0.008158374,18.623713,199.64453,0.15236905,0.96098053,199.64453,1921,FC128,crates,1,3921,,,,
14.4609375,7.3554688,0.00390625,0.124182984,0.0008153571,0.95590836,0.07224379,0.0020275984,18.049297,198.86328,0.14063488,0.9614808,198.86328,1922,FC128,crates,1,3922,,,,
14.597656,7.5078125,0.0,0.1275132,0.00081126206,0.9655291,0.04591573,-0.0076958784,18.304104,199.92188,0.107430115,0.961981,199.92188,1923,FC128,crates,1,3923,,,,
14.796875,7.375,0.0234375,0.11938378,0.0008071661,0.95531595,0.062228784,-0.010179381,18.090511,196.40234,0.14500906,0.96248126,196.40234,1924,FC128,crates,1,3924,,,,
15.1171875,7.4609375,0.01953125,0.122964054,0.0008030711,0.95789415,0.05881609,-0.012431384,18.203323,196.99219,0.14269245,0.9629815,196.99219,1925,FC128,crates,1,3925,,,,
15.386719,7.515625,0.0234375,0.115040354,0.0007989751,0.96016026,0.07144527,8.914425e-05,18.223751,197.51172,0.14289609,0.9634818,197.51172,1926,FC128,crates,1,3926,,,,
15.484375,7.4570312,0.01953125,0.11404899,0.0007948801,0.9504478,0.08926355,-0.0032672065,18.11879,197.16406,0.18524283,0.96398205,197.16406,1927,FC128,crates,1,3927,,,,
15.546875,7.3515625,0.04296875,0.11021166,0.00079078414,0.95545334,0.08416982,-0.007448437,17.85176,195.58984,0.18341082,0.96448225,195.58984,1928,FC128,crates,1,3928,,,,
16.199219,7.6054688,0.03125,0.10974106,0.0007866882,0.95499206,0.08174185,-0.014057201,18.517267,195.45312,0.19177076,0.9649825,195.45312,1929,FC128,crates,1,3929,,,,
15.9453125,7.453125,0.04296875,0.11286382,0.00078259315,0.9491635,0.09649346,-0.015843121,18.13008,194.78906,0.22484982,0.9654828,194.78906,1930,FC128,crates,1,3930,,,,
15.9453125,7.6914062,0.046875,0.1139653,0.0007784972,0.96185815,0.07738293,-0.013189833,18.771759,194.27734,0.18132296,0.96598303,194.27734,1931,FC128,crates,1,3931,,,,
15.394531,7.546875,0.02734375,0.110923134,0.0007744022,0.9604329,0.089054696,-0.004081477,18.746017,196.26562,0.18644415,0.9664833,196.26562,1932,FC128,crates,1,3932,,,,
15.015625,7.6210938,0.0,0.12086959,0.0007703062,0.96454704,0.08373894,-0.0012471623,18.580627,199.4961,0.17015842,0.9669835,199.4961,1933,FC128,crates,1,3933,,,,
14.5390625,7.4804688,0.01171875,0.12111782,0.0007662112,0.9631396,0.079392746,-0.0075122262,18.324064,197.76172,0.17399555,0.96748376,197.76172,1934,FC128,crates,1,3934,,,,
13.8359375,7.4335938,0.01171875,0.13721333,0.00076211523,0.9656282,0.05784144,-0.018127033,17.827698,199.0586,0.15214609,0.967984,199.0586,1935,FC128,crates,1,3935,,,,
13.859375,7.484375,0.0078125,0.13666311,0.0007580193,0.96853155,0.05027473,-0.017413937,18.159023,199.02734,0.13558452,0.9684843,199.02734,1936,FC128,crates,1,3936,,,,
13.46875,7.203125,0.01171875,0.14044234,0.00075392425,0.9655802,0.05731198,-0.015151971,17.694883,199.11719,0.14513966,0.96898454,199.11719,1937,FC128,crates,1,3937,,,,
12.902344,6.9648438,0.01953125,0.13842742,0.0007498283,0.9526877,0.09728833,-6.290391e-05,16.911213,197.1211,0.19491006,0.96948475,197.1211,1938,FC128,crates,1,3938,,,,
13.171875,7.328125,0.0078125,0.1379623,0.00074573327,0.95474285,0.099395365,0.006625303,17.538673,199.40234,0.1857459,0.969985,199.40234,1939,FC128,crates,1,3939,,,,
13.144531,7.1445312,0.01171875,0.14024526,0.0007416373,0.959872,0.08090524,0.001574677,17.359806,198.46484,0.15886913,0.97048527,198.46484,1940,FC128,crates,1,3940,,,,
13.21875,7.1015625,0.00390625,0.13633648,0.0007375423,0.9672846,0.059338484,-0.0032992994,17.4834,199.35938,0.12547667,0.97098553,199.35938,1941,FC128,crates,1,3941,,,,
13.59375,7.421875,0.01171875,0.14292417,0.00073344633,0.9691978,0.049342938,-0.009524122,17.990784,198.35547,0.11794377,0.9714858,198.35547,1942,FC128,crates,1,3942,,,,
13.402344,7.15625,0.01953125,0.13454254,0.0007293504,0.9639852,0.06395923,-0.0046074656,17.650587,198.57422,0.13732967,0.97198606,198.57422,1943,FC128,crates,1,3943,,,,
14.21875,7.5429688,0.01171875,0.13109556,0.00072525535,0.9667241,0.070118316,0.0032493242,18.562386,198.48047,0.13392814,0.97248626,198.48047,1944,FC128,crates,1,3944,,,,
14.5390625,7.625,0.01953125,0.120358996,0.0007211594,0.96521014,0.075606376,0.0037328207,18.471565,196.67188,0.1439207,0.9729865,196.67188,1945,FC128,crates,1,3945,,,,
14.765625,7.53125,0.03515625,0.116307095,0.00071706437,0.9670994,0.06919998,-0.0014547465,18.432774,196.03516,0.14147626,0.9734868,196.03516,1946,FC128,crates,1,3946,,,,
14.894531,7.2851562,0.03125,0.1236345,0.0007129684,0.9582655,0.07693376,-0.014453634,17.790665,196.04297,0.18295108,0.97398704,196.04297,1947,FC128,crates,1,3947,,,,
15.171875,7.3945312,0.05078125,0.11762021,0.0007088734,0.9574374,0.086177066,-0.014936457,18.070549,193.71875,0.2023938,0.9744873,193.71875,1948,FC128,crates,1,3948,,,,
15.886719,7.6132812,0.0390625,0.11177054,0.0007047774,0.9626726,0.0758845,-0.011755027,18.774923,195.33984,0.1754366,0.9749875,195.33984,1949,FC128,crates,1,3949,,,,
15.636719,7.3984375,0.04296875,0.11890725,0.0007006824,0.96125853,0.08720946,-0.010579327,18.15629,193.30078,0.19574422,0.97548777,193.30078,1950,FC128,crates,1,3950,,,,
15.964844,7.4492188,0.04296875,0.11730149,0.00069658644,0.95746654,0.09049996,-0.010224965,17.89223,193.71094,0.20161328,0.97598803,193.71094,1951,FC128,crates,1,3951,,,,
16.328125,7.7109375,0.015625,0.11955152,0.0006924905,0.9689653,0.06319109,-0.009275308,18.598751,197.26953,0.14509839,0.9764883,197.26953,1952,FC128,crates,1,3952,,,,
15.515625,7.6953125,0.03125,0.122006975,0.00068839546,0.96083516,0.07404241,-0.01277624,18.452892,195.60156,0.17380528,0.97698855,195.60156,1953,FC128,crates,1,3953,,,,
14.933594,7.296875,0.0390625,0.12522957,0.0006842995,0.95244265,0.08574596,-0.015838709,17.959925,194.84766,0.20334074,0.97748876,194.84766,1954,FC128,crates,1,3954,,,,
14.957031,7.5585938,0.02734375,0.12550604,0.0006802045,0.9547137,0.087239355,-0.0053990777,18.439142,196.73828,0.1854476,0.977989,196.73828,1955,FC128,crates,1,3955,,,,
14.71875,7.6132812,0.0078125,0.12908533,0.0006761085,0.96246076,0.07661591,0.0026645802,18.312853,198.3711,0.1480772,0.9784893,198.3711,1956,FC128,crates,1,3956,,,,
14.660156,7.6015625,0.015625,0.12675598,0.0006720135,0.9525388,0.101252764,0.009062657,18.690434,197.71094,0.18455058,0.97898954,197.71094,1957,FC128,crates,1,3957,,,,
14.277344,7.4882812,0.0,0.13587204,0.00066791754,0.95726985,0.08445036,0.0042250496,18.244572,199.76172,0.1606321,0.9794898,199.76172,1958,FC128,crates,1,3958,,,,
14.0859375,7.4765625,0.015625,0.14076713,0.0006638216,0.9652416,0.060885645,-0.0029084233,18.193672,197.91406,0.12777503,0.97999,197.91406,1959,FC128,crates,1,3959,,,,
13.667969,7.28125,0.01953125,0.13441935,0.00065972656,0.9579695,0.06258471,-0.014118595,17.872034,195.78516,0.15358397,0.98049027,195.78516,1960,FC128,crates,1,3960,,,,
13.652344,7.3046875,0.02734375,0.13343509,0.0006556306,0.9515107,0.070518546,-0.019302942,17.75047,196.75781,0.17981794,0.9809905,196.75781,1961,FC128,crates,1,3961,,,,
13.875,7.4023438,0.01953125,0.12749423,0.0006515356,0.958233,0.06920842,-0.013112656,18.053791,196.96484,0.16480829,0.9814908,196.96484,1962,FC128,crates,1,3962,,,,
14.03125,7.4335938,0.0078125,0.12654836,0.0006474396,0.96851534,0.055365324,-0.008375532,18.181877,198.1875,0.12764558,0.98199105,198.1875,1963,FC128,crates,1,3963,,,,
14.84375,7.6523438,0.0234375,0.120321445,0.0006433446,0.9638587,0.0742327,-0.0011442323,18.770275,196.6289,0.15090868,0.98249125,196.6289,1964,FC128,crates,1,3964,,,,
14.957031,7.7890625,0.01171875,0.11255947,0.00063924864,0.95736134,0.094935685,0.0029706084,18.934143,198.33594,0.18407406,0.9829915,198.33594,1965,FC128,crates,1,3965,,,,
14.875,7.6367188,0.02734375,0.115911596,0.0006351527,0.964412,0.07834231,-0.0015151612,18.75504,195.51953,0.15986218,0.9834918,195.51953,1966,FC128,crates,1,3966,,,,
15.066406,7.7304688,0.0234375,0.11067566,0.00063105766,0.9693586,0.06214938,-0.006845418,19.18301,196.9961,0.13812928,0.98399204,196.9961,1967,FC128,crates,1,3967,,,,
14.863281,7.6484375,0.04296875,0.119130075,0.0006269617,0.9646033,0.07379834,-0.0102335075,18.91586,195.11719,0.16821308,0.9844923,195.11719,1968,FC128,crates,1,3968,,,,
14.988281,7.5429688,0.03125,0.112548485,0.0006228667,0.9581473,0.085503034,-0.0130660245,18.881565,195.2539,0.19727832,0.9849925,195.2539,1969,FC128,crates,1,3969,,,,
14.3671875,7.5195312,0.02734375,0.11721247,0.0006187707,0.9600328,0.08790094,-0.014031548,18.2784,194.90234,0.20401002,0.98549277,194.90234,1970,FC128,crates,1,3970,,,,
14.761719,7.5390625,0.02734375,0.115345575,0.0006146757,0.9583271,0.098829865,-0.006388416,18.521643,195.53906,0.21057837,0.985993,195.53906,1971,FC128,crates,1,3971,,,,
15.074219,7.6601562,0.00390625,0.11432927,0.00061057974,0.96078825,0.09872815,0.0008454948,18.920118,198.92969,0.19590493,0.9864933,198.92969,1972,FC128,crates,1,3972,,,,
14.925781,7.6015625,0.0078125,0.11681489,0.0006064838,0.96649384,0.080877386,-0.0025775246,18.570744,198.1289,0.16705151,0.98699355,198.1289,1973,FC128,crates,1,3973,,,,
14.9765625,7.8359375,0.0078125,0.11715215,0.00060238875,0.97136366,0.060908146,-0.008491748,19.28914,197.8125,0.13894093,0.98749375,197.8125,1974,FC128,crates,1,3974,,,,
14.4609375,7.3671875,0.0234375,0.115453064,0.0005982928,0.9656562,0.06990809,-0.011997419,18.145079,197.82031,0.16394916,0.987994,197.82031,1975,FC128,crates,1,3975,,,,
14.3671875,7.484375,0.0,0.1152718,0.0005941978,0.9690365,0.060068205,-0.010724737,18.318401,199.39062,0.14172287,0.9884943,199.39062,1976,FC128,crates,1,3976,,,,
14.417969,7.5234375,0.00390625,0.118621595,0.0005901018,0.9705534,0.06547507,-0.0018652905,18.495937,198.90625,0.13482071,0.98899454,198.90625,1977,FC128,crates,1,3977,,,,
14.1171875,7.4609375,0.0078125,0.12211258,0.0005860068,0.9685092,0.063683756,-0.003459357,18.181486,198.36328,0.13442934,0.9894948,198.36328,1978,FC128,crates,1,3978,,,,
14.152344,7.5234375,0.0078125,0.12527098,0.00058191083,0.97216004,0.05711857,-0.0030545935,18.129337,198.85156,0.120492116,0.989995,198.85156,1979,FC128,crates,1,3979,,,,
14.5859375,7.5273438,0.015625,0.117368124,0.0005778158,0.9731431,0.048401657,-0.007390211,18.660315,197.92969,0.11171938,0.99049526,197.92969,1980,FC128,crates,1,3980,,,,
14.511719,7.4648438,0.015625,0.121101715,0.00057371985,0.9718241,0.052095976,-0.0063312524,18.262737,198.17578,0.11699341,0.9909955,198.17578,1981,FC128,crates,1,3981,,,,
14.59375,7.6210938,0.00390625,0.116143994,0.0005696239,0.9698315,0.06343537,0.00010329179,18.463634,198.64062,0.12679647,0.9914958,198.64062,1982,FC128,crates,1,3982,,,,
14.925781,7.7148438,0.0078125,0.117713384,0.00056552887,0.9714496,0.062645175,0.00012071457,18.845276,198.5664,0.12518206,0.99199605,198.5664,1983,FC128,crates,1,3983,,,,
15.019531,7.6523438,0.015625,0.11250153,0.0005614329,0.96803516,0.06400088,-0.004965909,18.759886,197.09375,0.1380599,0.99249625,197.09375,1984,FC128,crates,1,3984,,,,
15.5078125,7.671875,0.015625,0.11099552,0.0005573379,0.97033006,0.058946796,-0.0075058853,18.916447,197.23828,0.13302909,0.9929965,197.23828,1985,FC128,crates,1,3985,,,,
15.863281,7.5859375,0.02734375,0.11281737,0.00055324193,0.9635763,0.07155234,-0.009183482,18.702188,194.84766,0.16159648,0.9934968,194.84766,1986,FC128,crates,1,3986,,,,
15.4140625,7.578125,0.0234375,0.12663521,0.0005491469,0.96791154,0.065605305,-0.009419561,18.597305,196.85547,0.15018882,0.99399704,196.85547,1987,FC128,crates,1,3987,,,,
15.265625,7.7382812,0.03125,0.120482266,0.00054505095,0.9628766,0.07406709,-0.010543701,18.729729,195.75,0.16935293,0.9944973,195.75,1988,FC128,crates,1,3988,,,,
15.296875,7.7929688,0.0078125,0.1267538,0.000540955,0.97260183,0.054838702,-0.008808142,19.132618,198.54297,0.12743083,0.99499756,198.54297,1989,FC128,crates,1,3989,,,,
15.1171875,7.7421875,0.0078125,0.12701365,0.00053685997,0.972198,0.056959987,-0.009473422,18.912462,198.19531,0.13300319,0.99549776,198.19531,1990,FC128,crates,1,3990,,,,
15.136719,7.578125,0.00390625,0.12844734,0.000532764,0.9745105,0.049121704,-0.011737108,18.697071,199.20312,0.12185449,0.995998,199.20312,1991,FC128,crates,1,3991,,,,
15.0859375,7.6875,0.00390625,0.12395454,0.000528669,0.9746971,0.05582865,-0.006364217,18.945042,198.89844,0.12451679,0.9964983,198.89844,1992,FC128,crates,1,3992,,,,
14.7578125,7.5859375,0.01171875,0.12336898,0.000524573,0.9702919,0.060395364,-0.008339954,18.580978,198.30078,0.13760006,0.99699855,198.30078,1993,FC128,crates,1,3993,,,,
14.9921875,7.5742188,0.015625,0.12166928,0.000520478,0.9705168,0.057637036,-0.0087456005,18.776642,197.58594,0.13289192,0.9974988,197.58594,1994,FC128,crates,1,3994,,,,
14.75,7.5351562,0.00390625,0.124601506,0.00051638205,0.97306323,0.058110107,-0.00020038904,18.8209,198.96875,0.11674968,0.997999,198.96875,1995,FC128,crates,1,3995,,,,
14.386719,7.484375,0.0,0.12998983,0.0005122861,0.9697768,0.0604552,-0.00401402,18.31258,199.54297,0.12907162,0.9984993,199.54297,1996,FC128,crates,1,3996,,,,
14.589844,7.4960938,0.03125,0.120883204,0.00050819106,0.9655062,0.068513356,-0.0054376028,18.00512,194.79297,0.14802478,0.99899954,194.79297,1997,FC128,crates,1,3997,,,,
14.972656,7.3554688,0.01953125,0.11903473,0.0005040951,0.9623728,0.076312736,-0.0038162381,18.220587,196.59375,0.16037796,0.9994998,196.59375,1998,FC128,crates,1,3998,,,,
15.3828125,7.7304688,0.01953125,0.123544306,0.0005000001,0.96735823,0.05993657,-0.011295786,18.608438,196.36328,0.14258826,1.0,196.36328,1999,FC128,crates,1,3999,,,,
5.8515625,1.9765625,0.65625,0.1331618,0.00868701,0.8218559,0.24129178,-0.0469784,5.1027155,154.35547,0.5788539,0.0,154.35547,0,FC128,versus,2,4000,0.30859375,2.4882812,0.84765625,0.63671875
6.0507812,2.0429688,0.6484375,0.14057581,0.008681549,0.8116071,0.23284237,-0.054029472,5.396286,148.7539,0.5761845,0.0006671114,148.7539,1,FC128,versus,2,4001,0.34765625,2.1953125,0.90625,0.59375
5.9101562,1.9570312,0.6796875,0.119969435,0.008676087,0.8233319,0.21347497,-0.048098803,4.9773774,155.82422,0.5252293,0.0013342228,155.82422,2,FC128,versus,2,4002,0.29296875,2.4375,0.828125,0.6484375
5.6835938,1.8867188,0.65234375,0.13978842,0.008670625,0.8034906,0.21275938,-0.052041754,5.0867453,155.3164,0.53202635,0.0020013342,155.3164,3,FC128,versus,2,4003,0.29296875,2.359375,0.859375,0.640625
5.9414062,2.0351562,0.6796875,0.1407106,0.008665163,0.80791885,0.20637958,-0.052886963,5.311285,150.70703,0.52097166,0.0026684457,150.70703,4,FC128,versus,2,4004,0.32421875,2.3242188,0.87109375,0.6640625
5.890625,2.0507812,0.58984375,0.15666537,0.008659702,0.8152046,0.18165305,-0.052301276,5.238355,162.625,0.470622,0.0033355572,162.625,5,FC128,versus,2,4005,0.35546875,2.3242188,0.83203125,0.578125
5.3398438,1.9101562,0.69921875,0.1362582,0.0086542405,0.80702925,0.19165829,-0.045420118,4.9582367,149.95703,0.47651523,0.0040026684,149.95703,6,FC128,versus,2,4006,0.25,2.4804688,0.85546875,0.69140625
5.6992188,1.9804688,0.67578125,0.14346091,0.008648778,0.80624664,0.17635041,-0.046008527,5.113056,153.97266,0.4471994,0.00466978,153.97266,7,FC128,versus,2,4007,0.296875,2.484375,0.83984375,0.65625
5.1210938,1.8945312,0.62109375,0.15607148,0.008643317,0.7994385,0.1690526,-0.05049137,4.742365,159.9414,0.4417859,0.0053368914,159.9414,8,FC128,versus,2,4008,0.34375,2.265625,0.80078125,0.62109375
5.359375,1.90625,0.6484375,0.15066971,0.008637855,0.7904574,0.17269517,-0.048813682,5.06551,156.92188,0.44562066,0.006004003,156.92188,9,FC128,versus,2,4009,0.30078125,2.4296875,0.875,0.6171875
4.59375,1.8085938,0.6875,0.14730562,0.008632394,0.7943467,0.17989752,-0.043049864,4.626147,150.91406,0.448438,0.0066711144,150.91406,10,FC128,versus,2,4010,0.25,2.3554688,0.84765625,0.6953125
4.5273438,1.5703125,0.734375,0.14446011,0.008626932,0.76583874,0.17133987,-0.049557038,4.356612,144.85938,0.44428632,0.007338226,144.85938,11,FC128,versus,2,4011,0.21875,2.46875,0.859375,0.71484375
4.40625,1.6835938,0.6875,0.15840302,0.00862147,0.76985234,0.16027404,-0.044484463,4.3598185,153.71484,0.41224834,0.008005337,153.71484,12,FC128,versus,2,4012,0.28125,2.3789062,0.8359375,0.6640625
4.1445312,1.6210938,0.71484375,0.17500578,0.008616009,0.76884234,0.15235585,-0.04601257,4.1382,149.6875,0.39975253,0.008672449,149.6875,13,FC128,versus,2,4013,0.24609375,2.4765625,0.828125,0.69140625
3.9765625,1.5585938,0.671875,0.17560467,0.008610547,0.7600627,0.15893942,-0.041386798,3.9241447,152.16016,0.40367654,0.00933956,152.16016,14,FC128,versus,2,4014,0.25,2.2539062,0.83203125,0.6796875
4.40625,1.6914062,0.6796875,0.15697542,0.008605085,0.7605369,0.14852624,-0.043654636,4.388488,154.89844,0.38706332,0.010006672,154.89844,15,FC128,versus,2,4015,0.2421875,2.3945312,0.83984375,0.71484375
3.4648438,1.4140625,0.73828125,0.16315223,0.008599624,0.7391819,0.14072524,-0.04736757,3.353028,150.44922,0.37899172,0.010673783,150.44922,16,FC128,versus,2,4016,0.2265625,2.515625,0.7890625,0.7109375
3.4101562,1.4453125,0.7265625,0.15640642,0.008594162,0.7446863,0.14374034,-0.035924565,3.509638,150.125,0.3620182,0.011340894,150.125,17,FC128,versus,2,4017,0.19921875,2.515625,0.796875,0.74609375
3.3164062,1.390625,0.7109375,0.16928972,0.008588701,0.73246986,0.12982842,-0.043369815,3.4604363,153.51562,0.34930444,0.012008006,153.51562,18,FC128,versus,2,4018,0.19921875,2.5351562,0.828125,0.734375
3.3476562,1.4375,0.66796875,0.19966325,0.008583238,0.7091782,0.12487789,-0.045136645,3.6295624,153.42188,0.3434566,0.012675117,153.42188,19,FC128,versus,2,4019,0.2734375,2.328125,0.81640625,0.6796875
2.859375,1.2734375,0.75,0.17609774,0.008577777,0.7017925,0.13393302,-0.042190015,3.1425676,150.03516,0.35526714,0.013342229,150.03516,20,FC128,versus,2,4020,0.1875,2.5703125,0.8203125,0.7734375
2.7109375,1.21875,0.7734375,0.17878537,0.008572316,0.69143987,0.14028929,-0.029086832,3.0544467,146.27344,0.34181744,0.01400934,146.27344,21,FC128,versus,2,4021,0.15234375,2.6171875,0.8359375,0.76953125
2.7929688,1.2695312,0.68359375,0.20237632,0.008566854,0.6831355,0.13345976,-0.030824125,3.1431246,155.65625,0.33203524,0.014676452,155.65625,22,FC128,versus,2,4022,0.19921875,2.4335938,0.85546875,0.734375
2.53125,1.046875,0.73046875,0.20144643,0.008561392,0.6526925,0.1309621,-0.028757647,2.752828,146.4961,0.32288882,0.015343563,146.4961,23,FC128,versus,2,4023,0.19140625,2.4296875,0.859375,0.734375
2.3828125,1.046875,0.7109375,0.21667242,0.00855593,0.64170915,0.12120779,-0.031398825,2.7393074,150.98438,0.3089209,0.016010674,150.98438,24,FC128,versus,2,4024,0.14453125,2.5703125,0.84765625,0.73046875
2.484375,1.1992188,0.73046875,0.21470773,0.008550469,0.63676655,0.12076135,-0.027351307,2.9819903,150.64844,0.29989702,0.016677786,150.64844,25,FC128,versus,2,4025,0.1796875,2.515625,0.859375,0.77734375
2.7578125,1.1015625,0.66015625,0.24852826,0.008545008,0.60836005,0.11796016,-0.028939072,2.9888997,155.96875,0.2980458,0.017344898,155.96875,26,FC128,versus,2,4026,0.15234375,2.6132812,0.83984375,0.74609375
2.3242188,1.0273438,0.7421875,0.22101893,0.008539545,0.58384055,0.12063618,-0.02467736,2.692226,155.36328,0.29440188,0.018012008,155.36328,27,FC128,versus,2,4027,0.17578125,2.7304688,0.8203125,0.76171875
2.5351562,1.03125,0.71484375,0.23230186,0.008534084,0.57328284,0.11915982,-0.018199263,2.6578486,158.98047,0.27868313,0.01867912,158.98047,28,FC128,versus,2,4028,0.17578125,2.8046875,0.7578125,0.7734375
2.6289062,1.0390625,0.73046875,0.2418788,0.008528622,0.5137478,0.12196869,-0.01673385,2.735893,153.69922,0.28153086,0.019346232,153.69922,29,FC128,versus,2,4029,0.16015625,2.5078125,0.8203125,0.75390625
2.7695312,1.1484375,0.73046875,0.26871568,0.008523161,0.49434495,0.12879568,-0.015814796,2.9656806,148.57812,0.29380158,0.020013344,148.57812,30,FC128,versus,2,4030,0.16015625,2.5898438,0.84765625,0.78125
2.5351562,1.0078125,0.73828125,0.26123458,0.008517699,0.4606455,0.11704792,-0.017143711,2.5611467,150.23438,0.2728335,0.020680454,150.23438,31,FC128,versus,2,4031,0.1640625,2.5820312,0.83984375,0.76953125
2.8203125,1.0039062,0.69921875,0.27211952,0.008512237,0.40824133,0.11986606,-0.012965326,2.6249921,153.07422,0.27029547,0.021347566,153.07422,32,FC128,versus,2,4032,0.171875,2.6914062,0.8515625,0.75390625
2.984375,1.0429688,0.73046875,0.26627353,0.008506776,0.42205626,0.11972107,-0.01234292,2.7578266,156.16797,0.26865825,0.022014678,156.16797,33,FC128,versus,2,4033,0.16796875,2.8007812,0.828125,0.78125
3.21875,1.0,0.69140625,0.28351653,0.008501314,0.4013204,0.119530626,-0.0056491257,2.7976494,157.19922,0.25518003,0.022681788,157.19922,34,FC128,versus,2,4034,0.203125,2.7773438,0.83984375,0.73828125
3.4921875,1.0585938,0.75390625,0.28262404,0.008495852,0.35066307,0.12535839,-0.005613587,2.8636458,147.69922,0.2667462,0.0233489,147.69922,35,FC128,versus,2,4035,0.1953125,2.5976562,0.84765625,0.7578125
3.71875,1.1328125,0.6875,0.30089182,0.008490391,0.36982256,0.12450156,-0.00044508118,3.0097065,155.3125,0.25500268,0.024016012,155.3125,36,FC128,versus,2,4036,0.234375,2.5585938,0.8125,0.70703125
4.2226562,1.1679688,0.71484375,0.2930634,0.008484929,0.34456456,0.12777956,0.0013344216,3.1476424,154.69922,0.2578635,0.024683123,154.69922,37,FC128,versus,2,4037,0.15625,2.6796875,0.80078125,0.74609375
4.1757812,1.0976562,0.7109375,0.31010717,0.008479468,0.35173064,0.11760816,-0.0025664666,3.0735981,156.13281,0.24560833,0.025350234,156.13281,38,FC128,versus,2,4038,0.19140625,2.8476562,0.8203125,0.73828125
4.5390625,1.1484375,0.671875,0.31761312,0.008474005,0.3353657,0.12457884,0.0033750723,3.249776,158.98047,0.24779044,0.026017345,158.98047,39,FC128,versus,2,4039,0.23828125,2.7695312,0.80859375,0.69921875
4.6914062,1.1835938,0.734375,0.2992911,0.008468544,0.34709662,0.12312495,0.00010682243,3.22388,152.97656,0.25110537,0.026684457,152.97656,40,FC128,versus,2,4040,0.203125,2.6875,0.8125,0.7265625
5.1015625,1.2734375,0.70703125,0.30215824,0.008463083,0.3635711,0.13335106,0.009438991,3.5511653,155.02734,0.2529385,0.027351568,155.02734,41,FC128,versus,2,4041,0.22265625,2.7382812,0.8046875,0.71875
5.0078125,1.1601562,0.734375,0.28311113,0.008457621,0.33556008,0.1287199,0.0019695074,3.2902608,148.80469,0.2582897,0.02801868,148.80469,42,FC128,versus,2,4042,0.22265625,2.7226562,0.8359375,0.71484375
5.9101562,1.34375,0.70703125,0.31918478,0.008452159,0.36112553,0.12978883,0.0035792554,3.847464,156.0625,0.25781474,0.028685791,156.0625,43,FC128,versus,2,4043,0.24609375,2.7929688,0.8359375,0.671875
5.6054688,1.296875,0.734375,0.2994985,0.008446697,0.3719223,0.12314589,-0.0012965928,3.7048163,151.39062,0.25394452,0.029352903,151.39062,44,FC128,versus,2,4044,0.2421875,2.6835938,0.84765625,0.6875
6.7539062,1.5078125,0.6328125,0.3234676,0.008441236,0.39806837,0.12520239,0.004639368,4.0106454,161.85547,0.24658696,0.030020013,161.85547,45,FC128,versus,2,4045,0.30859375,2.5585938,0.82421875,0.59765625
6.8007812,1.5195312,0.68359375,0.32205227,0.008435775,0.39531708,0.13521518,0.007122742,4.1949277,152.53906,0.2616184,0.030687125,152.53906,46,FC128,versus,2,4046,0.2890625,2.4375,0.859375,0.59765625
7.0507812,1.5039062,0.68359375,0.31179893,0.008430312,0.43023288,0.1264624,0.0043702885,4.1362753,155.80469,0.24944134,0.031354237,155.80469,47,FC128,versus,2,4047,0.28125,2.671875,0.82421875,0.6484375
6.8710938,1.4453125,0.66796875,0.28584167,0.008424851,0.44451123,0.13053115,0.012210599,4.155256,155.51562,0.24145746,0.032021347,155.51562,48,FC128,versus,2,4048,0.2578125,2.6015625,0.80859375,0.6484375
8.121094,1.6679688,0.625,0.3020159,0.008419389,0.46089453,0.12999482,0.007500138,4.779305,163.58203,0.25007495,0.03268846,163.58203,49,FC128,versus,2,4049,0.34765625,2.6679688,0.82421875,0.59375
8.082031,1.4921875,0.609375,0.3071425,0.008413928,0.452079,0.12762314,0.0032614816,4.647673,157.25,0.2538919,0.03335557,157.25,50,FC128,versus,2,4050,0.32421875,2.4765625,0.875,0.59375
7.484375,1.4375,0.671875,0.25734946,0.008408466,0.46335626,0.1267687,-0.0020124936,4.1676497,153.24219,0.2618902,0.03402268,153.24219,51,FC128,versus,2,4051,0.3046875,2.7539062,0.87890625,0.6328125
7.8359375,1.3710938,0.63671875,0.26320112,0.008403004,0.5166646,0.11972359,0.0013953327,4.215158,154.72656,0.24107988,0.034689795,154.72656,52,FC128,versus,2,4052,0.28515625,2.6289062,0.80078125,0.609375
8.613281,1.6328125,0.59375,0.25673124,0.008397543,0.511942,0.12302323,0.0012325691,4.9669065,161.78906,0.24789314,0.035356905,161.78906,53,FC128,versus,2,4053,0.328125,2.625,0.87109375,0.5859375
8.917969,1.4882812,0.60546875,0.25793663,0.008392081,0.537271,0.11862247,-0.0010518745,4.5940914,161.05469,0.24367793,0.036024015,161.05469,54,FC128,versus,2,4054,0.34375,2.65625,0.83203125,0.58203125
9.269531,1.53125,0.5703125,0.25771835,0.008386619,0.5297285,0.120457575,0.00040564686,4.646085,163.76953,0.24442662,0.03669113,163.76953,55,FC128,versus,2,4055,0.328125,2.53125,0.859375,0.58203125
9.7421875,1.6757812,0.546875,0.24646519,0.008381158,0.54474896,0.12256224,-0.00028714177,5.108238,163.13672,0.2498301,0.03735824,163.13672,56,FC128,versus,2,4056,0.33984375,2.5703125,0.8671875,0.58984375
9.8359375,1.4960938,0.6015625,0.2228355,0.008375696,0.5401547,0.122593395,-0.0014360495,4.8864975,158.29688,0.2517917,0.03802535,158.29688,57,FC128,versus,2,4057,0.32421875,2.6953125,0.875,0.6015625
9.4453125,1.4257812,0.6171875,0.21156621,0.008370235,0.5689831,0.11353048,-0.007828049,4.694471,160.28516,0.24625878,0.038692463,160.28516,58,FC128,versus,2,4058,0.30859375,2.9335938,0.859375,0.6328125
10.171875,1.5,0.58984375,0.19828765,0.008364772,0.5854862,0.11474471,-0.0058880434,4.81202,164.78125,0.24458277,0.039359573,164.78125,59,FC128,versus,2,4059,0.3515625,2.7421875,0.84375,0.5859375
10.765625,1.5976562,0.5234375,0.21299927,0.008359311,0.6002089,0.10827202,-0.0055434,5.2886105,169.14453,0.2311919,0.040026687,169.14453,60,FC128,versus,2,4060,0.29296875,2.8789062,0.83203125,0.6328125
10.6875,1.3945312,0.5234375,0.19316436,0.00835385,0.5987667,0.10906755,-0.00863702,4.7679462,168.47656,0.23863648,0.040693797,168.47656,61,FC128,versus,2,4061,0.328125,2.8476562,0.859375,0.58984375
11.675781,1.4648438,0.44921875,0.22472383,0.008348388,0.6211407,0.10417922,-0.010261987,5.236876,169.91016,0.23263457,0.041360907,169.91016,62,FC128,versus,2,4062,0.328125,2.65625,0.87109375,0.59375
10.8671875,1.5039062,0.4921875,0.20170388,0.008342926,0.64103556,0.10437237,-0.0071633365,5.203557,170.3125,0.22643702,0.04202802,170.3125,63,FC128,versus,2,4063,0.26953125,2.8710938,0.8125,0.61328125
10.9609375,1.453125,0.54296875,0.20349248,0.008337464,0.63327444,0.10696408,-0.010411831,4.9183307,169.57812,0.23814504,0.04269513,169.57812,64,FC128,versus,2,4064,0.29296875,2.78125,0.83984375,0.609375
11.753906,1.6953125,0.42578125,0.22699773,0.008332003,0.65903735,0.09833389,-0.011998679,5.379293,171.5586,0.22444782,0.04336224,171.5586,65,FC128,versus,2,4065,0.38671875,2.5898438,0.8203125,0.52734375
11.359375,1.4960938,0.44140625,0.22711788,0.008326542,0.6566968,0.09543507,-0.018350823,5.2989206,171.91797,0.231354,0.044029355,171.91797,66,FC128,versus,2,4066,0.328125,2.6796875,0.88671875,0.59375
10.558594,1.453125,0.48828125,0.21285695,0.008321079,0.6482904,0.09793976,-0.013314664,4.8150644,171.82031,0.22605124,0.044696465,171.82031,67,FC128,versus,2,4067,0.33984375,2.8242188,0.8125,0.55078125
10.4296875,1.4921875,0.49609375,0.2273574,0.008315618,0.65771234,0.09672867,-0.014076971,4.9553556,172.4375,0.2253925,0.045363575,172.4375,68,FC128,versus,2,4068,0.2890625,2.8671875,0.82421875,0.6328125
10.2578125,1.546875,0.49609375,0.23111695,0.008310156,0.67154276,0.102433585,-0.011056055,5.056096,165.4414,0.23082052,0.04603069,165.4414,69,FC128,versus,2,4069,0.34375,2.625,0.84765625,0.61328125
10.4296875,1.4492188,0.4296875,0.24878883,0.008304695,0.6767545,0.097485565,-0.008439585,5.0180345,171.39062,0.21598253,0.0466978,171.39062,70,FC128,versus,2,4070,0.32421875,2.7109375,0.87109375,0.61328125
10.1328125,1.3710938,0.4375,0.25691456,0.008299233,0.67598444,0.090433754,-0.01302118,5.0850925,175.27344,0.21117425,0.047364913,175.27344,71,FC128,versus,2,4071,0.3046875,2.9101562,0.83984375,0.63671875
10.136719,1.5507812,0.42578125,0.260506,0.008293771,0.70780736,0.08428502,-0.017684754,5.293701,174.04688,0.20826072,0.048032023,174.04688,72,FC128,versus,2,4072,0.31640625,2.6757812,0.80078125,0.59375
9.6328125,1.4609375,0.47265625,0.2572975,0.00828831,0.6761224,0.09135929,-0.01666763,5.066432,167.14062,0.22031897,0.048699133,167.14062,73,FC128,versus,2,4073,0.30859375,2.640625,0.87890625,0.62890625
9.9296875,1.6015625,0.42578125,0.25900346,0.008282848,0.6934596,0.095316716,-0.009874414,5.5557737,171.75781,0.21467282,0.049366247,171.75781,74,FC128,versus,2,4074,0.3046875,2.7421875,0.83984375,0.62109375
9.390625,1.5,0.46875,0.24989744,0.008277386,0.69562984,0.09499293,-0.009865374,5.120101,170.07812,0.2138536,0.050033357,170.07812,75,FC128,versus,2,4075,0.31640625,2.7890625,0.82421875,0.59375
8.359375,1.2929688,0.53125,0.23274697,0.008271925,0.68137056,0.10161485,-0.007560757,4.5542,166.08203,0.22220175,0.050700467,166.08203,76,FC128,versus,2,4076,0.2734375,2.9023438,0.83203125,0.64453125
9.042969,1.578125,0.41015625,0.2548826,0.008266463,0.7003224,0.0910262,-0.012121973,5.3347483,173.34766,0.21051031,0.05136758,173.34766,77,FC128,versus,2,4077,0.3515625,2.6953125,0.84375,0.56640625
8.171875,1.3984375,0.484375,0.23232436,0.008261002,0.68292457,0.09562711,-0.0101079615,4.8395205,167.17969,0.2153086,0.05203469,167.17969,78,FC128,versus,2,4078,0.26953125,2.7890625,0.828125,0.6484375
9.019531,1.6367188,0.41015625,0.25220755,0.008255539,0.7017418,0.09078075,-0.011644912,5.596902,171.80469,0.20901555,0.0527018,171.80469,79,FC128,versus,2,4079,0.3203125,2.6484375,0.8984375,0.60546875
8.542969,1.4726562,0.46484375,0.23575786,0.008250078,0.69887847,0.10070204,-0.00557398,5.411975,168.33203,0.21644208,0.053368915,168.33203,80,FC128,versus,2,4080,0.23828125,2.9492188,0.8828125,0.66796875
8.296875,1.6015625,0.48046875,0.23835689,0.008244617,0.71617395,0.093377106,-0.0117535945,5.083213,167.3789,0.21419172,0.054036025,167.3789,81,FC128,versus,2,4081,0.31640625,2.6015625,0.8046875,0.58984375
7.8671875,1.390625,0.4609375,0.22887178,0.008239155,0.70496655,0.093839385,-0.012196629,4.8922286,166.3086,0.21584345,0.054703135,166.3086,82,FC128,versus,2,4082,0.33203125,2.6640625,0.8515625,0.6171875
8.558594,1.6210938,0.42578125,0.24210909,0.008233693,0.72303426,0.094060324,-0.007608296,5.5321217,169.02734,0.20732415,0.05537025,169.02734,83,FC128,versus,2,4083,0.29296875,2.703125,0.8515625,0.59765625
8.0546875,1.4765625,0.45703125,0.22530735,0.008228231,0.72771484,0.09266708,-0.006828421,5.213558,173.08984,0.20269877,0.05603736,173.08984,84,FC128,versus,2,4084,0.296875,2.8164062,0.859375,0.59375
8.105469,1.6289062,0.47265625,0.2229263,0.00822277,0.71278894,0.0984937,-0.0072672465,5.2907834,167.8789,0.21518804,0.056704473,167.8789,85,FC128,versus,2,4085,0.296875,2.7382812,0.8359375,0.63671875
8.109375,1.5273438,0.53125,0.23016234,0.008217309,0.71470666,0.095259555,-0.013127879,4.922805,160.95312,0.2205575,0.057371583,160.95312,86,FC128,versus,2,4086,0.27734375,2.5351562,0.84375,0.6171875
8.410156,1.7070312,0.46875,0.23707604,0.008211846,0.7343811,0.08980218,-0.009603649,5.4747043,168.375,0.20270532,0.058038693,168.375,87,FC128,versus,2,4087,0.3125,2.6523438,0.83984375,0.61328125
8.125,1.6953125,0.50390625,0.2208344,0.008206385,0.7249565,0.092095815,-0.01051323,5.2127633,164.8789,0.20884259,0.058705807,164.8789,88,FC128,versus,2,4088,0.33203125,2.484375,0.85546875,0.56640625
8.28125,1.6953125,0.48828125,0.23625663,0.008200923,0.7308538,0.09727046,-0.0065794867,5.454173,166.15625,0.21157494,0.059372917,166.15625,89,FC128,versus,2,4089,0.34375,2.6796875,0.859375,0.5859375
8.5625,1.6523438,0.46484375,0.22940058,0.008195462,0.72542226,0.09570545,-0.008427554,5.4791174,171.08203,0.21202609,0.060040027,171.08203,90,FC128,versus,2,4090,0.33203125,2.703125,0.85546875,0.6015625
8.703125,1.796875,0.45703125,0.2335679,0.00819,0.7342781,0.10111945,-0.0039516687,5.7186317,170.73828,0.21396808,0.06070714,170.73828,91,FC128,versus,2,4091,0.3515625,2.5742188,0.86328125,0.56640625
8.4140625,1.7109375,0.5078125,0.23477936,0.008184538,0.7337933,0.10082735,-0.006175911,5.3807945,163.33984,0.21784964,0.06137425,163.33984,92,FC128,versus,2,4092,0.33203125,2.5039062,0.87109375,0.5859375
8.7890625,1.8398438,0.453125,0.2464904,0.008179077,0.7310915,0.09570142,-0.009954472,5.7836714,168.67188,0.21534392,0.06204136,168.67188,93,FC128,versus,2,4093,0.390625,2.5117188,0.87890625,0.5390625
9.28125,1.9453125,0.39453125,0.24223313,0.008173615,0.7493206,0.09630211,-0.005700513,6.2834115,171.8711,0.20796508,0.062708475,171.8711,94,FC128,versus,2,4094,0.40234375,2.6289062,0.8671875,0.53125
8.5546875,1.796875,0.46875,0.2332351,0.008168153,0.72857034,0.101185806,-0.005369121,5.6844807,167.25781,0.21692005,0.063375585,167.25781,95,FC128,versus,2,4095,0.3828125,2.6289062,0.8984375,0.5390625
9.1796875,1.9414062,0.4296875,0.23812842,0.008162692,0.75381696,0.09861474,-0.003664154,5.9749985,170.47656,0.20844531,0.064042695,170.47656,96,FC128,versus,2,4096,0.37890625,2.5546875,0.86328125,0.5390625
9.238281,1.9296875,0.46875,0.23689537,0.00815723,0.7387253,0.10101141,-0.009132362,5.8567944,169.36328,0.22415237,0.064709805,169.36328,97,FC128,versus,2,4097,0.390625,2.4648438,0.8828125,0.53515625
8.886719,1.734375,0.49609375,0.23329197,0.008151769,0.75462544,0.09811478,-0.0072194175,5.677524,168.96094,0.21447189,0.06537692,168.96094,98,FC128,versus,2,4098,0.2890625,2.7382812,0.8671875,0.6015625
8.8203125,1.9335938,0.515625,0.22614719,0.0081463065,0.7527809,0.100904666,-0.0071713366,5.770918,164.9336,0.21983653,0.06604403,164.9336,99,FC128,versus,2,4099,0.3515625,2.4882812,0.8515625,0.58203125
9.0,1.8007812,0.4921875,0.22996163,0.008140845,0.7552445,0.09725637,-0.010570261,5.8440065,166.16406,0.21939743,0.06671114,166.16406,100,FC128,versus,2,4100,0.33984375,2.6132812,0.88671875,0.57421875
9.078125,1.8515625,0.48046875,0.22686239,0.008135384,0.7631227,0.092273295,-0.011812117,5.547722,165.46875,0.21186206,0.06737825,165.46875,101,FC128,versus,2,4101,0.37890625,2.4257812,0.85546875,0.55859375
9.207031,2.0625,0.48828125,0.22937639,0.008129922,0.77116936,0.09337744,-0.012891924,6.0390487,168.25781,0.21626836,0.06804536,168.25781,102,FC128,versus,2,4102,0.40234375,2.3828125,0.8671875,0.5078125
9.121094,1.8945312,0.45703125,0.22761253,0.0081244605,0.76312387,0.10036036,-0.0093311295,5.8151684,165.0586,0.22308144,0.06871248,165.0586,103,FC128,versus,2,4103,0.4296875,2.3945312,0.90234375,0.5
9.0,1.9101562,0.453125,0.2312874,0.008118998,0.7660253,0.10128893,-0.0045561665,5.816776,168.17969,0.21544583,0.06937959,168.17969,104,FC128,versus,2,4104,0.375,2.5546875,0.85546875,0.5234375
10.3203125,2.1328125,0.4375,0.24524462,0.008113537,0.77539355,0.1048371,-0.0026856258,6.441081,167.79688,0.21902506,0.0700467,167.79688,105,FC128,versus,2,4105,0.41796875,2.2734375,0.91015625,0.48046875
10.207031,2.0976562,0.4296875,0.2364289,0.008108076,0.7866572,0.09494976,-0.009435978,6.257744,170.42188,0.21260543,0.07071381,170.42188,106,FC128,versus,2,4106,0.4140625,2.2578125,0.86328125,0.47265625
9.308594,1.8710938,0.5078125,0.22561759,0.0081026135,0.7749312,0.107159995,-0.0068674707,5.820864,161.25,0.2317111,0.07138092,161.25,107,FC128,versus,2,4107,0.41015625,2.3515625,0.8984375,0.50390625
10.0390625,2.0742188,0.4453125,0.22592758,0.008097152,0.77826643,0.10069924,-0.00864108,6.193267,171.67578,0.22233938,0.07204803,171.67578,108,FC128,versus,2,4108,0.421875,2.4296875,0.85546875,0.49609375
9.625,2.1328125,0.4921875,0.22460109,0.00809169,0.7946013,0.09882043,-0.006841334,6.1355343,167.90625,0.21495834,0.07271515,167.90625,109,FC128,versus,2,4109,0.43359375,2.4726562,0.84765625,0.49609375
10.25,2.1445312,0.4453125,0.22602868,0.008086229,0.7958704,0.09842933,-0.006618274,6.2629194,169.58984,0.21375065,0.07338226,169.58984,110,FC128,versus,2,4110,0.46875,2.3164062,0.875,0.43359375
10.328125,2.1367188,0.4453125,0.23126684,0.0080807675,0.7813221,0.10708707,-0.0040647294,6.274685,166.40625,0.22604123,0.07404937,166.40625,111,FC128,versus,2,4111,0.4375,2.328125,0.8984375,0.4609375
10.4921875,2.1328125,0.46484375,0.2284467,0.008075305,0.79371,0.10484485,-0.0043154317,6.227065,165.21484,0.22201012,0.07471648,165.21484,112,FC128,versus,2,4112,0.41796875,2.4570312,0.86328125,0.5078125
10.359375,2.0976562,0.5,0.22845565,0.008069844,0.80317485,0.10100632,-0.00609254,6.4832087,164.57031,0.21788493,0.07538359,164.57031,113,FC128,versus,2,4113,0.38671875,2.3984375,0.890625,0.51171875
10.90625,2.1875,0.46484375,0.22594734,0.008064382,0.81215405,0.09257494,-0.010728993,6.551862,170.46875,0.21025212,0.0760507,170.46875,114,FC128,versus,2,4114,0.38671875,2.4453125,0.8671875,0.5078125
10.8515625,2.0546875,0.4453125,0.21764456,0.0080589205,0.7970152,0.09216332,-0.015952896,6.173497,169.35547,0.21974038,0.07671782,169.35547,115,FC128,versus,2,4115,0.4296875,2.3945312,0.875,0.48046875
9.8515625,1.9101562,0.56640625,0.20720999,0.008053459,0.7915157,0.10212572,-0.010993807,5.781025,159.01562,0.22957657,0.07738493,159.01562,116,FC128,versus,2,4116,0.35546875,2.5898438,0.875,0.55078125
10.9296875,2.140625,0.5,0.21784215,0.008047997,0.79568034,0.09974704,-0.013160941,6.496488,160.1914,0.22932236,0.07805204,160.1914,117,FC128,versus,2,4117,0.44921875,2.3515625,0.91796875,0.48046875
11.339844,2.2773438,0.4921875,0.21877821,0.008042536,0.80875313,0.1042422,-0.004351337,6.7977233,164.57812,0.22070614,0.07871915,164.57812,118,FC128,versus,2,4118,0.42578125,2.4414062,0.8984375,0.5
11.171875,2.28125,0.46875,0.21887802,0.008037074,0.8115954,0.102671005,-0.0022979584,6.682076,170.22266,0.21345621,0.07938626,170.22266,119,FC128,versus,2,4119,0.40234375,2.453125,0.859375,0.51171875
11.753906,2.2695312,0.41015625,0.2285045,0.008031612,0.8000821,0.10329857,-0.009060645,7.002632,165.78906,0.22838894,0.080053374,165.78906,120,FC128,versus,2,4120,0.4921875,2.2734375,0.9375,0.43359375
11.03125,2.34375,0.49609375,0.2066687,0.008026151,0.80970836,0.100721516,-0.008648157,6.714013,165.01562,0.22205685,0.080720484,165.01562,121,FC128,versus,2,4121,0.4296875,2.4648438,0.89453125,0.453125
12.472656,2.5390625,0.37109375,0.22783136,0.008020689,0.8149464,0.09627949,-0.0069514825,7.278761,173.89453,0.21011667,0.081387594,173.89453,122,FC128,versus,2,4122,0.54296875,2.1953125,0.90234375,0.40234375
11.183594,2.2421875,0.49609375,0.2151149,0.0080152275,0.8067186,0.10223737,-0.011175542,6.538247,162.42969,0.23027423,0.082054704,162.42969,123,FC128,versus,2,4123,0.4375,2.3789062,0.8828125,0.484375
10.8828125,2.2382812,0.4765625,0.20004877,0.008009765,0.8083917,0.1035923,-0.006671013,6.4800634,164.13281,0.22373131,0.082721815,164.13281,124,FC128,versus,2,4124,0.44140625,2.3515625,0.88671875,0.46484375
11.238281,2.40625,0.48828125,0.1972806,0.008004304,0.8121478,0.10004767,-0.012266373,6.9317207,164.17969,0.22778627,0.083388925,164.17969,125,FC128,versus,2,4125,0.40234375,2.3710938,0.87890625,0.47265625
11.984375,2.4726562,0.4140625,0.20930655,0.007998843,0.82017314,0.09350476,-0.012190419,6.9487834,171.35938,0.21473877,0.08405604,171.35938,126,FC128,versus,2,4126,0.5078125,2.2070312,0.88671875,0.40234375
12.167969,2.5,0.43359375,0.21050772,0.007993381,0.81967735,0.09065024,-0.012980598,7.0357165,172.21484,0.210627,0.08472315,172.21484,127,FC128,versus,2,4127,0.46875,2.3164062,0.88671875,0.44140625
10.980469,2.28125,0.51171875,0.19282053,0.007987919,0.81462514,0.09895346,-0.01613149,6.5355196,161.72266,0.23325038,0.08539026,161.72266,128,FC128,versus,2,4128,0.44921875,2.2851562,0.88671875,0.5
12.285156,2.5117188,0.40625,0.20404965,0.007982457,0.828084,0.0960488,-0.0081680445,7.2136784,174.17578,0.21169132,0.08605737,174.17578,129,FC128,versus,2,4129,0.48046875,2.296875,0.87890625,0.44140625
11.765625,2.4140625,0.47265625,0.19226688,0.007976996,0.82136524,0.099641174,-0.00880801,6.8694797,166.19531,0.21996579,0.08672448,166.19531,130,FC128,versus,2,4130,0.46875,2.1796875,0.88671875,0.46875
11.628906,2.390625,0.484375,0.19244091,0.0079715345,0.83253175,0.09667354,-0.0070061157,6.9205713,164.84375,0.21042742,0.0873916,164.84375,131,FC128,versus,2,4131,0.45703125,2.3046875,0.86328125,0.453125
12.285156,2.3828125,0.46484375,0.20164667,0.007966072,0.830011,0.09071698,-0.013718523,7.023745,167.07031,0.21208367,0.08805871,167.07031,132,FC128,versus,2,4132,0.44921875,2.34375,0.87109375,0.4609375
12.160156,2.34375,0.4453125,0.19288746,0.007960611,0.82790333,0.09528361,-0.009713207,6.8278656,170.15234,0.21306466,0.08872582,170.15234,133,FC128,versus,2,4133,0.47265625,2.40625,0.88671875,0.4453125
11.660156,2.1484375,0.4921875,0.19155501,0.007955149,0.8263145,0.09905435,-0.010837119,6.463276,164.8125,0.22283065,0.08939293,164.8125,134,FC128,versus,2,4134,0.44921875,2.3007812,0.890625,0.484375
12.730469,2.3476562,0.3984375,0.19722252,0.007949688,0.8402497,0.089582674,-0.010542311,7.0935984,173.875,0.20338568,0.09006004,173.875,135,FC128,versus,2,4135,0.4921875,2.3710938,0.91015625,0.44140625
11.875,2.0859375,0.46875,0.18544765,0.007944226,0.83167,0.08700084,-0.016623508,6.4923162,168.28906,0.21019518,0.09072715,168.28906,136,FC128,versus,2,4136,0.44140625,2.4726562,0.875,0.46484375
11.921875,2.1679688,0.44140625,0.19010985,0.007938764,0.83274627,0.092772685,-0.012966497,6.71897,164.3086,0.21449684,0.09139427,164.3086,137,FC128,versus,2,4137,0.44921875,2.4921875,0.8984375,0.4375
10.808594,1.9414062,0.5390625,0.16742598,0.007933303,0.8240974,0.094307706,-0.013092476,6.0174255,162.71484,0.21745683,0.09206138,162.71484,138,FC128,versus,2,4138,0.375,2.7148438,0.87890625,0.54296875
12.566406,2.3203125,0.4140625,0.19769134,0.007927841,0.8342769,0.08403144,-0.016306777,6.8247757,171.5664,0.20381096,0.09272849,171.5664,139,FC128,versus,2,4139,0.46875,2.3789062,0.875,0.4609375
11.5078125,2.1679688,0.4609375,0.18868674,0.007922379,0.8295568,0.087719925,-0.013712528,6.323618,169.20703,0.2058546,0.0933956,169.20703,140,FC128,versus,2,4140,0.4296875,2.5,0.86328125,0.5078125
12.4765625,2.1875,0.43359375,0.20091915,0.007916918,0.8347041,0.08955548,-0.009222951,6.5805116,171.2539,0.20073819,0.09406271,171.2539,141,FC128,versus,2,4141,0.41015625,2.5234375,0.8515625,0.4765625
12.730469,2.3007812,0.40234375,0.20634206,0.007911456,0.8358277,0.09401609,-0.0067805466,6.807135,170.9414,0.20485821,0.094729826,170.9414,142,FC128,versus,2,4142,0.47265625,2.3828125,0.87109375,0.4375
12.46875,2.1523438,0.390625,0.20916675,0.007905995,0.83959854,0.08247695,-0.013112872,6.8985863,169.78125,0.19448699,0.095396936,169.78125,143,FC128,versus,2,4143,0.421875,2.3671875,0.9140625,0.47265625
11.8984375,2.3046875,0.44140625,0.2003873,0.007900532,0.82857895,0.09247291,-0.00900812,6.645254,170.1211,0.20612839,0.096064046,170.1211,144,FC128,versus,2,4144,0.453125,2.328125,0.875,0.4609375
11.730469,2.2070312,0.46484375,0.19389547,0.007895071,0.8277281,0.08596717,-0.012666792,6.3463697,171.13281,0.20032956,0.096731156,171.13281,145,FC128,versus,2,4145,0.40625,2.4765625,0.8515625,0.51953125
12.324219,2.3984375,0.375,0.21660064,0.00788961,0.840328,0.08407464,-0.010322221,6.9461465,173.38281,0.19221151,0.097398266,173.38281,146,FC128,versus,2,4146,0.50390625,2.25,0.87109375,0.41015625
11.183594,2.1367188,0.48828125,0.2119148,0.007884148,0.8269907,0.089131504,-0.010385183,6.3007355,166.33594,0.20237492,0.09806538,166.33594,147,FC128,versus,2,4147,0.40234375,2.421875,0.8671875,0.50390625
11.5546875,2.1132812,0.4296875,0.21380171,0.007878686,0.8280496,0.08701881,-0.010794757,6.3659425,169.67188,0.1989961,0.098732494,169.67188,148,FC128,versus,2,4148,0.4296875,2.2773438,0.875,0.4921875
11.339844,2.3164062,0.44921875,0.21477364,0.007873224,0.83208656,0.08940484,-0.009675162,6.795299,166.08594,0.20154192,0.099399604,166.08594,149,FC128,versus,2,4149,0.46484375,2.2851562,0.90234375,0.4609375
11.746094,2.21875,0.42578125,0.2129472,0.007867763,0.84388816,0.085195206,-0.00871501,6.7131104,170.84766,0.19117127,0.100066714,170.84766,150,FC128,versus,2,4150,0.4296875,2.34375,0.86328125,0.484375
11.140625,2.2617188,0.46484375,0.21793228,0.007862302,0.831727,0.08540847,-0.013963341,6.581505,165.23438,0.20217052,0.100733824,165.23438,151,FC128,versus,2,4151,0.4375,2.28125,0.89453125,0.47265625
11.609375,2.34375,0.375,0.2328221,0.007856839,0.8380394,0.08736582,-0.005807286,6.8978124,173.45703,0.1900047,0.101400934,173.45703,152,FC128,versus,2,4152,0.48828125,2.4257812,0.87890625,0.4140625
11.308594,2.3867188,0.45703125,0.23140074,0.007851378,0.84118575,0.090732455,-0.008204871,7.0624084,167.4961,0.20150828,0.102068044,167.4961,153,FC128,versus,2,4153,0.4140625,2.3203125,0.890625,0.453125
11.410156,2.359375,0.41796875,0.2158169,0.007845916,0.8385307,0.0911731,-0.008404859,6.805952,170.71094,0.20254247,0.10273516,170.71094,154,FC128,versus,2,4154,0.45703125,2.3203125,0.88671875,0.46484375
10.984375,2.5273438,0.48046875,0.2144466,0.007840455,0.8353858,0.09512591,-0.0069499435,6.8192296,164.85547,0.20751444,0.10340227,164.85547,155,FC128,versus,2,4155,0.48828125,2.15625,0.86328125,0.4296875
10.933594,2.3710938,0.48828125,0.21340618,0.007834993,0.83788234,0.091103405,-0.009440929,6.631394,167.77344,0.20443274,0.10406938,167.77344,156,FC128,versus,2,4156,0.4375,2.3984375,0.890625,0.5078125
11.203125,2.2578125,0.47265625,0.2096929,0.007829531,0.82874215,0.09190754,-0.013516717,6.5654454,167.90625,0.2141321,0.10473649,167.90625,157,FC128,versus,2,4157,0.43359375,2.34375,0.8984375,0.4765625
10.972656,2.3945312,0.46484375,0.20262416,0.00782407,0.83613455,0.093006186,-0.010898392,6.8249364,161.4961,0.21097983,0.1054036,161.4961,158,FC128,versus,2,4158,0.45703125,2.15625,0.90625,0.46484375
11.558594,2.4101562,0.453125,0.20307842,0.007818608,0.849275,0.089051194,-0.010662607,7.1067057,166.91406,0.20260319,0.10607072,166.91406,159,FC128,versus,2,4159,0.46484375,2.2421875,0.91015625,0.453125
10.949219,2.2929688,0.46875,0.20579484,0.007813146,0.8420161,0.09727505,-0.006936179,6.8338375,163.58203,0.21163826,0.10673783,163.58203,160,FC128,versus,2,4160,0.4375,2.4257812,0.8828125,0.48046875
11.890625,2.515625,0.4140625,0.20721284,0.0078076846,0.8524367,0.096142255,-0.0052991817,7.2846327,170.63672,0.20611857,0.10740494,170.63672,161,FC128,versus,2,4161,0.50390625,2.2304688,0.890625,0.43359375
11.5078125,2.46875,0.46484375,0.19838168,0.007802223,0.84301597,0.09290315,-0.008880218,6.9275923,165.04297,0.20666239,0.10807205,165.04297,162,FC128,versus,2,4162,0.45703125,2.2695312,0.875,0.4609375
11.675781,2.4765625,0.4609375,0.20021975,0.0077967616,0.8577948,0.08764282,-0.011409156,7.0862074,166.33594,0.20122609,0.10873916,166.33594,163,FC128,versus,2,4163,0.4765625,2.3125,0.86328125,0.4453125
11.902344,2.5429688,0.4296875,0.19976033,0.0077913,0.8479037,0.08808739,-0.013935093,7.1319704,167.09766,0.20715773,0.10940627,167.09766,164,FC128,versus,2,4164,0.53125,2.0703125,0.89453125,0.38671875
11.4375,2.3632812,0.4765625,0.1868356,0.007785838,0.85352075,0.0828462,-0.014423255,6.735135,169.35156,0.19744827,0.11007339,169.35156,165,FC128,versus,2,4165,0.453125,2.359375,0.87109375,0.47265625
12.246094,2.4492188,0.421875,0.20047182,0.0077803764,0.85522014,0.093795955,-0.0062507642,7.1774096,171.41797,0.20321293,0.1107405,171.41797,166,FC128,versus,2,4166,0.4921875,2.3671875,0.90234375,0.421875
11.6796875,2.3007812,0.48046875,0.1804857,0.0077749146,0.8533401,0.090565026,-0.009212862,6.7804174,164.45703,0.20236228,0.11140761,164.45703,167,FC128,versus,2,4167,0.40625,2.4648438,0.87109375,0.5
11.5,2.3242188,0.515625,0.18055779,0.0077694533,0.8537281,0.09505495,-0.009101084,6.9125195,164.46094,0.21111773,0.11207472,164.46094,168,FC128,versus,2,4168,0.41796875,2.390625,0.8828125,0.49609375
12.5390625,2.4101562,0.3984375,0.20355777,0.0077639916,0.8553585,0.087530494,-0.008898127,7.062335,172.88672,0.19601808,0.11274183,172.88672,169,FC128,versus,2,4169,0.4921875,2.3828125,0.875,0.421875
12.402344,2.3554688,0.421875,0.18930338,0.00775853,0.86339474,0.08287731,-0.010599368,6.9892197,171.39453,0.18989079,0.113408946,171.39453,170,FC128,versus,2,4170,0.453125,2.4375,0.8671875,0.46484375
12.4453125,2.5429688,0.43359375,0.19087608,0.007753068,0.8619583,0.084549636,-0.009302391,7.011323,174.46875,0.1906638,0.114076056,174.46875,171,FC128,versus,2,4171,0.47265625,2.2265625,0.859375,0.4453125
11.9609375,2.375,0.44921875,0.1881212,0.0077476064,0.8545768,0.09179201,-0.00784137,6.9316635,166.7539,0.20218174,0.114743166,166.7539,172,FC128,versus,2,4172,0.48046875,2.2929688,0.91015625,0.46484375
12.640625,2.34375,0.39453125,0.20131099,0.007742145,0.85805404,0.091795936,-0.0067828326,7.272263,169.59766,0.20027469,0.115410276,169.59766,173,FC128,versus,2,4173,0.54296875,2.3476562,0.89453125,0.37890625
12.8125,2.6054688,0.40625,0.202265,0.0077366834,0.8601807,0.0946935,-0.00501283,7.558651,170.16797,0.20254238,0.116077386,170.16797,174,FC128,versus,2,4174,0.52734375,2.0664062,0.90234375,0.40234375
13.40625,2.6171875,0.3359375,0.21726222,0.0077312216,0.8619873,0.088802025,-0.0033417928,7.5390186,174.64844,0.18764704,0.116744496,174.64844,175,FC128,versus,2,4175,0.5390625,2.1640625,0.9140625,0.3515625
12.597656,2.4921875,0.3828125,0.20128778,0.00772576,0.8624837,0.08410351,-0.008454199,7.298588,171.41797,0.18822561,0.11741161,171.41797,176,FC128,versus,2,4176,0.5234375,2.2539062,0.8984375,0.40234375
12.808594,2.3710938,0.37890625,0.20486248,0.007720298,0.8634106,0.08826554,-0.0061887833,7.341488,170.25781,0.19207184,0.11807872,170.25781,177,FC128,versus,2,4177,0.49609375,2.3398438,0.90625,0.4375
12.1796875,2.4726562,0.4140625,0.20099096,0.007714837,0.8622529,0.08182976,-0.011927735,7.127666,169.69531,0.19061622,0.11874583,169.69531,178,FC128,versus,2,4178,0.4765625,2.2929688,0.89453125,0.3984375
12.2421875,2.5195312,0.39453125,0.2054779,0.007709375,0.8684744,0.08780426,-0.0068649645,7.313951,170.4414,0.19250666,0.11941294,170.4414,179,FC128,versus,2,4179,0.5234375,2.2226562,0.9140625,0.41796875
11.527344,2.3710938,0.4609375,0.20030506,0.0077039134,0.85419303,0.09214151,-0.0065690684,6.7093,167.04688,0.20050742,0.120080054,167.04688,180,FC128,versus,2,4180,0.47265625,2.3320312,0.87109375,0.45703125
12.2578125,2.5351562,0.38671875,0.21028225,0.0076984516,0.8676702,0.08497481,-0.0104370145,7.401637,170.95312,0.19406134,0.12074717,170.95312,181,FC128,versus,2,4181,0.5703125,2.1992188,0.89453125,0.375
11.5,2.640625,0.46875,0.19028974,0.00769299,0.86351925,0.091398075,-0.0073225596,7.2043333,165.50781,0.20036906,0.12141428,165.50781,182,FC128,versus,2,4182,0.48828125,2.1875,0.87109375,0.453125
11.574219,2.515625,0.4609375,0.1969009,0.0076875286,0.8650383,0.08764224,-0.008411145,7.102519,170.90234,0.19513413,0.12208139,170.90234,183,FC128,versus,2,4183,0.49609375,2.2226562,0.87890625,0.421875
11.2890625,2.3710938,0.46875,0.20202701,0.007682067,0.8641766,0.08725388,-0.011240571,6.9062166,162.67578,0.20009288,0.1227485,162.67578,184,FC128,versus,2,4184,0.4453125,2.390625,0.90625,0.45703125
11.515625,2.4921875,0.43359375,0.20454414,0.007676605,0.8622704,0.09319765,-0.005818864,7.248744,163.05078,0.20117344,0.12341561,163.05078,185,FC128,versus,2,4185,0.4921875,2.265625,0.90234375,0.43359375
12.066406,2.6054688,0.40625,0.22058776,0.0076711434,0.87063265,0.09015782,-0.0060249446,7.6741314,164.08203,0.19574985,0.12408272,164.08203,186,FC128,versus,2,4186,0.546875,2.1132812,0.9296875,0.37890625
11.683594,2.6015625,0.41015625,0.20640585,0.0076656817,0.8657279,0.091883965,-0.003652638,7.4546995,171.32422,0.1942377,0.12474984,171.32422,187,FC128,versus,2,4187,0.51171875,2.2578125,0.88671875,0.41015625
11.9453125,2.59375,0.3984375,0.21744637,0.0076602204,0.8660424,0.089688785,-0.0065114596,7.5852294,169.70312,0.19573186,0.12541695,169.70312,188,FC128,versus,2,4188,0.5234375,2.2617188,0.8984375,0.39453125
11.597656,2.515625,0.43359375,0.19980383,0.0076547586,0.8694777,0.09020766,-0.0050386144,7.2693357,169.10156,0.19355144,0.12608406,169.10156,189,FC128,versus,2,4189,0.4609375,2.328125,0.859375,0.453125
10.839844,2.5390625,0.4921875,0.18618405,0.007649297,0.85983735,0.09092641,-0.009649683,7.074845,163.98828,0.20400053,0.12675117,163.98828,190,FC128,versus,2,4190,0.48046875,2.2226562,0.87890625,0.4375
11.660156,2.6484375,0.46484375,0.19950826,0.007643835,0.86625034,0.086665794,-0.012573374,7.483685,165.39453,0.20152836,0.12741828,165.39453,191,FC128,versus,2,4191,0.5,2.0976562,0.89453125,0.4296875
11.347656,2.5429688,0.453125,0.19923177,0.0076383734,0.8539374,0.0912373,-0.010852089,7.2504787,164.6875,0.20722239,0.12808539,164.6875,192,FC128,versus,2,4192,0.49609375,2.4101562,0.90234375,0.453125
11.4921875,2.65625,0.47265625,0.18899126,0.007632912,0.86108285,0.0907467,-0.008125868,7.3672523,167.02734,0.20063025,0.1287525,167.02734,193,FC128,versus,2,4193,0.50390625,2.2773438,0.875,0.4296875
11.6953125,2.6289062,0.4609375,0.19324096,0.0076274504,0.8667521,0.09380724,-0.0047320668,7.3751044,167.11328,0.20002648,0.12941961,167.11328,194,FC128,versus,2,4194,0.484375,2.3242188,0.86328125,0.45703125
11.84375,2.5898438,0.48046875,0.18634689,0.0076219887,0.86075556,0.09250714,-0.0064813597,7.1532373,166.82812,0.20081766,0.13008673,166.82812,195,FC128,versus,2,4195,0.46875,2.328125,0.875,0.4765625
12.089844,2.6484375,0.4375,0.19305275,0.007616527,0.85774666,0.09293869,-0.0068668104,7.5382466,168.10547,0.2025518,0.13075384,168.10547,196,FC128,versus,2,4196,0.515625,2.1835938,0.890625,0.40234375
12.6796875,2.6328125,0.40234375,0.19916102,0.007611065,0.86536235,0.08314844,-0.011739858,7.648165,169.5625,0.19280826,0.13142096,169.5625,197,FC128,versus,2,4197,0.5625,2.1914062,0.90625,0.3984375
13.2109375,2.9335938,0.375,0.19536176,0.007605604,0.8598988,0.09095021,-0.006901335,8.035323,171.01562,0.1986748,0.13208807,171.01562,198,FC128,versus,2,4198,0.56640625,2.0390625,0.90625,0.37109375
12.941406,2.6953125,0.37890625,0.18904087,0.007600142,0.864603,0.08965756,-0.006880997,7.922559,168.28906,0.1959506,0.13275518,168.28906,199,FC128,versus,2,4199,0.515625,2.2460938,0.9140625,0.40234375
12.527344,2.6601562,0.4140625,0.18989894,0.0075946804,0.8624896,0.092341974,-0.008374379,7.561847,166.58984,0.20431715,0.13342229,166.58984,200,FC128,versus,2,4200,0.546875,2.1015625,0.88671875,0.375
12.6484375,2.6132812,0.42578125,0.17844725,0.0075892187,0.86339676,0.08961401,-0.0061908197,7.5642805,171.14844,0.19431822,0.1340894,171.14844,201,FC128,versus,2,4201,0.52734375,2.265625,0.8828125,0.37890625
11.652344,2.4453125,0.4765625,0.16942078,0.007583757,0.86114913,0.08908911,-0.008042001,6.979415,163.80469,0.19683191,0.1347565,163.80469,202,FC128,versus,2,4202,0.47265625,2.3515625,0.88671875,0.44921875
12.449219,2.4179688,0.453125,0.17973655,0.0075782957,0.8620673,0.086695984,-0.013159034,7.322708,165.1875,0.20243424,0.13542362,165.1875,203,FC128,versus,2,4203,0.4375,2.4023438,0.88671875,0.47265625
12.0703125,2.53125,0.46875,0.16670531,0.007572834,0.85253996,0.0874606,-0.015645655,7.171549,165.71094,0.20873737,0.13609073,165.71094,204,FC128,versus,2,4204,0.484375,2.3945312,0.875,0.453125
13.1015625,2.6484375,0.39453125,0.18133283,0.007567372,0.86162615,0.08391896,-0.011085844,7.592301,171.17578,0.19275403,0.13675784,171.17578,205,FC128,versus,2,4205,0.55078125,2.2929688,0.90625,0.37890625
13.4375,2.546875,0.37109375,0.18406215,0.0075619104,0.8687601,0.088898845,-0.005010454,7.445907,171.5625,0.19060232,0.13742496,171.5625,206,FC128,versus,2,4206,0.5234375,2.25,0.8828125,0.37890625
13.6796875,2.6015625,0.37890625,0.18733603,0.0075564487,0.8662849,0.086547576,-0.0057818526,7.4867687,174.57422,0.18749005,0.13809207,174.57422,207,FC128,versus,2,4207,0.55078125,2.2226562,0.8828125,0.359375
12.9375,2.53125,0.42578125,0.17694798,0.0075509874,0.866343,0.083233334,-0.009075111,7.129966,169.375,0.18728916,0.13875918,169.375,208,FC128,versus,2,4208,0.4921875,2.2578125,0.875,0.4296875
13.558594,2.7578125,0.35546875,0.18481585,0.0075455257,0.87050474,0.083975576,-0.010049271,7.936562,170.8164,0.19083875,0.13942629,170.8164,209,FC128,versus,2,4209,0.58984375,2.0898438,0.9140625,0.34375
12.933594,2.3945312,0.390625,0.18279515,0.007540064,0.8701378,0.08291589,-0.011765036,7.3767223,170.08203,0.19211842,0.1400934,170.08203,210,FC128,versus,2,4210,0.453125,2.3164062,0.8671875,0.4296875
13.050781,2.53125,0.41796875,0.17352988,0.007534602,0.86441183,0.086072996,-0.0105545595,7.43643,169.1211,0.19587007,0.14076051,169.1211,211,FC128,versus,2,4211,0.51171875,2.3398438,0.8671875,0.41796875
12.109375,2.4414062,0.44140625,0.1706956,0.0075291405,0.8654477,0.08898415,-0.005360673,7.0947447,168.65625,0.19126001,0.14142762,168.65625,212,FC128,versus,2,4212,0.44921875,2.53125,0.84765625,0.46484375
12.6875,2.5820312,0.4140625,0.18366721,0.007523679,0.86490506,0.08386122,-0.01076744,7.40968,169.71484,0.19202101,0.14209473,169.71484,213,FC128,versus,2,4213,0.48828125,2.328125,0.859375,0.41796875
13.269531,2.6679688,0.34765625,0.20080848,0.0075182174,0.8660155,0.08511639,-0.0076821907,7.878796,172.0625,0.18861659,0.14276184,172.0625,214,FC128,versus,2,4214,0.49609375,2.2304688,0.92578125,0.38671875
11.96875,2.5351562,0.4296875,0.19133492,0.0075127557,0.86435974,0.085499026,-0.008870012,7.3376694,170.46484,0.19161299,0.14342895,170.46484,215,FC128,versus,2,4215,0.51953125,2.3359375,0.8984375,0.43359375
12.667969,2.6523438,0.38671875,0.20114845,0.007507294,0.8662226,0.08338208,-0.00810579,7.629824,170.0664,0.1859959,0.14409606,170.0664,216,FC128,versus,2,4216,0.578125,2.15625,0.90234375,0.359375
12.2734375,2.7265625,0.41796875,0.19527365,0.007501832,0.8656583,0.08545301,-0.007230174,7.627634,173.27344,0.18829618,0.14476317,173.27344,217,FC128,versus,2,4217,0.5078125,2.3242188,0.86328125,0.41796875
13.058594,2.9101562,0.359375,0.1996507,0.007496371,0.8670918,0.089084566,-0.0009446063,8.121333,177.57812,0.18305166,0.1454303,177.57812,218,FC128,versus,2,4218,0.5703125,2.1953125,0.88671875,0.36328125
13.0,2.9492188,0.36328125,0.20495544,0.007490909,0.8677907,0.09405644,-0.0014300646,8.37694,172.64844,0.19404362,0.1460974,172.64844,219,FC128,versus,2,4219,0.56640625,2.0585938,0.89453125,0.3359375
11.808594,2.5976562,0.421875,0.19169329,0.0074854475,0.8636588,0.09810802,-0.001426525,7.7361984,166.57031,0.20193891,0.14676452,166.57031,220,FC128,versus,2,4220,0.515625,2.2695312,0.90625,0.37890625
11.8671875,2.5429688,0.4296875,0.1904897,0.0074799857,0.86735976,0.08657114,-0.007976617,7.471246,171.45703,0.19194523,0.14743163,171.45703,221,FC128,versus,2,4221,0.48828125,2.4453125,0.875,0.42578125
12.25,2.875,0.359375,0.19631599,0.007474524,0.8673001,0.09091915,-0.0034638678,8.054414,173.8164,0.19170077,0.14809874,173.8164,222,FC128,versus,2,4222,0.578125,2.1679688,0.88671875,0.33984375
12.2578125,2.8632812,0.38671875,0.20487688,0.0074690627,0.8692285,0.08885041,-0.004965249,7.9077272,168.07031,0.19069178,0.14876585,168.07031,223,FC128,versus,2,4223,0.57421875,2.0546875,0.90625,0.390625
12.417969,2.8554688,0.40234375,0.19308224,0.007463601,0.8716545,0.08947352,-0.0029126217,7.961404,172.4961,0.18765447,0.14943296,172.4961,224,FC128,versus,2,4224,0.5390625,2.1757812,0.875,0.38671875
12.09375,2.6679688,0.421875,0.19451495,0.007458139,0.87117314,0.090981826,-0.0071139527,7.8031163,166.09766,0.199093,0.15010007,166.09766,225,FC128,versus,2,4225,0.54296875,2.2226562,0.8984375,0.375
12.7421875,2.7695312,0.375,0.18835284,0.0074526775,0.8753893,0.08719125,-0.005802227,8.057461,172.79688,0.18879442,0.15076718,172.79688,226,FC128,versus,2,4226,0.53125,2.296875,0.8984375,0.39453125
12.011719,2.5390625,0.41796875,0.1861506,0.0074472157,0.8629397,0.09404366,-0.008677691,7.5135756,167.3164,0.20821531,0.15143429,167.3164,227,FC128,versus,2,4227,0.5078125,2.3515625,0.91015625,0.43359375
11.8359375,2.6171875,0.45703125,0.17393239,0.0074417545,0.8653017,0.09371336,-0.008550269,7.4197607,166.0586,0.20711598,0.1521014,166.0586,228,FC128,versus,2,4228,0.55078125,2.203125,0.8828125,0.39453125
12.28125,2.7265625,0.421875,0.17841585,0.0074362927,0.8719229,0.091652825,-0.0050473027,7.5932693,168.10547,0.19605377,0.15276852,168.10547,229,FC128,versus,2,4229,0.48828125,2.1210938,0.91015625,0.40625
12.003906,2.5390625,0.4765625,0.16884807,0.007430831,0.8711616,0.09532507,-0.008166964,7.340911,162.53516,0.20949343,0.15343563,162.53516,230,FC128,versus,2,4230,0.48828125,2.1953125,0.88671875,0.41796875
13.261719,2.6484375,0.3828125,0.18315616,0.007425369,0.8774633,0.08276736,-0.014362695,7.736591,173.09766,0.1969801,0.15410274,173.09766,231,FC128,versus,2,4231,0.5390625,2.1992188,0.90625,0.34765625
13.265625,2.5078125,0.3671875,0.1765255,0.0074199075,0.8814529,0.08132941,-0.009875929,7.630619,174.6836,0.1850303,0.15476985,174.6836,232,FC128,versus,2,4232,0.53515625,2.3554688,0.87890625,0.4140625
13.1796875,2.484375,0.38671875,0.17312449,0.007414446,0.8809529,0.07881603,-0.012153961,7.43668,170.80469,0.18450722,0.15543696,170.80469,233,FC128,versus,2,4233,0.515625,2.1640625,0.89453125,0.40625
13.550781,2.6367188,0.36328125,0.18338512,0.0074089845,0.8775441,0.08064189,-0.011431168,7.6635213,172.88281,0.1868635,0.15610407,172.88281,234,FC128,versus,2,4234,0.55859375,2.2070312,0.91015625,0.3828125
13.863281,2.625,0.34765625,0.1890509,0.0074035227,0.88327086,0.07925483,-0.009873185,7.767482,176.55078,0.1810553,0.15677118,176.55078,235,FC128,versus,2,4235,0.55078125,2.1757812,0.890625,0.34765625
13.5234375,2.6210938,0.37890625,0.17836848,0.007398061,0.8823497,0.087457,-0.00624306,7.7594905,169.6875,0.19003928,0.1574383,169.6875,236,FC128,versus,2,4236,0.54296875,2.1367188,0.90234375,0.359375
13.3671875,2.5117188,0.39453125,0.17956397,0.0073925992,0.87650436,0.09140222,-0.0031698975,7.316411,171.32812,0.19179912,0.1581054,171.32812,237,FC128,versus,2,4237,0.51171875,2.28125,0.875,0.42578125
13.316406,2.671875,0.359375,0.16659436,0.007387138,0.877905,0.08451805,-0.0084481975,7.7624264,174.5039,0.18839382,0.15877251,174.5039,238,FC128,versus,2,4238,0.546875,2.2070312,0.8984375,0.3828125
13.8046875,2.6796875,0.3671875,0.18093228,0.007381676,0.8783587,0.08066843,-0.011410028,7.6973424,172.84375,0.18682808,0.15943962,172.84375,239,FC128,versus,2,4239,0.57421875,2.0703125,0.890625,0.34765625
12.667969,2.5039062,0.44140625,0.17288892,0.0073762145,0.8748481,0.082065865,-0.01130027,7.321841,166.78125,0.1892828,0.16010675,166.78125,240,FC128,versus,2,4240,0.4921875,2.265625,0.90234375,0.421875
13.097656,2.6015625,0.41015625,0.17959648,0.0073707527,0.8748111,0.08470658,-0.010136253,7.586344,167.125,0.19233319,0.16077386,167.125,241,FC128,versus,2,4241,0.52734375,2.1640625,0.91796875,0.38671875
13.675781,2.6757812,0.3515625,0.19336928,0.007365291,0.8789316,0.08187853,-0.009493127,7.9091797,174.63672,0.18559176,0.16144097,174.63672,242,FC128,versus,2,4242,0.58203125,2.2929688,0.9375,0.33984375
12.5,2.7773438,0.43359375,0.18276866,0.0073598297,0.8642031,0.09484922,-0.0086183725,7.6402006,162.48438,0.20962547,0.16210808,162.48438,243,FC128,versus,2,4243,0.5390625,2.1367188,0.91015625,0.4140625
12.925781,2.5703125,0.3984375,0.1828805,0.007354368,0.88079244,0.089951694,-0.0061007184,7.762334,169.1836,0.19479477,0.16277519,169.1836,244,FC128,versus,2,4244,0.51953125,2.2265625,0.9140625,0.38671875
13.175781,2.7304688,0.3671875,0.187526,0.0073489062,0.88018155,0.087009,-0.005587493,8.003761,170.3086,0.18794921,0.1634423,170.3086,245,FC128,versus,2,4245,0.55859375,2.1367188,0.921875,0.3671875
12.171875,2.7148438,0.4765625,0.17170088,0.0073434445,0.8665047,0.09431259,-0.0070850016,7.532726,167.86328,0.20531695,0.16410941,167.86328,246,FC128,versus,2,4246,0.49609375,2.1601562,0.8828125,0.41015625
12.425781,2.8515625,0.41015625,0.18458031,0.0073379828,0.8769502,0.085433826,-0.010209474,7.997778,166.82812,0.19399549,0.16477652,166.82812,247,FC128,versus,2,4247,0.5625,2.109375,0.91015625,0.3515625
11.7578125,2.6796875,0.45703125,0.18693344,0.0073325215,0.866186,0.09212493,-0.010795151,7.531163,158.89453,0.20858155,0.16544363,158.89453,248,FC128,versus,2,4248,0.53125,2.0898438,0.92578125,0.3984375
11.796875,2.875,0.42578125,0.17501715,0.0073270597,0.88122296,0.09009303,-0.004193828,7.884058,167.39844,0.19113845,0.16611074,167.39844,249,FC128,versus,2,4249,0.5703125,2.0546875,0.87109375,0.35546875
11.785156,2.78125,0.3984375,0.18356942,0.007321598,0.8799512,0.096189566,0.0006451844,8.194141,166.79297,0.19377682,0.16677785,166.79297,250,FC128,versus,2,4250,0.51171875,2.3554688,0.921875,0.40625
11.652344,2.9921875,0.4140625,0.18848264,0.0073161363,0.88056105,0.09743354,-0.0024955382,8.317955,167.26172,0.20261608,0.16744497,167.26172,251,FC128,versus,2,4251,0.56640625,2.140625,0.87890625,0.37109375
11.707031,2.9257812,0.4296875,0.1885178,0.0073106745,0.87698114,0.10157242,0.0005795631,8.176929,166.0586,0.20474209,0.16811208,166.0586,252,FC128,versus,2,4252,0.515625,2.1953125,0.90234375,0.40625
11.15625,2.7304688,0.4140625,0.18368319,0.0073052133,0.8777451,0.09148602,-0.0051966175,7.917405,171.5,0.19604896,0.1687792,171.5,253,FC128,versus,2,4253,0.50390625,2.2578125,0.89453125,0.43359375
11.34375,2.8945312,0.39453125,0.17800397,0.0072997515,0.8744247,0.09456317,-0.005891291,8.0120735,167.72656,0.20350769,0.1694463,167.72656,254,FC128,versus,2,4254,0.57421875,2.0585938,0.90234375,0.375
11.113281,2.9765625,0.4296875,0.18987575,0.00729429,0.87578154,0.09368796,-0.0058576567,8.049521,164.85547,0.20186125,0.17011341,164.85547,255,FC128,versus,2,4255,0.53125,2.0117188,0.9140625,0.38671875
10.953125,2.7460938,0.4453125,0.18436451,0.007288828,0.87492836,0.09568676,-0.005638781,7.87286,162.70312,0.20533869,0.17078052,162.70312,256,FC128,versus,2,4256,0.5,2.2070312,0.9140625,0.4375
11.480469,3.0625,0.37890625,0.20222138,0.0072833663,0.8797509,0.091369554,-0.004079781,8.259141,166.92578,0.19384438,0.17144763,166.92578,257,FC128,versus,2,4257,0.578125,1.9570312,0.91796875,0.33203125
11.3046875,2.703125,0.4296875,0.18197133,0.007277905,0.88152814,0.09346545,-0.00404183,7.872776,166.82422,0.19766329,0.17211474,166.82422,258,FC128,versus,2,4258,0.5,2.2695312,0.87890625,0.4296875
11.546875,2.9257812,0.39453125,0.1860846,0.0072724433,0.8812937,0.09554179,-0.0021365911,8.304653,168.17969,0.19806333,0.17278185,168.17969,259,FC128,versus,2,4259,0.56640625,2.1679688,0.90625,0.34375
11.5078125,2.8867188,0.3984375,0.18578893,0.0072669815,0.8732251,0.09592492,-0.005976925,8.1816635,164.71094,0.20650394,0.17344896,164.71094,260,FC128,versus,2,4260,0.5625,2.0585938,0.93359375,0.359375
11.308594,2.890625,0.453125,0.175503,0.00726152,0.881711,0.090668,-0.006541341,8.011559,164.2461,0.19696753,0.17411608,164.2461,261,FC128,versus,2,4261,0.48828125,2.1015625,0.88671875,0.40234375
11.6875,2.8710938,0.37890625,0.18668735,0.007256058,0.8846135,0.08625794,-0.007405813,8.170162,168.35156,0.19003673,0.1747832,168.35156,262,FC128,versus,2,4262,0.53125,2.1835938,0.890625,0.39453125
12.285156,3.0585938,0.359375,0.18942207,0.007250597,0.88677883,0.08637199,-0.005264158,8.519514,172.28125,0.18601914,0.17545031,172.28125,263,FC128,versus,2,4263,0.6015625,2.046875,0.9140625,0.36328125
11.925781,2.9570312,0.4296875,0.18081118,0.007245135,0.8751883,0.094043426,-0.006013992,8.156418,165.23047,0.20273483,0.17611742,165.23047,264,FC128,versus,2,4264,0.55078125,2.0273438,0.921875,0.39453125
12.488281,2.9882812,0.37890625,0.18095091,0.0072396733,0.8880576,0.09132499,-0.0011982421,8.390833,172.65625,0.18766652,0.17678453,172.65625,265,FC128,versus,2,4265,0.5703125,2.2304688,0.91015625,0.34765625
12.0703125,2.8554688,0.4453125,0.16892616,0.0072342115,0.88805693,0.08906644,-0.003974158,7.9176016,169.3164,0.18852527,0.17745164,169.3164,266,FC128,versus,2,4266,0.5234375,2.171875,0.875,0.40234375
12.3515625,2.8632812,0.4140625,0.17052977,0.00722875,0.8802538,0.090029836,-0.006413091,8.130527,166.14844,0.19535129,0.17811875,166.14844,267,FC128,versus,2,4267,0.5,2.2070312,0.8984375,0.41015625
12.316406,2.8671875,0.40234375,0.16813491,0.0072232885,0.88480943,0.081402674,-0.012194161,7.9039598,169.4375,0.18962266,0.17878586,169.4375,268,FC128,versus,2,4268,0.515625,2.171875,0.8828125,0.40625
12.886719,2.8515625,0.3984375,0.16598523,0.007217827,0.88484466,0.0862511,-0.006218493,8.141514,171.71875,0.1873353,0.17945297,171.71875,269,FC128,versus,2,4269,0.53515625,2.2734375,0.890625,0.37890625
13.0625,2.859375,0.359375,0.16119272,0.007212365,0.8808957,0.09113443,-0.00417392,8.227832,171.14453,0.19294186,0.18012008,171.14453,270,FC128,versus,2,4270,0.58203125,2.1015625,0.9140625,0.33984375
12.582031,2.703125,0.390625,0.15385298,0.0072069033,0.8843949,0.090330735,-0.002032136,7.9007826,170.26953,0.18694335,0.18078719,170.26953,271,FC128,versus,2,4271,0.54296875,2.3242188,0.91015625,0.3828125
12.285156,2.75,0.421875,0.14976914,0.0072014416,0.87945163,0.09097874,-0.006305222,7.487347,168.94922,0.19672504,0.1814543,168.94922,272,FC128,versus,2,4272,0.515625,2.1835938,0.88671875,0.40625
13.671875,2.875,0.34375,0.16799375,0.0071959803,0.8887677,0.084999874,-0.0044810334,8.495129,173.10938,0.18137957,0.18212143,173.10938,273,FC128,versus,2,4273,0.578125,2.2890625,0.91796875,0.35546875
12.636719,2.609375,0.37109375,0.15311965,0.0071905185,0.8842687,0.08456068,-0.0042369454,7.7845297,173.24219,0.17979726,0.18278854,173.24219,274,FC128,versus,2,4274,0.51953125,2.3671875,0.90234375,0.37890625
12.921875,2.796875,0.375,0.15515216,0.007185057,0.8827142,0.085209265,-0.0068450617,8.065971,174.27344,0.18633822,0.18345565,174.27344,275,FC128,versus,2,4275,0.55078125,2.1601562,0.890625,0.36328125
13.230469,2.9101562,0.37890625,0.16101232,0.007179595,0.887863,0.08338853,-0.0075330264,8.248224,173.4336,0.18415512,0.18412276,173.4336,276,FC128,versus,2,4276,0.5546875,2.1601562,0.890625,0.3828125
13.578125,2.8867188,0.36328125,0.16378315,0.0071741333,0.88288665,0.086272545,-0.0063683684,8.13784,172.67578,0.18763183,0.18478987,172.67578,277,FC128,versus,2,4277,0.60546875,2.1210938,0.921875,0.3203125
13.0859375,2.8085938,0.3984375,0.1579318,0.007168672,0.88055086,0.0900679,-0.00428261,7.909114,171.42969,0.19096534,0.18545698,171.42969,278,FC128,versus,2,4278,0.53125,2.0859375,0.9140625,0.375
13.597656,2.7382812,0.3671875,0.1552865,0.0071632103,0.885643,0.08312365,-0.00451779,7.865127,177.3125,0.17750756,0.18612409,177.3125,279,FC128,versus,2,4279,0.54296875,2.2109375,0.890625,0.390625
13.5234375,2.765625,0.375,0.16354227,0.0071577486,0.8802212,0.08305777,-0.0084769875,7.752063,171.99219,0.18541071,0.1867912,171.99219,280,FC128,versus,2,4280,0.55078125,2.2070312,0.8984375,0.33984375
13.761719,2.7109375,0.35546875,0.16100894,0.007152287,0.8884639,0.07974358,-0.0105854245,8.150873,170.66016,0.18296118,0.1874583,170.66016,281,FC128,versus,2,4281,0.55859375,2.2265625,0.9375,0.38671875
13.140625,2.5664062,0.4140625,0.15295547,0.007146825,0.8807556,0.086837135,-0.010773353,7.679342,167.26953,0.19740728,0.18812542,167.26953,282,FC128,versus,2,4282,0.51953125,2.2539062,0.90234375,0.41015625
13.363281,2.5898438,0.38671875,0.15535294,0.007141364,0.8827073,0.08430252,-0.009022104,7.690994,172.5586,0.1888681,0.18879253,172.5586,283,FC128,versus,2,4283,0.52734375,2.2695312,0.8984375,0.3984375
13.277344,2.859375,0.375,0.15681016,0.007135902,0.8848367,0.08165812,-0.009893164,8.065076,169.04688,0.18534052,0.18945965,169.04688,284,FC128,versus,2,4284,0.58203125,2.015625,0.921875,0.3515625
13.046875,2.53125,0.4140625,0.1559223,0.0071304403,0.87812483,0.0852716,-0.0100301085,7.473013,167.25781,0.192827,0.19012676,167.25781,285,FC128,versus,2,4285,0.54296875,2.2851562,0.8828125,0.40625
13.4375,2.6523438,0.375,0.16558069,0.0071249786,0.88371867,0.08517731,-0.0043241186,7.6923075,171.13672,0.18136238,0.19079387,171.13672,286,FC128,versus,2,4286,0.53515625,2.265625,0.890625,0.39453125
13.4375,2.7773438,0.36328125,0.16866215,0.007119517,0.88467383,0.08737538,-0.0053545674,8.037468,168.33984,0.18786149,0.19146098,168.33984,287,FC128,versus,2,4287,0.5546875,2.109375,0.94140625,0.32421875
13.105469,2.6445312,0.38671875,0.16302481,0.0071140556,0.8805507,0.08742739,-0.007770377,7.646243,170.22656,0.19271506,0.19212809,170.22656,288,FC128,versus,2,4288,0.53125,2.125,0.90234375,0.40625
13.480469,2.6914062,0.328125,0.17317025,0.007108594,0.8841512,0.085425735,-0.004899412,8.023628,173.9336,0.1831123,0.1927952,173.9336,289,FC128,versus,2,4289,0.4921875,2.3007812,0.91015625,0.38671875
13.1796875,2.8085938,0.3515625,0.16602226,0.007103132,0.88708246,0.084650256,-0.0051663155,8.233488,173.09375,0.1819917,0.19346231,173.09375,290,FC128,versus,2,4290,0.6171875,2.1367188,0.92578125,0.32421875
12.9375,2.8007812,0.3671875,0.16560988,0.0070976703,0.8866447,0.08351229,-0.0056770174,8.036014,170.59766,0.1807295,0.19412942,170.59766,291,FC128,versus,2,4291,0.578125,2.140625,0.93359375,0.34375
12.875,2.8515625,0.37890625,0.1737682,0.0070922086,0.88342446,0.09077082,-0.0019339644,8.115935,168.0625,0.18787436,0.19479653,168.0625,292,FC128,versus,2,4292,0.58984375,2.2109375,0.90625,0.33984375
12.285156,2.9804688,0.39453125,0.17019632,0.0070867473,0.8794052,0.093674585,-0.00087037473,7.958557,172.67188,0.1915022,0.19546364,172.67188,293,FC128,versus,2,4293,0.56640625,2.1796875,0.8671875,0.3671875
11.933594,2.7460938,0.453125,0.16585167,0.0070812856,0.8820625,0.09094662,-0.0063045905,7.678856,165.83984,0.19685131,0.19613075,165.83984,294,FC128,versus,2,4294,0.51171875,2.1992188,0.87890625,0.421875
11.28125,2.6992188,0.453125,0.16523175,0.007075824,0.8778484,0.091235004,-0.0057699494,7.5320296,160.8086,0.19634822,0.19679788,160.8086,295,FC128,versus,2,4295,0.50390625,2.1445312,0.875,0.390625
11.796875,2.875,0.40234375,0.18232602,0.007070362,0.88010305,0.08963885,-0.009962234,8.063774,165.28516,0.2017804,0.19746499,165.28516,296,FC128,versus,2,4296,0.58203125,2.0351562,0.91015625,0.359375
11.765625,2.8984375,0.42578125,0.17601852,0.0070649004,0.8849623,0.08697944,-0.007208686,8.119137,169.03125,0.19086336,0.1981321,169.03125,297,FC128,versus,2,4297,0.52734375,2.1953125,0.890625,0.40234375
11.734375,2.9492188,0.40234375,0.18094945,0.007059439,0.8803648,0.09253196,-0.0064733448,8.107061,168.48438,0.20056541,0.19879921,168.48438,298,FC128,versus,2,4298,0.53515625,2.0820312,0.9375,0.3984375
11.980469,2.9023438,0.38671875,0.18387526,0.0070539773,0.88515335,0.09841605,0.0016067559,8.435795,165.38672,0.1962127,0.19946632,165.38672,299,FC128,versus,2,4299,0.54296875,2.0703125,0.921875,0.3671875
11.2265625,2.9453125,0.44921875,0.17733926,0.0070485156,0.8857318,0.094970055,-0.001064329,8.06139,167.52734,0.19456872,0.20013343,167.52734,300,FC128,versus,2,4300,0.55078125,2.1796875,0.859375,0.39453125
11.5390625,2.9140625,0.3828125,0.18121849,0.007043054,0.88715255,0.08849912,-0.003995837,8.183445,172.0664,0.18754257,0.20080054,172.0664,301,FC128,versus,2,4301,0.53515625,2.1679688,0.88671875,0.3828125
12.058594,2.9882812,0.31640625,0.19326419,0.007037592,0.888035,0.08859757,-0.0034200924,8.722413,166.32031,0.18675555,0.20146765,166.32031,302,FC128,versus,2,4302,0.58984375,2.0976562,0.9609375,0.328125
11.785156,3.0,0.37109375,0.17733034,0.007032131,0.8859233,0.08971029,-0.004474485,8.556784,170.70312,0.19086356,0.20213476,170.70312,303,FC128,versus,2,4303,0.54296875,2.1367188,0.8828125,0.36328125
11.402344,2.9257812,0.37109375,0.18871439,0.007026669,0.88731396,0.08894195,-0.0042019603,8.233881,170.95312,0.18893988,0.20280187,170.95312,304,FC128,versus,2,4304,0.5703125,2.0507812,0.890625,0.3671875
11.484375,2.953125,0.3828125,0.18463561,0.0070212074,0.8858581,0.09658436,0.00056020747,8.350264,165.6875,0.19464102,0.20346898,165.6875,305,FC128,versus,2,4305,0.5625,2.140625,0.90234375,0.37890625
11.613281,2.828125,0.3828125,0.18766426,0.0070157456,0.883525,0.090955876,-0.0013866886,8.25754,168.30469,0.18731834,0.20413609,168.30469,306,FC128,versus,2,4306,0.55859375,2.2539062,0.921875,0.3984375
12.2265625,3.0546875,0.3359375,0.19065613,0.007010284,0.889533,0.08163895,-0.0058723106,8.309891,175.6914,0.17769562,0.20480321,175.6914,307,FC128,versus,2,4307,0.59375,2.0585938,0.87890625,0.32421875
11.699219,3.0546875,0.37890625,0.18222623,0.0070048226,0.88622844,0.08885184,-0.0032214667,8.385123,169.875,0.18669954,0.20547032,169.875,308,FC128,versus,2,4308,0.5625,2.1015625,0.87890625,0.3203125
12.042969,2.9765625,0.3984375,0.17569913,0.006999361,0.884684,0.08968191,-0.0041031814,8.368961,169.21875,0.19002974,0.20613743,169.21875,309,FC128,versus,2,4309,0.56640625,2.1640625,0.90625,0.36328125
11.8125,2.9023438,0.421875,0.1753574,0.006993899,0.8832095,0.09220151,-0.0034175094,8.220871,165.35156,0.1936909,0.20680454,165.35156,310,FC128,versus,2,4310,0.578125,1.9921875,0.9296875,0.375
12.21875,2.9492188,0.3828125,0.18069068,0.0069884374,0.8840245,0.09270704,-0.0034363875,8.294542,168.5625,0.19481234,0.20747165,168.5625,311,FC128,versus,2,4311,0.5625,2.1171875,0.87890625,0.3515625
12.839844,2.9570312,0.3359375,0.18669869,0.0069829756,0.8923559,0.08546841,-0.0042566177,8.526739,174.16797,0.18205748,0.20813876,174.16797,312,FC128,versus,2,4312,0.56640625,2.2148438,0.890625,0.34375
12.644531,2.9101562,0.37109375,0.17090657,0.0069775144,0.88448215,0.086708866,-0.0086029,8.229747,169.21094,0.19300854,0.20880587,169.21094,313,FC128,versus,2,4313,0.5703125,2.078125,0.91015625,0.359375
12.796875,2.8320312,0.375,0.16688973,0.0069720526,0.887224,0.0862144,-0.006469732,8.094576,170.78516,0.1876954,0.20947298,170.78516,314,FC128,versus,2,4314,0.546875,2.25,0.8984375,0.39453125
12.761719,2.8671875,0.38671875,0.16763233,0.006966591,0.8832663,0.0890863,-0.007075,8.059846,174.7539,0.19465825,0.2101401,174.7539,315,FC128,versus,2,4315,0.5546875,2.2382812,0.8828125,0.36328125
12.917969,2.84375,0.390625,0.1658699,0.006961129,0.8810821,0.09092843,-0.006579764,8.139835,168.6211,0.19732566,0.2108072,168.6211,316,FC128,versus,2,4316,0.5625,2.3007812,0.921875,0.359375
12.9453125,2.9804688,0.39453125,0.16242911,0.0069556674,0.88651496,0.09148791,-0.0063278074,8.366898,167.125,0.19789104,0.21147431,167.125,317,FC128,versus,2,4317,0.5390625,2.0429688,0.921875,0.375
12.410156,2.71875,0.41796875,0.15674712,0.006950206,0.877182,0.0953601,-0.0061755693,7.929283,166.92578,0.20525019,0.21214144,166.92578,318,FC128,versus,2,4318,0.5078125,2.265625,0.90234375,0.40234375
13.1640625,2.734375,0.39453125,0.16039756,0.0069447444,0.89056444,0.084493496,-0.0074965516,8.082588,172.49219,0.18620794,0.21280855,172.49219,319,FC128,versus,2,4319,0.52734375,2.3125,0.8828125,0.41796875
13.3203125,2.9335938,0.359375,0.1758839,0.0069392826,0.8906289,0.08519839,-0.0058552762,8.283294,169.30469,0.18454835,0.21347566,169.30469,320,FC128,versus,2,4320,0.6015625,2.0898438,0.91796875,0.33984375
12.457031,2.7148438,0.421875,0.16439931,0.006933821,0.87897855,0.089945465,-0.009922047,7.7689867,165.83203,0.20201486,0.21414277,165.83203,321,FC128,versus,2,4321,0.48828125,2.2148438,0.90234375,0.421875
13.46875,2.859375,0.31640625,0.18656437,0.006928359,0.8921472,0.08078324,-0.0064821737,8.432134,176.02734,0.177116,0.21480988,176.02734,322,FC128,versus,2,4322,0.6015625,2.2226562,0.921875,0.3046875
13.230469,2.8554688,0.34765625,0.17579077,0.006922898,0.88849497,0.08550638,-0.0071505145,8.353844,173.2539,0.18774775,0.21547699,173.2539,323,FC128,versus,2,4323,0.546875,2.2109375,0.8828125,0.36328125
13.503906,2.9140625,0.328125,0.18019609,0.006917436,0.8890486,0.08603286,-0.0031159164,8.50079,172.47266,0.18079054,0.2161441,172.47266,324,FC128,versus,2,4324,0.58203125,2.1367188,0.92578125,0.3359375
13.066406,2.9140625,0.3671875,0.17161256,0.0069119744,0.891089,0.0858957,-0.002820151,8.324631,174.67188,0.17980407,0.21681121,174.67188,325,FC128,versus,2,4325,0.55078125,2.2539062,0.87109375,0.359375
12.605469,2.8984375,0.39453125,0.17613515,0.0069065127,0.89031,0.08823322,-0.0057181665,8.452707,167.26172,0.19033572,0.21747832,167.26172,326,FC128,versus,2,4326,0.578125,2.0703125,0.9296875,0.34765625
12.722656,2.9726562,0.3671875,0.18408732,0.006901051,0.88677025,0.08601946,-0.0062317154,8.410767,171.84375,0.18704315,0.21814543,171.84375,327,FC128,versus,2,4327,0.58203125,2.1367188,0.91796875,0.37109375
11.734375,2.7695312,0.3984375,0.18268842,0.0068955896,0.8860228,0.082983725,-0.009461238,8.0372305,164.78125,0.18740942,0.21881254,164.78125,328,FC128,versus,2,4328,0.5078125,2.2460938,0.9140625,0.3828125
12.628906,2.984375,0.359375,0.1841971,0.006890128,0.89423084,0.08276813,-0.0048904656,8.516797,173.13672,0.17785546,0.21947967,173.13672,329,FC128,versus,2,4329,0.546875,2.2226562,0.86328125,0.35546875
12.125,3.0546875,0.36328125,0.18490835,0.006884666,0.8917128,0.09075716,-0.004582053,8.71858,167.64844,0.19322449,0.22014678,167.64844,330,FC128,versus,2,4330,0.60546875,2.0820312,0.90625,0.31640625
11.6171875,2.953125,0.37109375,0.1922591,0.0068792044,0.88687724,0.09134333,-0.0029428625,8.220721,170.23047,0.19121756,0.22081389,170.23047,331,FC128,versus,2,4331,0.56640625,2.1835938,0.90625,0.3359375
11.5,2.8671875,0.3671875,0.17977282,0.0068737427,0.8827513,0.09595668,-0.0035865821,8.2978,171.11328,0.20155795,0.221481,171.11328,332,FC128,versus,2,4332,0.55859375,2.2851562,0.921875,0.34765625
11.230469,2.890625,0.390625,0.17869087,0.0068682814,0.8877772,0.09160866,-0.0067451135,8.272103,165.67188,0.19916214,0.2221481,165.67188,333,FC128,versus,2,4333,0.5546875,2.1054688,0.921875,0.37109375
11.25,3.0273438,0.3515625,0.19257687,0.0068628197,0.8880225,0.09132215,-0.0073927436,8.606026,162.89844,0.20007302,0.22281522,162.89844,334,FC128,versus,2,4334,0.58984375,1.9726562,0.94140625,0.328125
11.308594,3.0,0.38671875,0.18160473,0.006857358,0.8927915,0.08862653,-0.008215352,8.433031,168.54688,0.19617441,0.22348233,168.54688,335,FC128,versus,2,4335,0.57421875,2.0195312,0.88671875,0.3828125
11.4296875,3.0507812,0.3671875,0.1895404,0.006851896,0.8955343,0.08713121,-0.0051741293,8.648919,168.40234,0.1872081,0.22414944,168.40234,336,FC128,versus,2,4336,0.54296875,2.0507812,0.91015625,0.3984375
11.1171875,2.796875,0.3984375,0.18179238,0.0068464344,0.89090747,0.09382783,-0.0020713801,8.029146,169.91406,0.19428767,0.22481655,169.91406,337,FC128,versus,2,4337,0.54296875,2.3632812,0.890625,0.39453125
11.7265625,2.9140625,0.375,0.17929916,0.006840973,0.8976354,0.08689597,-0.0036963366,8.454843,170.3789,0.18363778,0.22548366,170.3789,338,FC128,versus,2,4338,0.578125,2.1679688,0.9140625,0.3671875
11.261719,2.7773438,0.39453125,0.17127125,0.0068355114,0.88905835,0.08783759,-0.0073499396,8.096176,167.65625,0.19271651,0.22615077,167.65625,339,FC128,versus,2,4339,0.546875,2.2890625,0.921875,0.38671875
12.125,2.9609375,0.36328125,0.17320149,0.0068300497,0.89107573,0.0829869,-0.008794999,8.405228,168.11719,0.18592975,0.22681789,168.11719,340,FC128,versus,2,4340,0.5859375,2.0585938,0.9140625,0.328125
12.589844,3.09375,0.3515625,0.18259169,0.006824588,0.8952077,0.083620176,-0.0065644938,8.758449,170.52344,0.18286155,0.227485,170.52344,341,FC128,versus,2,4341,0.609375,2.09375,0.90234375,0.3203125
11.738281,2.9140625,0.44140625,0.15805212,0.006819126,0.88635474,0.087994516,-0.0073213223,8.023838,166.02344,0.19278723,0.22815211,166.02344,342,FC128,versus,2,4342,0.51171875,2.1289062,0.88671875,0.3984375
12.6484375,2.9257812,0.390625,0.16581868,0.006813665,0.8907671,0.08741721,-0.003477711,8.207203,171.44531,0.1840495,0.22881922,171.44531,343,FC128,versus,2,4343,0.546875,2.2773438,0.87890625,0.34765625
13.167969,2.875,0.3515625,0.18059611,0.006808203,0.8902712,0.08785388,-0.0061014886,8.569019,170.32031,0.1903698,0.22948633,170.32031,344,FC128,versus,2,4344,0.57421875,2.1601562,0.921875,0.3671875
13.375,3.0,0.3515625,0.17797102,0.0068027414,0.895033,0.08317838,-0.0057858736,8.567578,171.96484,0.18034989,0.23015344,171.96484,345,FC128,versus,2,4345,0.5859375,2.1210938,0.890625,0.3125
13.160156,3.0625,0.34765625,0.172637,0.0067972797,0.8909312,0.08193824,-0.007996957,8.639031,169.55469,0.1822173,0.23082055,169.55469,346,FC128,versus,2,4346,0.578125,2.0390625,0.90234375,0.359375
12.546875,3.0117188,0.390625,0.16449562,0.006791818,0.8935973,0.08210643,-0.009589402,8.405199,168.1211,0.1856261,0.23148766,168.1211,347,FC128,versus,2,4347,0.5859375,2.0703125,0.87890625,0.34375
13.089844,2.953125,0.3359375,0.17719273,0.0067863567,0.8882787,0.083940715,-0.01014001,8.435278,170.3711,0.19056644,0.23215477,170.3711,348,FC128,versus,2,4348,0.62109375,2.1484375,0.92578125,0.30859375
11.941406,2.9492188,0.40625,0.16003157,0.006780895,0.89118063,0.08702369,-0.004497034,8.349438,172.33984,0.18521176,0.23282188,172.33984,349,FC128,versus,2,4349,0.5,2.234375,0.91015625,0.4140625
12.7890625,3.15625,0.31640625,0.17458542,0.006775433,0.8957076,0.084560685,-0.004344679,8.869078,174.8164,0.18017651,0.23348899,174.8164,350,FC128,versus,2,4350,0.60546875,2.0703125,0.90625,0.3125
12.636719,3.0078125,0.33984375,0.1812599,0.0067699715,0.8963987,0.08469266,-0.005220768,8.681637,171.6289,0.1822811,0.23415612,171.6289,351,FC128,versus,2,4351,0.57421875,2.171875,0.90625,0.3203125
11.917969,2.953125,0.390625,0.17672497,0.0067645097,0.89167196,0.082349285,-0.0066618943,8.273727,169.98047,0.18041328,0.23482323,169.98047,352,FC128,versus,2,4352,0.56640625,2.1875,0.91796875,0.359375
12.050781,3.0234375,0.34765625,0.17863618,0.0067590484,0.89182,0.089308865,-0.003759264,8.534001,173.0664,0.18855108,0.23549034,173.0664,353,FC128,versus,2,4353,0.5859375,2.1328125,0.9140625,0.33203125
11.4375,2.9726562,0.36328125,0.17890397,0.0067535867,0.8967659,0.08364362,-0.0051090536,8.433781,167.67578,0.17992185,0.23615745,167.67578,354,FC128,versus,2,4354,0.55078125,2.1992188,0.89453125,0.37890625
11.449219,2.9960938,0.3515625,0.18322627,0.006748125,0.8922428,0.08898793,-0.0033626237,8.476028,169.50781,0.18717398,0.23682456,169.50781,355,FC128,versus,2,4355,0.58203125,2.1171875,0.91015625,0.3203125
11.640625,3.0703125,0.3671875,0.18069322,0.006742663,0.8954095,0.08809706,-0.0042707045,8.816599,168.20312,0.18717223,0.23749167,168.20312,356,FC128,versus,2,4356,0.5625,2.0390625,0.92578125,0.359375
11.230469,3.0625,0.3984375,0.16892795,0.0067372015,0.8893499,0.08808309,-0.008182083,8.46981,164.5,0.19480655,0.23815878,164.5,357,FC128,versus,2,4357,0.55078125,2.109375,0.90234375,0.3515625
11.769531,2.984375,0.34375,0.1773102,0.00673174,0.8977954,0.08458001,-0.0050566895,8.595846,172.1289,0.18166061,0.23882589,172.1289,358,FC128,versus,2,4358,0.57421875,2.171875,0.9140625,0.359375
11.042969,2.9882812,0.40625,0.16725154,0.0067262785,0.8896894,0.09620066,-0.0017117002,8.336313,167.45703,0.19807468,0.239493,167.45703,359,FC128,versus,2,4359,0.5078125,2.2421875,0.90234375,0.40625
12.03125,3.0820312,0.30859375,0.18209012,0.0067208167,0.895541,0.08690679,-0.0074043665,8.898333,169.80469,0.1910699,0.24016011,169.80469,360,FC128,versus,2,4360,0.62890625,2.1054688,0.94140625,0.3046875
12.1796875,3.2773438,0.3046875,0.18257609,0.0067153554,0.90221334,0.08624003,-0.004134939,9.189756,174.69531,0.18320206,0.24082722,174.69531,361,FC128,versus,2,4361,0.625,1.9414062,0.91015625,0.2890625
11.2578125,2.9023438,0.38671875,0.16739999,0.0067098932,0.8895121,0.095832735,-0.0025142147,8.308117,166.82031,0.19894037,0.24149434,166.82031,362,FC128,versus,2,4362,0.55859375,2.1328125,0.92578125,0.3671875
12.066406,2.96875,0.328125,0.16726483,0.006704432,0.89965826,0.08838729,-0.003288113,8.813604,169.73438,0.18559363,0.24216145,169.73438,363,FC128,versus,2,4363,0.53515625,2.1992188,0.9296875,0.34765625
12.3359375,3.2070312,0.34375,0.16405363,0.00669897,0.9029727,0.08056946,-0.009275538,9.043151,171.58203,0.18188798,0.24282856,171.58203,364,FC128,versus,2,4364,0.6328125,2.0976562,0.91015625,0.30078125
12.253906,3.0898438,0.34375,0.16871212,0.0066935085,0.9004737,0.08867314,-0.0051174355,8.870323,169.4961,0.1898397,0.24349567,169.4961,365,FC128,versus,2,4365,0.60546875,2.0195312,0.91796875,0.3125
12.738281,2.9140625,0.28125,0.1811605,0.006688047,0.9011252,0.08314082,-0.0047253924,8.767002,171.14844,0.17815565,0.24416278,171.14844,366,FC128,versus,2,4366,0.58984375,2.1484375,0.9375,0.3125
12.644531,3.1601562,0.3359375,0.16679941,0.006682585,0.9014405,0.08434069,-0.0048325295,8.985153,174.3125,0.18057574,0.2448299,174.3125,367,FC128,versus,2,4367,0.5859375,2.1523438,0.921875,0.33203125
12.6015625,2.9570312,0.32421875,0.16698438,0.0066771237,0.9020258,0.08158094,-0.0048007574,8.426039,174.73828,0.17499334,0.245497,174.73828,368,FC128,versus,2,4368,0.55859375,2.21875,0.890625,0.375
12.636719,2.9335938,0.328125,0.16719866,0.006671662,0.9002811,0.08123538,-0.00625574,8.4296,171.85547,0.17721322,0.24616411,171.85547,369,FC128,versus,2,4369,0.5625,2.1484375,0.92578125,0.33203125
12.359375,2.9414062,0.34765625,0.15746902,0.0066662002,0.90191495,0.08337934,-0.006919997,8.456665,172.91016,0.18269812,0.24683122,172.91016,370,FC128,versus,2,4370,0.58984375,2.171875,0.91015625,0.33984375
12.203125,3.0078125,0.37109375,0.15964492,0.006660739,0.90129185,0.08205154,-0.0081898365,8.542639,168.8164,0.18260945,0.24749833,168.8164,371,FC128,versus,2,4371,0.6015625,2.0585938,0.9296875,0.31640625
12.480469,3.0390625,0.35546875,0.16210422,0.0066552768,0.9036166,0.08191887,-0.005432762,8.743816,170.44922,0.17686097,0.24816544,170.44922,372,FC128,versus,2,4372,0.59765625,2.1523438,0.91796875,0.3359375
12.40625,3.0546875,0.359375,0.16538566,0.0066498155,0.8995842,0.0822795,-0.0074338303,8.618965,170.39453,0.18162625,0.24883257,170.39453,373,FC128,versus,2,4373,0.58984375,2.0546875,0.8984375,0.328125
12.511719,3.1015625,0.31640625,0.16931622,0.0066443537,0.9002242,0.08653644,-0.003439066,8.984301,171.58203,0.18220101,0.24949968,171.58203,374,FC128,versus,2,4374,0.61328125,2.0546875,0.91015625,0.27734375
12.082031,2.8984375,0.359375,0.16598798,0.006638892,0.8982378,0.0863428,-0.004910874,8.553322,171.125,0.18471129,0.25016677,171.125,375,FC128,versus,2,4375,0.5546875,2.2265625,0.92578125,0.36328125
12.542969,3.0625,0.3203125,0.16825028,0.0066334307,0.898793,0.07941898,-0.0071789897,8.731131,176.03125,0.17542809,0.2508339,176.03125,376,FC128,versus,2,4376,0.5546875,2.2539062,0.91015625,0.33984375
11.5546875,2.9726562,0.3515625,0.15941177,0.0066279685,0.8924309,0.08780427,-0.0041036475,8.5467205,169.34375,0.18592899,0.251501,169.34375,377,FC128,versus,2,4377,0.578125,2.1835938,0.9140625,0.359375
11.921875,3.0039062,0.328125,0.17544018,0.0066225072,0.8972213,0.08391639,-0.0053556277,8.652975,167.71094,0.18086773,0.25216812,167.71094,378,FC128,versus,2,4378,0.5859375,2.1171875,0.91796875,0.3203125
11.375,3.0039062,0.37890625,0.17378786,0.0066170455,0.8857734,0.09256835,-0.0066034105,8.336292,165.54688,0.20064345,0.25283524,165.54688,379,FC128,versus,2,4379,0.59375,2.0625,0.93359375,0.33203125
11.09375,2.8710938,0.39453125,0.16686861,0.0066115838,0.89110595,0.09031393,-0.0054321694,8.205252,165.42969,0.19369872,0.25350234,165.42969,380,FC128,versus,2,4380,0.53125,2.1992188,0.90234375,0.39453125
11.667969,3.1054688,0.36328125,0.16824588,0.0066061225,0.89779913,0.09351464,-0.00022752136,8.968218,167.23438,0.18970723,0.25416946,167.23438,381,FC128,versus,2,4381,0.5859375,1.9921875,0.93359375,0.32421875
11.714844,2.90625,0.35546875,0.17073664,0.0066006603,0.89790267,0.08431588,-0.006357899,8.386083,170.39062,0.18360151,0.25483656,170.39062,382,FC128,versus,2,4382,0.58984375,2.1328125,0.89453125,0.328125
12.0234375,2.984375,0.36328125,0.16695808,0.006595199,0.8988585,0.083851665,-0.0067462875,8.564095,170.78516,0.18339814,0.25550368,170.78516,383,FC128,versus,2,4383,0.58984375,2.109375,0.89453125,0.359375
11.683594,2.8789062,0.39453125,0.16694115,0.0065897373,0.8918226,0.08829909,-0.006396751,8.278286,167.32422,0.19159187,0.25617078,167.32422,384,FC128,versus,2,4384,0.54296875,2.1875,0.9296875,0.34375
12.1015625,2.8398438,0.3828125,0.16127189,0.0065842755,0.8962598,0.08456819,-0.0064377296,8.540291,166.79297,0.18413554,0.2568379,166.79297,385,FC128,versus,2,4385,0.53515625,2.1679688,0.9375,0.37890625
12.277344,2.9414062,0.3359375,0.17686799,0.0065788142,0.89230293,0.08236069,-0.009609009,8.398323,171.5,0.18626656,0.257505,171.5,386,FC128,versus,2,4386,0.56640625,2.1054688,0.91015625,0.3359375
12.003906,3.0078125,0.4140625,0.1585186,0.006573352,0.89481103,0.07803597,-0.01136734,8.258398,168.21484,0.18089062,0.25817212,168.21484,387,FC128,versus,2,4387,0.55859375,2.109375,0.8984375,0.37890625
12.515625,2.9726562,0.40234375,0.15542035,0.0065678908,0.8950513,0.08685463,-0.0036907045,8.535337,170.38672,0.18313223,0.25883922,170.38672,388,FC128,versus,2,4388,0.5703125,2.2109375,0.90234375,0.35546875
12.808594,2.9960938,0.3671875,0.16058344,0.006562429,0.89259636,0.08597135,-0.0075418693,8.516288,170.51172,0.18913408,0.25950634,170.51172,389,FC128,versus,2,4389,0.55859375,2.15625,0.90625,0.34765625
12.65625,2.9960938,0.38671875,0.14897539,0.0065569673,0.89419687,0.08002066,-0.008038075,8.326072,168.16016,0.17807111,0.26017347,168.16016,390,FC128,versus,2,4390,0.5546875,2.15625,0.90625,0.37890625
13.738281,3.1484375,0.32421875,0.16004914,0.006551506,0.8984687,0.07821123,-0.006355246,8.804334,174.4414,0.1712301,0.26084056,174.4414,391,FC128,versus,2,4391,0.6171875,2.0859375,0.90625,0.30859375
13.6015625,2.7929688,0.359375,0.15635489,0.006546044,0.8916074,0.078865096,-0.008025541,8.107603,172.1211,0.1758283,0.2615077,172.1211,392,FC128,versus,2,4392,0.57421875,2.2773438,0.89453125,0.359375
13.7109375,3.1015625,0.32421875,0.15470102,0.0065405825,0.8935009,0.08305306,-0.0036609012,8.479244,175.73828,0.17545159,0.2621748,175.73828,393,FC128,versus,2,4393,0.65234375,1.921875,0.9375,0.2890625
13.433594,2.8789062,0.34375,0.15254532,0.006535121,0.89460915,0.0886723,-0.0019984087,8.468594,170.80078,0.18333523,0.2628419,170.80078,394,FC128,versus,2,4394,0.5625,2.2304688,0.89453125,0.32421875
14.4921875,3.046875,0.26953125,0.15885861,0.006529659,0.9024997,0.07613358,-0.007670179,8.995169,176.92188,0.1696821,0.263509,176.92188,395,FC128,versus,2,4395,0.671875,2.2265625,0.93359375,0.26171875
13.425781,2.8945312,0.3515625,0.15443851,0.0065241978,0.89176273,0.08410863,-0.010066968,8.429058,171.45312,0.19036637,0.26417613,171.45312,396,FC128,versus,2,4396,0.578125,2.15625,0.89453125,0.33203125
13.207031,3.0039062,0.35546875,0.16274172,0.0065187356,0.8896117,0.07884351,-0.010004503,8.46904,169.5625,0.17981778,0.26484323,169.5625,397,FC128,versus,2,4397,0.57421875,2.0820312,0.9296875,0.34375
12.921875,3.0273438,0.359375,0.16409737,0.0065132743,0.894115,0.08479204,-0.006321672,8.620581,167.40625,0.18436503,0.26551035,167.40625,398,FC128,versus,2,4398,0.5703125,2.0546875,0.93359375,0.34765625
13.046875,3.0078125,0.3203125,0.17274931,0.0065078125,0.89976037,0.08033303,-0.006294579,8.633614,171.89062,0.17550366,0.26617745,171.89062,399,FC128,versus,2,4399,0.5703125,2.0,0.9140625,0.296875
12.3515625,2.9023438,0.390625,0.16535917,0.006502351,0.89173454,0.082185365,-0.009813316,8.27459,164.79297,0.18614781,0.26684457,164.79297,400,FC128,versus,2,4400,0.546875,2.0351562,0.9296875,0.359375
12.6015625,3.234375,0.31640625,0.17359361,0.0064968895,0.90005004,0.08471299,-0.003856569,8.989011,173.21484,0.17939475,0.2675117,173.21484,401,FC128,versus,2,4401,0.60546875,1.8828125,0.91796875,0.3125
12.246094,3.1445312,0.33984375,0.17050074,0.0064914273,0.89909744,0.08384829,-0.0061149704,8.790639,170.90234,0.1821401,0.2681788,170.90234,402,FC128,versus,2,4402,0.60546875,2.1054688,0.89453125,0.34375
11.136719,2.9140625,0.41796875,0.16706124,0.006485966,0.88927627,0.09241162,-0.0050357454,8.115732,165.32031,0.19706184,0.26884592,165.32031,403,FC128,versus,2,4403,0.55078125,2.0585938,0.890625,0.3828125
11.0234375,2.9765625,0.34765625,0.17425548,0.0064805043,0.8948965,0.08991416,-0.00520882,8.354034,168.69531,0.19250448,0.269513,168.69531,404,FC128,versus,2,4404,0.56640625,2.0976562,0.91015625,0.35546875
11.058594,2.9765625,0.3515625,0.18393658,0.0064750426,0.8987941,0.08530532,-0.0059667234,8.697192,168.79297,0.18492608,0.27018014,168.79297,405,FC128,versus,2,4405,0.546875,2.21875,0.91015625,0.34765625
10.613281,2.8632812,0.39453125,0.17773998,0.0064695813,0.8883132,0.08971953,-0.007904142,8.269169,163.80078,0.19754714,0.27084723,163.80078,406,FC128,versus,2,4406,0.5546875,2.1210938,0.93359375,0.37890625
11.2421875,3.09375,0.33203125,0.18196897,0.006464119,0.90292645,0.084742315,-0.002507789,8.814434,172.71875,0.17685275,0.27151436,172.71875,407,FC128,versus,2,4407,0.578125,2.09375,0.91015625,0.3515625
10.484375,2.9257812,0.3671875,0.18217057,0.006458658,0.88987017,0.09678427,-0.0010393995,8.447044,167.40625,0.1980005,0.27218145,167.40625,408,FC128,versus,2,4408,0.5625,2.1757812,0.93359375,0.34375
11.0390625,3.28125,0.3359375,0.18127578,0.006453196,0.8953155,0.091182075,-0.0033979518,9.113935,167.05469,0.19149967,0.27284858,167.05469,409,FC128,versus,2,4409,0.59375,1.9960938,0.90234375,0.3203125
10.84375,3.0664062,0.33984375,0.18653306,0.0064477343,0.8924597,0.09198786,-0.0030068222,8.5938,170.0664,0.19239481,0.27351567,170.0664,410,FC128,versus,2,4410,0.5703125,2.1210938,0.90234375,0.30859375
11.4296875,3.0703125,0.3046875,0.1908461,0.006442273,0.8984913,0.08785147,0.00020264753,8.876121,173.3164,0.17775661,0.2741828,173.3164,411,FC128,versus,2,4411,0.59765625,2.1953125,0.921875,0.30859375
10.515625,3.0585938,0.38671875,0.17950477,0.006436811,0.889492,0.09194795,-0.0038767783,8.440578,169.96484,0.19396032,0.27484992,169.96484,412,FC128,versus,2,4412,0.5625,2.1523438,0.90234375,0.35546875
10.894531,3.1171875,0.375,0.18448901,0.0064313496,0.8962409,0.08578809,-0.0063251564,8.669141,165.80078,0.18659952,0.27551702,165.80078,413,FC128,versus,2,4413,0.58984375,2.0351562,0.921875,0.31640625
10.949219,3.0820312,0.37109375,0.17339623,0.006425888,0.8916552,0.09196049,-0.0035015403,8.722893,167.0,0.19315252,0.27618414,167.0,414,FC128,versus,2,4414,0.58203125,2.09375,0.91015625,0.34765625
10.980469,3.0351562,0.36328125,0.18098643,0.006420426,0.89387137,0.08584621,-0.006106568,8.44939,171.01953,0.18622957,0.27685124,171.01953,415,FC128,versus,2,4415,0.546875,2.0703125,0.8984375,0.37109375
11.4765625,3.1328125,0.33984375,0.19010568,0.006414965,0.8997995,0.07952546,-0.008591114,8.987823,168.59375,0.1786722,0.27751836,168.59375,416,FC128,versus,2,4416,0.59375,2.0117188,0.94140625,0.33203125
11.019531,3.109375,0.3828125,0.17555161,0.0064095026,0.8960626,0.08652762,-0.0074006976,8.565458,168.60938,0.19010705,0.27818546,168.60938,417,FC128,versus,2,4417,0.58203125,2.046875,0.890625,0.34765625
11.40625,3.125,0.3203125,0.1834102,0.0064040413,0.90053076,0.088437594,-0.0027998236,9.052173,168.90234,0.18482397,0.27885258,168.90234,418,FC128,versus,2,4418,0.6015625,2.1015625,0.91796875,0.28515625
11.2734375,2.9453125,0.3203125,0.17734781,0.0063985796,0.8986398,0.08886983,-0.0025112224,8.714211,172.33203,0.18503167,0.27951968,172.33203,419,FC128,versus,2,4419,0.59375,2.296875,0.890625,0.359375
11.2109375,3.0507812,0.359375,0.18417577,0.006393118,0.8990914,0.085688,-0.0067018783,8.549871,168.36328,0.18713468,0.2801868,168.36328,420,FC128,versus,2,4420,0.58203125,2.0742188,0.9140625,0.31640625
11.5390625,3.0390625,0.34765625,0.16964585,0.0063876566,0.89270633,0.09349533,-0.0047716848,8.754229,167.0,0.19870132,0.2808539,167.0,421,FC128,versus,2,4421,0.62109375,2.109375,0.91015625,0.30859375
12.2734375,3.125,0.32421875,0.18669203,0.0063821943,0.9020896,0.07699968,-0.00894176,8.833633,170.73828,0.17426589,0.28152102,170.73828,422,FC128,versus,2,4422,0.59765625,2.0820312,0.91796875,0.3203125
12.421875,3.2460938,0.26953125,0.1840727,0.006376733,0.90141857,0.08912052,-0.0011390893,9.414678,170.8711,0.18286678,0.28218815,170.8711,423,FC128,versus,2,4423,0.62109375,2.0429688,0.94140625,0.29296875
12.589844,3.1757812,0.26953125,0.17962985,0.0063712713,0.90482736,0.082080945,-0.0047119106,9.044038,176.61328,0.17587465,0.28285524,176.61328,424,FC128,versus,2,4424,0.65625,2.0039062,0.91796875,0.26171875
11.9296875,3.140625,0.34765625,0.17044106,0.0063658096,0.9017847,0.08503475,-0.006661263,8.701241,169.09766,0.18556203,0.28352237,169.09766,425,FC128,versus,2,4425,0.58203125,1.9921875,0.90625,0.328125
12.488281,3.078125,0.328125,0.16898839,0.0063603483,0.90087235,0.08892861,-0.004495637,9.051771,166.92578,0.18899815,0.28418946,166.92578,426,FC128,versus,2,4426,0.59375,2.0390625,0.92578125,0.31640625
12.2734375,3.09375,0.33984375,0.16095656,0.006354886,0.90031767,0.087242536,-0.0031441185,8.861693,167.34375,0.18281902,0.2848566,167.34375,427,FC128,versus,2,4427,0.58984375,2.0117188,0.94140625,0.3046875
12.824219,3.0585938,0.3046875,0.17218137,0.006349425,0.9003563,0.081504494,-0.01122653,8.927406,170.96484,0.18764855,0.28552368,170.96484,428,FC128,versus,2,4428,0.61328125,1.984375,0.9140625,0.27734375
12.515625,3.0625,0.32421875,0.16724859,0.006343963,0.904272,0.08131849,-0.007410517,8.899616,173.04688,0.17958006,0.2861908,173.04688,429,FC128,versus,2,4429,0.55859375,2.1289062,0.92578125,0.328125
12.714844,3.2070312,0.29296875,0.17012641,0.0063385013,0.90465313,0.08733609,-0.0021422687,9.125493,172.79297,0.1811134,0.2868579,172.79297,430,FC128,versus,2,4430,0.6484375,2.0625,0.90625,0.26171875
12.285156,2.9375,0.34765625,0.16594082,0.00633304,0.9044248,0.086292416,-0.0020992565,8.533264,173.48828,0.17888516,0.28752503,173.48828,431,FC128,versus,2,4431,0.55859375,2.2226562,0.91796875,0.37109375
12.953125,3.1328125,0.28515625,0.16909036,0.006327578,0.9028945,0.08758203,-0.002718517,8.849745,174.70703,0.18274096,0.28819212,174.70703,432,FC128,versus,2,4432,0.640625,1.96875,0.92578125,0.28515625
12.824219,3.1015625,0.30078125,0.1745662,0.0063221166,0.9021857,0.08147678,-0.006458712,8.883566,173.33984,0.17807823,0.28885925,173.33984,433,FC128,versus,2,4433,0.625,2.0585938,0.94921875,0.30078125
12.019531,3.0,0.359375,0.16236214,0.006316655,0.8994426,0.08357716,-0.008176518,8.560814,168.64453,0.18555854,0.28952634,168.64453,434,FC128,versus,2,4434,0.57421875,2.2382812,0.89453125,0.33984375
12.253906,3.0898438,0.34765625,0.16865726,0.006311193,0.9011092,0.084033996,-0.005006804,8.536997,171.52344,0.18021046,0.29019347,171.52344,435,FC128,versus,2,4435,0.578125,2.0546875,0.8828125,0.3203125
12.777344,3.1523438,0.3203125,0.17245567,0.006305732,0.90528846,0.079558864,-0.0063852733,8.97637,168.96094,0.17406319,0.2908606,168.96094,436,FC128,versus,2,4436,0.6328125,2.0078125,0.93359375,0.31640625
12.714844,3.1484375,0.30078125,0.17931572,0.0063002696,0.904609,0.083457895,-0.0032793956,9.10416,171.66016,0.17573406,0.2915277,171.66016,437,FC128,versus,2,4437,0.609375,2.0507812,0.94140625,0.296875
12.1171875,2.921875,0.33984375,0.16397288,0.0062948084,0.89699036,0.08774974,-0.0026764926,8.432516,170.05469,0.18291683,0.2921948,170.05469,438,FC128,versus,2,4438,0.59375,2.2890625,0.90234375,0.328125
12.707031,3.09375,0.30078125,0.16797721,0.0062893466,0.8984675,0.08662842,-0.003082131,8.992261,171.3789,0.18153405,0.2928619,171.3789,439,FC128,versus,2,4439,0.61328125,2.1445312,0.9453125,0.28515625
12.078125,3.0,0.32421875,0.17179817,0.006283885,0.89667785,0.08262126,-0.008595646,8.63754,169.52734,0.18459293,0.29352903,169.52734,440,FC128,versus,2,4440,0.56640625,2.1679688,0.9296875,0.3203125
12.394531,3.0234375,0.31640625,0.16551079,0.0062784236,0.9016671,0.078293234,-0.008387129,8.816643,174.25,0.17543902,0.29419613,174.25,441,FC128,versus,2,4441,0.59375,2.1953125,0.8984375,0.3125
12.378906,3.0,0.30078125,0.16612643,0.0062729614,0.8981899,0.082515456,-0.0044861045,8.870467,172.0625,0.17608733,0.29486325,172.0625,442,FC128,versus,2,4442,0.57421875,2.2148438,0.9375,0.3125
12.28125,3.0195312,0.34765625,0.16850787,0.0062675,0.90505844,0.08058965,-0.0059708823,8.718052,171.95703,0.1752333,0.29553035,171.95703,443,FC128,versus,2,4443,0.56640625,2.3320312,0.859375,0.36328125
12.175781,3.1601562,0.34375,0.17312771,0.0062620384,0.9025161,0.08351412,-0.005744361,8.834534,169.57812,0.18068522,0.29619747,169.57812,444,FC128,versus,2,4444,0.6171875,1.9648438,0.91796875,0.3125
12.8125,3.1132812,0.30859375,0.18136075,0.0062565766,0.9024574,0.08721786,-0.0024493663,9.1200485,170.14062,0.18160385,0.29686457,170.14062,445,FC128,versus,2,4445,0.64453125,2.0625,0.91796875,0.26171875
12.613281,3.21875,0.30859375,0.17044415,0.0062511154,0.90338224,0.08288174,-0.003531978,9.064447,175.0664,0.17495836,0.2975317,175.0664,446,FC128,versus,2,4446,0.62890625,2.1289062,0.90625,0.3046875
12.503906,2.9492188,0.328125,0.17087401,0.006245653,0.90177536,0.07761365,-0.009172894,8.436061,173.09375,0.17570753,0.29819882,173.09375,447,FC128,versus,2,4447,0.5859375,2.0820312,0.9140625,0.33203125
12.3828125,3.1210938,0.328125,0.16091728,0.006240192,0.9054047,0.08121207,-0.006291976,9.060223,170.92188,0.1770164,0.2988659,170.92188,448,FC128,versus,2,4448,0.61328125,2.0820312,0.9375,0.3125
13.34375,3.0234375,0.27734375,0.1696223,0.00623473,0.90991795,0.07617083,-0.0070396643,8.914472,176.67188,0.1685361,0.29953304,176.67188,449,FC128,versus,2,4449,0.59765625,2.1054688,0.91796875,0.29296875
12.7421875,3.0585938,0.3125,0.16923404,0.0062292684,0.90811086,0.082810715,-0.0046077543,8.901652,174.39062,0.17694534,0.30020013,174.39062,450,FC128,versus,2,4450,0.61328125,2.171875,0.921875,0.328125
12.972656,3.046875,0.31640625,0.16643353,0.006223807,0.90779674,0.08433624,-0.0031096453,8.841445,174.47266,0.17696348,0.30086726,174.47266,451,FC128,versus,2,4451,0.6015625,2.1132812,0.90234375,0.3046875
12.683594,3.0703125,0.34375,0.16878067,0.006218345,0.90492314,0.084101014,-0.0069419006,8.737112,170.20703,0.1841849,0.30153435,170.20703,452,FC128,versus,2,4452,0.58984375,2.1601562,0.91796875,0.34375
12.503906,3.09375,0.3203125,0.16609979,0.0062128836,0.90539527,0.0835022,-0.0077141975,8.860437,171.26562,0.18449672,0.30220148,171.26562,453,FC128,versus,2,4453,0.6171875,2.0429688,0.90625,0.32421875
12.402344,3.0234375,0.3359375,0.15918243,0.006207422,0.9028019,0.08241351,-0.009016068,8.612402,171.38672,0.18483537,0.30286857,171.38672,454,FC128,versus,2,4454,0.59765625,2.09375,0.91015625,0.29296875
13.214844,3.1484375,0.2734375,0.17302969,0.00620196,0.91251826,0.07980494,-0.0050533214,9.062677,176.5039,0.17186277,0.3035357,176.5039,455,FC128,versus,2,4455,0.63671875,2.1210938,0.9140625,0.29296875
12.160156,2.8242188,0.34375,0.16953991,0.006196499,0.90491164,0.084703445,-0.006229925,8.390619,168.3125,0.18396784,0.3042028,168.3125,456,FC128,versus,2,4456,0.5625,2.265625,0.92578125,0.35546875
12.2890625,2.9609375,0.3359375,0.16820122,0.0061910367,0.9026344,0.0828633,-0.0072128847,8.67461,169.10547,0.18223505,0.30486992,169.10547,457,FC128,versus,2,4457,0.5546875,2.2890625,0.90234375,0.3359375
11.6640625,3.0117188,0.359375,0.16514297,0.0061855754,0.89841795,0.08656635,-0.0068061515,8.45994,167.03516,0.18878801,0.30553705,167.03516,458,FC128,versus,2,4458,0.59765625,2.0820312,0.91796875,0.30859375
12.3671875,3.1289062,0.27734375,0.17571217,0.0061801136,0.90474766,0.079846196,-0.0061648986,9.037518,169.6914,0.17419404,0.30620414,169.6914,459,FC128,versus,2,4459,0.65625,2.0546875,0.9453125,0.27734375
12.425781,3.1953125,0.27734375,0.18008433,0.006174652,0.90452737,0.08574172,-0.0044575864,9.111602,171.14062,0.18262252,0.30687127,171.14062,460,FC128,versus,2,4460,0.640625,1.9960938,0.93359375,0.28125
11.628906,2.9492188,0.35546875,0.15971243,0.0061691906,0.8999775,0.08957052,-0.0019406962,8.564417,169.42188,0.18499303,0.30753836,169.42188,461,FC128,versus,2,4461,0.58203125,2.2265625,0.921875,0.34375
11.734375,2.9179688,0.34375,0.16968168,0.0061637284,0.90047836,0.08513986,-0.004915773,8.609097,168.33594,0.18220302,0.3082055,168.33594,462,FC128,versus,2,4462,0.57421875,2.1367188,0.9296875,0.3203125
11.902344,3.1367188,0.296875,0.17348947,0.006158267,0.90202683,0.08422648,-0.0053895824,9.094149,166.73828,0.1813689,0.30887258,166.73828,463,FC128,versus,2,4463,0.65625,1.8867188,0.9453125,0.26953125
12.1796875,3.1484375,0.28125,0.18354343,0.0061528054,0.9028607,0.077131465,-0.007907215,9.026911,171.19922,0.17233597,0.3095397,171.19922,464,FC128,versus,2,4464,0.6328125,2.015625,0.9296875,0.29296875
11.753906,3.0585938,0.3203125,0.17578423,0.0061473437,0.9015086,0.080953725,-0.0052184737,8.853799,170.85547,0.1745056,0.3102068,170.85547,465,FC128,versus,2,4465,0.6171875,2.1015625,0.93359375,0.32421875
11.082031,2.8632812,0.34765625,0.17252368,0.0061418824,0.9030712,0.0785212,-0.007414627,8.432053,168.90625,0.17399089,0.31087393,168.90625,466,FC128,versus,2,4466,0.546875,2.2421875,0.9296875,0.3359375
11.089844,3.0117188,0.359375,0.16856061,0.00613642,0.8992019,0.08421351,-0.0028481395,8.392096,167.96875,0.17619202,0.31154102,167.96875,467,FC128,versus,2,4467,0.546875,2.15625,0.921875,0.36328125
11.7265625,3.1640625,0.33203125,0.16696244,0.006130959,0.89937603,0.08753751,-0.0026791098,8.971308,166.32031,0.18248053,0.31220815,166.32031,468,FC128,versus,2,4468,0.63671875,1.9765625,0.921875,0.29296875
11.046875,2.8710938,0.375,0.17412554,0.006125497,0.8961999,0.085267074,-0.0065424913,8.437239,165.29297,0.18575233,0.31287527,165.29297,469,FC128,versus,2,4469,0.50390625,2.234375,0.92578125,0.390625
11.9296875,3.1992188,0.27734375,0.18206972,0.0061200354,0.90299404,0.07774634,-0.00578203,9.096414,174.73828,0.16928528,0.31354237,174.73828,470,FC128,versus,2,4470,0.61328125,2.0039062,0.9375,0.28125
12.253906,3.1367188,0.265625,0.18145928,0.006114574,0.90246737,0.07632116,-0.0068178196,8.993303,174.54297,0.16849706,0.3142095,174.54297,471,FC128,versus,2,4471,0.63671875,2.1367188,0.92578125,0.28125
11.847656,3.1289062,0.34375,0.17069389,0.006109112,0.90231544,0.083080575,-0.0046843607,8.897514,168.25781,0.17761545,0.3148766,168.25781,472,FC128,versus,2,4472,0.57421875,2.0273438,0.921875,0.33203125
11.859375,3.0351562,0.3515625,0.17536026,0.0061036507,0.89696205,0.09030336,-0.0035347866,8.767464,168.6836,0.18981697,0.3155437,168.6836,473,FC128,versus,2,4473,0.5546875,2.171875,0.9296875,0.359375
12.8828125,3.1796875,0.24609375,0.18421562,0.006098189,0.90306854,0.08137484,-0.005131257,9.36544,171.79297,0.17525896,0.3162108,171.79297,474,FC128,versus,2,4474,0.60546875,2.140625,0.93359375,0.27734375
12.441406,3.2148438,0.3125,0.1719997,0.006092727,0.9052928,0.08101509,-0.0038562994,9.13224,172.90625,0.17183867,0.31687793,172.90625,475,FC128,versus,2,4475,0.60546875,2.1523438,0.91015625,0.328125
12.722656,3.2265625,0.28515625,0.17772484,0.006087266,0.9066847,0.0808378,-0.004639171,9.023959,172.45312,0.17311767,0.31754503,172.45312,476,FC128,versus,2,4476,0.6328125,2.015625,0.9140625,0.29296875
11.96875,2.9101562,0.33984375,0.1624485,0.0060818037,0.8992149,0.083744876,-0.005454467,8.297498,174.23828,0.18037464,0.31821215,174.23828,477,FC128,versus,2,4477,0.61328125,2.234375,0.8984375,0.3203125
12.378906,3.1484375,0.3125,0.16913907,0.0060763424,0.90661526,0.08531544,-0.005982063,9.127476,171.11719,0.18465051,0.31887925,171.11719,478,FC128,versus,2,4478,0.64453125,2.0429688,0.93359375,0.27734375
12.097656,3.078125,0.3046875,0.16838454,0.0060708807,0.9037724,0.08527656,-0.005585602,8.872593,170.82422,0.18376881,0.31954637,170.82422,479,FC128,versus,2,4479,0.60546875,2.0742188,0.92578125,0.32421875
12.109375,3.0195312,0.32421875,0.1681835,0.006065419,0.9044029,0.08971451,-0.0041176025,8.922606,164.8164,0.18970443,0.3202135,164.8164,480,FC128,versus,2,4480,0.59765625,2.0429688,0.92578125,0.29296875
12.1640625,3.1367188,0.30859375,0.17648613,0.0060599577,0.90827495,0.0822959,-0.0066593736,9.088499,171.51953,0.18004955,0.3208806,171.51953,481,FC128,versus,2,4481,0.59765625,2.1328125,0.92578125,0.3125
11.964844,3.2304688,0.328125,0.16879977,0.0060544955,0.9045458,0.08619975,-0.003932917,8.935707,172.66016,0.18230933,0.32154772,172.66016,482,FC128,versus,2,4482,0.609375,2.15625,0.890625,0.30859375
12.4921875,3.28125,0.2890625,0.18253593,0.006049034,0.90870315,0.08225209,-0.005939191,9.214834,174.71875,0.17859091,0.3222148,174.71875,483,FC128,versus,2,4483,0.66015625,2.03125,0.90234375,0.27734375
12.207031,3.1015625,0.296875,0.18334262,0.0060435724,0.9081134,0.08518463,-0.00489438,9.118983,168.05078,0.1823741,0.32288194,168.05078,484,FC128,versus,2,4484,0.6796875,2.0,0.9453125,0.2421875
11.449219,3.03125,0.35546875,0.1760855,0.0060381107,0.90099216,0.08534675,-0.007559208,8.660319,169.1875,0.18793836,0.32354903,169.1875,485,FC128,versus,2,4485,0.58203125,2.15625,0.890625,0.3203125
12.035156,3.0664062,0.3203125,0.18055138,0.0060326494,0.89994216,0.09080818,-0.007097844,9.024364,167.9414,0.19799045,0.32421616,167.9414,486,FC128,versus,2,4486,0.6484375,2.0,0.953125,0.296875
12.0859375,3.2695312,0.2890625,0.18653876,0.006027187,0.9066664,0.07640045,-0.010074184,9.142103,170.0586,0.17519788,0.32488325,170.0586,487,FC128,versus,2,4487,0.5859375,1.9375,0.921875,0.3125
11.253906,3.015625,0.35546875,0.17145611,0.006021726,0.9013542,0.08672392,-0.0043906276,8.738574,166.52734,0.18429403,0.32555038,166.52734,488,FC128,versus,2,4488,0.59765625,2.1757812,0.921875,0.30859375
12.0703125,3.3085938,0.29296875,0.18142374,0.006016264,0.9083072,0.0807925,-0.0079485625,9.300674,171.25781,0.17966512,0.32621747,171.25781,489,FC128,versus,2,4489,0.65234375,1.921875,0.91796875,0.265625
11.2578125,3.1367188,0.33203125,0.17908454,0.0060108025,0.90393865,0.086458534,-0.0049362695,8.673885,167.71875,0.1849425,0.3268846,167.71875,490,FC128,versus,2,4490,0.63671875,1.8828125,0.9296875,0.2890625
11.472656,3.1992188,0.3515625,0.17032538,0.006005341,0.90173656,0.08643231,-0.0069942325,8.893877,167.35547,0.1888988,0.32755172,167.35547,491,FC128,versus,2,4491,0.58984375,2.0078125,0.89453125,0.3125
11.9921875,3.2421875,0.29296875,0.18494745,0.005999879,0.9069378,0.0821656,-0.0053251586,9.108916,172.48047,0.17720084,0.32821882,172.48047,492,FC128,versus,2,4492,0.6484375,2.078125,0.921875,0.296875
11.660156,3.2265625,0.3359375,0.17118302,0.0059944177,0.90804887,0.07996089,-0.0070384266,8.870624,170.23438,0.17605093,0.32888594,170.23438,493,FC128,versus,2,4493,0.609375,2.0507812,0.88671875,0.32421875
11.871094,3.0703125,0.33203125,0.18269306,0.005988956,0.9070993,0.07883966,-0.008896259,8.839689,170.61328,0.17766012,0.32955304,170.61328,494,FC128,versus,2,4494,0.61328125,2.0390625,0.9375,0.328125
12.269531,3.1640625,0.3046875,0.18368788,0.005983494,0.90774786,0.082318656,-0.007915002,9.0726,170.83203,0.18266551,0.33022016,170.83203,495,FC128,versus,2,4495,0.65234375,1.9648438,0.93359375,0.26953125
11.894531,3.0976562,0.33203125,0.17605616,0.005978033,0.90318406,0.08497429,-0.0073127197,8.756431,169.95312,0.18667896,0.33088726,169.95312,496,FC128,versus,2,4496,0.6171875,2.046875,0.91796875,0.29296875
11.824219,2.96875,0.34765625,0.1653474,0.0059725707,0.90480447,0.08973073,-0.0024380137,8.734718,169.86328,0.1863126,0.33155438,169.86328,497,FC128,versus,2,4497,0.6015625,2.1992188,0.921875,0.30078125
11.546875,2.9101562,0.36328125,0.15709984,0.0059671095,0.90092736,0.08894835,-0.0024341077,8.438562,168.27734,0.18463977,0.33222148,168.27734,498,FC128,versus,2,4498,0.5078125,2.3515625,0.90625,0.3984375
12.2265625,3.25,0.3203125,0.18032593,0.0059616477,0.90705454,0.07500281,-0.010778255,9.081394,171.1875,0.17371221,0.3328886,171.1875,499,FC128,versus,2,4499,0.640625,1.9609375,0.9375,0.24609375
12.261719,3.1210938,0.3125,0.16740546,0.005956186,0.90459406,0.077502154,-0.008222484,8.885234,172.60938,0.17344347,0.3335557,172.60938,500,FC128,versus,2,4500,0.6015625,2.1796875,0.94140625,0.32421875
12.222656,2.9765625,0.33203125,0.1744164,0.0059507247,0.9058147,0.081766665,-0.0042685415,8.692389,172.21094,0.17414622,0.33422282,172.21094,501,FC128,versus,2,4501,0.52734375,2.2890625,0.90234375,0.34375
11.683594,3.0117188,0.35546875,0.16486992,0.0059452625,0.90139705,0.08602282,-0.004806402,8.658487,165.5586,0.18361883,0.33488995,165.5586,502,FC128,versus,2,4502,0.546875,2.1953125,0.91015625,0.3359375
11.8984375,2.9804688,0.33984375,0.16779332,0.005939801,0.90099525,0.08218939,-0.003977101,8.48987,170.92188,0.17432629,0.33555704,170.92188,503,FC128,versus,2,4503,0.5859375,2.2851562,0.9140625,0.32421875
12.582031,3.1640625,0.28515625,0.1806325,0.0059343395,0.9068254,0.079058975,-0.005964725,9.035488,172.85547,0.17219128,0.33622417,172.85547,504,FC128,versus,2,4504,0.609375,2.0507812,0.93359375,0.3203125
12.316406,3.1210938,0.33203125,0.16340688,0.0059288777,0.90394413,0.08076457,-0.006141338,8.854729,169.89844,0.17574945,0.33689126,169.89844,505,FC128,versus,2,4505,0.62109375,2.0625,0.9140625,0.30859375
12.824219,3.1875,0.328125,0.16839658,0.0059234165,0.90294224,0.08515349,-0.0036222881,9.101805,170.0039,0.17954652,0.3375584,170.0039,506,FC128,versus,2,4506,0.609375,1.9726562,0.9296875,0.33203125
12.339844,3.0585938,0.3515625,0.1639668,0.0059179543,0.9042163,0.08131997,-0.005241564,8.8266325,167.95312,0.17506377,0.33822548,167.95312,507,FC128,versus,2,4507,0.5859375,2.0351562,0.92578125,0.3046875
12.480469,3.0585938,0.34375,0.17095575,0.005912493,0.90251756,0.08358905,-0.0072847754,8.854219,169.73047,0.1837692,0.3388926,169.73047,508,FC128,versus,2,4508,0.59765625,2.0898438,0.93359375,0.3125
13.230469,3.1757812,0.27734375,0.1724032,0.0059070312,0.9078893,0.07933976,-0.0038680735,9.206749,175.79297,0.16845244,0.3395597,175.79297,509,FC128,versus,2,4509,0.59765625,2.1132812,0.921875,0.3046875
13.128906,3.046875,0.2890625,0.17654912,0.0059015695,0.9026258,0.08489503,-0.0031904334,8.958524,169.72656,0.17825477,0.34022683,169.72656,510,FC128,versus,2,4510,0.625,2.03125,0.9453125,0.27734375
12.144531,2.9960938,0.34765625,0.15943281,0.005896108,0.9057841,0.079812564,-0.0048233015,8.466362,175.91797,0.1711518,0.34089392,175.91797,511,FC128,versus,2,4511,0.546875,2.1953125,0.87109375,0.390625
12.878906,3.1796875,0.33984375,0.1595521,0.005890646,0.9078553,0.08058807,-0.0069524953,8.961672,171.63281,0.17696087,0.34156105,171.63281,512,FC128,versus,2,4512,0.6171875,2.0703125,0.90625,0.30078125
13.0078125,3.1054688,0.2890625,0.16546355,0.0058851847,0.90732664,0.07905859,-0.0082733575,8.916485,174.3125,0.17661145,0.34222817,174.3125,513,FC128,versus,2,4513,0.609375,2.0507812,0.9453125,0.29296875
13.5390625,3.2890625,0.265625,0.16584034,0.005879723,0.9110428,0.07733828,-0.0058884826,9.292566,176.39844,0.16840371,0.34289527,176.39844,514,FC128,versus,2,4514,0.6328125,2.1015625,0.921875,0.28125
12.796875,3.0429688,0.3125,0.16331513,0.0058742613,0.9083102,0.08227535,-0.007068751,8.911902,171.03125,0.18060693,0.3435624,171.03125,515,FC128,versus,2,4515,0.60546875,2.1796875,0.92578125,0.296875
12.65625,3.0546875,0.359375,0.154766,0.0058688,0.906955,0.08490268,-0.0064626434,8.687356,169.375,0.18454723,0.3442295,169.375,516,FC128,versus,2,4516,0.57421875,2.0273438,0.921875,0.33203125
12.972656,3.0078125,0.28515625,0.15720738,0.005863338,0.91288924,0.076229684,-0.00855816,8.876418,176.01953,0.17141922,0.3448966,176.01953,517,FC128,versus,2,4517,0.609375,2.34375,0.88671875,0.3125
13.316406,3.0546875,0.2734375,0.15843932,0.0058578765,0.91137004,0.07947597,-0.007320627,8.8983555,176.29688,0.17544943,0.3455637,176.29688,518,FC128,versus,2,4518,0.64453125,2.1484375,0.890625,0.28515625
13.371094,3.140625,0.2890625,0.16907082,0.0058524148,0.9130124,0.07997135,-0.0078081903,9.202578,171.19922,0.17753804,0.34623083,171.19922,519,FC128,versus,2,4519,0.6171875,2.0625,0.9375,0.3046875
13.3984375,3.1992188,0.2734375,0.17962927,0.005846953,0.9126248,0.08410387,-0.0028095078,9.139921,172.17188,0.17592733,0.34689793,172.17188,520,FC128,versus,2,4520,0.640625,2.0625,0.921875,0.2734375
12.261719,2.8671875,0.34375,0.15527162,0.0058414917,0.90447605,0.09193084,-0.0026978615,8.492022,172.90234,0.19107144,0.34756505,172.90234,521,FC128,versus,2,4521,0.52734375,2.359375,0.89453125,0.34765625
12.300781,3.078125,0.3046875,0.16667148,0.0058360295,0.9064884,0.0885732,-0.0047964132,8.861476,171.58203,0.18868464,0.34823215,171.58203,522,FC128,versus,2,4522,0.6171875,2.1015625,0.91796875,0.296875
12.121094,3.1210938,0.3203125,0.16078183,0.0058305683,0.9098513,0.082714036,-0.0060871774,8.946741,168.84375,0.17947732,0.34889928,168.84375,523,FC128,versus,2,4523,0.6015625,2.0859375,0.90625,0.33203125
12.2421875,3.2382812,0.2890625,0.18035191,0.0058251065,0.9134843,0.08390845,-0.0034220056,9.220453,170.10156,0.17676206,0.3495664,170.10156,524,FC128,versus,2,4524,0.6171875,2.03125,0.92578125,0.26171875
11.7734375,3.1132812,0.3203125,0.17469196,0.005819645,0.9129192,0.08444369,-0.006344139,9.013756,169.00781,0.18360895,0.3502335,169.00781,525,FC128,versus,2,4525,0.609375,2.078125,0.921875,0.29296875
11.691406,3.09375,0.29296875,0.17035748,0.0058141835,0.909774,0.086295165,-0.0051022107,9.045658,170.53516,0.18477573,0.35090062,170.53516,526,FC128,versus,2,4526,0.60546875,2.1171875,0.93359375,0.30859375
11.40625,3.203125,0.328125,0.16570175,0.0058087213,0.9095563,0.08443353,-0.008868899,8.94998,170.5586,0.18852991,0.35156772,170.5586,527,FC128,versus,2,4527,0.62890625,1.9375,0.9296875,0.3125
11.660156,3.171875,0.2734375,0.1655669,0.00580326,0.91427755,0.082089216,-0.0026531809,9.299197,174.33594,0.17140645,0.35223484,174.33594,528,FC128,versus,2,4528,0.60546875,2.1171875,0.91015625,0.3046875
11.496094,3.2382812,0.28125,0.17427258,0.0057977983,0.91589963,0.082251385,-0.004045692,9.439814,172.57422,0.17461495,0.35290194,172.57422,529,FC128,versus,2,4529,0.6328125,2.1875,0.90625,0.28125
11.074219,3.1054688,0.34375,0.17582335,0.0057923365,0.9104482,0.0794443,-0.009396987,8.712418,169.8125,0.17971942,0.35356906,169.8125,530,FC128,versus,2,4530,0.6171875,2.09375,0.890625,0.30859375
12.019531,3.171875,0.2734375,0.17396386,0.0057868753,0.91470355,0.08107742,-0.0034936413,9.333064,174.90625,0.17115554,0.35423616,174.90625,531,FC128,versus,2,4531,0.6171875,2.0429688,0.91796875,0.29296875
11.753906,3.2382812,0.27734375,0.17515443,0.005781413,0.91245794,0.080421776,-0.0076465467,9.362168,170.25,0.17816192,0.35490328,170.25,532,FC128,versus,2,4532,0.640625,2.015625,0.9453125,0.28515625
11.6484375,3.1679688,0.3359375,0.1714229,0.005775952,0.90744084,0.08530139,-0.0031169176,8.792974,169.53125,0.17881688,0.35557038,169.53125,533,FC128,versus,2,4533,0.5859375,2.1054688,0.8984375,0.3125
12.089844,3.2890625,0.25,0.17595246,0.00577049,0.9087274,0.08329355,-0.0028463355,9.342414,177.0664,0.17431045,0.3562375,177.0664,534,FC128,versus,2,4534,0.65234375,2.0390625,0.94921875,0.27734375
11.714844,3.1757812,0.328125,0.16538487,0.0057650283,0.9098298,0.08154439,-0.0064285984,9.0091,171.83594,0.17785288,0.35690463,171.83594,535,FC128,versus,2,4535,0.58984375,2.0898438,0.91015625,0.3125
12.199219,3.1054688,0.28125,0.16942951,0.005759567,0.9091347,0.08544444,-0.0037569492,9.25193,173.14062,0.18035446,0.35757172,173.14062,536,FC128,versus,2,4536,0.60546875,2.1328125,0.95703125,0.2890625
11.777344,3.0507812,0.33203125,0.16014501,0.005754105,0.9074684,0.084844016,-0.0034791885,8.500635,171.42578,0.17848939,0.35823885,171.42578,537,FC128,versus,2,4537,0.56640625,2.1445312,0.88671875,0.328125
12.167969,3.0039062,0.359375,0.16455726,0.0057486435,0.9091749,0.08659783,-0.0032192366,8.823998,168.04297,0.1815261,0.35890594,168.04297,538,FC128,versus,2,4538,0.55859375,2.1679688,0.92578125,0.33984375
12.578125,3.03125,0.296875,0.16443047,0.005743182,0.90706253,0.08461076,-0.00391985,8.903929,173.51953,0.17894992,0.35957307,173.51953,539,FC128,versus,2,4539,0.609375,2.1875,0.9375,0.3203125
13.066406,3.0664062,0.27734375,0.16567068,0.00573772,0.9121304,0.07422513,-0.00698078,8.96429,171.02734,0.16431296,0.36024016,171.02734,540,FC128,versus,2,4540,0.6328125,2.0585938,0.92578125,0.29296875
12.734375,3.03125,0.3203125,0.16110928,0.005732259,0.90284353,0.08218892,-0.007390907,8.787158,171.27734,0.1810067,0.3609073,171.27734,541,FC128,versus,2,4541,0.5859375,2.0703125,0.921875,0.32421875
13.234375,3.1054688,0.32421875,0.1629249,0.0057267966,0.90870625,0.0825048,-0.0041709403,8.956287,173.22656,0.17521755,0.36157438,173.22656,542,FC128,versus,2,4542,0.59765625,2.1757812,0.921875,0.31640625
13.964844,3.1796875,0.25390625,0.16713144,0.0057213353,0.906987,0.08154824,-0.0034556072,9.243971,176.46484,0.17192012,0.3622415,176.46484,543,FC128,versus,2,4543,0.625,2.0585938,0.94921875,0.2734375
13.746094,3.0429688,0.26171875,0.16143157,0.0057158736,0.90768814,0.0796549,-0.0054683443,9.083746,174.24219,0.17209195,0.3629086,174.24219,544,FC128,versus,2,4544,0.6171875,2.1992188,0.9453125,0.25
13.1875,2.9804688,0.3125,0.15442061,0.005710412,0.905462,0.080079064,-0.0073063294,8.662178,174.51172,0.1765344,0.36357573,174.51172,545,FC128,versus,2,4545,0.59375,2.2304688,0.8828125,0.33984375
12.871094,3.078125,0.34375,0.14734325,0.0057049505,0.90507007,0.07765458,-0.009325239,8.706984,172.48047,0.1756408,0.36424285,172.48047,546,FC128,versus,2,4546,0.609375,2.1523438,0.9375,0.328125
12.957031,2.9804688,0.30859375,0.16099834,0.0056994883,0.90657586,0.07717546,-0.008559326,8.6956835,176.26172,0.17330478,0.36490995,176.26172,547,FC128,versus,2,4547,0.59375,2.2109375,0.921875,0.33984375
12.8828125,3.03125,0.29296875,0.16452998,0.005694027,0.9114825,0.075327344,-0.007734884,9.014872,173.97266,0.16799814,0.36557707,173.97266,548,FC128,versus,2,4548,0.59375,2.203125,0.8984375,0.296875
12.652344,2.9101562,0.3046875,0.166779,0.0056885653,0.90574914,0.083256364,-0.005171403,8.667434,173.25,0.178753,0.36624417,173.25,549,FC128,versus,2,4549,0.58984375,2.15625,0.93359375,0.30078125
11.5625,3.0,0.359375,0.15210226,0.0056831036,0.8936135,0.09468988,-0.0042089913,8.5654,163.72266,0.19952658,0.3669113,163.72266,550,FC128,versus,2,4550,0.58203125,2.0898438,0.94921875,0.34375
11.8828125,3.0664062,0.30859375,0.15919729,0.0056776423,0.90373087,0.082271025,-0.0062502967,8.648753,172.82031,0.17885038,0.3675784,172.82031,551,FC128,versus,2,4551,0.6171875,2.1601562,0.89453125,0.26953125
11.9296875,3.140625,0.33203125,0.15424746,0.00567218,0.9061166,0.08369076,-0.005070557,9.085245,167.14453,0.17927249,0.3682455,167.14453,552,FC128,versus,2,4552,0.61328125,2.125,0.921875,0.3359375
11.839844,3.25,0.296875,0.16685717,0.005666719,0.9018228,0.08608072,-0.0029013727,9.208048,169.98828,0.17985526,0.3689126,169.98828,553,FC128,versus,2,4553,0.6015625,2.140625,0.93359375,0.3203125
11.703125,3.0703125,0.33203125,0.16499168,0.005661257,0.9032152,0.08881352,-0.0020686942,8.880636,169.36328,0.18363254,0.36957973,169.36328,554,FC128,versus,2,4554,0.56640625,2.1445312,0.921875,0.328125
11.269531,3.0429688,0.34765625,0.15401082,0.0056557953,0.90601003,0.09035576,0.0022663516,8.705821,172.14453,0.17792092,0.37024683,172.14453,555,FC128,versus,2,4555,0.578125,2.296875,0.8828125,0.33203125
11.3203125,3.1914062,0.29296875,0.17584302,0.005650334,0.90755403,0.08516834,-0.0031573628,9.1605015,172.05469,0.17863855,0.37091395,172.05469,556,FC128,versus,2,4556,0.640625,2.0429688,0.9375,0.265625
11.269531,3.0703125,0.29296875,0.17536117,0.005644872,0.9081993,0.08034186,-0.005781466,9.044418,170.5586,0.17422643,0.37158108,170.5586,557,FC128,versus,2,4557,0.58203125,2.109375,0.92578125,0.30078125
11.449219,3.2578125,0.28515625,0.17928788,0.0056394106,0.9089331,0.084071666,-0.0028392558,9.316556,169.20312,0.175844,0.37224817,169.20312,558,FC128,versus,2,4558,0.625,2.0859375,0.9296875,0.28515625
11.125,3.0820312,0.32421875,0.17796624,0.005633949,0.9083514,0.082838,-0.00404178,8.940571,170.4375,0.17576487,0.3729153,170.4375,559,FC128,versus,2,4559,0.59375,2.1601562,0.91796875,0.2890625
11.417969,3.1210938,0.28515625,0.16984333,0.005628487,0.90579075,0.08685229,-0.0031463278,9.112024,171.45312,0.18190916,0.3735824,171.45312,560,FC128,versus,2,4560,0.5859375,2.1640625,0.91796875,0.3046875
10.9140625,3.109375,0.296875,0.17139803,0.005623026,0.9078408,0.0892731,-0.00044284426,9.036247,170.78125,0.18135945,0.37424952,170.78125,561,FC128,versus,2,4561,0.60546875,2.1445312,0.91015625,0.3046875
11.371094,3.109375,0.27734375,0.1799215,0.0056175636,0.9068607,0.08802677,-0.0022806034,9.129743,170.8789,0.18263619,0.3749166,170.8789,562,FC128,versus,2,4562,0.625,2.0390625,0.9375,0.265625
11.0234375,2.9804688,0.32421875,0.17408112,0.0056121023,0.9106971,0.08286538,-0.00564811,8.892136,167.10547,0.17898089,0.37558374,167.10547,563,FC128,versus,2,4563,0.6015625,2.203125,0.9296875,0.3203125
11.0078125,3.2070312,0.29296875,0.18726349,0.0056066406,0.906277,0.08422164,-0.0077688685,9.034734,172.05469,0.18608086,0.37625083,172.05469,564,FC128,versus,2,4564,0.61328125,1.9648438,0.93359375,0.30078125
11.480469,3.1484375,0.28515625,0.183933,0.005601179,0.9141431,0.0796006,-0.007231161,9.176018,172.6289,0.17572401,0.37691796,172.6289,565,FC128,versus,2,4565,0.62890625,2.1054688,0.9296875,0.28125
11.2734375,3.3242188,0.3203125,0.1742666,0.0055957176,0.90957177,0.07791463,-0.011023336,9.062668,170.21875,0.17982623,0.37758505,170.21875,566,FC128,versus,2,4566,0.6328125,1.9023438,0.91796875,0.28125
11.734375,3.3632812,0.27734375,0.17911288,0.0055902554,0.9145892,0.078073084,-0.007337947,9.42582,177.10938,0.17282464,0.37825218,177.10938,567,FC128,versus,2,4567,0.640625,2.0,0.9140625,0.26953125
11.535156,3.2109375,0.3203125,0.16203184,0.005584794,0.90916836,0.08254099,-0.0070935227,9.076543,170.89453,0.18107887,0.3789193,170.89453,568,FC128,versus,2,4568,0.640625,2.0546875,0.8984375,0.296875
11.671875,3.0859375,0.30078125,0.17342459,0.0055793324,0.9154176,0.0769789,-0.008102966,9.07863,171.24219,0.17209892,0.3795864,171.24219,569,FC128,versus,2,4569,0.58984375,2.1757812,0.9140625,0.30859375
11.390625,2.9804688,0.33203125,0.16626179,0.0055738706,0.90428895,0.08011545,-0.009229083,8.723547,169.46875,0.1805425,0.38025352,169.46875,570,FC128,versus,2,4570,0.55859375,2.171875,0.9453125,0.3671875
11.9921875,3.1953125,0.26953125,0.18123336,0.0055684093,0.91296023,0.077163085,-0.011190082,9.382173,173.33984,0.17872469,0.38092062,173.33984,571,FC128,versus,2,4571,0.62890625,2.03125,0.94140625,0.26953125
11.96875,3.1914062,0.30078125,0.17485037,0.005562947,0.91156197,0.07850867,-0.008409307,9.212249,169.74219,0.17578131,0.38158774,169.74219,572,FC128,versus,2,4572,0.58203125,2.0859375,0.93359375,0.3046875
11.769531,3.1679688,0.29296875,0.16577554,0.005557486,0.9067818,0.08598088,-0.004038592,9.058552,171.08594,0.18188153,0.38225484,171.08594,573,FC128,versus,2,4573,0.63671875,2.0390625,0.890625,0.27734375
11.761719,3.171875,0.26171875,0.17157027,0.005552024,0.91021645,0.08593283,-0.0030496013,9.474012,172.91797,0.17987,0.38292196,172.91797,574,FC128,versus,2,4574,0.63671875,2.0703125,0.953125,0.2734375
11.144531,3.0273438,0.33203125,0.17651348,0.0055465624,0.9119049,0.07917118,-0.0061530876,8.682855,172.71875,0.17260662,0.38358906,172.71875,575,FC128,versus,2,4575,0.58984375,2.2617188,0.890625,0.35546875
11.265625,3.0195312,0.31640625,0.17408575,0.005541101,0.9076657,0.08227894,-0.0066942936,8.771912,169.76953,0.17987572,0.38425618,169.76953,576,FC128,versus,2,4576,0.5703125,2.2304688,0.92578125,0.32421875
11.582031,3.1171875,0.296875,0.1823269,0.005535639,0.91047764,0.07987114,-0.0064025167,9.07048,168.36719,0.1745659,0.38492328,168.36719,577,FC128,versus,2,4577,0.59375,2.171875,0.94140625,0.3125
11.761719,3.1523438,0.2890625,0.18070358,0.0055301776,0.91378516,0.079231374,-0.0034815269,9.213945,172.2461,0.16742446,0.3855904,172.2461,578,FC128,versus,2,4578,0.58984375,2.1289062,0.91015625,0.32421875
11.3671875,2.9257812,0.3125,0.17855884,0.005524716,0.9056028,0.08450696,-0.002274921,8.558075,172.52734,0.17553674,0.38625753,172.52734,579,FC128,versus,2,4579,0.58203125,2.2070312,0.9140625,0.33984375
12.214844,3.1679688,0.2734375,0.17931855,0.005519254,0.91016376,0.08456125,-0.0003815134,9.503901,173.24219,0.17186494,0.38692462,173.24219,580,FC128,versus,2,4580,0.62890625,2.1679688,0.9296875,0.2890625
11.503906,3.1757812,0.2890625,0.18531346,0.005513793,0.90492857,0.08606404,-0.0033204893,9.045696,173.10547,0.18081263,0.38759175,173.10547,581,FC128,versus,2,4581,0.62890625,2.0664062,0.91796875,0.28515625
11.480469,3.0898438,0.3203125,0.1796906,0.0055083307,0.90784615,0.07907528,-0.0064048134,8.824291,170.41016,0.17293976,0.38825884,170.41016,582,FC128,versus,2,4582,0.60546875,2.1445312,0.90234375,0.33984375
12.0859375,2.984375,0.2578125,0.19401255,0.0055028694,0.9111042,0.07922398,-0.005071773,9.254382,169.59375,0.17072676,0.38892597,169.59375,583,FC128,versus,2,4583,0.55859375,2.2578125,0.94921875,0.328125
10.6015625,2.9140625,0.35546875,0.1738719,0.0054974076,0.90140355,0.08505924,-0.007579597,8.537027,166.5586,0.18718936,0.38959306,166.5586,584,FC128,versus,2,4584,0.56640625,2.2382812,0.9140625,0.30859375
11.3203125,3.125,0.27734375,0.18521035,0.005491946,0.91032326,0.08139594,-0.0029257727,9.0898695,171.15625,0.17067777,0.3902602,171.15625,585,FC128,versus,2,4585,0.60546875,2.1054688,0.95703125,0.28515625
10.9765625,3.03125,0.32421875,0.17608666,0.0054864846,0.9021396,0.08845594,-0.0045079156,8.805147,168.40625,0.1878599,0.39092728,168.40625,586,FC128,versus,2,4586,0.6015625,2.109375,0.9140625,0.3203125
11.3046875,3.28125,0.26953125,0.18240985,0.0054810224,0.9128635,0.07888182,-0.0034178959,9.30648,173.1211,0.16659902,0.3915944,173.1211,587,FC128,versus,2,4587,0.671875,1.9570312,0.9140625,0.2421875
11.109375,3.1953125,0.2890625,0.18110193,0.005475561,0.90819585,0.08401763,-0.0047281845,9.130272,171.0586,0.17947489,0.3922615,171.0586,588,FC128,versus,2,4588,0.60546875,2.03125,0.90625,0.296875
10.7421875,3.0703125,0.3125,0.17598435,0.0054700994,0.9070445,0.08693774,-0.003073454,8.903806,168.39453,0.1819477,0.39292863,168.39453,589,FC128,versus,2,4589,0.5703125,2.1992188,0.91796875,0.33203125
11.175781,3.2304688,0.2578125,0.19148362,0.0054646377,0.9147572,0.077735126,-0.0054959543,9.351357,175.4336,0.16855495,0.39359576,175.4336,590,FC128,versus,2,4590,0.6484375,2.0039062,0.9375,0.2578125
11.089844,3.1132812,0.2890625,0.18321657,0.0054591764,0.91188425,0.08622939,-0.00079138536,9.201759,170.73828,0.17604198,0.39426285,170.73828,591,FC128,versus,2,4591,0.5859375,2.09375,0.9453125,0.3203125
10.640625,2.9609375,0.296875,0.18120006,0.005453714,0.9055339,0.08876729,-0.003618863,8.926538,168.4336,0.18674874,0.39492998,168.4336,592,FC128,versus,2,4592,0.55859375,2.2773438,0.953125,0.34375
11.3203125,3.140625,0.3046875,0.17997968,0.005448253,0.9095642,0.08225803,-0.0067678285,8.995277,169.53125,0.18001288,0.39559707,169.53125,593,FC128,versus,2,4593,0.62890625,2.03125,0.94140625,0.3046875
11.0625,3.1289062,0.28125,0.16963765,0.005442791,0.9100217,0.08238163,-0.0045778262,9.038709,170.94922,0.17576551,0.3962642,170.94922,594,FC128,versus,2,4594,0.62109375,2.0585938,0.921875,0.27734375
11.285156,3.0429688,0.3203125,0.16970378,0.0054373294,0.91273445,0.081178546,-0.005177321,9.045045,169.96094,0.1745572,0.3969313,169.96094,595,FC128,versus,2,4595,0.58203125,2.3046875,0.90234375,0.33203125
11.292969,3.1992188,0.32421875,0.16979808,0.005431868,0.9083734,0.08442762,-0.0054839267,8.935347,169.59766,0.18166773,0.39759842,169.59766,596,FC128,versus,2,4596,0.62890625,2.0585938,0.9140625,0.2890625
11.472656,3.0742188,0.3046875,0.17434579,0.005426406,0.91359776,0.08018121,-0.0057755383,8.991664,171.3086,0.17380565,0.3982655,171.3086,597,FC128,versus,2,4597,0.59375,2.171875,0.91796875,0.3046875
11.917969,3.1679688,0.27734375,0.18110801,0.0054209447,0.91458863,0.07858979,-0.009066915,9.370606,168.0664,0.17727697,0.39893264,168.0664,598,FC128,versus,2,4598,0.62109375,2.0898438,0.9453125,0.265625
11.839844,2.9414062,0.2890625,0.17308013,0.005415483,0.91596615,0.082273446,-0.0025291054,9.000012,170.82031,0.17147973,0.39959973,170.82031,599,FC128,versus,2,4599,0.61328125,2.2304688,0.93359375,0.2890625
11.167969,2.921875,0.3359375,0.16189854,0.005410021,0.91097814,0.08082671,-0.006134106,8.672697,166.50781,0.17567338,0.40026686,166.50781,600,FC128,versus,2,4600,0.55859375,2.3007812,0.90234375,0.34765625
11.792969,3.171875,0.28515625,0.17680605,0.00540456,0.90959984,0.08222225,-0.004201209,9.142316,168.73438,0.17475805,0.40093395,168.73438,601,FC128,versus,2,4601,0.6484375,2.0664062,0.9375,0.265625
11.488281,3.171875,0.32421875,0.1677579,0.0053990977,0.91171235,0.080657005,-0.0059590316,9.084518,168.90625,0.17504357,0.40160108,168.90625,602,FC128,versus,2,4602,0.609375,2.0351562,0.9296875,0.31640625
11.628906,3.015625,0.3046875,0.17413245,0.0053936364,0.9088695,0.08515879,-0.0014014974,8.99192,166.97266,0.17499898,0.4022682,166.97266,603,FC128,versus,2,4603,0.58984375,2.1796875,0.94140625,0.30078125
11.792969,3.1914062,0.28515625,0.16908413,0.0053881747,0.9106869,0.07937676,-0.0039283,9.139734,170.6914,0.16843224,0.4029353,170.6914,604,FC128,versus,2,4604,0.6015625,2.0664062,0.94140625,0.27734375
11.7578125,3.2929688,0.296875,0.16683407,0.005382713,0.910828,0.08234227,-0.0036532886,9.090797,171.44531,0.17378715,0.40360242,171.44531,605,FC128,versus,2,4605,0.65625,2.0039062,0.890625,0.2578125
11.8984375,3.09375,0.2890625,0.17524357,0.0053772517,0.9123584,0.07679797,-0.0056454204,9.127752,170.53516,0.16677144,0.40426952,170.53516,606,FC128,versus,2,4606,0.6171875,2.15625,0.91015625,0.26171875
11.5,3.1289062,0.30078125,0.17367578,0.0053717894,0.91386205,0.07644165,-0.0066383784,9.0955,170.14844,0.16802596,0.40493664,170.14844,607,FC128,versus,2,4607,0.6484375,2.0859375,0.9375,0.26171875
11.488281,3.203125,0.28125,0.17400207,0.005366328,0.91055906,0.07829524,-0.007310609,9.34682,170.92188,0.1730792,0.40560374,170.92188,608,FC128,versus,2,4608,0.58984375,2.1054688,0.9296875,0.28125
10.5703125,2.8789062,0.38671875,0.1730222,0.0053608664,0.90424174,0.08512263,-0.008998762,8.468618,162.85547,0.19009787,0.40627086,162.85547,609,FC128,versus,2,4609,0.52734375,2.28125,0.90625,0.3984375
11.347656,3.203125,0.29296875,0.17369898,0.0053554047,0.9134465,0.07729455,-0.005535875,9.200138,172.78516,0.16752131,0.40693796,172.78516,610,FC128,versus,2,4610,0.609375,2.21875,0.91796875,0.3046875
11.4453125,3.2265625,0.296875,0.16709134,0.0053499434,0.9129921,0.07963588,-0.0044169365,8.997993,172.55078,0.16989349,0.40760508,172.55078,611,FC128,versus,2,4611,0.61328125,2.03125,0.890625,0.328125
11.296875,3.25,0.296875,0.16936164,0.005344481,0.91171247,0.0808121,-0.005243642,9.252763,171.25781,0.17392178,0.40827218,171.25781,612,FC128,versus,2,4612,0.63671875,2.09375,0.92578125,0.2734375
11.496094,3.1914062,0.2578125,0.17872904,0.00533902,0.9112513,0.0786513,-0.005934796,9.1580105,172.9414,0.17108068,0.4089393,172.9414,613,FC128,versus,2,4613,0.63671875,2.09375,0.9375,0.26171875
11.3984375,3.3398438,0.265625,0.17701526,0.005333558,0.91474146,0.08282304,-0.003427731,9.370935,174.04297,0.17438978,0.40960643,174.04297,614,FC128,versus,2,4614,0.69140625,1.9609375,0.92578125,0.24609375
11.0546875,3.0546875,0.33203125,0.16179167,0.0053280964,0.90585965,0.0919945,-0.0047018337,9.042399,165.85547,0.19511674,0.41027352,165.85547,615,FC128,versus,2,4615,0.56640625,2.1445312,0.9375,0.33203125
11.453125,3.1367188,0.296875,0.16718754,0.005322635,0.91242605,0.078213684,-0.0069132047,8.89073,173.72656,0.17203353,0.41094065,173.72656,616,FC128,versus,2,4616,0.6328125,2.1992188,0.90625,0.28125
11.222656,3.0351562,0.33984375,0.16572522,0.005317173,0.9101391,0.08361164,-0.008294901,8.772266,168.48438,0.18557546,0.41160774,168.48438,617,FC128,versus,2,4617,0.57421875,2.2539062,0.90234375,0.32421875
11.3828125,3.0117188,0.3515625,0.15803504,0.0053117117,0.90313476,0.08731273,-0.0063258996,8.520611,167.91797,0.18895613,0.41227487,167.91797,618,FC128,versus,2,4618,0.5625,2.1210938,0.91796875,0.328125
12.113281,3.2265625,0.3125,0.16292481,0.00530625,0.9118436,0.08497949,-0.0012787202,9.038429,173.65234,0.17424546,0.41294196,173.65234,619,FC128,versus,2,4619,0.63671875,1.9804688,0.921875,0.3046875
12.269531,3.1640625,0.29296875,0.15939851,0.005300788,0.9092143,0.07992278,-0.0072572683,9.014371,174.45312,0.17604998,0.4136091,174.45312,620,FC128,versus,2,4620,0.6328125,2.0429688,0.9296875,0.2890625
13.0546875,3.1523438,0.26953125,0.15278712,0.005295327,0.9129077,0.08038054,-0.0045683067,9.210525,174.74219,0.17151581,0.41427618,174.74219,621,FC128,versus,2,4621,0.6171875,2.0703125,0.9453125,0.2734375
12.855469,3.1523438,0.28515625,0.1631562,0.0052898647,0.9134439,0.07456066,-0.007947893,9.096875,173.13672,0.16674325,0.4149433,173.13672,622,FC128,versus,2,4622,0.65234375,2.078125,0.91796875,0.2578125
13.871094,3.2734375,0.24609375,0.16640253,0.0052844035,0.91197693,0.071266145,-0.010022157,9.369216,176.88672,0.16433528,0.4156104,176.88672,623,FC128,versus,2,4623,0.66796875,2.0976562,0.9296875,0.234375
13.5078125,3.046875,0.28125,0.15410155,0.0052789417,0.91443664,0.079644926,-0.004864479,9.115406,174.01562,0.17064579,0.41627753,174.01562,624,FC128,versus,2,4624,0.59375,2.1601562,0.93359375,0.28515625
13.3125,3.0507812,0.2890625,0.16687259,0.00527348,0.91017985,0.07342355,-0.009981812,8.84933,173.02344,0.16857073,0.41694465,173.02344,625,FC128,versus,2,4625,0.609375,2.1914062,0.94921875,0.296875
13.511719,3.03125,0.30859375,0.15317541,0.0052680187,0.9109342,0.07522994,-0.007243997,8.917669,172.63672,0.16656174,0.41761175,172.63672,626,FC128,versus,2,4626,0.6171875,2.1914062,0.9296875,0.31640625
13.191406,2.9140625,0.31640625,0.15100567,0.0052625565,0.9024101,0.078155875,-0.010459361,8.443751,170.8711,0.17881984,0.41827887,170.8711,627,FC128,versus,2,4627,0.625,2.15625,0.92578125,0.2890625
13.753906,3.0429688,0.3046875,0.15218756,0.005257095,0.90987426,0.074640945,-0.008536038,8.901874,173.14844,0.1679541,0.41894597,173.14844,628,FC128,versus,2,4628,0.6328125,2.1484375,0.9453125,0.30078125
13.441406,2.9375,0.30078125,0.14594015,0.0052516335,0.90604854,0.0774662,-0.008278003,8.578075,174.76172,0.17302126,0.4196131,174.76172,629,FC128,versus,2,4629,0.60546875,2.265625,0.89453125,0.2890625
13.75,2.9140625,0.29296875,0.15332446,0.0052461717,0.90807134,0.078682214,-0.0063566626,8.729904,176.77734,0.17168649,0.4202802,176.77734,630,FC128,versus,2,4630,0.58203125,2.203125,0.9296875,0.3125
13.3828125,2.8320312,0.328125,0.14748229,0.0052407105,0.9075006,0.077447936,-0.006536169,8.568645,174.80469,0.16951403,0.4209473,174.80469,631,FC128,versus,2,4631,0.58203125,2.3710938,0.90625,0.3359375
14.128906,3.1289062,0.265625,0.16162437,0.0052352482,0.9083484,0.07243749,-0.010806126,9.024256,177.72266,0.16817951,0.4216144,177.72266,632,FC128,versus,2,4632,0.66796875,2.09375,0.921875,0.24609375
13.5,3.0078125,0.3046875,0.15706076,0.005229787,0.9095677,0.07248692,-0.008700545,8.766237,174.46094,0.16401772,0.42228153,174.46094,633,FC128,versus,2,4633,0.6171875,2.2070312,0.91015625,0.30859375
13.5859375,3.0546875,0.30078125,0.15395844,0.005224325,0.9106994,0.076081425,-0.0057542156,8.999419,172.02344,0.16527994,0.42294863,172.02344,634,FC128,versus,2,4634,0.65625,2.1015625,0.9375,0.26171875
13.191406,2.9804688,0.30078125,0.15538648,0.0052188635,0.9073954,0.075591534,-0.00971588,8.752521,175.19922,0.17223671,0.42361575,175.19922,635,FC128,versus,2,4635,0.640625,2.2421875,0.91796875,0.28515625
13.253906,3.0234375,0.3046875,0.15954375,0.005213402,0.90969735,0.08000076,-0.0048965313,9.000359,173.8125,0.17145811,0.42428288,173.8125,636,FC128,versus,2,4636,0.59765625,2.1796875,0.9140625,0.3046875
12.890625,3.1679688,0.26953125,0.16466095,0.00520794,0.9105911,0.07573197,-0.007090886,9.080742,174.45312,0.16736081,0.42494997,174.45312,637,FC128,versus,2,4637,0.69140625,2.0429688,0.9453125,0.23828125
12.863281,3.125,0.28515625,0.16097863,0.0052024787,0.9096629,0.07762765,-0.0075238864,8.975243,173.44922,0.17197806,0.4256171,173.44922,638,FC128,versus,2,4638,0.609375,2.0507812,0.9296875,0.2890625
12.441406,3.1953125,0.29296875,0.16214977,0.005197017,0.9132514,0.074151605,-0.006394736,9.022283,173.52344,0.16277808,0.4262842,173.52344,639,FC128,versus,2,4639,0.578125,2.1445312,0.953125,0.3203125
12.71875,3.125,0.28515625,0.16778824,0.0051915552,0.91476214,0.07731664,-0.0042541623,9.064612,175.54297,0.16488378,0.42695132,175.54297,640,FC128,versus,2,4640,0.62109375,2.1171875,0.92578125,0.296875
11.765625,3.0117188,0.34375,0.15731847,0.005186094,0.90750444,0.084018216,-0.0044693025,8.621912,170.72266,0.17860678,0.4276184,170.72266,641,FC128,versus,2,4641,0.57421875,2.2070312,0.90234375,0.31640625
12.421875,3.2382812,0.25,0.1601559,0.0051806318,0.91475004,0.07855982,-0.0063541774,9.417211,176.11328,0.17148742,0.42828554,176.11328,642,FC128,versus,2,4642,0.625,2.1875,0.91796875,0.30078125
12.21875,3.1992188,0.28125,0.1677538,0.0051751705,0.9156688,0.081453234,-0.003328683,9.35817,172.89062,0.17130014,0.42895263,172.89062,643,FC128,versus,2,4643,0.59765625,2.1679688,0.9140625,0.28515625
11.890625,3.0585938,0.3046875,0.16241835,0.0051697087,0.9133837,0.081815995,-0.005990783,8.987183,171.98828,0.17729287,0.42961976,171.98828,644,FC128,versus,2,4644,0.58203125,2.1132812,0.9453125,0.3125
11.921875,3.0585938,0.29296875,0.16668564,0.005164247,0.9132913,0.08320354,-0.007837108,8.9547825,170.21484,0.1838029,0.43028685,170.21484,645,FC128,versus,2,4645,0.6328125,2.0703125,0.953125,0.296875
12.402344,3.2695312,0.26171875,0.16088703,0.0051587857,0.91938245,0.076855496,-0.006873679,9.404206,172.82812,0.16911831,0.43095398,172.82812,646,FC128,versus,2,4646,0.6484375,1.9960938,0.92578125,0.2734375
12.550781,3.1289062,0.26953125,0.16987915,0.0051533235,0.9193585,0.07575599,-0.005546871,9.037247,177.8789,0.1643566,0.4316211,177.8789,647,FC128,versus,2,4647,0.625,2.0820312,0.93359375,0.265625
12.140625,3.0703125,0.29296875,0.15985201,0.0051478622,0.9160702,0.083897606,-0.004360134,9.002974,171.09766,0.17816126,0.4322882,171.09766,648,FC128,versus,2,4648,0.56640625,2.2617188,0.9296875,0.3046875
12.597656,3.1679688,0.26953125,0.1647195,0.0051424005,0.9141019,0.07895107,-0.008794636,9.313633,174.11719,0.17718552,0.43295532,174.11719,649,FC128,versus,2,4649,0.66015625,2.1015625,0.93359375,0.265625
12.2265625,3.1796875,0.27734375,0.16300315,0.0051369388,0.9129321,0.079334214,-0.007504602,9.027219,173.30469,0.1753523,0.43362242,173.30469,650,FC128,versus,2,4650,0.62109375,2.1210938,0.92578125,0.296875
12.078125,3.0390625,0.28515625,0.1634812,0.0051314775,0.9154158,0.07975375,-0.006388741,8.876902,172.80078,0.17396277,0.43428954,172.80078,651,FC128,versus,2,4651,0.62109375,2.1328125,0.9375,0.30078125
11.546875,2.9179688,0.33203125,0.14341864,0.0051260153,0.9097065,0.08568566,-0.003390988,8.584089,170.33594,0.17962363,0.43495664,170.33594,652,FC128,versus,2,4652,0.58203125,2.1757812,0.921875,0.3359375
12.285156,3.1132812,0.29296875,0.15590654,0.005120554,0.9131717,0.08071273,-0.004555965,9.015065,174.16016,0.17213404,0.43562376,174.16016,653,FC128,versus,2,4653,0.6171875,2.1679688,0.92578125,0.30859375
12.191406,3.1914062,0.3203125,0.15618587,0.0051150923,0.9107803,0.08578443,-0.0032770515,8.986397,171.76562,0.17972076,0.43629086,171.76562,654,FC128,versus,2,4654,0.609375,2.0507812,0.921875,0.328125
12.390625,3.3007812,0.2890625,0.15433502,0.0051096305,0.9105688,0.087155044,-0.0018550528,9.444972,169.63281,0.17959738,0.436958,169.63281,655,FC128,versus,2,4655,0.6796875,1.9570312,0.921875,0.23828125
11.996094,3.0859375,0.30859375,0.15039569,0.0051041692,0.9052058,0.085469745,-0.0021138592,8.642047,171.23438,0.1767025,0.43762508,171.23438,656,FC128,versus,2,4656,0.59765625,2.1132812,0.91796875,0.3046875
12.175781,2.9570312,0.3046875,0.15123358,0.005098707,0.90769786,0.085814305,-0.0027903998,8.846679,168.76953,0.1787516,0.4382922,168.76953,657,FC128,versus,2,4657,0.62109375,2.1679688,0.91796875,0.31640625
11.8359375,3.0078125,0.33984375,0.14948645,0.0050932458,0.90573,0.08067513,-0.007270819,8.555926,171.51953,0.17741466,0.43895933,171.51953,658,FC128,versus,2,4658,0.6015625,2.1679688,0.890625,0.30859375
12.3984375,3.1054688,0.28125,0.16397211,0.005087784,0.9055872,0.08177421,-0.0072641033,9.149021,169.5625,0.17974514,0.43962643,169.5625,659,FC128,versus,2,4659,0.6328125,2.1015625,0.94921875,0.28125
12.871094,3.1484375,0.28125,0.14644359,0.0050823223,0.9092287,0.07996187,-0.0031685408,9.204851,176.83203,0.16774938,0.44029355,176.83203,660,FC128,versus,2,4660,0.61328125,2.1484375,0.89453125,0.32421875
12.671875,3.125,0.328125,0.14691092,0.005076861,0.9103916,0.07963339,-0.0033350687,9.0829735,171.6289,0.16742861,0.44096065,171.6289,661,FC128,versus,2,4661,0.6328125,2.2070312,0.921875,0.2890625
12.667969,3.2460938,0.30078125,0.15387546,0.005071399,0.90322757,0.085178204,-0.0026387812,9.136173,169.70703,0.1771947,0.44162777,169.70703,662,FC128,versus,2,4662,0.63671875,2.0078125,0.9375,0.26171875
12.464844,2.9882812,0.32421875,0.14818549,0.0050659375,0.90255404,0.08499304,-0.002615381,8.852974,170.02734,0.17671825,0.44229487,170.02734,663,FC128,versus,2,4663,0.58203125,2.3125,0.921875,0.3125
12.910156,3.1328125,0.328125,0.156732,0.005060476,0.9071097,0.078801244,-0.0066908677,9.00102,168.77344,0.1725705,0.442962,168.77344,664,FC128,versus,2,4664,0.6171875,2.0703125,0.9375,0.296875
12.46875,2.9140625,0.3671875,0.14479671,0.005055014,0.8999721,0.083097756,-0.008721985,8.56402,167.2539,0.18510339,0.4436291,167.2539,665,FC128,versus,2,4665,0.58984375,2.2734375,0.9140625,0.33984375
12.8984375,3.0,0.33203125,0.1370123,0.005049553,0.9030355,0.0816434,-0.004602241,8.669475,171.05078,0.17387499,0.4442962,171.05078,666,FC128,versus,2,4666,0.62890625,2.2617188,0.90234375,0.30078125
13.6484375,3.0664062,0.28125,0.15623964,0.0050440906,0.9064207,0.076971754,-0.007762487,9.094477,173.40234,0.17104465,0.4449633,173.40234,667,FC128,versus,2,4667,0.6484375,2.1992188,0.9296875,0.28125
12.800781,3.0898438,0.3359375,0.13741282,0.0050386293,0.9071119,0.085631706,-5.8332236e-05,8.754034,172.52344,0.17276482,0.44563043,172.52344,668,FC128,versus,2,4668,0.57421875,2.1445312,0.8828125,0.32421875
12.9453125,3.0273438,0.29296875,0.14670645,0.0050331675,0.90658474,0.0819717,-0.0029363488,8.874092,174.85156,0.17129289,0.44629756,174.85156,669,FC128,versus,2,4669,0.609375,2.1953125,0.9140625,0.3046875
12.871094,3.0390625,0.28125,0.1558801,0.005027706,0.9076877,0.08087883,-0.0040346724,8.988559,174.23438,0.17139445,0.44696465,174.23438,670,FC128,versus,2,4670,0.64453125,2.1601562,0.921875,0.29296875
13.484375,3.2578125,0.234375,0.16894837,0.0050222445,0.9161931,0.072741315,-0.005053827,9.6622505,178.4961,0.15728728,0.44763178,178.4961,671,FC128,versus,2,4671,0.6796875,2.0703125,0.94921875,0.2578125
11.832031,3.0390625,0.3359375,0.15495782,0.0050167823,0.9084803,0.08435929,-0.0046115126,8.865864,171.38672,0.17949638,0.44829887,171.38672,672,FC128,versus,2,4672,0.5859375,2.2109375,0.92578125,0.32421875
11.753906,3.2460938,0.2890625,0.16583173,0.005011321,0.906736,0.08176573,-0.0074381824,9.142844,170.51953,0.18006991,0.448966,170.51953,673,FC128,versus,2,4673,0.66015625,2.0117188,0.921875,0.2734375
11.34375,3.1523438,0.30078125,0.16971219,0.0050058593,0.9083207,0.085046105,-0.0032986738,8.910929,171.01953,0.17838867,0.4496331,171.01953,674,FC128,versus,2,4674,0.62109375,2.0507812,0.94140625,0.30078125
11.761719,3.234375,0.25,0.17201193,0.0050003976,0.9124102,0.081655,-0.002545432,9.460773,171.11719,0.17012112,0.45030022,171.11719,675,FC128,versus,2,4675,0.6328125,2.0820312,0.95703125,0.265625
10.589844,2.9570312,0.30859375,0.17505154,0.0049949363,0.90709794,0.08610574,-0.0049816826,8.649414,168.82812,0.18392359,0.4509673,168.82812,676,FC128,versus,2,4676,0.57421875,2.1875,0.921875,0.3046875
10.824219,3.1445312,0.28125,0.18645076,0.004989474,0.91660273,0.073248126,-0.010856533,9.069569,174.71484,0.1700699,0.45163444,174.71484,677,FC128,versus,2,4677,0.61328125,2.140625,0.91015625,0.30078125
10.417969,3.0625,0.26171875,0.18499407,0.004984013,0.9150948,0.081802405,-0.0054369024,8.922501,173.20312,0.17632264,0.45230153,173.20312,678,FC128,versus,2,4678,0.65625,2.0898438,0.921875,0.27734375
10.753906,3.1445312,0.24609375,0.18965547,0.004978551,0.91475093,0.08066812,-0.004897652,9.168959,176.16406,0.17301998,0.45296866,176.16406,679,FC128,versus,2,4679,0.61328125,2.0898438,0.92578125,0.2734375
10.7109375,3.1875,0.23046875,0.19425745,0.0049730893,0.9198026,0.07625271,-0.0054446855,9.3805485,176.04688,0.1653269,0.45363578,176.04688,680,FC128,versus,2,4680,0.65234375,2.0078125,0.9765625,0.26171875
9.6953125,3.1601562,0.31640625,0.17580308,0.004967628,0.90699995,0.084347256,-0.0071034296,8.657406,170.05078,0.18464802,0.45430288,170.05078,681,FC128,versus,2,4681,0.609375,1.8515625,0.921875,0.296875
9.9609375,2.953125,0.28125,0.18184938,0.004962166,0.9130202,0.083269894,-0.0048257266,8.704472,171.2539,0.17799598,0.45497,171.2539,682,FC128,versus,2,4682,0.578125,2.2265625,0.9375,0.30859375
9.9765625,3.1835938,0.28125,0.18497065,0.0049567046,0.91482383,0.081034355,-0.0065067946,9.150167,169.53906,0.17691599,0.4556371,169.53906,683,FC128,versus,2,4683,0.6171875,2.0429688,0.9296875,0.29296875
10.089844,2.9609375,0.265625,0.17717423,0.004951243,0.9132184,0.08138308,-0.0051082107,8.782281,172.70703,0.17473704,0.45630422,172.70703,684,FC128,versus,2,4684,0.6328125,2.1914062,0.90234375,0.30078125
10.152344,3.0820312,0.296875,0.16598664,0.004945781,0.9123256,0.081193745,-0.0049835844,8.919492,171.98828,0.17399652,0.45697132,171.98828,685,FC128,versus,2,4685,0.59765625,2.109375,0.91015625,0.3125
10.183594,3.0859375,0.265625,0.17003128,0.00494032,0.91473335,0.07767135,-0.006988929,8.956402,174.5586,0.17100057,0.45763844,174.5586,686,FC128,versus,2,4686,0.625,2.1367188,0.92578125,0.28125
9.96875,3.125,0.296875,0.17888223,0.0049348576,0.91079855,0.08179517,-0.0046461867,8.793719,170.60938,0.17464824,0.45830554,170.60938,687,FC128,versus,2,4687,0.625,2.0703125,0.9453125,0.28515625
10.8515625,3.3359375,0.234375,0.18321893,0.0049293963,0.9226812,0.0781589,-0.0027918608,9.62877,175.76953,0.16370784,0.45897266,175.76953,688,FC128,versus,2,4688,0.64453125,1.9765625,0.93359375,0.26953125
10.1875,3.0898438,0.296875,0.15754041,0.0049239346,0.9147228,0.08481538,0.00015922317,8.925594,173.92188,0.17086375,0.45963976,173.92188,689,FC128,versus,2,4689,0.5703125,2.2382812,0.90234375,0.33984375
10.613281,3.0195312,0.30859375,0.16278212,0.004918473,0.91350263,0.08526151,-0.00055725203,8.768729,171.86328,0.1732388,0.46030688,171.86328,690,FC128,versus,2,4690,0.51953125,2.265625,0.89453125,0.3515625
10.558594,2.96875,0.296875,0.1797652,0.0049130116,0.9133939,0.08216471,-0.0046186177,8.769186,170.78906,0.17533304,0.460974,170.78906,691,FC128,versus,2,4691,0.59765625,2.1210938,0.9453125,0.29296875
11.542969,3.1835938,0.20703125,0.18325712,0.0049075494,0.9196443,0.069806695,-0.0077709532,9.330395,178.42578,0.15695399,0.4616411,178.42578,692,FC128,versus,2,4692,0.65234375,2.1445312,0.921875,0.2578125
11.0234375,3.03125,0.28125,0.17907451,0.004902088,0.91497606,0.07730451,-0.0044977074,8.922627,174.83984,0.16536012,0.46230823,174.83984,693,FC128,versus,2,4693,0.60546875,2.2734375,0.93359375,0.30078125
11.394531,3.15625,0.28515625,0.16982661,0.0048966263,0.91841793,0.07593127,-0.0049066003,9.1667385,176.30078,0.1633389,0.46297532,176.30078,694,FC128,versus,2,4694,0.62109375,2.3125,0.8984375,0.2890625
11.285156,3.0742188,0.27734375,0.17412522,0.0048911646,0.91348815,0.084655605,-0.0017169947,9.070344,172.92578,0.17444855,0.46364245,172.92578,695,FC128,versus,2,4695,0.609375,2.0351562,0.95703125,0.29296875
11.390625,2.90625,0.28515625,0.17124057,0.0048857033,0.9082461,0.087200366,-0.0021885051,8.852477,170.78906,0.180451,0.46430954,170.78906,696,FC128,versus,2,4696,0.62109375,2.2617188,0.94921875,0.28125
11.667969,3.0234375,0.3125,0.17394562,0.004880241,0.9104583,0.081902236,-0.0049058986,8.7960825,171.63672,0.17531407,0.46497667,171.63672,697,FC128,versus,2,4697,0.58203125,2.1445312,0.9296875,0.3125
11.855469,3.0195312,0.29296875,0.1601643,0.00487478,0.91036135,0.07921787,-0.006738556,8.73992,173.95703,0.1734744,0.46564376,173.95703,698,FC128,versus,2,4698,0.62109375,2.0898438,0.90625,0.28125
12.363281,3.03125,0.2734375,0.17403753,0.004869318,0.9099373,0.07673238,-0.0067415047,8.745259,174.46094,0.16864266,0.4663109,174.46094,699,FC128,versus,2,4699,0.63671875,2.125,0.93359375,0.28125
12.613281,2.9804688,0.2890625,0.16021766,0.0048638564,0.90709335,0.081445046,-0.004981994,8.82987,171.36328,0.17441264,0.46697798,171.36328,700,FC128,versus,2,4700,0.6171875,2.2265625,0.94140625,0.29296875
12.464844,2.859375,0.296875,0.16047858,0.004858395,0.90699494,0.08273124,-0.0031348614,8.675333,173.26172,0.17329153,0.4676451,173.26172,701,FC128,versus,2,4701,0.58984375,2.296875,0.91796875,0.3046875
13.328125,3.125,0.25,0.1544529,0.004852933,0.9083611,0.080886565,-0.0006956378,9.082762,177.26953,0.16466351,0.46831223,177.26953,702,FC128,versus,2,4702,0.6484375,2.0546875,0.91796875,0.30078125
13.464844,3.0,0.27734375,0.1544703,0.0048474716,0.9050858,0.079680845,-0.0053904937,9.088321,174.29297,0.17164026,0.46897933,174.29297,703,FC128,versus,2,4703,0.63671875,2.1757812,0.9296875,0.30859375
13.3828125,3.0,0.29296875,0.15111649,0.00484201,0.90767854,0.078108825,-0.0061519467,8.843965,172.46094,0.16998495,0.46964645,172.46094,704,FC128,versus,2,4704,0.609375,2.1835938,0.92578125,0.30859375
13.691406,3.0507812,0.28515625,0.15144679,0.004836548,0.9055165,0.07667317,-0.00869256,8.916426,174.29297,0.17219643,0.47031355,174.29297,705,FC128,versus,2,4705,0.62109375,2.1210938,0.9375,0.28125
14.222656,3.0507812,0.2578125,0.1522323,0.004831087,0.90992105,0.07427985,-0.008132529,9.150915,177.9375,0.16629566,0.47098067,177.9375,706,FC128,versus,2,4706,0.671875,2.0664062,0.94140625,0.25390625
14.082031,3.0976562,0.30078125,0.14236474,0.0048256246,0.9063689,0.07669567,-0.0042871838,9.031767,175.27344,0.1633397,0.47164777,175.27344,707,FC128,versus,2,4707,0.6484375,2.2070312,0.921875,0.27734375
14.0859375,2.859375,0.3125,0.13669413,0.0048201634,0.9058589,0.07935849,-0.004768092,8.498164,175.74219,0.16957094,0.4723149,175.74219,708,FC128,versus,2,4708,0.56640625,2.3476562,0.90625,0.33203125
14.5859375,3.0859375,0.2734375,0.14337008,0.0048147016,0.90751547,0.072753504,-0.007888433,8.861463,177.70312,0.16266444,0.472982,177.70312,709,FC128,versus,2,4709,0.67578125,2.0234375,0.9453125,0.2578125
14.4375,3.0,0.265625,0.14137222,0.00480924,0.90657556,0.075206324,-0.00705887,8.60626,178.65625,0.16589019,0.4736491,178.65625,710,FC128,versus,2,4710,0.609375,2.1367188,0.9375,0.29296875
13.984375,3.0507812,0.2890625,0.13759495,0.0048037786,0.9085293,0.077302225,-0.0053561456,8.916965,174.13672,0.1666387,0.4743162,174.13672,711,FC128,versus,2,4711,0.65234375,2.1914062,0.8984375,0.28515625
14.9453125,3.2070312,0.23046875,0.14636794,0.0047983164,0.9124142,0.07702223,-0.004043239,9.314341,176.82031,0.16353558,0.47498333,176.82031,712,FC128,versus,2,4712,0.65234375,1.9882812,0.9453125,0.234375
14.234375,3.0195312,0.2890625,0.1416836,0.004792855,0.9019818,0.08407401,-0.0041884463,8.644625,174.65625,0.17788306,0.47565046,174.65625,713,FC128,versus,2,4713,0.65625,2.0859375,0.9296875,0.2734375
14.0234375,2.9648438,0.3203125,0.13499379,0.0047873934,0.91166955,0.08031017,-0.0040961015,8.646965,172.47266,0.17010508,0.47631755,172.47266,714,FC128,versus,2,4714,0.58984375,2.3632812,0.88671875,0.32421875
13.824219,3.171875,0.3125,0.13302158,0.0047819316,0.907328,0.08490986,-0.0051462986,9.009403,174.48047,0.18138452,0.47698468,174.48047,715,FC128,versus,2,4715,0.62109375,2.0664062,0.91796875,0.30078125
13.746094,3.1054688,0.2734375,0.1356814,0.00477647,0.9116049,0.077664495,-0.007269723,8.900858,175.02734,0.1711646,0.47765177,175.02734,716,FC128,versus,2,4716,0.66796875,2.0859375,0.921875,0.26171875
14.253906,3.1640625,0.26171875,0.1481947,0.0047710086,0.91855544,0.071518816,-0.01018771,9.351156,177.5,0.16482712,0.4783189,177.5,717,FC128,versus,2,4717,0.66796875,2.1328125,0.92578125,0.26171875
13.316406,3.0039062,0.2890625,0.14414126,0.004765547,0.9128986,0.07949397,-0.006987733,8.780443,175.8711,0.17433724,0.478986,175.8711,718,FC128,versus,2,4718,0.6171875,2.2265625,0.92578125,0.30078125
13.8671875,3.0898438,0.2265625,0.15281479,0.004760085,0.92117256,0.07635072,-0.0054054298,9.367037,179.3789,0.16496712,0.47965312,179.3789,719,FC128,versus,2,4719,0.66015625,2.1953125,0.953125,0.26953125
13.332031,3.0859375,0.28125,0.15656638,0.0047546234,0.9153496,0.08359162,-0.004613347,9.015146,174.04297,0.17789876,0.48032022,174.04297,720,FC128,versus,2,4720,0.6328125,2.0820312,0.9453125,0.28125
12.3125,3.0546875,0.30859375,0.14743827,0.0047491617,0.91214615,0.07996386,-0.008628405,8.620136,174.27344,0.17858495,0.48098734,174.27344,721,FC128,versus,2,4721,0.625,2.1015625,0.9375,0.28125
12.7578125,3.2109375,0.25390625,0.15646662,0.0047437004,0.9194439,0.07765014,-0.0061601833,9.415167,173.89844,0.16910511,0.48165444,173.89844,722,FC128,versus,2,4722,0.64453125,2.0976562,0.95703125,0.2578125
12.34375,3.2070312,0.26171875,0.15825963,0.0047382386,0.9174162,0.07963748,-0.008227183,9.283646,175.20703,0.17722908,0.48232156,175.20703,723,FC128,versus,2,4723,0.66796875,1.953125,0.93359375,0.2734375
11.964844,3.0390625,0.2734375,0.16728629,0.004732777,0.9205747,0.078998655,-0.004552401,9.010481,174.54688,0.16868557,0.4829887,174.54688,724,FC128,versus,2,4724,0.61328125,2.09375,0.9453125,0.30859375
11.246094,3.0390625,0.3046875,0.15532766,0.004727315,0.9168372,0.08363352,-0.0022673237,8.8358135,173.72266,0.17327026,0.48365578,173.72266,725,FC128,versus,2,4725,0.59375,2.1210938,0.94140625,0.33203125
10.902344,3.25,0.28515625,0.1537943,0.0047218534,0.91409105,0.08486038,-0.0014145165,9.052386,169.57422,0.17400217,0.4843229,169.57422,726,FC128,versus,2,4726,0.65625,2.0195312,0.94140625,0.25
11.105469,3.1992188,0.28515625,0.15291813,0.004716392,0.91941905,0.083119206,-0.00058350636,9.229161,173.1211,0.16884787,0.48499,173.1211,727,FC128,versus,2,4727,0.625,2.0625,0.93359375,0.28515625
10.1640625,3.0390625,0.33984375,0.14720236,0.0047109304,0.9123169,0.08592529,-0.0038142588,8.610041,171.60156,0.18086602,0.48565713,171.60156,728,FC128,versus,2,4728,0.57421875,2.234375,0.89453125,0.34765625
10.066406,3.1171875,0.33984375,0.15497015,0.0047054687,0.91176265,0.08373609,-0.007218775,8.837467,169.38281,0.18336816,0.48632422,169.38281,729,FC128,versus,2,4729,0.6015625,2.0195312,0.921875,0.32421875
10.636719,3.2695312,0.2578125,0.16321185,0.004700007,0.9152697,0.08343823,-0.0017894388,9.364262,167.44531,0.17198953,0.48699135,167.44531,730,FC128,versus,2,4730,0.63671875,1.9648438,0.9609375,0.265625
10.691406,3.0742188,0.28125,0.16488986,0.004694545,0.91639066,0.080379784,-0.00082216156,8.917019,173.41016,0.16395207,0.48765844,173.41016,731,FC128,versus,2,4731,0.58203125,2.1835938,0.91796875,0.296875
10.167969,3.1132812,0.3125,0.15867856,0.004689084,0.9091926,0.08981276,-0.0019372426,8.913284,169.26172,0.18498813,0.48832557,169.26172,732,FC128,versus,2,4732,0.63671875,2.0234375,0.91015625,0.25
10.671875,3.046875,0.28515625,0.15750012,0.004683622,0.9137811,0.077644944,-0.0041760504,8.644535,174.46094,0.16511734,0.48899266,174.46094,733,FC128,versus,2,4733,0.609375,2.015625,0.9140625,0.3125
10.546875,2.9726562,0.3125,0.15303877,0.0046781604,0.9150576,0.08036183,-0.002534851,8.886381,170.36328,0.16722524,0.4896598,170.36328,734,FC128,versus,2,4734,0.57421875,2.2265625,0.9375,0.33203125
11.625,3.2617188,0.2578125,0.15945266,0.0046726987,0.9117313,0.07934625,-0.0048362124,9.357536,177.3164,0.16985506,0.4903269,177.3164,735,FC128,versus,2,4735,0.640625,2.125,0.921875,0.2421875
11.027344,3.0429688,0.265625,0.16490984,0.004667237,0.9152969,0.080285795,-0.001657749,9.127707,170.49219,0.16542643,0.490994,170.49219,736,FC128,versus,2,4736,0.6015625,2.25,0.9375,0.296875
11.765625,3.2460938,0.203125,0.1727746,0.0046617757,0.9167195,0.08024475,-0.0012488606,9.65214,175.71484,0.16459809,0.49166113,175.71484,737,FC128,versus,2,4737,0.60546875,2.1171875,0.95703125,0.234375
11.171875,3.0898438,0.30078125,0.16165346,0.004656314,0.9125953,0.083375864,-0.004505489,9.084982,170.2461,0.17726813,0.49232823,170.2461,738,FC128,versus,2,4738,0.62890625,2.1054688,0.94140625,0.296875
11.7734375,3.3085938,0.30078125,0.16490547,0.004650852,0.91306436,0.077317715,-0.0061627757,9.154117,170.52344,0.16849488,0.49299535,170.52344,739,FC128,versus,2,4739,0.640625,1.9570312,0.94140625,0.27734375
12.234375,3.2382812,0.25390625,0.16183981,0.0046453904,0.9170724,0.07923039,-0.005603546,9.559969,169.44922,0.17117149,0.49366245,169.44922,740,FC128,versus,2,4740,0.59765625,1.953125,0.9453125,0.28515625
12.207031,3.0664062,0.28125,0.1587539,0.0046399287,0.91397697,0.0786586,-0.006094274,9.0955105,170.21484,0.17097898,0.49432957,170.21484,741,FC128,versus,2,4741,0.6484375,2.1289062,0.9296875,0.27734375
11.65625,2.9726562,0.3359375,0.14925894,0.0046344674,0.9093688,0.08154574,-0.009864298,8.877321,166.33594,0.18420355,0.49499667,166.33594,742,FC128,versus,2,4742,0.58203125,2.1914062,0.91796875,0.31640625
12.109375,3.1484375,0.32421875,0.14341545,0.0046290057,0.90937394,0.08381534,-0.007712283,8.899965,169.48047,0.18438299,0.4956638,169.48047,743,FC128,versus,2,4743,0.62109375,2.0234375,0.91015625,0.30859375
11.71875,3.046875,0.328125,0.14400613,0.004623544,0.9047663,0.08873724,-0.0064155515,8.68055,166.86328,0.19163723,0.4963309,166.86328,744,FC128,versus,2,4744,0.6015625,2.0898438,0.90625,0.30859375
12.859375,3.0585938,0.29296875,0.15593864,0.004618082,0.9086737,0.082529224,-0.008178405,8.985931,170.39453,0.18285553,0.496998,170.39453,745,FC128,versus,2,4745,0.62890625,2.1679688,0.94140625,0.29296875
12.394531,2.8632812,0.2890625,0.1483131,0.0046126205,0.91020197,0.07617324,-0.008892572,8.791828,171.67578,0.17149985,0.49766514,171.67578,746,FC128,versus,2,4746,0.58984375,2.3007812,0.93359375,0.32421875
12.691406,3.15625,0.31640625,0.14541152,0.004607159,0.91054934,0.07933037,-0.0077815573,9.015659,172.73047,0.17556372,0.49833223,172.73047,747,FC128,versus,2,4747,0.6171875,2.1757812,0.921875,0.3203125
12.8046875,3.3320312,0.2421875,0.15767443,0.0046016974,0.9136367,0.077463076,-0.0069625196,9.666143,173.59375,0.17030233,0.49899936,173.59375,748,FC128,versus,2,4748,0.671875,1.9960938,0.95703125,0.23828125
12.425781,3.1601562,0.265625,0.15238576,0.0045962357,0.90767485,0.08301678,-0.004091324,9.245983,168.91406,0.17561701,0.49966645,168.91406,749,FC128,versus,2,4749,0.62890625,2.0898438,0.93359375,0.28515625
12.089844,3.2226562,0.2890625,0.15294693,0.004590774,0.90948486,0.087112896,-0.0020188587,9.316747,171.16406,0.1796678,0.50033355,171.16406,750,FC128,versus,2,4750,0.61328125,2.0195312,0.9296875,0.296875
12.4921875,3.21875,0.24609375,0.15242012,0.004585312,0.91164196,0.08123844,-0.0018541565,9.392895,173.04297,0.16758299,0.5010007,173.04297,751,FC128,versus,2,4751,0.6328125,2.140625,0.94921875,0.25
12.363281,3.2304688,0.2265625,0.162095,0.004579851,0.91385573,0.08124504,-0.0025060065,9.593573,170.88281,0.16898684,0.5016678,170.88281,752,FC128,versus,2,4752,0.63671875,2.109375,0.9609375,0.2421875
11.640625,3.2265625,0.296875,0.15966913,0.004574389,0.91757923,0.07844758,-0.0054970584,9.193026,173.4414,0.16935006,0.5023349,173.4414,753,FC128,versus,2,4753,0.6328125,2.0507812,0.9140625,0.296875
10.957031,3.0078125,0.32421875,0.15971662,0.0045689275,0.90515006,0.08241733,-0.010771081,8.717482,170.67188,0.18783629,0.503002,170.67188,754,FC128,versus,2,4754,0.58984375,2.2304688,0.8984375,0.31640625
11.6328125,3.1367188,0.2890625,0.15720329,0.0045634657,0.9154141,0.080792464,-0.0054332465,9.373097,170.95312,0.17388621,0.50366914,170.95312,755,FC128,versus,2,4755,0.61328125,2.1484375,0.92578125,0.3203125
11.8828125,3.3515625,0.20703125,0.1631778,0.004558004,0.91583896,0.07876179,-0.004276603,9.8822365,171.82422,0.16756432,0.50433624,171.82422,756,FC128,versus,2,4756,0.66796875,1.9921875,0.96484375,0.23828125
11.886719,3.2929688,0.23828125,0.16160089,0.0045525427,0.9184379,0.080924705,-0.0026859846,9.64903,177.01172,0.16869277,0.50500333,177.01172,757,FC128,versus,2,4757,0.63671875,2.1289062,0.9140625,0.28515625
11.285156,3.0507812,0.2734375,0.16237906,0.004547081,0.9146902,0.086378016,-0.0018820694,9.067047,169.6836,0.17799687,0.5056705,169.6836,758,FC128,versus,2,4758,0.640625,2.1328125,0.93359375,0.26953125
11.324219,3.1875,0.29296875,0.16021925,0.004541619,0.9086935,0.088406935,-0.004374799,9.02765,171.05078,0.18701878,0.5063376,171.05078,759,FC128,versus,2,4759,0.62890625,2.046875,0.95703125,0.28515625
11.7265625,3.0585938,0.28515625,0.16209681,0.0045361575,0.9184867,0.07681279,-0.008712198,9.173258,171.20312,0.17252056,0.5070047,171.20312,760,FC128,versus,2,4760,0.59375,2.2929688,0.9375,0.30859375
11.84375,3.2070312,0.27734375,0.16350523,0.0045306957,0.9144511,0.07986082,-0.007514292,9.2467985,170.57422,0.1762318,0.5076718,170.57422,761,FC128,versus,2,4761,0.66015625,2.0429688,0.9453125,0.26171875
11.4765625,3.078125,0.2734375,0.16581775,0.0045252345,0.91596717,0.07631633,-0.008335618,9.067492,170.85547,0.17080462,0.5083389,170.85547,762,FC128,versus,2,4762,0.6171875,2.1875,0.92578125,0.30859375
11.890625,3.2226562,0.29296875,0.15361793,0.0045197727,0.9077477,0.093515486,-0.0047655995,9.198524,166.89453,0.19795081,0.509006,166.89453,763,FC128,versus,2,4763,0.6171875,1.9765625,0.9296875,0.25
11.425781,3.0585938,0.328125,0.15235539,0.004514311,0.90827477,0.08804477,-0.005025179,8.815696,166.52344,0.18751545,0.5096731,166.52344,764,FC128,versus,2,4764,0.6015625,2.046875,0.9453125,0.3203125
12.3359375,3.109375,0.24609375,0.16384484,0.0045088492,0.9180891,0.078432724,-0.005530872,9.36739,173.73438,0.1694047,0.5103402,173.73438,765,FC128,versus,2,4765,0.6484375,2.1796875,0.9375,0.2578125
12.386719,3.109375,0.2421875,0.16307794,0.0045033875,0.91729164,0.07570405,-0.007174225,9.358771,172.39844,0.16722536,0.51100737,172.39844,766,FC128,versus,2,4766,0.6796875,2.0117188,0.96484375,0.25390625
11.734375,3.1132812,0.30078125,0.15132938,0.004497926,0.9091612,0.08412336,-0.0046359133,8.954368,169.65234,0.17887989,0.51167446,169.65234,767,FC128,versus,2,4767,0.61328125,1.984375,0.94921875,0.2890625
12.824219,3.3085938,0.234375,0.15698707,0.0044924645,0.9184842,0.07006886,-0.008413726,9.566871,178.51172,0.15837568,0.51234156,178.51172,768,FC128,versus,2,4768,0.65625,2.1328125,0.92578125,0.27734375
11.910156,2.9492188,0.3203125,0.16553071,0.0044870027,0.9147038,0.07755327,-0.0065299533,8.737899,172.23438,0.16965193,0.5130087,172.23438,769,FC128,versus,2,4769,0.55078125,2.3046875,0.90625,0.3125
12.191406,3.140625,0.2578125,0.15680003,0.004481541,0.91586596,0.0778381,-0.0061947876,9.214575,172.65234,0.16947119,0.5136758,172.65234,770,FC128,versus,2,4770,0.65234375,2.0546875,0.91796875,0.26953125
12.4453125,3.203125,0.23828125,0.15950471,0.0044760793,0.9152932,0.07809365,-0.00464442,9.4463415,172.21094,0.16690405,0.5143429,172.21094,771,FC128,versus,2,4771,0.68359375,2.0859375,0.9453125,0.2421875
12.4609375,3.1523438,0.25390625,0.16215932,0.004470618,0.9171938,0.078908466,-0.0042000148,9.170856,176.21094,0.16766685,0.51501,176.21094,772,FC128,versus,2,4772,0.6484375,2.0898438,0.921875,0.2578125
12.109375,2.9648438,0.2734375,0.16316499,0.0044651562,0.91664183,0.07546602,-0.0054737492,9.0246525,175.04297,0.16333665,0.51567715,175.04297,773,FC128,versus,2,4773,0.58203125,2.203125,0.953125,0.3203125
12.3671875,3.1757812,0.26171875,0.15911941,0.0044596945,0.9126177,0.077886656,-0.007824471,9.276756,172.0664,0.1728415,0.51634425,172.0664,774,FC128,versus,2,4774,0.65234375,2.109375,0.9375,0.27734375
12.050781,3.03125,0.328125,0.15505998,0.0044542328,0.913572,0.07832258,-0.005776743,8.832397,169.83203,0.16958,0.51701134,169.83203,775,FC128,versus,2,4775,0.5859375,2.1914062,0.921875,0.30859375
12.363281,3.1914062,0.2421875,0.16473725,0.004448771,0.91161084,0.07935198,-0.0066102576,9.32176,171.3164,0.17339022,0.51767844,171.3164,776,FC128,versus,2,4776,0.671875,2.0039062,0.96875,0.2578125
12.6953125,3.2382812,0.2421875,0.16201752,0.0044433097,0.91476464,0.08298916,-0.00067784276,9.345327,177.73828,0.16877382,0.5183456,177.73828,777,FC128,versus,2,4777,0.64453125,2.109375,0.93359375,0.28125
11.980469,3.1210938,0.265625,0.15958555,0.004437848,0.9159401,0.08276643,-0.00096462935,9.08405,174.25,0.16887854,0.5190127,174.25,778,FC128,versus,2,4778,0.625,2.203125,0.92578125,0.25390625
12.105469,3.1640625,0.28515625,0.1535776,0.0044323863,0.9131233,0.08253486,-0.005432256,9.064465,174.2461,0.17729566,0.5196798,174.2461,779,FC128,versus,2,4779,0.671875,2.046875,0.91015625,0.26953125
12.347656,3.1835938,0.27734375,0.15860446,0.0044269245,0.9167427,0.07649224,-0.0070177657,9.122174,174.13281,0.16842428,0.52034694,174.13281,780,FC128,versus,2,4780,0.66796875,2.0625,0.94140625,0.25390625
12.410156,3.2382812,0.26171875,0.16594185,0.004421463,0.91985095,0.079471014,-0.004244571,9.3837805,175.38281,0.16889858,0.52101403,175.38281,781,FC128,versus,2,4781,0.62890625,2.125,0.93359375,0.27734375
12.375,3.140625,0.27734375,0.15546677,0.0044160015,0.91537565,0.0822722,-0.0061314837,9.120244,171.83203,0.17818046,0.52168113,171.83203,782,FC128,versus,2,4782,0.609375,2.0429688,0.93359375,0.28515625
11.847656,3.1914062,0.30078125,0.14521167,0.0044105398,0.91666543,0.08237739,-0.0050338088,9.18166,169.39062,0.17610331,0.5223482,169.39062,783,FC128,versus,2,4783,0.61328125,2.0351562,0.9453125,0.27734375
13.1640625,3.25,0.25390625,0.14474185,0.004405078,0.92042226,0.080669574,-0.0017999656,9.383378,179.94922,0.16621427,0.5230154,179.94922,784,FC128,versus,2,4784,0.6875,2.0859375,0.9140625,0.26171875
12.777344,3.1328125,0.25390625,0.14514005,0.0043996163,0.9168193,0.08422005,-0.0036592553,9.32545,170.6836,0.17703573,0.5236825,170.6836,785,FC128,versus,2,4785,0.66796875,2.171875,0.9296875,0.25390625
13.144531,3.2421875,0.23828125,0.14935978,0.0043941545,0.9205853,0.07549478,-0.0072863437,9.4288225,172.54688,0.16687486,0.5243496,172.54688,786,FC128,versus,2,4786,0.67578125,1.9140625,0.9375,0.25390625
13.3828125,3.1835938,0.2578125,0.14972213,0.0043886933,0.92044127,0.07321121,-0.007898654,9.420252,174.71094,0.16353388,0.52501667,174.71094,787,FC128,versus,2,4787,0.62890625,2.234375,0.921875,0.26953125
13.609375,3.046875,0.27734375,0.13966848,0.0043832315,0.916804,0.07688,-0.0069002914,8.96627,171.95312,0.16878498,0.5256838,171.95312,788,FC128,versus,2,4788,0.625,2.171875,0.9296875,0.30078125
13.199219,3.1054688,0.28515625,0.1375923,0.00437777,0.91247815,0.08013736,-0.0067682858,8.955784,171.29688,0.17501599,0.5263509,171.29688,789,FC128,versus,2,4789,0.6484375,2.1445312,0.9296875,0.2890625
13.46875,2.9648438,0.296875,0.13868615,0.004372308,0.91353536,0.0800419,-0.006812183,8.723409,174.5664,0.17492093,0.527018,174.5664,790,FC128,versus,2,4790,0.640625,2.2421875,0.91796875,0.296875
13.753906,3.2226562,0.25,0.13963768,0.0043668463,0.9181421,0.07634043,-0.00579858,9.354025,173.60547,0.16549757,0.52768517,173.60547,791,FC128,versus,2,4791,0.6484375,1.9921875,0.9453125,0.26171875
13.0546875,3.0273438,0.2734375,0.13990584,0.004361385,0.91660935,0.078075126,-0.0073934277,9.0493555,172.96484,0.17215747,0.52835226,172.96484,792,FC128,versus,2,4792,0.6484375,2.0625,0.9453125,0.28125
13.28125,3.1445312,0.3046875,0.13919422,0.0043559233,0.9182686,0.079963446,-0.00400689,9.1547785,171.4961,0.16915332,0.52901936,171.4961,793,FC128,versus,2,4793,0.63671875,2.125,0.9140625,0.26171875
12.3671875,3.1914062,0.32421875,0.12923932,0.0043504615,0.9095298,0.08543343,-0.0023093517,8.983398,169.65625,0.17661007,0.52968645,169.65625,794,FC128,versus,2,4794,0.6015625,2.0546875,0.91796875,0.33203125
13.128906,3.1875,0.2890625,0.14723855,0.004345,0.91538334,0.074398115,-0.00889327,9.055378,173.28125,0.16786227,0.5303536,173.28125,795,FC128,versus,2,4795,0.66015625,1.9882812,0.93359375,0.2890625
12.75,3.3085938,0.26171875,0.1531225,0.004339538,0.9194116,0.07628223,-0.004578129,9.3482,176.52344,0.16304968,0.5310207,176.52344,796,FC128,versus,2,4796,0.6484375,2.0039062,0.921875,0.265625
12.292969,3.0585938,0.25390625,0.15650997,0.004334077,0.91611,0.079902045,-0.0037939372,9.102219,173.4336,0.16874862,0.5316878,173.4336,797,FC128,versus,2,4797,0.640625,2.2382812,0.94140625,0.26171875
12.933594,3.375,0.1953125,0.1602434,0.004328615,0.9193868,0.07382895,-0.003716458,9.629084,183.125,0.15647809,0.5323549,183.125,798,FC128,versus,2,4798,0.6796875,2.0898438,0.9375,0.21484375
11.7421875,3.296875,0.27734375,0.15313971,0.0043231533,0.9185165,0.080990165,-0.0016718232,9.361134,177.09375,0.16664806,0.53302205,177.09375,799,FC128,versus,2,4799,0.6640625,2.0625,0.89453125,0.26171875
11.707031,3.2890625,0.25390625,0.16458425,0.0043176915,0.9171546,0.079049,-0.0053397915,9.435138,173.94531,0.17019883,0.53368914,173.94531,800,FC128,versus,2,4800,0.65625,2.1015625,0.92578125,0.26953125
11.105469,3.1757812,0.3125,0.15730907,0.00431223,0.9145715,0.082994975,-0.005197316,9.036795,170.32812,0.17774129,0.53435624,170.32812,801,FC128,versus,2,4801,0.609375,2.046875,0.9296875,0.296875
10.96875,3.1367188,0.28515625,0.16232458,0.0043067685,0.9151005,0.08781993,0.002453678,8.977735,173.90625,0.17213069,0.5350234,173.90625,802,FC128,versus,2,4802,0.625,2.15625,0.890625,0.28515625
11.097656,3.1367188,0.2734375,0.16022868,0.004301307,0.9168367,0.08024076,-0.005939889,9.079667,175.50781,0.17373969,0.5356905,175.50781,803,FC128,versus,2,4803,0.625,2.0195312,0.91015625,0.27734375
10.785156,3.2226562,0.2890625,0.156063,0.004295845,0.9139756,0.087246604,-0.0037773454,9.234613,172.07422,0.18338875,0.5363576,172.07422,804,FC128,versus,2,4804,0.64453125,2.0625,0.921875,0.2734375
10.734375,3.25,0.29296875,0.16000247,0.0042903833,0.91682744,0.08403279,-0.0039773984,9.185008,170.94531,0.17739332,0.5370247,170.94531,805,FC128,versus,2,4805,0.65234375,1.875,0.91796875,0.28515625
10.828125,3.234375,0.28125,0.17322956,0.0042849216,0.91512305,0.07855892,-0.008485429,9.040868,170.13281,0.17557324,0.53769183,170.13281,806,FC128,versus,2,4806,0.63671875,1.9570312,0.92578125,0.2890625
10.3984375,3.0664062,0.328125,0.1685133,0.0042794603,0.91145813,0.085358225,-0.0033951919,8.73896,168.04688,0.17894913,0.5383589,168.04688,807,FC128,versus,2,4807,0.5859375,2.0585938,0.92578125,0.31640625
11.285156,3.0195312,0.26953125,0.16968414,0.0042739986,0.91734,0.07918904,-0.0036929036,9.088722,170.64062,0.16721435,0.539026,170.64062,808,FC128,versus,2,4808,0.60546875,2.1679688,0.9375,0.2890625
11.113281,3.1210938,0.27734375,0.16952112,0.004268537,0.91739476,0.07760647,-0.00604833,9.11214,172.82031,0.16875681,0.5396931,172.82031,809,FC128,versus,2,4809,0.6015625,2.1757812,0.9375,0.2890625
11.613281,3.1445312,0.23046875,0.17023109,0.004263075,0.914727,0.08099713,-0.0034899348,9.26466,173.0,0.17042555,0.5403603,173.0,810,FC128,versus,2,4810,0.62890625,2.0351562,0.953125,0.26953125
13.171875,3.3710938,0.20703125,0.17015678,0.0042576133,0.9212243,0.07792087,-7.317728e-05,9.826769,178.83594,0.15743703,0.54102737,178.83594,811,FC128,versus,2,4811,0.6796875,2.0078125,0.9375,0.2421875
12.7265625,3.2421875,0.22265625,0.17028253,0.004252152,0.9159665,0.08189151,-0.0034905756,9.508445,173.23828,0.1722123,0.54169446,173.23828,812,FC128,versus,2,4812,0.70703125,1.921875,0.96484375,0.19140625
12.4609375,3.0234375,0.3046875,0.15259522,0.0042466903,0.9128344,0.08335045,-0.0023381598,8.94931,173.5625,0.17267327,0.5423616,173.5625,813,FC128,versus,2,4813,0.62890625,2.1835938,0.92578125,0.296875
12.082031,2.9804688,0.33984375,0.14528212,0.0042412286,0.9085153,0.08148515,-0.008781363,8.605579,169.41016,0.18176539,0.5430287,169.41016,814,FC128,versus,2,4814,0.59765625,2.0078125,0.91796875,0.30859375
13.515625,3.0820312,0.23046875,0.15811837,0.004235767,0.9156728,0.07173477,-0.008332057,9.133788,179.67578,0.16147317,0.5436958,179.67578,815,FC128,versus,2,4815,0.67578125,2.15625,0.94140625,0.2578125
13.2109375,3.0820312,0.28125,0.15943186,0.004230305,0.91561556,0.07369264,-0.007933119,8.883848,175.85156,0.16460042,0.5443629,175.85156,816,FC128,versus,2,4816,0.609375,2.0820312,0.9453125,0.265625
13.300781,3.0976562,0.28515625,0.15053745,0.004224844,0.91519153,0.07547177,-0.0080227265,8.8838625,177.73828,0.16826098,0.54503006,177.73828,817,FC128,versus,2,4817,0.640625,2.109375,0.90625,0.296875
13.421875,3.0039062,0.2734375,0.13927028,0.004219382,0.91663104,0.07928978,-0.0036021154,9.007048,172.11328,0.16695906,0.54569715,172.11328,818,FC128,versus,2,4818,0.62109375,2.1679688,0.93359375,0.28515625
13.363281,3.0234375,0.28125,0.14287245,0.0042139203,0.9122297,0.083026655,-0.002048697,8.811261,174.60156,0.1713548,0.54636425,174.60156,819,FC128,versus,2,4819,0.59765625,2.1992188,0.92578125,0.3046875
13.714844,2.9335938,0.2578125,0.1426421,0.0042084586,0.91551656,0.07516226,-0.0055622696,8.821554,176.6289,0.16264966,0.54703134,176.6289,820,FC128,versus,2,4820,0.5859375,2.3125,0.91015625,0.31640625
13.582031,3.0,0.296875,0.13423976,0.004202997,0.91291505,0.07354195,-0.00869211,8.489794,175.625,0.16559653,0.5476985,175.625,821,FC128,versus,2,4821,0.62109375,2.0664062,0.91015625,0.3046875
13.425781,3.015625,0.30859375,0.13701104,0.0041975356,0.9124707,0.07520274,-0.010955708,8.719545,173.23828,0.17346711,0.5483656,173.23828,822,FC128,versus,2,4822,0.62109375,2.1484375,0.9140625,0.3046875
14.8203125,3.140625,0.21484375,0.1530248,0.004192074,0.9229987,0.0691783,-0.0056379153,9.427363,180.69922,0.1509154,0.5490327,180.69922,823,FC128,versus,2,4823,0.6328125,2.1601562,0.93359375,0.26171875
13.917969,3.1484375,0.26953125,0.13679159,0.004186612,0.91396683,0.08206541,-0.00094807823,9.285137,177.15234,0.16717237,0.54969984,177.15234,824,FC128,versus,2,4824,0.66015625,2.15625,0.9375,0.265625
13.449219,3.140625,0.26953125,0.1408777,0.0041811503,0.91637576,0.08047689,-0.002288513,9.015608,175.44531,0.16670886,0.55036694,175.44531,825,FC128,versus,2,4825,0.65625,2.0898438,0.9296875,0.29296875
13.050781,3.0546875,0.296875,0.14358056,0.0041756886,0.91223055,0.07872937,-0.0071135373,8.832348,173.46094,0.17288491,0.55103403,173.46094,826,FC128,versus,2,4826,0.6171875,2.125,0.9453125,0.28515625
12.2578125,2.8945312,0.328125,0.12957811,0.0041702273,0.90701675,0.08664769,-0.004405078,8.596565,169.72656,0.18318628,0.5517011,169.72656,827,FC128,versus,2,4827,0.59375,2.2148438,0.9140625,0.33984375
12.671875,2.953125,0.3046875,0.13923685,0.0041647656,0.9123233,0.07960273,-0.008564808,8.704196,174.78516,0.17749485,0.5523683,174.78516,828,FC128,versus,2,4828,0.6328125,2.1796875,0.890625,0.33203125
13.46875,3.421875,0.23828125,0.14466149,0.004159304,0.91843796,0.08066253,-0.004772763,9.677401,174.82812,0.17207398,0.5530354,174.82812,829,FC128,versus,2,4829,0.69140625,1.8789062,0.94140625,0.21484375
12.933594,3.2421875,0.2734375,0.14070114,0.004153842,0.9188788,0.08198689,-0.0035388335,9.23894,170.61328,0.17222035,0.5537025,170.61328,830,FC128,versus,2,4830,0.69921875,2.0,0.93359375,0.2265625
12.34375,3.1875,0.30078125,0.13699225,0.0041483804,0.9095676,0.09593936,0.00233559,8.967003,169.48438,0.18834412,0.55436957,169.48438,831,FC128,versus,2,4831,0.6484375,2.0273438,0.92578125,0.26953125
12.652344,3.109375,0.26953125,0.13807052,0.004142919,0.9186792,0.086482264,0.00011696102,9.257626,172.21094,0.17387465,0.5550367,172.21094,832,FC128,versus,2,4832,0.6328125,2.140625,0.92578125,0.26953125
12.90625,3.1367188,0.28125,0.13460205,0.0041374573,0.92000556,0.08136439,-0.0038609032,9.295326,175.07812,0.17156442,0.5557038,175.07812,833,FC128,versus,2,4833,0.63671875,2.1640625,0.91796875,0.2734375
12.660156,3.203125,0.2265625,0.14928035,0.0041319956,0.91590387,0.08515529,-0.004439154,9.508495,172.20312,0.18042254,0.5563709,172.20312,834,FC128,versus,2,4834,0.66015625,1.9804688,0.96875,0.25
12.03125,3.1484375,0.2734375,0.14254047,0.004126534,0.9183195,0.0758983,-0.0089771,9.163799,171.2539,0.1709272,0.55703807,171.2539,835,FC128,versus,2,4835,0.61328125,2.0742188,0.92578125,0.2890625
12.8125,3.3007812,0.2265625,0.14746973,0.004121072,0.9205632,0.08094299,-0.0035796242,9.65123,177.94922,0.1702607,0.55770516,177.94922,836,FC128,versus,2,4836,0.6640625,2.0195312,0.94921875,0.21484375
12.058594,3.2265625,0.28125,0.14455599,0.004115611,0.9196186,0.082548164,-0.00287937,9.066201,171.20703,0.17204495,0.55837226,171.20703,837,FC128,versus,2,4837,0.65234375,2.0039062,0.92578125,0.265625
12.0546875,3.2617188,0.26171875,0.14412315,0.004110149,0.9179819,0.08896221,-1.5694382e-06,9.421188,172.875,0.1791123,0.55903935,172.875,838,FC128,versus,2,4838,0.625,2.0585938,0.9296875,0.2734375
12.1484375,3.3476562,0.2421875,0.15474105,0.0041046874,0.9216681,0.08638542,-0.000315408,9.612663,171.66406,0.17467198,0.5597065,171.66406,839,FC128,versus,2,4839,0.66015625,1.9726562,0.953125,0.265625
12.2578125,3.359375,0.22265625,0.15536726,0.0040992256,0.92353874,0.07940155,-0.004669538,9.752097,172.29297,0.16941595,0.5603736,172.29297,840,FC128,versus,2,4840,0.6484375,1.9375,0.96484375,0.23828125
11.859375,3.2539062,0.234375,0.15537359,0.004093764,0.92107767,0.077937976,-0.0060118935,9.466267,174.90234,0.16917187,0.5610407,174.90234,841,FC128,versus,2,4841,0.64453125,2.0742188,0.94140625,0.2578125
11.582031,3.2421875,0.28125,0.1474385,0.0040883026,0.91887975,0.08543374,-0.0047246795,9.344372,171.98828,0.18152238,0.5617078,171.98828,842,FC128,versus,2,4842,0.6015625,2.1054688,0.921875,0.28515625
11.0234375,3.1367188,0.2734375,0.15049247,0.004082841,0.91407233,0.088322565,-0.0043062554,9.023062,169.03906,0.18648651,0.56237495,169.03906,843,FC128,versus,2,4843,0.61328125,2.046875,0.93359375,0.28125
11.0390625,3.2421875,0.28125,0.14973296,0.004077379,0.9181243,0.08671165,-0.0021195153,9.386699,170.86719,0.17888337,0.56304204,170.86719,844,FC128,versus,2,4844,0.61328125,2.0898438,0.92578125,0.3046875
11.5859375,3.3320312,0.234375,0.15263958,0.0040719174,0.9240422,0.08115383,-0.0022090063,9.593467,177.41797,0.16796875,0.56370914,177.41797,845,FC128,versus,2,4845,0.6640625,2.0429688,0.93359375,0.26953125
10.7578125,3.1054688,0.2734375,0.15249376,0.0040664556,0.9186921,0.08201512,-0.004143149,9.122192,174.51953,0.17355676,0.5643763,174.51953,846,FC128,versus,2,4846,0.63671875,2.1992188,0.91015625,0.28515625
10.7265625,3.109375,0.29296875,0.15488923,0.0040609944,0.9198284,0.078363925,-0.0080290185,9.039335,171.00781,0.17404391,0.5650434,171.00781,847,FC128,versus,2,4847,0.58203125,2.0429688,0.9375,0.3046875
10.832031,3.1445312,0.2890625,0.15030465,0.0040555326,0.9194606,0.08030079,-0.0048874626,9.162664,170.9375,0.17159563,0.5657105,170.9375,848,FC128,versus,2,4848,0.6171875,2.125,0.890625,0.296875
10.7578125,3.1953125,0.296875,0.15051629,0.004050071,0.9162556,0.078629196,-0.0070051416,9.165244,173.30469,0.17248787,0.5663776,173.30469,849,FC128,versus,2,4849,0.59765625,2.1835938,0.91796875,0.29296875
11.035156,3.2929688,0.2265625,0.15467644,0.004044609,0.91979,0.07833946,-0.00299698,9.565092,175.8711,0.16392408,0.56704473,175.8711,850,FC128,versus,2,4850,0.640625,2.0859375,0.94140625,0.2734375
11.082031,3.2890625,0.22265625,0.15391067,0.0040391474,0.9169036,0.08214315,-0.0021984335,9.603046,170.1289,0.16992651,0.56771183,170.1289,851,FC128,versus,2,4851,0.6796875,2.0664062,0.92578125,0.22265625
10.980469,3.2421875,0.2421875,0.16170286,0.004033686,0.91909236,0.07975132,-0.0048280396,9.477907,172.32422,0.17046325,0.5683789,172.32422,852,FC128,versus,2,4852,0.65625,1.9414062,0.95703125,0.2421875
10.582031,3.1484375,0.28125,0.14321485,0.0040282244,0.9146728,0.08488002,-0.0014847419,9.174513,173.28906,0.17388332,0.569046,173.28906,853,FC128,versus,2,4853,0.61328125,2.2148438,0.91796875,0.32421875
10.75,3.140625,0.29296875,0.14686671,0.0040227626,0.92009026,0.076494075,-0.0044550137,9.141994,176.09766,0.1630798,0.5697132,176.09766,854,FC128,versus,2,4854,0.6171875,2.1914062,0.9375,0.33984375
10.703125,3.3554688,0.26171875,0.1503243,0.004017301,0.9218849,0.078644924,-0.0014459899,9.559788,175.04688,0.16138962,0.5703803,175.04688,855,FC128,versus,2,4855,0.61328125,2.1289062,0.91796875,0.26953125
11.316406,3.3125,0.26171875,0.15890263,0.004011839,0.92231405,0.07360123,-0.00571684,9.41988,179.40625,0.15991113,0.57104737,179.40625,856,FC128,versus,2,4856,0.65234375,2.0898438,0.92578125,0.28515625
10.839844,3.0898438,0.2734375,0.14871755,0.004006378,0.9180243,0.08426851,-0.0029918298,9.207508,169.13672,0.17571232,0.57171446,169.13672,857,FC128,versus,2,4857,0.62109375,2.1015625,0.93359375,0.265625
11.734375,3.1757812,0.20703125,0.15958922,0.004000916,0.924524,0.08000104,0.0006911675,9.485245,176.20312,0.15989675,0.5723816,176.20312,858,FC128,versus,2,4858,0.6640625,2.1289062,0.94921875,0.2265625
11.925781,3.390625,0.2265625,0.15571454,0.0039954544,0.92012167,0.083246835,-0.0003206684,9.59007,176.28516,0.1683793,0.5730487,176.28516,859,FC128,versus,2,4859,0.60546875,1.9804688,0.9375,0.26953125
10.644531,2.9882812,0.35546875,0.14632317,0.0039899927,0.90723616,0.09493158,-0.0007984383,8.495557,164.61719,0.1926277,0.5737158,164.61719,860,FC128,versus,2,4860,0.5703125,2.0898438,0.9296875,0.3359375
11.671875,3.09375,0.26171875,0.1532518,0.003984531,0.91878825,0.08157527,-0.004438612,9.225607,171.17578,0.17324902,0.57438296,171.17578,861,FC128,versus,2,4861,0.61328125,2.1523438,0.9453125,0.2890625
11.621094,3.1367188,0.2890625,0.15873432,0.0039790696,0.9212359,0.07811181,-0.004866514,9.072683,174.96094,0.16721988,0.57505006,174.96094,862,FC128,versus,2,4862,0.62109375,2.15625,0.91015625,0.29296875
11.875,3.1054688,0.2734375,0.15088157,0.003973608,0.91282266,0.07996658,-0.00890008,8.974335,172.78516,0.1789324,0.57571715,172.78516,863,FC128,versus,2,4863,0.62109375,2.1015625,0.953125,0.30078125
12.207031,3.0703125,0.26953125,0.16175124,0.003968146,0.91640586,0.083506204,-0.0044444352,8.95959,173.22266,0.17718498,0.57638425,173.22266,864,FC128,versus,2,4864,0.640625,2.1367188,0.94921875,0.27734375
12.3046875,3.0820312,0.2890625,0.15186663,0.0039626844,0.9168407,0.079268284,-0.0054772217,8.977583,170.84375,0.1706946,0.5770514,170.84375,865,FC128,versus,2,4865,0.6015625,2.1054688,0.94140625,0.28515625
12.625,3.0117188,0.28515625,0.15106848,0.0039572227,0.9156947,0.07368659,-0.010063132,8.867664,174.30469,0.16869508,0.5777185,174.30469,866,FC128,versus,2,4866,0.609375,2.140625,0.93359375,0.29296875
12.824219,3.1289062,0.28515625,0.14984769,0.0039517614,0.9149104,0.07457755,-0.00940389,9.026987,174.96875,0.16914721,0.5783856,174.96875,867,FC128,versus,2,4867,0.6484375,2.1210938,0.92578125,0.25390625
13.1328125,3.015625,0.2578125,0.14987244,0.0039462997,0.9175703,0.06949245,-0.011796326,9.078154,173.90625,0.16376044,0.5790527,173.90625,868,FC128,versus,2,4868,0.60546875,2.1445312,0.9453125,0.3046875
13.3671875,3.1445312,0.2421875,0.15211391,0.003940838,0.91595083,0.07068476,-0.009539848,9.2302685,177.9336,0.16164814,0.57971984,177.9336,869,FC128,versus,2,4869,0.6640625,2.0976562,0.92578125,0.2421875
13.390625,3.125,0.2578125,0.15021835,0.003935376,0.9173049,0.0765742,-0.006745699,9.223488,175.8086,0.16782212,0.58038694,175.8086,870,FC128,versus,2,4870,0.65625,2.0742188,0.93359375,0.26953125
13.0703125,3.078125,0.28515625,0.14754027,0.0039299144,0.9170948,0.07666148,-0.005937099,8.975414,177.58984,0.1663568,0.58105403,177.58984,871,FC128,versus,2,4871,0.6015625,2.1953125,0.9296875,0.3203125
13.046875,3.0898438,0.2734375,0.15974352,0.003924453,0.9151353,0.075274386,-0.008954522,8.9741125,174.42578,0.16971163,0.5817212,174.42578,872,FC128,versus,2,4872,0.625,2.1054688,0.9296875,0.2734375
12.875,3.125,0.31640625,0.1470519,0.0039189914,0.91531533,0.073946126,-0.009997617,9.120399,175.80078,0.16904008,0.5823883,175.80078,873,FC128,versus,2,4873,0.62109375,2.1875,0.92578125,0.30859375
12.375,3.1640625,0.28515625,0.14541869,0.0039135297,0.91302186,0.08206499,-0.005324605,8.990069,171.76562,0.17591739,0.5830554,171.76562,874,FC128,versus,2,4874,0.640625,2.0117188,0.9375,0.29296875
13.121094,3.1953125,0.25390625,0.14910442,0.003908068,0.9189497,0.07397496,-0.0052151033,9.23168,176.82812,0.15954554,0.5837225,176.82812,875,FC128,versus,2,4875,0.6484375,2.1289062,0.92578125,0.28125
12.707031,3.0429688,0.2890625,0.13993056,0.0039026062,0.91799456,0.08234334,-0.0025164608,9.030685,174.86328,0.17081179,0.5843896,174.86328,876,FC128,versus,2,4876,0.609375,2.1367188,0.92578125,0.3125
12.386719,3.0507812,0.30859375,0.14359592,0.003897145,0.91674644,0.08432126,-0.001969253,9.118071,172.07812,0.17370026,0.5850567,172.07812,877,FC128,versus,2,4877,0.58984375,2.1171875,0.953125,0.3125
12.3984375,3.1015625,0.3203125,0.13513854,0.0038916832,0.91347647,0.082055636,-0.0026137938,8.842683,172.52344,0.17039068,0.5857238,172.52344,878,FC128,versus,2,4878,0.63671875,2.1914062,0.89453125,0.28125
13.28125,3.2890625,0.23828125,0.15170728,0.0038862214,0.9216046,0.07689153,-0.0037125517,9.504551,174.9414,0.16238728,0.5863909,174.9414,879,FC128,versus,2,4879,0.67578125,2.0351562,0.953125,0.23828125
12.8515625,3.0507812,0.25390625,0.1439675,0.0038807597,0.9187883,0.07650353,-0.0052132797,8.968044,174.51172,0.16455103,0.58705807,174.51172,880,FC128,versus,2,4880,0.65625,2.1601562,0.94140625,0.27734375
13.316406,3.28125,0.234375,0.14846459,0.003875298,0.9223684,0.075502455,-0.004694211,9.445454,175.53125,0.16154401,0.58772516,175.53125,881,FC128,versus,2,4881,0.6640625,2.1171875,0.94921875,0.25
13.0625,3.1289062,0.2578125,0.13863702,0.0038698367,0.91913813,0.079293415,-0.004391264,9.240276,174.59375,0.16844235,0.58839226,174.59375,882,FC128,versus,2,4882,0.625,2.1601562,0.953125,0.27734375
13.183594,3.1875,0.25390625,0.14185102,0.003864375,0.92032546,0.08224676,-0.0029372568,9.14888,177.1914,0.17146437,0.5890594,177.1914,883,FC128,versus,2,4883,0.6796875,2.078125,0.90625,0.265625
12.925781,3.1640625,0.265625,0.1386078,0.0038589132,0.9234429,0.078935556,-0.00406881,9.082298,176.91016,0.16707848,0.5897265,176.91016,884,FC128,versus,2,4884,0.6328125,2.0273438,0.94921875,0.26953125
12.90625,3.0976562,0.26171875,0.14797455,0.0038534515,0.923113,0.076046355,-0.006357752,8.997988,175.5625,0.16594864,0.5903936,175.5625,885,FC128,versus,2,4885,0.63671875,2.1757812,0.921875,0.30078125
12.390625,3.1640625,0.28515625,0.13884716,0.0038479897,0.92064244,0.07958549,-0.006833091,9.291376,172.46484,0.17390573,0.5910607,172.46484,886,FC128,versus,2,4886,0.59375,2.1015625,0.92578125,0.2890625
13.207031,3.0664062,0.22265625,0.15347165,0.0038425284,0.925483,0.07533428,-0.00491511,9.144977,179.52734,0.16167822,0.59172785,179.52734,887,FC128,versus,2,4887,0.64453125,2.1367188,0.921875,0.26953125
12.28125,3.0195312,0.28125,0.14379135,0.0038370667,0.9204909,0.08122086,-0.0026126564,8.878774,176.92969,0.1687705,0.59239495,176.92969,888,FC128,versus,2,4888,0.64453125,2.1992188,0.91796875,0.2890625
12.589844,3.1601562,0.25,0.14208624,0.003831605,0.9214531,0.07776964,-0.0066784495,9.321699,176.96875,0.16998501,0.59306204,176.96875,889,FC128,versus,2,4889,0.63671875,2.1132812,0.9140625,0.25
12.527344,3.1640625,0.25,0.15157177,0.0038261432,0.9210961,0.07946447,-0.00378582,9.302109,172.34375,0.16766046,0.59372914,172.34375,890,FC128,versus,2,4890,0.68359375,2.0195312,0.94921875,0.20703125
12.042969,3.203125,0.26171875,0.14771567,0.0038206815,0.9194127,0.0791545,-0.005133441,9.237801,173.51172,0.16970463,0.5943963,173.51172,891,FC128,versus,2,4891,0.6484375,2.046875,0.94140625,0.28515625
11.949219,2.9921875,0.28515625,0.15256211,0.0038152202,0.91988844,0.07826949,-0.005982758,8.913303,170.75781,0.16966861,0.5950634,170.75781,892,FC128,versus,2,4892,0.55078125,2.25,0.93359375,0.3046875
11.765625,3.1289062,0.3046875,0.14839372,0.0038097585,0.91717345,0.080914035,-0.0056631938,9.103125,171.1875,0.17428514,0.5957305,171.1875,893,FC128,versus,2,4893,0.625,2.0859375,0.92578125,0.27734375
11.691406,3.2460938,0.265625,0.14763378,0.0038042967,0.92216146,0.07621785,-0.007118253,9.45579,173.67188,0.1677955,0.59639764,173.67188,894,FC128,versus,2,4894,0.625,2.1054688,0.92578125,0.265625
11.433594,3.1757812,0.27734375,0.15106393,0.003798835,0.9210463,0.077487744,-0.006150684,9.112962,170.40234,0.16842459,0.59706473,170.40234,895,FC128,versus,2,4895,0.66015625,1.9921875,0.921875,0.296875
11.125,3.1914062,0.29296875,0.14653285,0.0037933732,0.9178723,0.08119942,-0.006340357,9.116,171.9414,0.17619126,0.5977318,171.9414,896,FC128,versus,2,4896,0.60546875,2.0898438,0.8984375,0.30078125
11.503906,3.1992188,0.21484375,0.1545575,0.003787912,0.9220965,0.083011486,-0.0010717794,9.62829,173.82031,0.16933744,0.5983989,173.82031,897,FC128,versus,2,4897,0.63671875,2.0429688,0.95703125,0.25390625
10.9375,3.203125,0.2734375,0.15507598,0.0037824502,0.91958666,0.08473508,3.210716e-05,9.145369,169.02734,0.17057909,0.5990661,169.02734,898,FC128,versus,2,4898,0.65234375,2.015625,0.94921875,0.28125
10.7890625,3.2109375,0.31640625,0.13867846,0.0037769885,0.9157424,0.088716544,-0.0026238023,9.133127,168.1836,0.18372826,0.5997332,168.1836,899,FC128,versus,2,4899,0.578125,2.0195312,0.9140625,0.2890625
11.019531,3.28125,0.2734375,0.15341312,0.0037715267,0.91989493,0.08272504,-0.005714991,9.34207,170.65234,0.17803727,0.60040027,170.65234,900,FC128,versus,2,4900,0.62109375,1.96875,0.9375,0.2890625
11.222656,3.2851562,0.25,0.15745601,0.003766065,0.9247799,0.07605746,-0.005357862,9.257812,175.36328,0.16401662,0.60106736,175.36328,901,FC128,versus,2,4901,0.67578125,1.90625,0.94921875,0.234375
10.4921875,2.984375,0.28125,0.15455894,0.0037606037,0.91880697,0.08166289,-0.005379486,8.9107,171.52344,0.17524722,0.6017345,171.52344,902,FC128,versus,2,4902,0.6171875,2.1992188,0.9453125,0.28125
10.8515625,3.2539062,0.26953125,0.15597466,0.003755142,0.9194304,0.077227324,-0.0060425084,9.087343,170.07422,0.16771108,0.6024016,170.07422,903,FC128,versus,2,4903,0.6171875,2.0507812,0.9375,0.2578125
10.949219,3.1914062,0.25,0.15167658,0.0037496802,0.92403585,0.079083286,-0.0033433675,9.4138565,172.40234,0.16599078,0.6030687,172.40234,904,FC128,versus,2,4904,0.60546875,2.1523438,0.94921875,0.30078125
10.699219,3.2070312,0.30078125,0.14460775,0.0037442185,0.91682744,0.08720058,-0.0012814617,9.119062,172.625,0.17804697,0.60373586,172.625,905,FC128,versus,2,4905,0.61328125,2.0859375,0.9375,0.3125
10.753906,3.3125,0.28125,0.15248553,0.0037387568,0.91899407,0.08394601,-0.0020586096,9.404305,169.4336,0.17314945,0.60440296,169.4336,906,FC128,versus,2,4906,0.65234375,1.9765625,0.92578125,0.265625
10.578125,3.3164062,0.25390625,0.14372379,0.0037332955,0.92284495,0.07621054,-0.0063995277,9.526416,171.07422,0.16629326,0.60507005,171.07422,907,FC128,versus,2,4907,0.67578125,1.9726562,0.9296875,0.26953125
11.066406,3.3359375,0.2109375,0.14961697,0.0037278337,0.92090374,0.08104503,-0.0023125533,9.75098,175.63281,0.16783068,0.60573715,175.63281,908,FC128,versus,2,4908,0.6484375,1.984375,0.94140625,0.2578125
10.652344,3.234375,0.26171875,0.1436253,0.003722372,0.918037,0.079086214,-0.003934796,9.286526,173.57422,0.16711126,0.6064043,173.57422,909,FC128,versus,2,4909,0.61328125,2.0664062,0.9375,0.28515625
10.9296875,3.1992188,0.26953125,0.14707053,0.0037169103,0.9224072,0.08002556,-0.002341604,9.333526,174.30078,0.16582763,0.6070714,174.30078,910,FC128,versus,2,4910,0.62109375,2.1171875,0.94921875,0.28515625
11.25,3.40625,0.234375,0.14848311,0.0037114485,0.92204916,0.07891992,-0.0036722089,9.910482,171.05078,0.16628644,0.6077385,171.05078,911,FC128,versus,2,4911,0.67578125,1.9335938,0.9609375,0.2578125
10.839844,3.09375,0.25390625,0.14772338,0.0037059872,0.92117304,0.08241477,-0.0018729554,9.251928,171.15234,0.16967037,0.6084056,171.15234,912,FC128,versus,2,4912,0.62109375,2.1953125,0.94140625,0.25390625
10.769531,3.234375,0.2890625,0.1407372,0.0037005255,0.9169214,0.0756244,-0.014072628,9.119227,171.60547,0.18043566,0.60907274,171.60547,913,FC128,versus,2,4913,0.65234375,1.9960938,0.91796875,0.2578125
11.3671875,3.234375,0.25390625,0.14920916,0.0036950638,0.9202584,0.08081427,-0.0033699742,9.468151,172.91797,0.16947116,0.60973984,172.91797,914,FC128,versus,2,4914,0.6484375,2.0976562,0.95703125,0.28515625
10.769531,3.1835938,0.32421875,0.13712282,0.003689602,0.91926706,0.08279792,-0.0041661006,9.114363,169.17578,0.17493992,0.61040694,169.17578,915,FC128,versus,2,4915,0.578125,2.1640625,0.8984375,0.34375
12.1875,3.2734375,0.203125,0.15830867,0.0036841403,0.9285733,0.074269675,-0.003313266,9.803716,174.64453,0.15633234,0.6110741,174.64453,916,FC128,versus,2,4916,0.6640625,2.09375,0.94921875,0.20703125
12.28125,3.1914062,0.22265625,0.14874376,0.003678679,0.9248977,0.07660326,-0.004643914,9.578144,175.52734,0.16358872,0.6117412,175.52734,917,FC128,versus,2,4917,0.65625,2.1210938,0.94921875,0.25
12.011719,3.1484375,0.265625,0.1409167,0.0036732173,0.92170966,0.07909849,-0.0040179435,9.264072,169.07422,0.1672681,0.6124083,169.07422,918,FC128,versus,2,4918,0.609375,2.0585938,0.93359375,0.26953125
12.5625,3.2382812,0.25390625,0.14434402,0.0036677555,0.9225717,0.07263796,-0.009378674,9.451,175.97266,0.1650921,0.6130754,175.97266,919,FC128,versus,2,4919,0.6640625,2.0625,0.94140625,0.26171875
12.28125,3.1796875,0.26953125,0.13716404,0.0036622938,0.91665304,0.083844356,-0.004374056,9.262347,172.3711,0.1774415,0.61374253,172.3711,920,FC128,versus,2,4920,0.640625,2.0,0.93359375,0.26171875
12.7734375,3.2851562,0.23046875,0.14363421,0.003656832,0.9216646,0.07571946,-0.006510755,9.606901,174.51172,0.16551092,0.6144096,174.51172,921,FC128,versus,2,4921,0.6640625,2.0234375,0.9453125,0.2421875
12.5546875,3.2109375,0.2890625,0.1321406,0.0036513708,0.9181145,0.080464974,-0.006147609,9.275814,170.44922,0.17419015,0.6150767,170.44922,922,FC128,versus,2,4922,0.625,2.015625,0.9453125,0.27734375
12.933594,3.1757812,0.26171875,0.13935712,0.003645909,0.92032546,0.07751302,-0.006189532,9.195295,174.0039,0.16842127,0.6157438,174.0039,923,FC128,versus,2,4923,0.6171875,2.0859375,0.94921875,0.3046875
13.046875,3.1914062,0.26953125,0.14395472,0.0036404473,0.92004746,0.07629624,-0.0056307446,9.143904,175.75781,0.16490209,0.616411,175.75781,924,FC128,versus,2,4924,0.67578125,2.0664062,0.953125,0.26171875
12.5625,3.0195312,0.28125,0.1292881,0.0036349855,0.90990704,0.08534421,-0.005696862,8.89316,170.07812,0.18302207,0.61707807,170.07812,925,FC128,versus,2,4925,0.6328125,2.1367188,0.921875,0.29296875
12.9453125,3.1132812,0.23046875,0.14193346,0.0036295238,0.91823864,0.075279795,-0.0047267824,9.269747,177.71094,0.16104345,0.61774516,177.71094,926,FC128,versus,2,4926,0.63671875,2.265625,0.921875,0.28515625
13.042969,3.2460938,0.234375,0.14674686,0.0036240625,0.91952276,0.07240816,-0.0072249603,9.27289,176.1836,0.1603299,0.6184123,176.1836,927,FC128,versus,2,4927,0.65625,1.9765625,0.93359375,0.23828125
12.269531,2.9453125,0.28515625,0.14092794,0.0036186008,0.91529644,0.08071037,-0.0039403844,8.880886,174.47656,0.17032142,0.6190794,174.47656,928,FC128,versus,2,4928,0.60546875,2.296875,0.91796875,0.296875
12.472656,3.1523438,0.23828125,0.14335933,0.003613139,0.9177021,0.07694923,-0.0039039708,9.384356,177.77734,0.16274236,0.6197465,177.77734,929,FC128,versus,2,4929,0.65625,2.1328125,0.953125,0.26171875
12.582031,3.1210938,0.26953125,0.14295878,0.0036076773,0.91482073,0.08009426,-0.0038222403,9.06552,173.57031,0.1688645,0.6204136,173.57031,930,FC128,versus,2,4930,0.62890625,2.0976562,0.9375,0.30078125
12.675781,3.09375,0.2421875,0.14348984,0.0036022156,0.91844,0.07666352,-0.0027235514,9.222816,176.75781,0.1598079,0.62108076,176.75781,931,FC128,versus,2,4931,0.66796875,2.1328125,0.9375,0.27734375
12.324219,3.2109375,0.29296875,0.1436556,0.0035967543,0.9137206,0.07909087,-0.006992435,9.140678,171.99219,0.1732,0.62174785,171.99219,932,FC128,versus,2,4932,0.6328125,1.9726562,0.93359375,0.28125
11.496094,3.0195312,0.3203125,0.13621058,0.0035912925,0.9123676,0.08271147,-0.006066136,8.861506,166.26562,0.17853357,0.62241495,166.26562,933,FC128,versus,2,4933,0.5859375,2.1875,0.921875,0.34765625
11.855469,3.125,0.265625,0.14304702,0.0035858308,0.91631067,0.07955125,-0.004018505,9.038076,175.1914,0.1681654,0.62308204,175.1914,934,FC128,versus,2,4934,0.6484375,2.1015625,0.9375,0.28125
12.144531,3.1914062,0.234375,0.1443507,0.003580369,0.9193714,0.0772739,-0.0054459544,9.533571,174.52734,0.16647337,0.6237492,174.52734,935,FC128,versus,2,4935,0.66796875,2.1132812,0.94140625,0.25390625
11.921875,3.03125,0.28515625,0.14217724,0.0035749073,0.9124912,0.082761414,-0.0033703921,8.906309,173.90625,0.17328015,0.6244163,173.90625,936,FC128,versus,2,4936,0.61328125,2.2734375,0.9140625,0.3203125
12.53125,3.234375,0.25,0.14630918,0.003569446,0.9168244,0.08294066,-0.002481409,9.325216,174.03906,0.17188862,0.6250834,174.03906,937,FC128,versus,2,4937,0.6640625,1.9921875,0.93359375,0.27734375
12.703125,3.2851562,0.21875,0.13772972,0.0035639843,0.9202109,0.0764464,-0.0040740576,9.542536,175.9375,0.16202265,0.62575054,175.9375,938,FC128,versus,2,4938,0.6796875,2.1054688,0.94140625,0.28125
12.9453125,3.2773438,0.19921875,0.14720286,0.0035585226,0.91773367,0.0825622,-0.0007184035,9.550848,178.26172,0.16760886,0.62641764,178.26172,939,FC128,versus,2,4939,0.671875,1.9765625,0.9375,0.21875
13.1796875,3.2695312,0.234375,0.14659491,0.0035530608,0.92355263,0.07999716,-0.002346906,9.585018,176.36719,0.16572985,0.62708473,176.36719,940,FC128,versus,2,4940,0.67578125,2.0664062,0.92578125,0.24609375
12.722656,3.1054688,0.25,0.13329774,0.003547599,0.9190935,0.08120541,-0.0013251208,9.32596,174.53906,0.16600685,0.6277518,174.53906,941,FC128,versus,2,4941,0.64453125,2.2460938,0.9296875,0.2734375
12.7109375,3.1484375,0.26171875,0.13910507,0.0035421378,0.91809577,0.08336753,-0.003994055,9.209293,175.71094,0.17570862,0.628419,175.71094,942,FC128,versus,2,4942,0.6484375,2.140625,0.921875,0.29296875
13.410156,3.2148438,0.2421875,0.13371001,0.003536676,0.9225694,0.07953069,-0.005335047,9.387423,173.33203,0.17067726,0.6290861,173.33203,943,FC128,versus,2,4943,0.6484375,2.0703125,0.92578125,0.265625
12.703125,3.046875,0.29296875,0.13462982,0.0035312143,0.9155432,0.084646285,-0.004519675,8.755348,173.17578,0.17928272,0.6297532,173.17578,944,FC128,versus,2,4944,0.609375,2.2304688,0.8828125,0.2890625
12.984375,3.1992188,0.26171875,0.12979773,0.0035257526,0.9184106,0.08399607,-0.005747896,9.170363,174.03125,0.18040322,0.63042027,174.03125,945,FC128,versus,2,4945,0.65234375,2.09375,0.94140625,0.2421875
13.2265625,3.2382812,0.2421875,0.1426285,0.0035202908,0.92458844,0.07398849,-0.00619207,9.360009,174.63281,0.16136532,0.6310874,174.63281,946,FC128,versus,2,4946,0.6640625,2.078125,0.93359375,0.265625
13.0859375,3.1679688,0.2421875,0.13321479,0.0035148296,0.92418814,0.07819371,-0.004299886,9.267079,176.10938,0.16592364,0.6317545,176.10938,947,FC128,versus,2,4947,0.65625,2.1367188,0.91796875,0.2578125
13.097656,3.1953125,0.2265625,0.14283109,0.0035093678,0.9230803,0.07576171,-0.0063347123,9.212564,178.85156,0.16519535,0.6324216,178.85156,948,FC128,versus,2,4948,0.65234375,2.078125,0.90625,0.25
12.8046875,3.2929688,0.234375,0.13963124,0.003503906,0.9197991,0.0783675,-0.0058764312,9.421191,176.5586,0.16946638,0.63308877,176.5586,949,FC128,versus,2,4949,0.65234375,2.0351562,0.93359375,0.26953125
12.8359375,3.1640625,0.23828125,0.15013699,0.0034984443,0.9222064,0.07401531,-0.007664567,9.255706,176.79688,0.16441025,0.63375586,176.79688,950,FC128,versus,2,4950,0.66796875,2.1328125,0.953125,0.23828125
11.988281,3.1210938,0.26171875,0.14006288,0.0034929826,0.919312,0.07866013,-0.005206495,9.0532,170.08203,0.16871172,0.63442296,170.08203,951,FC128,versus,2,4951,0.62890625,2.0898438,0.921875,0.28515625
12.0234375,3.0898438,0.265625,0.14410324,0.0034875213,0.9201276,0.07344978,-0.005619205,8.8611355,177.50781,0.1591431,0.63509005,177.50781,952,FC128,versus,2,4952,0.64453125,2.2460938,0.92578125,0.2734375
11.644531,3.21875,0.27734375,0.1396454,0.0034820596,0.91870844,0.08222041,-0.0033572507,9.230476,172.48828,0.17212784,0.6357572,172.48828,953,FC128,versus,2,4953,0.61328125,2.0390625,0.9140625,0.30078125
11.359375,3.1289062,0.3046875,0.14161257,0.0034765978,0.91859055,0.07981014,-0.0029433193,9.110989,170.78516,0.16649158,0.6364243,170.78516,954,FC128,versus,2,4954,0.59765625,2.0703125,0.953125,0.3203125
12.1328125,3.3554688,0.21875,0.1548818,0.003471136,0.92693555,0.073346615,-0.0035048428,9.674099,177.42578,0.15477815,0.6370914,177.42578,955,FC128,versus,2,4955,0.703125,1.9335938,0.9453125,0.20703125
10.578125,2.8632812,0.34765625,0.13601531,0.0034656744,0.91310847,0.08569256,-0.0014492987,8.328987,172.0,0.1752265,0.6377585,172.0,956,FC128,versus,2,4956,0.53515625,2.2890625,0.921875,0.3984375
11.078125,3.2070312,0.2734375,0.15505344,0.003460213,0.9217671,0.0752009,-0.0062598414,9.26228,173.46484,0.16399452,0.63842565,173.46484,957,FC128,versus,2,4957,0.640625,2.0546875,0.92578125,0.2578125
11.484375,3.28125,0.22265625,0.14978562,0.0034547513,0.92101717,0.07477598,-0.006262808,9.596733,175.42578,0.16311252,0.63909274,175.42578,958,FC128,versus,2,4958,0.6953125,2.0585938,0.94921875,0.2109375
11.4140625,3.1679688,0.26171875,0.14774503,0.0034492896,0.91979915,0.07889817,-0.0033170145,9.15481,173.375,0.16544959,0.63975984,173.375,959,FC128,versus,2,4959,0.65625,2.0429688,0.92578125,0.2578125
11.707031,3.3007812,0.21484375,0.14727701,0.0034438279,0.91947585,0.08229644,-0.0018770975,9.687904,176.20703,0.16936147,0.640427,176.20703,960,FC128,versus,2,4960,0.68359375,2.078125,0.95703125,0.24609375
11.214844,3.0976562,0.29296875,0.1376445,0.003438366,0.915359,0.08371853,-0.0031807928,8.862772,171.76562,0.1747452,0.6410941,171.76562,961,FC128,versus,2,4961,0.64453125,2.0976562,0.8984375,0.28125
11.230469,3.1757812,0.30078125,0.13570689,0.0034329048,0.91940135,0.08078396,-0.004366588,9.199196,171.76562,0.17123285,0.6417612,171.76562,962,FC128,versus,2,4962,0.62890625,2.09375,0.9140625,0.2890625
11.421875,3.203125,0.2890625,0.1364167,0.003427443,0.9164121,0.08481519,-0.0025847636,9.165963,173.22266,0.17573503,0.6424283,173.22266,963,FC128,versus,2,4963,0.62109375,2.0976562,0.91015625,0.30078125
11.558594,3.1953125,0.24609375,0.14382783,0.0034219814,0.92011124,0.082093045,-0.0038464558,9.3201,171.45312,0.17286336,0.64309543,171.45312,964,FC128,versus,2,4964,0.65234375,2.0703125,0.921875,0.24609375
12.246094,3.453125,0.22265625,0.14492741,0.0034165196,0.9245045,0.078988634,-0.0021469737,9.5732155,177.70312,0.16326152,0.6437625,177.70312,965,FC128,versus,2,4965,0.6875,1.8125,0.95703125,0.22265625
12.097656,3.2304688,0.2265625,0.14523211,0.0034110579,0.92275727,0.08133362,-0.00012757725,9.376713,171.99219,0.16391319,0.6444296,171.99219,966,FC128,versus,2,4966,0.65625,2.125,0.93359375,0.24609375
12.144531,3.2773438,0.25,0.13505337,0.0034055966,0.9200783,0.082701065,-0.004339226,9.5505295,174.48438,0.17500046,0.6450967,174.48438,967,FC128,versus,2,4967,0.65625,2.0625,0.9453125,0.25390625
12.105469,3.2226562,0.2421875,0.14027825,0.0034001349,0.9235562,0.07917432,-0.0035781418,9.532903,172.3086,0.16645885,0.6457639,172.3086,968,FC128,versus,2,4968,0.640625,2.1484375,0.95703125,0.25
11.847656,3.1289062,0.25390625,0.13087678,0.003394673,0.91768986,0.08418366,-0.0048336377,9.2375,169.17969,0.17892317,0.64643097,169.17969,969,FC128,versus,2,4969,0.6328125,2.1328125,0.9453125,0.25390625
12.109375,3.2421875,0.2421875,0.13888107,0.0033892114,0.9186744,0.080975525,-0.0062488522,9.539936,169.3711,0.17539015,0.64709806,169.3711,970,FC128,versus,2,4970,0.640625,2.0664062,0.9375,0.2578125
12.9453125,3.3789062,0.20703125,0.14503224,0.0033837496,0.92496747,0.073913574,-0.007639693,9.984657,174.63281,0.16408804,0.6477652,174.63281,971,FC128,versus,2,4971,0.72265625,1.9414062,0.9609375,0.21875
12.285156,3.40625,0.21484375,0.14580281,0.0033782884,0.9215862,0.08045146,-0.003371301,9.805926,171.32812,0.16863064,0.6484323,171.32812,972,FC128,versus,2,4972,0.6953125,1.9609375,0.9609375,0.203125
12.722656,3.3945312,0.1796875,0.14914185,0.0033728266,0.9227985,0.08187165,-0.002345483,9.986861,174.83594,0.16944031,0.6490994,174.83594,973,FC128,versus,2,4973,0.68359375,1.9804688,0.953125,0.19921875
12.453125,3.1875,0.23828125,0.14234723,0.0033673649,0.92345107,0.084507875,-0.0013717866,9.504722,172.80469,0.17271799,0.6497665,172.80469,974,FC128,versus,2,4974,0.66015625,1.9804688,0.9453125,0.2578125
12.839844,3.2460938,0.23046875,0.14201608,0.0033619031,0.92145026,0.07883797,-0.00567919,9.468143,176.13672,0.1699892,0.65043366,176.13672,975,FC128,versus,2,4975,0.67578125,2.1796875,0.9375,0.234375
12.082031,3.1484375,0.2890625,0.13534364,0.0033564414,0.9226157,0.07859411,-0.006822321,9.390572,169.19922,0.1717414,0.65110075,169.19922,976,FC128,versus,2,4976,0.625,2.1875,0.92578125,0.3046875
12.140625,3.3125,0.2578125,0.13399848,0.00335098,0.92049533,0.08153648,-0.004628365,9.56164,171.2539,0.17322774,0.65176785,171.2539,977,FC128,versus,2,4977,0.640625,2.1171875,0.9296875,0.2734375
12.3125,3.1992188,0.23828125,0.14304247,0.0033455184,0.92301965,0.075730205,-0.007383574,9.488304,170.03125,0.16718467,0.65243495,170.03125,978,FC128,versus,2,4978,0.6640625,2.1015625,0.953125,0.2421875
12.5546875,3.2851562,0.24609375,0.13613214,0.0033400566,0.9250749,0.08032179,-0.0023313265,9.670357,172.88281,0.1662156,0.6531021,172.88281,979,FC128,versus,2,4979,0.6796875,2.0742188,0.9375,0.23828125
11.683594,3.0507812,0.296875,0.13818206,0.003334595,0.9165173,0.08916203,-0.0013006204,8.98832,173.09766,0.18184686,0.6537692,173.09766,980,FC128,versus,2,4980,0.6328125,2.1953125,0.90234375,0.27734375
12.167969,3.28125,0.265625,0.14437053,0.0033291331,0.9231478,0.07683233,-0.0042200214,9.279554,174.7539,0.16306597,0.6544363,174.7539,981,FC128,versus,2,4981,0.61328125,2.0703125,0.9375,0.2734375
12.25,3.2265625,0.2421875,0.13957873,0.0033236719,0.9221935,0.073509775,-0.005730468,9.4585905,176.32812,0.1594083,0.65510345,176.32812,982,FC128,versus,2,4982,0.64453125,2.1484375,0.9375,0.2734375
12.339844,3.03125,0.27734375,0.14189288,0.0033182101,0.92149574,0.07845649,-0.004403328,9.157219,172.85938,0.1666613,0.65577054,172.85938,983,FC128,versus,2,4983,0.57421875,2.3164062,0.93359375,0.296875
11.78125,3.0703125,0.28515625,0.14333758,0.0033127484,0.91590136,0.0804575,-0.0048068142,9.08247,170.13281,0.17147832,0.65643764,170.13281,984,FC128,versus,2,4984,0.6171875,2.0898438,0.9453125,0.30078125
11.609375,3.1289062,0.2890625,0.13555077,0.0033072866,0.9173347,0.08031724,-0.0038782447,9.079256,172.44922,0.16928758,0.65710473,172.44922,985,FC128,versus,2,4985,0.62890625,2.1640625,0.91015625,0.2734375
12.082031,3.3476562,0.234375,0.15217292,0.003301825,0.9265352,0.07281434,-0.005038287,9.592934,176.83594,0.15671013,0.6577719,176.83594,986,FC128,versus,2,4986,0.6875,1.9257812,0.94140625,0.25390625
11.878906,3.0820312,0.26171875,0.1481891,0.0032963636,0.92218256,0.077835105,-0.003616434,9.172716,173.83984,0.16388005,0.658439,173.83984,987,FC128,versus,2,4987,0.62890625,2.1484375,0.9140625,0.29296875
11.675781,3.0898438,0.2421875,0.1419564,0.003290902,0.92306906,0.07376581,-0.0057002055,9.266132,176.08203,0.15986636,0.6591061,176.08203,988,FC128,versus,2,4988,0.640625,2.1914062,0.9296875,0.265625
11.230469,3.0429688,0.30078125,0.13192238,0.0032854402,0.9160029,0.07993418,-0.0071107806,8.958681,171.14453,0.17495677,0.6597732,171.14453,989,FC128,versus,2,4989,0.58203125,2.1523438,0.92578125,0.28515625
11.949219,3.2460938,0.22265625,0.14529741,0.0032799784,0.9216605,0.074314386,-0.0039214273,9.648244,174.1289,0.15742476,0.6604403,174.1289,990,FC128,versus,2,4990,0.63671875,2.140625,0.9609375,0.2421875
11.949219,3.2148438,0.23046875,0.13997163,0.0032745167,0.92178017,0.07887972,-0.0025023182,9.564497,175.44531,0.16368075,0.6611074,175.44531,991,FC128,versus,2,4991,0.64453125,2.1171875,0.94921875,0.2734375
11.3671875,3.0859375,0.26171875,0.13569714,0.0032690554,0.91951853,0.08208092,-0.0007316732,9.18812,171.11719,0.1665124,0.6617745,171.11719,992,FC128,versus,2,4992,0.60546875,2.2265625,0.95703125,0.30859375
11.3671875,3.1640625,0.2421875,0.15121084,0.0032635937,0.9219901,0.08067606,-0.0032531493,9.418833,169.57031,0.16884539,0.6624417,169.57031,993,FC128,versus,2,4993,0.6640625,2.0429688,0.9453125,0.2734375
11.097656,3.2578125,0.30078125,0.13794218,0.003258132,0.913905,0.08380779,-0.005258153,9.202951,168.80469,0.17903075,0.66310877,168.80469,994,FC128,versus,2,4994,0.62109375,2.1015625,0.90625,0.28125
10.65625,3.2382812,0.29296875,0.13805649,0.0032526702,0.9167658,0.08087609,-0.0058622556,8.952942,172.64844,0.1743748,0.66377586,172.64844,995,FC128,versus,2,4995,0.6484375,1.9804688,0.90234375,0.27734375
10.839844,3.1328125,0.29296875,0.14073548,0.0032472084,0.91289884,0.08563155,-0.0057886485,9.059061,169.28516,0.18375438,0.66444296,169.28516,996,FC128,versus,2,4996,0.6328125,1.9921875,0.94921875,0.28125
11.171875,3.1835938,0.30078125,0.13594721,0.0032417472,0.91856325,0.077701,-0.007817691,9.123867,169.11328,0.17191881,0.6651101,169.11328,997,FC128,versus,2,4997,0.6328125,2.0273438,0.92578125,0.27734375
11.746094,3.234375,0.2421875,0.14647022,0.0032362854,0.9178175,0.08064223,-0.003324797,9.452384,173.02344,0.1688821,0.6657772,173.02344,998,FC128,versus,2,4998,0.671875,2.1367188,0.94921875,0.23828125
11.972656,3.28125,0.21875,0.14504522,0.0032308237,0.9244554,0.07674515,-0.0027374336,9.662119,176.77344,0.15990241,0.6664443,176.77344,999,FC128,versus,2,4999,0.6484375,2.0976562,0.94140625,0.27734375
11.238281,3.1171875,0.296875,0.13604088,0.003225362,0.9156614,0.084104836,-0.0051392233,8.943031,171.7461,0.17936568,0.6671114,171.7461,1000,FC128,versus,2,5000,0.5625,2.15625,0.890625,0.3125
11.5625,3.1953125,0.3203125,0.1312442,0.0032199002,0.9180074,0.08308984,-0.0030108627,9.146326,168.82812,0.1730466,0.66777855,168.82812,1001,FC128,versus,2,5001,0.58984375,2.0585938,0.921875,0.30859375
11.496094,3.1640625,0.26953125,0.13591506,0.003214439,0.9182806,0.079912245,-0.006353532,9.472206,167.41797,0.17340533,0.66844565,167.41797,1002,FC128,versus,2,5002,0.63671875,2.0898438,0.953125,0.265625
11.9140625,3.3007812,0.23046875,0.14520518,0.0032089772,0.9214264,0.076299466,-0.0062350566,9.639154,172.7461,0.16600096,0.66911274,172.7461,1003,FC128,versus,2,5003,0.6484375,2.0039062,0.90625,0.25
11.625,3.265625,0.28515625,0.13449615,0.0032035154,0.91290665,0.08526043,-0.0033521473,9.274494,170.8125,0.17808688,0.6697799,170.8125,1004,FC128,versus,2,5004,0.65625,2.03125,0.93359375,0.25
12.042969,3.3671875,0.25390625,0.13703562,0.0031980537,0.91720873,0.079176284,-0.0068217786,9.584894,168.55078,0.17287263,0.670447,168.55078,1005,FC128,versus,2,5005,0.65625,1.9882812,0.94140625,0.2734375
12.140625,3.2382812,0.2578125,0.1427927,0.003192592,0.9191689,0.0815705,-0.004111135,9.631229,169.88281,0.17227502,0.6711141,169.88281,1006,FC128,versus,2,5006,0.640625,2.0625,0.94921875,0.26953125
12.21875,3.2890625,0.2578125,0.1406401,0.0031871307,0.918886,0.07706881,-0.005321312,9.548688,170.65234,0.16567673,0.6717812,170.65234,1007,FC128,versus,2,5007,0.65625,2.0117188,0.953125,0.2890625
12.074219,3.2265625,0.27734375,0.13479023,0.003181669,0.9208458,0.08060354,-0.0047006207,9.478203,171.71484,0.17146604,0.67244834,171.71484,1008,FC128,versus,2,5008,0.63671875,2.0234375,0.91796875,0.26171875
12.0,3.25,0.24609375,0.1424318,0.0031762072,0.91851896,0.083588876,-0.0032264786,9.456386,172.29297,0.1745355,0.67311543,172.29297,1009,FC128,versus,2,5009,0.64453125,1.9882812,0.92578125,0.2421875
12.3671875,3.4023438,0.2578125,0.14126225,0.0031707454,0.91875863,0.08172438,-0.005116237,9.692029,170.21094,0.17457706,0.6737825,170.21094,1010,FC128,versus,2,5010,0.7109375,1.8554688,0.96484375,0.21875
12.203125,3.25,0.2734375,0.13681759,0.0031652837,0.916616,0.08629719,-0.0037547322,9.355894,172.1289,0.18096998,0.6744496,172.1289,1011,FC128,versus,2,5011,0.62109375,2.0078125,0.88671875,0.28125
12.0234375,3.203125,0.265625,0.13902543,0.0031598224,0.9197071,0.08567872,-0.0016287152,9.532007,170.84375,0.17549345,0.6751168,170.84375,1012,FC128,versus,2,5012,0.62109375,2.1171875,0.92578125,0.26953125
12.5078125,3.3242188,0.1953125,0.14169993,0.0031543607,0.92132556,0.083344445,-0.000744221,9.744985,175.84375,0.16907129,0.6757839,175.84375,1013,FC128,versus,2,5013,0.69140625,2.03125,0.953125,0.1953125
11.828125,3.2617188,0.21875,0.14260454,0.003148899,0.91989905,0.08098134,-0.005944528,9.836848,169.94922,0.17474982,0.67645097,169.94922,1014,FC128,versus,2,5014,0.66796875,2.0898438,0.97265625,0.23828125
12.1015625,3.2851562,0.21484375,0.14415316,0.0031434372,0.92475075,0.080589436,-0.0032122233,9.864653,168.59375,0.16850959,0.6771181,168.59375,1015,FC128,versus,2,5015,0.66796875,2.1328125,0.93359375,0.23828125
11.933594,3.2226562,0.234375,0.14273693,0.0031379755,0.9221067,0.08005086,-0.004176466,9.513785,169.10938,0.16935048,0.6777852,169.10938,1016,FC128,versus,2,5016,0.68359375,2.046875,0.9375,0.234375
11.6328125,3.1484375,0.26171875,0.1354792,0.0031325142,0.9238273,0.083014496,-0.000485253,9.364037,170.76953,0.16784829,0.6784523,170.76953,1017,FC128,versus,2,5017,0.62890625,2.21875,0.9375,0.29296875
10.996094,3.078125,0.3046875,0.13886105,0.0031270524,0.91934717,0.08217133,-0.0053350166,9.025835,169.9336,0.17588115,0.6791194,169.9336,1018,FC128,versus,2,5018,0.60546875,2.2421875,0.91796875,0.28125
11.652344,3.3515625,0.25,0.13744742,0.0031215907,0.9252169,0.08081989,-0.0035821316,9.687489,170.83984,0.16966216,0.67978656,170.83984,1019,FC128,versus,2,5019,0.6484375,1.9414062,0.9140625,0.26953125
11.457031,3.3203125,0.26953125,0.13943651,0.003116129,0.9237602,0.07943167,-0.0058124186,9.6637745,171.53906,0.17135718,0.68045366,171.53906,1020,FC128,versus,2,5020,0.65625,1.9960938,0.9296875,0.27734375
11.203125,3.2617188,0.2734375,0.13893545,0.0031106672,0.9239701,0.08032353,-0.0038041223,9.348885,171.40234,0.16911967,0.68112075,171.40234,1021,FC128,versus,2,5021,0.6171875,2.0859375,0.9375,0.27734375
11.546875,3.4414062,0.25,0.13400266,0.003105206,0.9267628,0.07810788,-0.004035266,9.8826275,172.20703,0.1651185,0.68178785,172.20703,1022,FC128,versus,2,5022,0.67578125,1.9179688,0.93359375,0.26171875
11.578125,3.2460938,0.21484375,0.1384537,0.0030997442,0.9272664,0.073594205,-0.0046946513,9.633148,174.6914,0.15743604,0.682455,174.6914,1023,FC128,versus,2,5023,0.66796875,2.1875,0.9296875,0.265625
11.5703125,3.265625,0.25390625,0.13781892,0.0030942825,0.9237666,0.080479644,-0.0032885561,9.529985,171.10938,0.1683893,0.6831221,171.10938,1024,FC128,versus,2,5024,0.66796875,2.0625,0.94140625,0.24609375
11.734375,3.2539062,0.2109375,0.13994813,0.0030888207,0.92810553,0.075274654,-0.0046600164,9.779886,176.23047,0.1607339,0.6837892,176.23047,1025,FC128,versus,2,5025,0.671875,2.0976562,0.953125,0.24609375
11.5078125,3.1757812,0.26171875,0.13542326,0.003083359,0.9246257,0.07709131,-0.0054660197,9.400592,172.28516,0.16594978,0.68445635,172.28516,1026,FC128,versus,2,5026,0.640625,2.0546875,0.953125,0.2734375
11.957031,3.2539062,0.23828125,0.13457488,0.0030778977,0.92671716,0.07445686,-0.0038377333,9.504403,173.26172,0.15741761,0.68512344,173.26172,1027,FC128,versus,2,5027,0.640625,2.0078125,0.953125,0.24609375
11.65625,3.2617188,0.26171875,0.13294066,0.003072436,0.91903496,0.08439656,-0.0029699025,9.450405,167.96484,0.17554983,0.68579054,167.96484,1028,FC128,versus,2,5028,0.6484375,2.015625,0.94140625,0.26171875
12.0,3.2265625,0.2578125,0.13403651,0.0030669742,0.9221748,0.07989723,-0.0048251413,9.54326,169.04297,0.17026691,0.68645763,169.04297,1029,FC128,versus,2,5029,0.66796875,1.9960938,0.953125,0.2578125
11.8046875,3.2109375,0.28515625,0.12677775,0.0030615125,0.91592693,0.090496965,-0.0005104188,9.368288,165.8711,0.18279102,0.6871248,165.8711,1030,FC128,versus,2,5030,0.6171875,2.0546875,0.95703125,0.26171875
11.953125,3.3203125,0.22265625,0.12739871,0.0030560507,0.92684346,0.07621704,-0.003440274,9.801129,174.1875,0.16009331,0.6877919,174.1875,1031,FC128,versus,2,5031,0.67578125,2.0703125,0.93359375,0.23828125
11.6171875,3.25,0.28125,0.12637918,0.0030505895,0.9225917,0.07834971,-0.0062650796,9.529363,168.1914,0.17000064,0.688459,168.1914,1032,FC128,versus,2,5032,0.640625,2.0976562,0.93359375,0.26171875
11.667969,3.203125,0.2890625,0.12289472,0.0030451277,0.9168955,0.08520326,-0.0033424485,9.333912,166.6289,0.17783988,0.6891261,166.6289,1033,FC128,versus,2,5033,0.6328125,2.0117188,0.93359375,0.26953125
12.046875,3.21875,0.25,0.13390593,0.003039666,0.9236021,0.07727738,-0.004139068,9.408272,173.34375,0.16364695,0.6897932,173.34375,1034,FC128,versus,2,5034,0.6484375,2.0585938,0.91796875,0.2578125
11.4609375,3.0625,0.30078125,0.12022949,0.0030342042,0.9194691,0.08184284,-0.002249383,8.946864,172.08594,0.16891405,0.6904603,172.08594,1035,FC128,versus,2,5035,0.5703125,2.2578125,0.9140625,0.32421875
12.0078125,3.2421875,0.22265625,0.13688987,0.0030287425,0.9211088,0.08084646,-0.0036175759,9.566841,175.10156,0.16975728,0.6911274,175.10156,1036,FC128,versus,2,5036,0.69140625,2.078125,0.94921875,0.23828125
11.949219,3.2695312,0.26953125,0.12497289,0.0030232812,0.9203074,0.07890054,-0.0037539464,9.337646,174.01562,0.16606462,0.6917946,174.01562,1037,FC128,versus,2,5037,0.66015625,2.0507812,0.91015625,0.28515625
12.5234375,3.546875,0.19140625,0.1331521,0.0030178195,0.9246594,0.07845031,-0.0006373705,10.0419,176.66406,0.15897901,0.69246167,176.66406,1038,FC128,versus,2,5038,0.75,1.8320312,0.9453125,0.19140625
11.703125,3.0625,0.3046875,0.1231253,0.0030123577,0.91845524,0.08217832,-0.0050649117,9.301607,168.25,0.17522825,0.69312876,168.25,1039,FC128,versus,2,5039,0.60546875,2.171875,0.9296875,0.30859375
12.089844,3.2226562,0.30078125,0.11979195,0.003006896,0.9157907,0.08522978,-0.0029227699,9.127132,171.84766,0.1770255,0.69379586,171.84766,1040,FC128,versus,2,5040,0.6171875,2.0078125,0.89453125,0.28125
12.363281,3.234375,0.2734375,0.12877461,0.0030014343,0.92062426,0.07790481,-0.0037806886,9.453117,172.58203,0.16414401,0.694463,172.58203,1041,FC128,versus,2,5041,0.625,2.1914062,0.91796875,0.296875
12.453125,3.3671875,0.26171875,0.13357179,0.002995973,0.91656905,0.08133385,-0.004785673,9.66682,168.09375,0.1730394,0.6951301,168.09375,1042,FC128,versus,2,5042,0.71484375,1.9960938,0.94140625,0.21875
12.214844,3.1054688,0.2734375,0.12913968,0.0029905112,0.9182135,0.08210809,-0.0046166563,9.277855,170.65625,0.17422187,0.6957972,170.65625,1043,FC128,versus,2,5043,0.60546875,2.1796875,0.91015625,0.265625
12.796875,3.3789062,0.25,0.13793267,0.0029850495,0.9173882,0.08309297,-0.0026010412,9.623255,171.67188,0.1722115,0.6964643,171.67188,1044,FC128,versus,2,5044,0.7109375,1.9648438,0.9375,0.21484375
12.78125,3.2148438,0.2734375,0.13261002,0.0029795878,0.9193831,0.08281757,-0.0017487868,9.400673,174.98438,0.16992296,0.69713145,174.98438,1045,FC128,versus,2,5045,0.61328125,2.1367188,0.93359375,0.28125
12.699219,3.2421875,0.2578125,0.13223267,0.002974126,0.9182413,0.08556606,0.00030477397,9.434052,170.46484,0.17130913,0.69779855,170.46484,1046,FC128,versus,2,5046,0.64453125,2.0429688,0.94921875,0.25390625
13.472656,3.3632812,0.203125,0.13257909,0.0029686647,0.9222703,0.07614246,-0.003888381,9.701368,177.76953,0.16084886,0.69846565,177.76953,1047,FC128,versus,2,5047,0.671875,2.015625,0.9296875,0.24609375
13.390625,3.3164062,0.26953125,0.12509018,0.002963203,0.9215683,0.07598219,-0.0049177017,9.4598465,178.10547,0.16254112,0.6991328,178.10547,1048,FC128,versus,2,5048,0.64453125,2.015625,0.91015625,0.24609375
12.8515625,3.1054688,0.28515625,0.1284949,0.0029577413,0.9176786,0.08044011,-0.0059814886,9.032693,170.86328,0.17360331,0.6997999,170.86328,1049,FC128,versus,2,5049,0.640625,2.1796875,0.8984375,0.2734375
13.3828125,3.2734375,0.28515625,0.12165104,0.0029522795,0.9172287,0.07461671,-0.010281025,9.171695,173.34375,0.17051376,0.700467,173.34375,1050,FC128,versus,2,5050,0.65234375,2.0820312,0.91796875,0.25
13.53125,3.21875,0.24609375,0.12866826,0.0029468178,0.92078674,0.07780673,-0.004913175,9.409674,173.05078,0.16619813,0.7011341,173.05078,1051,FC128,versus,2,5051,0.65234375,2.0039062,0.94140625,0.23828125
13.4140625,3.1015625,0.26171875,0.112769924,0.0029413565,0.92093074,0.07793747,-0.0047955094,9.162013,175.10156,0.16612935,0.70180124,175.10156,1052,FC128,versus,2,5052,0.60546875,2.2617188,0.8828125,0.28515625
13.542969,3.0078125,0.25390625,0.1284828,0.0029358948,0.92153126,0.077288955,-0.0067575597,9.345915,173.21875,0.16884746,0.70246834,173.21875,1053,FC128,versus,2,5053,0.63671875,2.2851562,0.953125,0.296875
14.0703125,3.2539062,0.22265625,0.12494428,0.002930433,0.91979045,0.07534487,-0.008597398,9.5414715,173.41016,0.16861682,0.70313543,173.41016,1054,FC128,versus,2,5054,0.6875,1.9570312,0.95703125,0.20703125
14.0234375,3.2734375,0.23046875,0.12491907,0.0029249713,0.9216727,0.07548913,-0.0059816223,9.429122,175.57422,0.16367228,0.7038025,175.57422,1055,FC128,versus,2,5055,0.70703125,1.9570312,0.94921875,0.23046875
13.59375,3.15625,0.25,0.12623744,0.0029195095,0.92200994,0.07940737,-0.0036003503,9.442612,170.44531,0.16675255,0.7044697,170.44531,1056,FC128,versus,2,5056,0.63671875,2.125,0.94921875,0.30078125
13.4453125,3.2460938,0.2734375,0.11813157,0.0029140483,0.91962534,0.079179205,-0.0056137554,9.168433,174.32422,0.17027439,0.7051368,174.32422,1057,FC128,versus,2,5057,0.63671875,2.0234375,0.9140625,0.2578125
14.109375,3.4023438,0.20703125,0.12862739,0.0029085865,0.92486393,0.07859605,-0.0023077414,9.730054,176.71484,0.16255583,0.7058039,176.71484,1058,FC128,versus,2,5058,0.69140625,1.8945312,0.94921875,0.2109375
13.457031,3.2539062,0.22265625,0.12148249,0.0029031248,0.9221361,0.08226474,-0.0005893444,9.715531,173.38281,0.16641352,0.706471,173.38281,1059,FC128,versus,2,5059,0.6875,1.9882812,0.9609375,0.2265625
13.128906,3.21875,0.28125,0.1170116,0.002897663,0.9217583,0.084527306,-0.00029673634,9.472656,170.84766,0.1703262,0.7071381,170.84766,1060,FC128,versus,2,5060,0.63671875,2.0664062,0.9375,0.24609375
13.425781,3.296875,0.20703125,0.13002193,0.0028922013,0.92764187,0.07441978,-0.0044337087,9.725052,177.10938,0.15845908,0.7078052,177.10938,1061,FC128,versus,2,5061,0.70703125,2.1484375,0.9296875,0.23046875
12.3125,3.34375,0.24609375,0.12723368,0.00288674,0.92390156,0.08037292,-0.0032462215,9.594992,169.76172,0.16797286,0.7084723,169.76172,1062,FC128,versus,2,5062,0.62109375,2.125,0.94921875,0.28515625
12.144531,3.171875,0.23828125,0.12877366,0.0028812783,0.92664605,0.08127573,-0.001355465,9.41972,173.76172,0.16600445,0.70913947,173.76172,1063,FC128,versus,2,5063,0.64453125,2.2382812,0.90625,0.28125
12.191406,3.1835938,0.23828125,0.13461004,0.0028758165,0.92913365,0.0800622,-0.0017800982,9.578248,173.08984,0.16445884,0.70980656,173.08984,1064,FC128,versus,2,5064,0.6328125,2.0507812,0.94140625,0.26171875
11.921875,3.3320312,0.23046875,0.13653815,0.0028703548,0.925999,0.08314817,-0.0027953156,9.936298,172.55469,0.1726708,0.71047366,172.55469,1065,FC128,versus,2,5065,0.6640625,2.0703125,0.93359375,0.2421875
11.277344,3.28125,0.23046875,0.14288335,0.002864893,0.9218385,0.08232872,-0.005250633,9.390823,171.14062,0.1759774,0.71114075,171.14062,1066,FC128,versus,2,5066,0.65625,2.046875,0.94140625,0.23828125
11.2890625,3.2421875,0.23828125,0.14010234,0.0028594318,0.9265402,0.0779092,-0.004572236,9.197964,173.86719,0.1657641,0.7118079,173.86719,1067,FC128,versus,2,5067,0.63671875,2.0546875,0.9140625,0.26171875
11.167969,3.1796875,0.2265625,0.14472002,0.00285397,0.9262663,0.07430275,-0.0060503026,9.325551,178.3086,0.16153215,0.712475,178.3086,1068,FC128,versus,2,5068,0.65234375,2.15625,0.92578125,0.26953125
11.035156,3.2734375,0.1875,0.14739376,0.0028485083,0.925396,0.07855057,-0.0036539708,9.650551,174.85156,0.1652488,0.7131421,174.85156,1069,FC128,versus,2,5069,0.6875,2.0625,0.9453125,0.19921875
10.7265625,3.2109375,0.265625,0.14214276,0.0028430466,0.921647,0.08301889,-0.0014740023,9.1838455,171.72656,0.16979402,0.71380925,171.72656,1070,FC128,versus,2,5070,0.63671875,2.1054688,0.921875,0.265625
10.925781,3.3398438,0.24609375,0.13939127,0.0028375848,0.9221753,0.085934125,0.0007813487,9.71242,173.41016,0.17109662,0.71447635,173.41016,1071,FC128,versus,2,5071,0.63671875,2.0859375,0.921875,0.2734375
10.8359375,3.1601562,0.26171875,0.1429609,0.0028321235,0.92128813,0.08183822,-0.0026317744,9.1059,174.59766,0.16974975,0.71514344,174.59766,1072,FC128,versus,2,5072,0.625,2.09375,0.91796875,0.28515625
11.3984375,3.3710938,0.21875,0.14347067,0.0028266618,0.9267338,0.0723625,-0.0042966106,9.783047,174.8086,0.1541293,0.71581054,174.8086,1073,FC128,versus,2,5073,0.671875,2.0078125,0.92578125,0.23046875
11.296875,3.3359375,0.265625,0.13233678,0.0028212,0.9192156,0.07871151,-0.0048926077,9.491255,171.79688,0.16795494,0.7164777,171.79688,1074,FC128,versus,2,5074,0.6328125,2.0546875,0.921875,0.2890625
11.6796875,3.3671875,0.17578125,0.15047495,0.0028157383,0.92569995,0.074252725,-0.0026119477,9.856007,174.97656,0.15457675,0.7171448,174.97656,1075,FC128,versus,2,5075,0.70703125,2.0195312,0.9609375,0.2109375
11.7109375,3.1953125,0.265625,0.13013783,0.0028102766,0.9167903,0.0810615,-0.004476324,9.334255,169.4961,0.1718071,0.7178119,169.4961,1076,FC128,versus,2,5076,0.6484375,2.0898438,0.91796875,0.25390625
11.167969,3.2773438,0.3515625,0.120663814,0.0028048153,0.91146576,0.08612209,-0.0041048946,9.028065,168.47656,0.18113086,0.718479,168.47656,1077,FC128,versus,2,5077,0.609375,2.03125,0.8984375,0.34375
12.199219,3.3125,0.2421875,0.13553461,0.0027993536,0.9205267,0.07510079,-0.008316848,9.526294,172.42578,0.16759408,0.71914613,172.42578,1078,FC128,versus,2,5078,0.671875,1.921875,0.93359375,0.234375
12.800781,3.3710938,0.21875,0.13388251,0.0027938918,0.9202977,0.07690585,-0.004905949,9.739729,175.33984,0.1643717,0.7198132,175.33984,1079,FC128,versus,2,5079,0.6796875,2.0742188,0.9296875,0.25
12.839844,3.3046875,0.2265625,0.12544261,0.00278843,0.916128,0.08159274,-0.0036456173,9.560612,174.28516,0.17117628,0.7204803,174.28516,1080,FC128,versus,2,5080,0.67578125,2.0390625,0.9296875,0.22265625
13.0859375,3.2929688,0.26953125,0.12680115,0.0027829683,0.9229419,0.078846574,-0.002823387,9.430296,175.67188,0.16404569,0.7211475,175.67188,1081,FC128,versus,2,5081,0.64453125,2.0625,0.91796875,0.26171875
12.910156,3.078125,0.28125,0.1259351,0.002777507,0.9167293,0.08258737,-0.0029142413,8.9531,172.125,0.17170279,0.7218146,172.125,1082,FC128,versus,2,5082,0.62890625,2.1289062,0.9296875,0.29296875
12.96875,3.0898438,0.26953125,0.12509413,0.0027720453,0.9195841,0.08287533,-0.0050766566,9.363842,170.00781,0.17659749,0.72248167,170.00781,1083,FC128,versus,2,5083,0.63671875,2.0664062,0.96875,0.23046875
13.5546875,3.2070312,0.24609375,0.123507366,0.0027665836,0.91700256,0.078479245,-0.004651709,9.295324,173.4414,0.1669453,0.72314876,173.4414,1084,FC128,versus,2,5084,0.64453125,2.0273438,0.953125,0.2421875
14.109375,3.3828125,0.2109375,0.12762225,0.0027611218,0.92358685,0.07593303,-0.0046795392,9.857862,176.77344,0.1619299,0.7238159,176.77344,1085,FC128,versus,2,5085,0.70703125,1.9921875,0.94140625,0.2265625
13.910156,3.2265625,0.21875,0.12909172,0.00275566,0.9228564,0.076067515,-0.0052522137,9.758085,172.83984,0.16335092,0.724483,172.83984,1086,FC128,versus,2,5086,0.6796875,2.1289062,0.95703125,0.2265625
12.9375,3.0039062,0.296875,0.12192355,0.0027501988,0.91609275,0.08786143,7.238843e-06,8.99197,172.35156,0.17637901,0.7251501,172.35156,1087,FC128,versus,2,5087,0.6015625,2.2148438,0.9296875,0.3046875
13.3671875,3.25,0.22265625,0.13324971,0.002744737,0.91843754,0.08272264,-0.0019534759,9.487606,174.89062,0.1700837,0.7258172,174.89062,1088,FC128,versus,2,5088,0.6640625,2.0898438,0.93359375,0.22265625
12.535156,3.171875,0.26953125,0.13150033,0.0027392753,0.91967976,0.077012904,-0.00688496,9.145327,170.89062,0.16851616,0.72648436,170.89062,1089,FC128,versus,2,5089,0.671875,2.09375,0.9296875,0.2734375
12.972656,3.203125,0.2109375,0.13656935,0.0027338136,0.9237137,0.07347795,-0.005848929,9.492701,177.96875,0.15940048,0.72715145,177.96875,1090,FC128,versus,2,5090,0.640625,2.0390625,0.9375,0.234375
12.8046875,3.2890625,0.22265625,0.13512021,0.0027283519,0.9228064,0.07472064,-0.006102959,9.690957,178.01562,0.16238451,0.72781855,178.01562,1091,FC128,versus,2,5091,0.63671875,2.1289062,0.94921875,0.23828125
12.089844,3.2890625,0.2265625,0.13427508,0.0027228906,0.92140377,0.07983107,-0.0017059769,9.466648,175.03906,0.16380532,0.7284857,175.03906,1092,FC128,versus,2,5092,0.6640625,2.015625,0.94140625,0.2421875
12.113281,3.3320312,0.23828125,0.14475282,0.0027174288,0.9243071,0.07538542,-0.0054673995,9.53212,178.625,0.16249235,0.7291528,178.625,1093,FC128,versus,2,5093,0.64453125,2.0898438,0.92578125,0.27734375
11.355469,3.2421875,0.23828125,0.13074109,0.002711967,0.91870636,0.08430964,-0.0019146055,9.4668455,167.1875,0.17315762,0.7298199,167.1875,1094,FC128,versus,2,5094,0.67578125,1.9257812,0.94140625,0.234375
11.2890625,3.2460938,0.2578125,0.13566414,0.0027065054,0.9174599,0.08503024,-0.0019407138,9.472979,168.89453,0.17467625,0.730487,168.89453,1095,FC128,versus,2,5095,0.640625,2.0859375,0.921875,0.26171875
10.949219,3.109375,0.24609375,0.13568246,0.0027010436,0.9143979,0.08824728,-0.00046411672,9.174431,171.1289,0.17815576,0.73115414,171.1289,1096,FC128,versus,2,5096,0.6484375,2.0078125,0.96484375,0.26171875
11.203125,3.1523438,0.296875,0.1366145,0.0026955823,0.91701376,0.0834299,-0.0052640685,9.109714,168.7461,0.17812444,0.73182124,168.7461,1097,FC128,versus,2,5097,0.62109375,1.9726562,0.92578125,0.27734375
11.453125,3.3398438,0.2265625,0.1429084,0.0026901206,0.9232201,0.07303079,-0.008760439,9.602528,173.4375,0.16435134,0.73248833,173.4375,1098,FC128,versus,2,5098,0.69140625,2.0546875,0.953125,0.23828125
12.160156,3.4335938,0.2265625,0.14248025,0.0026846589,0.9229083,0.07867836,-0.004223416,9.805036,176.8789,0.16656858,0.7331554,176.8789,1099,FC128,versus,2,5099,0.71484375,1.96875,0.9453125,0.2265625
11.8828125,3.4453125,0.25390625,0.13410015,0.0026791971,0.92087877,0.0852917,-0.00039006444,9.64263,172.39453,0.1720821,0.7338226,172.39453,1100,FC128,versus,2,5100,0.69140625,1.828125,0.93359375,0.234375
11.6875,3.1757812,0.28125,0.13058373,0.0026737354,0.9196133,0.08958561,0.00071493007,9.326944,173.71484,0.17843966,0.7344897,173.71484,1101,FC128,versus,2,5101,0.60546875,2.1679688,0.921875,0.2734375
11.984375,3.390625,0.2421875,0.13208474,0.002668274,0.92246914,0.083258964,-0.0020915603,9.624804,173.38672,0.17140591,0.7351568,173.38672,1102,FC128,versus,2,5102,0.6328125,1.9453125,0.93359375,0.25390625
12.722656,3.3125,0.19921875,0.13520637,0.0026628124,0.9268875,0.07469985,-0.005767339,9.943228,174.0664,0.16165443,0.7358239,174.0664,1103,FC128,versus,2,5103,0.6953125,2.0273438,0.95703125,0.21484375
12.332031,3.2773438,0.2109375,0.13448972,0.0026573506,0.92194575,0.07881695,-0.0060938643,9.766589,171.21875,0.17053641,0.736491,171.21875,1104,FC128,versus,2,5104,0.640625,2.0585938,0.9453125,0.234375
12.589844,3.2265625,0.22265625,0.1317974,0.0026518889,0.92762387,0.07418107,-0.0048654038,9.623293,176.0664,0.15879197,0.7371581,176.0664,1105,FC128,versus,2,5105,0.65625,2.1445312,0.92578125,0.25
12.359375,3.2734375,0.2734375,0.12680748,0.0026464271,0.9252115,0.07964296,-0.0044424953,9.564275,171.07422,0.16884209,0.7378252,171.07422,1106,FC128,versus,2,5106,0.640625,2.0820312,0.9296875,0.28125
12.703125,3.3789062,0.19140625,0.14479455,0.0026409659,0.9304391,0.07394346,-0.004345529,9.817032,176.85156,0.15734278,0.73849237,176.85156,1107,FC128,versus,2,5107,0.7109375,1.984375,0.96875,0.25390625
12.152344,2.9101562,0.2890625,0.12707503,0.0026355041,0.9223064,0.07919288,-0.003970302,8.688648,176.77344,0.16699617,0.73915946,176.77344,1108,FC128,versus,2,5108,0.58203125,2.3867188,0.9296875,0.328125
12.609375,3.0820312,0.2109375,0.14061673,0.0026300424,0.9250139,0.07632784,-0.006766295,9.365684,175.0664,0.16692792,0.73982656,175.0664,1109,FC128,versus,2,5109,0.66015625,2.0898438,0.96484375,0.23046875
12.703125,3.1171875,0.203125,0.14919692,0.0026245806,0.92534655,0.07325949,-0.008174097,9.318635,177.3164,0.16365033,0.74049366,177.3164,1110,FC128,versus,2,5110,0.69921875,2.0234375,0.953125,0.203125
12.339844,3.1757812,0.2578125,0.149205,0.002619119,0.9242009,0.07467567,-0.007596873,9.377562,172.82422,0.16532665,0.7411608,172.82422,1111,FC128,versus,2,5111,0.6328125,2.0585938,0.953125,0.2578125
11.941406,2.9765625,0.26171875,0.14536798,0.0026136576,0.92356837,0.078985326,-0.004603564,9.022234,173.42578,0.16793767,0.7418279,173.42578,1112,FC128,versus,2,5112,0.60546875,2.1484375,0.9453125,0.28125
12.5859375,3.328125,0.21484375,0.14991434,0.0026081959,0.9254455,0.07068616,-0.006031515,9.6048355,182.82812,0.15421736,0.742495,182.82812,1113,FC128,versus,2,5113,0.69921875,2.0,0.94921875,0.234375
12.449219,3.1953125,0.23828125,0.15342927,0.0026027341,0.9226365,0.07637386,-0.003551378,9.342773,176.57812,0.16064915,0.74316216,176.57812,1114,FC128,versus,2,5114,0.6484375,2.1757812,0.9296875,0.22265625
12.667969,3.3398438,0.1796875,0.1551158,0.0025972724,0.92588943,0.075123884,-0.0022512085,9.92687,179.98438,0.15555593,0.74382925,179.98438,1115,FC128,versus,2,5115,0.6875,1.9882812,0.97265625,0.2265625
11.707031,3.1484375,0.25,0.14792906,0.0025918107,0.92344797,0.0786073,-0.0019614366,9.299749,175.92969,0.16190429,0.74449635,175.92969,1116,FC128,versus,2,5116,0.65625,2.0976562,0.92578125,0.26953125
12.3125,3.265625,0.2109375,0.1566179,0.0025863494,0.92558056,0.071026124,-0.0067135687,9.43662,182.6211,0.15628952,0.74516344,182.6211,1117,FC128,versus,2,5117,0.68359375,2.0429688,0.94140625,0.24609375
12.019531,3.1445312,0.23046875,0.15171765,0.0025808876,0.92407894,0.07545802,-0.0037213857,9.310852,177.02344,0.15914194,0.7458306,177.02344,1118,FC128,versus,2,5118,0.66796875,2.0234375,0.94140625,0.23046875
11.917969,3.1289062,0.2421875,0.14860824,0.002575426,0.92059076,0.08327473,-0.0015448842,9.249868,173.38281,0.17040469,0.7464977,173.38281,1119,FC128,versus,2,5119,0.68359375,2.0,0.94140625,0.25
12.503906,3.1445312,0.21875,0.15245505,0.0025699642,0.92715526,0.07158248,-0.0049855052,9.48966,179.21875,0.15391958,0.7471648,179.21875,1120,FC128,versus,2,5120,0.62890625,2.1796875,0.94140625,0.24609375
12.4140625,3.2734375,0.20703125,0.1447926,0.0025645024,0.9238131,0.077601455,-0.0028157486,9.36178,178.34375,0.16157705,0.7478319,178.34375,1121,FC128,versus,2,5121,0.69140625,2.0429688,0.9296875,0.23046875
12.714844,3.3203125,0.2265625,0.14640726,0.0025590411,0.92711645,0.07954339,-0.0026824432,9.713477,175.0625,0.16520098,0.74849904,175.0625,1122,FC128,versus,2,5122,0.71484375,2.0546875,0.96484375,0.23828125
12.550781,3.2734375,0.26171875,0.13669541,0.0025535794,0.9270183,0.083511576,-0.0015482524,9.490616,175.60547,0.17081778,0.74916613,175.60547,1123,FC128,versus,2,5123,0.640625,1.9609375,0.93359375,0.25
13.09375,3.296875,0.2109375,0.13728003,0.0025481177,0.9258292,0.08047194,-0.003567852,9.649923,177.66797,0.1687792,0.7498332,177.66797,1124,FC128,versus,2,5124,0.69140625,1.9960938,0.9453125,0.2109375
12.371094,3.1875,0.2734375,0.1300285,0.002542656,0.92260027,0.07831422,-0.008078012,9.044101,173.9414,0.1734457,0.7505004,173.9414,1125,FC128,versus,2,5125,0.64453125,2.0625,0.93359375,0.26953125
12.542969,3.0273438,0.27734375,0.124363735,0.0025371942,0.92677414,0.07715593,-0.0084040435,9.060366,173.65234,0.17175102,0.7511675,173.65234,1126,FC128,versus,2,5126,0.625,2.2304688,0.9453125,0.28125
13.300781,3.1171875,0.25,0.1251523,0.002531733,0.9266999,0.08032141,-0.003467258,9.169396,177.10156,0.16821104,0.7518346,177.10156,1127,FC128,versus,2,5127,0.67578125,2.1171875,0.953125,0.2578125
14.035156,3.2265625,0.203125,0.13651934,0.0025262712,0.9341127,0.07084526,-0.005274353,9.448769,180.3711,0.15292901,0.75250167,180.3711,1128,FC128,versus,2,5128,0.66015625,1.9570312,0.96484375,0.26171875
12.621094,2.9453125,0.28125,0.12509719,0.0025208094,0.9193308,0.08363081,-0.0051919804,8.688787,171.49219,0.17827627,0.7531688,171.49219,1129,FC128,versus,2,5129,0.62109375,2.15625,0.9375,0.29296875
13.285156,3.1445312,0.25390625,0.13214241,0.0025153477,0.9242431,0.0797285,-0.0060484074,9.2583065,172.78906,0.17221859,0.7538359,172.78906,1130,FC128,versus,2,5130,0.62890625,2.0507812,0.953125,0.265625
13.2109375,3.1328125,0.234375,0.13258332,0.002509886,0.92784244,0.07281622,-0.0047320216,9.230661,177.91016,0.15576203,0.754503,177.91016,1131,FC128,versus,2,5131,0.6640625,2.1679688,0.94140625,0.2421875
13.003906,3.015625,0.26171875,0.13535061,0.0025044247,0.92610514,0.076521315,-0.004208221,9.060766,177.46875,0.16213703,0.7551701,177.46875,1132,FC128,versus,2,5132,0.62109375,2.3359375,0.90625,0.28125
12.5625,3.1914062,0.2734375,0.13189374,0.002498963,0.921883,0.08004862,-0.003390977,9.191361,174.57422,0.16753839,0.75583726,174.57422,1133,FC128,versus,2,5133,0.62890625,2.0898438,0.9375,0.26953125
12.375,3.2070312,0.24609375,0.12995355,0.0024935012,0.92433345,0.0796053,-0.0006679785,9.282185,174.98828,0.16119465,0.75650436,174.98828,1134,FC128,versus,2,5134,0.6640625,1.9804688,0.95703125,0.2578125
11.878906,3.234375,0.25390625,0.13081728,0.0024880394,0.9267367,0.07877077,-0.00014653357,9.4653845,175.4336,0.15848556,0.75717145,175.4336,1135,FC128,versus,2,5135,0.63671875,2.0859375,0.94921875,0.23828125
11.207031,3.2617188,0.2421875,0.13835238,0.0024825777,0.92710185,0.07919928,0.0004411002,9.313133,176.875,0.1582033,0.7578386,176.875,1136,FC128,versus,2,5136,0.625,2.0390625,0.9296875,0.23046875
10.9609375,3.2929688,0.2109375,0.13672759,0.0024771164,0.924516,0.0816372,-0.00048208633,9.607565,176.0664,0.16491596,0.7585057,176.0664,1137,FC128,versus,2,5137,0.6484375,2.03125,0.9453125,0.234375
10.7734375,3.21875,0.23828125,0.13513918,0.0024716547,0.92718863,0.08112198,0.0020708258,9.286807,174.85156,0.15877034,0.7591728,174.85156,1138,FC128,versus,2,5138,0.61328125,2.1601562,0.92578125,0.26953125
10.519531,3.21875,0.23828125,0.13078114,0.002466193,0.92111725,0.08617946,-0.000296643,9.413763,173.3164,0.17359726,0.7598399,173.3164,1139,FC128,versus,2,5139,0.65625,2.0820312,0.9453125,0.26953125
10.613281,3.171875,0.22265625,0.1397196,0.0024607312,0.9262624,0.082110204,-0.0008918601,9.494708,171.7539,0.16669175,0.76050705,171.7539,1140,FC128,versus,2,5140,0.65625,2.03125,0.9609375,0.24609375
10.003906,3.0585938,0.265625,0.13708615,0.0024552695,0.91725266,0.087665804,-0.0031614767,9.004306,170.8164,0.18232772,0.76117414,170.8164,1141,FC128,versus,2,5141,0.6171875,2.125,0.94921875,0.2734375
10.699219,3.3164062,0.19140625,0.1535135,0.0024498082,0.93013155,0.073990166,-0.005458633,9.720161,178.46484,0.15964974,0.76184124,178.46484,1142,FC128,versus,2,5142,0.640625,2.046875,0.9375,0.24609375
10.378906,3.1289062,0.2421875,0.13797256,0.0024443464,0.9206701,0.08609964,-0.0031247656,9.272099,173.46875,0.17912331,0.76250833,173.46875,1143,FC128,versus,2,5143,0.62109375,2.0078125,0.96875,0.25390625
10.0546875,3.2070312,0.2421875,0.14376351,0.0024388847,0.9230913,0.083530925,-0.0018904569,9.09792,174.20312,0.17154402,0.7631755,174.20312,1144,FC128,versus,2,5144,0.578125,2.0351562,0.9375,0.31640625
10.753906,3.3203125,0.19921875,0.13990371,0.002433423,0.92536765,0.07762614,-0.0023847828,9.750923,175.08984,0.16070274,0.7638426,175.08984,1145,FC128,versus,2,5145,0.62890625,2.0625,0.953125,0.25
10.6796875,3.4296875,0.23046875,0.13941976,0.0024279612,0.92894536,0.07586147,-0.0031918413,9.833043,174.0039,0.15878363,0.7645097,174.0039,1146,FC128,versus,2,5146,0.6640625,2.0664062,0.92578125,0.23828125
10.761719,3.265625,0.2109375,0.14382672,0.0024225,0.92304504,0.07869597,-0.0029720431,9.586697,174.10156,0.16403286,0.76517683,174.10156,1147,FC128,versus,2,5147,0.65234375,2.1289062,0.953125,0.2578125
10.84375,3.2929688,0.26171875,0.13455239,0.0024170382,0.9209685,0.07464174,-0.005932873,9.359173,175.42969,0.16179967,0.7658439,175.42969,1148,FC128,versus,2,5148,0.6484375,2.1015625,0.9140625,0.2578125
11.109375,3.2890625,0.25390625,0.1309882,0.0024115765,0.918124,0.08600893,-0.001475665,9.620601,169.03125,0.17560096,0.766511,169.03125,1149,FC128,versus,2,5149,0.65234375,1.953125,0.9453125,0.26953125
10.9609375,3.1914062,0.234375,0.1371186,0.0024061147,0.9249505,0.07513398,-0.004023543,9.397812,173.32812,0.1589749,0.7671781,173.32812,1150,FC128,versus,2,5150,0.62109375,2.265625,0.91796875,0.2578125
11.2734375,3.3242188,0.27734375,0.12529573,0.002400653,0.9205777,0.07885605,-0.0047328155,9.469717,173.65625,0.16777933,0.7678453,173.65625,1151,FC128,versus,2,5151,0.64453125,2.078125,0.93359375,0.3046875
11.566406,3.21875,0.25,0.1300018,0.0023951917,0.9231488,0.078449145,-0.0035316295,9.5005665,173.29297,0.16458431,0.76851237,173.29297,1152,FC128,versus,2,5152,0.63671875,2.1484375,0.921875,0.2578125
11.816406,3.265625,0.25,0.12904173,0.00238973,0.9229885,0.07764434,-0.004168144,9.672937,173.17188,0.16424172,0.76917946,173.17188,1153,FC128,versus,2,5153,0.62890625,2.015625,0.93359375,0.28515625
12.1640625,3.28125,0.21875,0.1319057,0.0023842682,0.9195905,0.06946684,-0.0138473,9.737905,171.91016,0.16725726,0.76984656,171.91016,1154,FC128,versus,2,5154,0.68359375,2.09375,0.94140625,0.24609375
12.1328125,3.4023438,0.20703125,0.13464886,0.0023788065,0.9250305,0.0745241,-0.0035503265,9.897086,174.92188,0.15678945,0.7705137,174.92188,1155,FC128,versus,2,5155,0.67578125,1.9921875,0.9609375,0.24609375
11.6953125,3.2539062,0.28125,0.13531792,0.0023733447,0.9161911,0.08118688,-0.008337665,9.334396,169.72656,0.17969142,0.7711808,169.72656,1156,FC128,versus,2,5156,0.625,2.03125,0.93359375,0.2890625
12.1484375,3.21875,0.234375,0.12794662,0.0023678835,0.9180005,0.08109242,-0.0030630932,9.422692,171.8086,0.16891694,0.7718479,171.8086,1157,FC128,versus,2,5157,0.640625,2.0078125,0.9609375,0.25390625
12.285156,3.2148438,0.234375,0.13279502,0.0023624217,0.9216731,0.07453867,-0.007798754,9.467463,172.59766,0.16530228,0.77251506,172.59766,1158,FC128,versus,2,5158,0.63671875,2.078125,0.9296875,0.2734375
11.628906,3.0039062,0.30859375,0.11774381,0.00235696,0.91292876,0.08086708,-0.008228313,8.966078,170.0664,0.17874582,0.77318215,170.0664,1159,FC128,versus,2,5159,0.625,2.1796875,0.9140625,0.30859375
12.2734375,3.2734375,0.24609375,0.12255498,0.0023514982,0.91756546,0.08231001,-0.0032742776,9.381156,173.85547,0.17174496,0.77384925,173.85547,1160,FC128,versus,2,5160,0.671875,2.1054688,0.91796875,0.25
12.246094,3.3164062,0.25,0.12727341,0.0023460365,0.9208532,0.08145436,-0.0023839881,9.642551,171.10547,0.16827387,0.77451634,171.10547,1161,FC128,versus,2,5161,0.6640625,2.1367188,0.93359375,0.25
11.722656,3.125,0.24609375,0.12999421,0.0023405752,0.9174345,0.08238472,-0.0046167746,9.369271,166.89844,0.17461151,0.7751835,166.89844,1162,FC128,versus,2,5162,0.6484375,2.109375,0.9375,0.265625
12.324219,3.2070312,0.2421875,0.13312702,0.0023351135,0.9217713,0.07843317,-0.003866069,9.448684,171.30078,0.16522022,0.7758506,171.30078,1163,FC128,versus,2,5163,0.66796875,2.0390625,0.94140625,0.23046875
11.65625,3.1835938,0.2734375,0.12780152,0.0023296517,0.9146252,0.08572801,-0.002067655,9.4518385,166.22656,0.1761868,0.7765177,166.22656,1164,FC128,versus,2,5164,0.64453125,2.1054688,0.94921875,0.25390625
12.0078125,3.328125,0.2265625,0.13275391,0.00232419,0.92097116,0.08217393,-0.0025192166,9.557216,172.14453,0.17000338,0.7771848,172.14453,1165,FC128,versus,2,5165,0.70703125,1.9453125,0.9453125,0.24609375
12.371094,3.2421875,0.21484375,0.14223371,0.0023187282,0.9209958,0.08205386,-0.0013433659,9.716809,174.36328,0.16745406,0.77785194,174.36328,1166,FC128,versus,2,5166,0.640625,2.0898438,0.94921875,0.25390625
11.9765625,3.2148438,0.29296875,0.12350648,0.002313267,0.92035437,0.07699999,-0.0071240254,9.398701,170.29688,0.16881944,0.77851903,170.29688,1167,FC128,versus,2,5167,0.6328125,2.0625,0.9296875,0.2734375
12.175781,3.40625,0.23828125,0.1350281,0.0023078052,0.92118007,0.081575565,-0.001219717,9.900654,170.4375,0.16621381,0.7791861,170.4375,1168,FC128,versus,2,5168,0.6875,1.9492188,0.96484375,0.23828125
12.0625,3.46875,0.203125,0.13212042,0.0023023435,0.91934747,0.08373928,0.0012996134,9.922278,172.59766,0.1654877,0.7798533,172.59766,1169,FC128,versus,2,5169,0.70703125,1.9375,0.953125,0.20703125
11.707031,3.140625,0.27734375,0.12698764,0.0022968818,0.9159473,0.08782083,-3.7632053e-05,9.197877,168.79297,0.17630027,0.7805204,168.79297,1170,FC128,versus,2,5170,0.609375,2.0546875,0.9453125,0.32421875
12.8671875,3.4101562,0.21875,0.13108775,0.00229142,0.9204389,0.083121836,-0.0014581571,10.08756,170.77344,0.16976075,0.7811875,170.77344,1171,FC128,versus,2,5171,0.69921875,1.9257812,0.9609375,0.19921875
12.6171875,3.3398438,0.21875,0.12758301,0.0022859587,0.92125684,0.07923456,-0.004792963,9.852106,175.50781,0.16863836,0.78185457,175.50781,1172,FC128,versus,2,5172,0.6640625,1.9453125,0.94921875,0.23828125
12.7734375,3.2578125,0.19140625,0.13739347,0.002280497,0.9249573,0.07603635,-0.0033695388,9.7377205,174.26562,0.15943843,0.7825217,174.26562,1173,FC128,versus,2,5173,0.64453125,2.09375,0.97265625,0.25
12.3515625,3.3320312,0.21875,0.1344762,0.0022750353,0.9195424,0.08433895,-0.0012292216,9.768702,171.57031,0.1717482,0.7831888,171.57031,1174,FC128,versus,2,5174,0.67578125,1.9492188,0.96484375,0.2421875
13.152344,3.3242188,0.20703125,0.13712402,0.0022695735,0.9265816,0.07512059,-0.004269659,9.825737,173.5039,0.15940292,0.7838559,173.5039,1175,FC128,versus,2,5175,0.6484375,2.0820312,0.9609375,0.26171875
12.636719,3.21875,0.23828125,0.13039535,0.0022641118,0.9244581,0.07680606,-0.003053417,9.618634,174.80469,0.16030942,0.784523,174.80469,1176,FC128,versus,2,5176,0.64453125,2.2695312,0.93359375,0.24609375
13.46875,3.4960938,0.1953125,0.13030662,0.0022586505,0.9307743,0.07548634,-0.0036220509,10.240225,177.0586,0.15880542,0.78519017,177.0586,1177,FC128,versus,2,5177,0.71484375,1.9335938,0.953125,0.18359375
12.441406,3.2617188,0.26171875,0.13245714,0.0022531888,0.92306805,0.07833495,-0.0062835314,9.406166,171.61328,0.16983385,0.78585726,171.61328,1178,FC128,versus,2,5178,0.63671875,2.0078125,0.9453125,0.25390625
12.46875,3.2109375,0.23828125,0.13222307,0.002247727,0.92400134,0.07714121,-0.0067953975,9.4297285,172.96094,0.16846763,0.78652436,172.96094,1179,FC128,versus,2,5179,0.61328125,2.0820312,0.953125,0.2734375
12.0703125,3.2148438,0.25,0.13040774,0.0022422653,0.9204698,0.07965922,-0.006921745,9.442823,169.29297,0.17374675,0.7871915,169.29297,1180,FC128,versus,2,5180,0.640625,2.109375,0.94921875,0.24609375
12.1640625,3.2304688,0.20703125,0.13421637,0.0022368035,0.9246689,0.075867586,-0.004909301,9.699831,169.23047,0.1621542,0.7878586,169.23047,1181,FC128,versus,2,5181,0.66015625,2.2226562,0.9609375,0.23828125
12.308594,3.2851562,0.23828125,0.12517028,0.0022313423,0.9250109,0.07846345,-0.0050522564,9.5715065,169.88672,0.16759,0.7885257,169.88672,1182,FC128,versus,2,5182,0.6640625,2.0195312,0.9296875,0.23828125
12.2109375,3.1914062,0.27734375,0.12630981,0.0022258805,0.9212842,0.081299156,-0.0047124387,9.376999,168.8789,0.17258549,0.7891928,168.8789,1183,FC128,versus,2,5183,0.62109375,2.1132812,0.953125,0.29296875
12.234375,3.2265625,0.22265625,0.13485546,0.0022204188,0.92715037,0.07618347,-0.005026689,9.821964,171.11719,0.1630192,0.78985995,171.11719,1184,FC128,versus,2,5184,0.65234375,2.2070312,0.953125,0.234375
12.675781,3.3046875,0.19140625,0.13696727,0.002214957,0.92800707,0.072879724,-0.005390351,9.703276,178.66016,0.15714692,0.79052705,178.66016,1185,FC128,versus,2,5185,0.67578125,1.9804688,0.9296875,0.234375
11.746094,3.2617188,0.25390625,0.12786502,0.0022094953,0.9213693,0.08317434,-0.0026598107,9.53228,172.46094,0.17223334,0.79119414,172.46094,1186,FC128,versus,2,5186,0.6328125,1.9921875,0.9296875,0.26171875
12.1328125,3.3671875,0.234375,0.13928925,0.002204034,0.9235842,0.08205144,-0.0034196686,9.808907,170.76172,0.17155622,0.79186124,170.76172,1187,FC128,versus,2,5187,0.69921875,1.90625,0.98046875,0.21484375
11.6875,3.2734375,0.23046875,0.14053419,0.0021985723,0.9248402,0.07825582,-0.0056638247,9.616808,171.44922,0.16845724,0.7925284,171.44922,1188,FC128,versus,2,5188,0.66796875,2.0546875,0.953125,0.23828125
12.027344,3.4570312,0.20703125,0.13709746,0.0021931105,0.92883736,0.07725732,-0.002151291,9.986271,173.91016,0.15941855,0.7931955,173.91016,1189,FC128,versus,2,5189,0.6953125,1.9570312,0.96484375,0.2109375
11.6953125,3.4414062,0.2109375,0.13274163,0.0021876488,0.9229791,0.080886535,-0.0023074055,9.791185,169.01172,0.16696867,0.7938626,169.01172,1190,FC128,versus,2,5190,0.703125,1.9570312,0.9453125,0.23046875
11.7109375,3.3789062,0.25390625,0.12552333,0.002182187,0.9256564,0.08199489,-0.0026017935,9.613789,169.4961,0.1697412,0.79452974,169.4961,1191,FC128,versus,2,5191,0.6484375,2.0,0.94921875,0.24609375
11.796875,3.1953125,0.26171875,0.12700428,0.0021767258,0.92404324,0.08106496,-0.0035367047,9.459577,171.83203,0.16975623,0.79519683,171.83203,1192,FC128,versus,2,5192,0.6640625,2.15625,0.921875,0.265625
11.121094,3.1445312,0.33203125,0.12104886,0.002171264,0.9191472,0.08567313,-0.006704397,8.934632,166.7461,0.18528071,0.7958639,166.7461,1193,FC128,versus,2,5193,0.57421875,2.1523438,0.9140625,0.31640625
11.730469,3.3164062,0.25390625,0.12502234,0.0021658023,0.9230148,0.082739666,-0.003952677,9.604504,167.83984,0.17392623,0.796531,167.83984,1194,FC128,versus,2,5194,0.68359375,1.9960938,0.953125,0.24609375
11.609375,3.1992188,0.28515625,0.12292291,0.0021603405,0.9227312,0.0852239,-0.0029205016,9.403702,167.90234,0.1768199,0.7971982,167.90234,1195,FC128,versus,2,5195,0.6015625,2.1210938,0.91796875,0.26171875
11.917969,3.3789062,0.2421875,0.12751219,0.0021548788,0.9237598,0.078829244,-0.0029485505,9.564704,175.88672,0.16410513,0.7978653,175.88672,1196,FC128,versus,2,5196,0.66015625,1.9609375,0.921875,0.25
12.25,3.375,0.21484375,0.12997095,0.0021494175,0.9217523,0.080618896,-0.0025486068,9.851713,170.38672,0.16689372,0.79853237,170.38672,1197,FC128,versus,2,5197,0.671875,1.9101562,0.97265625,0.2421875
11.9140625,3.1953125,0.23828125,0.12440228,0.0021439558,0.9197685,0.08293276,-0.003013506,9.55067,169.79688,0.17242597,0.79919946,169.79688,1198,FC128,versus,2,5198,0.63671875,2.1132812,0.94140625,0.265625
11.5546875,3.0898438,0.29296875,0.123266146,0.002138494,0.9183644,0.078113854,-0.005524009,9.167564,165.34766,0.16780293,0.7998666,165.34766,1199,FC128,versus,2,5199,0.60546875,2.1523438,0.94921875,0.3125
11.9765625,3.1914062,0.27734375,0.119999714,0.0021330323,0.9170958,0.0853085,-0.0030485978,9.321563,168.78516,0.17722613,0.8005337,168.78516,1200,FC128,versus,2,5200,0.63671875,1.953125,0.92578125,0.265625
12.3828125,3.4101562,0.21484375,0.12999128,0.0021275706,0.9229616,0.07770791,-0.0035981503,10.065031,169.92188,0.16316526,0.8012008,169.92188,1201,FC128,versus,2,5201,0.67578125,1.9765625,0.94921875,0.20703125
12.78125,3.5,0.18359375,0.13509695,0.0021221093,0.92445815,0.079986386,-0.0018643803,10.181625,175.03906,0.16427492,0.8018679,175.03906,1202,FC128,versus,2,5202,0.703125,1.9492188,0.94921875,0.18359375
12.3671875,3.2617188,0.21875,0.12507485,0.0021166475,0.919497,0.08564144,0.002140938,9.614573,173.19922,0.16753048,0.80253506,173.19922,1203,FC128,versus,2,5203,0.65234375,2.1367188,0.93359375,0.23828125
12.8515625,3.3398438,0.2109375,0.12871824,0.0021111858,0.924351,0.07869557,-0.00091438857,10.082973,172.34766,0.15976341,0.80320215,172.34766,1204,FC128,versus,2,5204,0.6640625,2.0507812,0.953125,0.265625
12.589844,3.1796875,0.234375,0.12628067,0.002105724,0.920689,0.08020795,-0.0014208755,9.544286,173.15625,0.16378948,0.80386925,173.15625,1205,FC128,versus,2,5205,0.6328125,2.1171875,0.94140625,0.2578125
12.53125,3.15625,0.265625,0.123331785,0.0021002623,0.9198149,0.0745866,-0.006955674,9.415168,170.08203,0.1636026,0.8045364,170.08203,1206,FC128,versus,2,5206,0.64453125,2.15625,0.9453125,0.2578125
12.5078125,3.203125,0.25390625,0.1243322,0.002094801,0.91883224,0.07912417,-0.0067311274,9.5156765,171.1914,0.1722315,0.8052035,171.1914,1207,FC128,versus,2,5207,0.65234375,2.0351562,0.94140625,0.2578125
12.5078125,3.1640625,0.25,0.12026746,0.0020893393,0.92161953,0.0786939,-0.0027340718,9.205511,174.55469,0.1633585,0.8058706,174.55469,1208,FC128,versus,2,5208,0.625,2.1054688,0.92578125,0.26171875
12.191406,3.0703125,0.2578125,0.13137646,0.0020838776,0.91784644,0.08385593,-0.00531849,9.283616,174.20312,0.17889638,0.8065377,174.20312,1209,FC128,versus,2,5209,0.60546875,2.1875,0.94921875,0.27734375
12.109375,3.1445312,0.2578125,0.122201316,0.0020784158,0.9199614,0.08245492,-0.0040551047,9.257531,173.0586,0.17352802,0.80720484,173.0586,1210,FC128,versus,2,5210,0.63671875,2.1953125,0.92578125,0.265625
12.1796875,3.0976562,0.203125,0.13271177,0.002072954,0.9227558,0.076221064,-0.0045505906,9.546772,174.89453,0.16209352,0.80787194,174.89453,1211,FC128,versus,2,5211,0.66015625,2.25,0.94921875,0.2578125
12.25,3.171875,0.23828125,0.12602215,0.0020674928,0.9223071,0.075292245,-0.006724181,9.426839,174.22656,0.16455394,0.80853903,174.22656,1212,FC128,versus,2,5212,0.6640625,2.171875,0.92578125,0.2421875
11.828125,3.2460938,0.25,0.12535341,0.002062031,0.91472644,0.08351518,-0.0039128587,9.307856,172.78906,0.17537305,0.8092061,172.78906,1213,FC128,versus,2,5213,0.65234375,2.1054688,0.94140625,0.26953125
12.003906,3.3164062,0.22265625,0.13601585,0.0020565693,0.92159164,0.076713644,-0.003657117,9.567208,175.45703,0.16130097,0.8098733,175.45703,1214,FC128,versus,2,5214,0.66796875,2.0664062,0.92578125,0.25
11.5625,3.1445312,0.2421875,0.1336906,0.0020511076,0.9185657,0.08465582,-0.002411901,9.343159,173.21484,0.17468387,0.8105404,173.21484,1215,FC128,versus,2,5215,0.63671875,1.9960938,0.9453125,0.26953125
11.359375,3.2617188,0.2265625,0.12999947,0.0020456458,0.9187225,0.08342105,-0.0017999634,9.716431,167.89844,0.1709739,0.8112075,167.89844,1216,FC128,versus,2,5216,0.62109375,2.0078125,0.953125,0.21875
11.613281,3.3984375,0.19921875,0.14018075,0.0020401846,0.9225515,0.07883019,-0.0023166987,9.865889,172.26953,0.16286577,0.8118746,172.26953,1217,FC128,versus,2,5217,0.6953125,1.9335938,0.97265625,0.234375
11.6171875,3.296875,0.24609375,0.13052312,0.0020347228,0.92166233,0.0785158,-0.004266388,9.549213,175.69922,0.16609553,0.8125417,175.69922,1218,FC128,versus,2,5218,0.65625,2.1210938,0.921875,0.25390625
11.640625,3.1914062,0.21484375,0.13495117,0.002029261,0.924031,0.0776102,-0.00264003,9.858342,172.70703,0.16104817,0.8132088,172.70703,1219,FC128,versus,2,5219,0.59375,2.1210938,0.9609375,0.28125
11.457031,3.265625,0.2265625,0.13058354,0.0020237993,0.9229412,0.07880717,-0.0038699761,9.545321,172.27734,0.16588283,0.8138759,172.27734,1220,FC128,versus,2,5220,0.67578125,2.0078125,0.9375,0.23828125
11.347656,3.1796875,0.25390625,0.12847267,0.0020183376,0.91841817,0.08684434,-0.00031640046,9.269048,171.55469,0.1748401,0.81454307,171.55469,1221,FC128,versus,2,5221,0.64453125,1.9492188,0.94140625,0.296875
11.1875,3.2773438,0.27734375,0.12390564,0.0020128763,0.92431986,0.080535576,-0.003400809,9.698558,169.875,0.16837159,0.81521016,169.875,1222,FC128,versus,2,5222,0.6640625,1.9921875,0.96484375,0.25390625
10.8359375,3.1132812,0.28515625,0.12773244,0.0020074146,0.91246223,0.08923713,-0.0035379734,8.966449,167.41797,0.18606304,0.81587726,167.41797,1223,FC128,versus,2,5223,0.60546875,2.0976562,0.9296875,0.26171875
11.613281,3.2226562,0.26171875,0.13576487,0.0020019528,0.9245471,0.0798627,-0.0035891444,9.450712,174.57812,0.16744728,0.81654435,174.57812,1224,FC128,versus,2,5224,0.62890625,2.0859375,0.9375,0.265625
11.738281,3.5273438,0.2109375,0.12733187,0.001996491,0.922974,0.07689606,-0.006437634,9.861746,173.10938,0.16717581,0.8172115,173.10938,1225,FC128,versus,2,5225,0.69921875,1.8945312,0.92578125,0.2109375
11.7734375,3.3046875,0.21484375,0.13198107,0.0019910294,0.9238132,0.07894165,-0.004277725,9.855919,172.0,0.1669643,0.8178786,172.0,1226,FC128,versus,2,5226,0.65234375,2.0976562,0.9453125,0.26171875
11.109375,3.203125,0.29296875,0.12886447,0.001985568,0.92500997,0.079541706,-0.0038399075,9.187248,173.63281,0.16727497,0.8185457,173.63281,1227,FC128,versus,2,5227,0.62890625,2.0976562,0.92578125,0.26171875
11.4375,3.2421875,0.265625,0.13171874,0.0019801063,0.92331165,0.08011717,-0.0046532056,9.634514,169.03125,0.1700624,0.81921285,169.03125,1228,FC128,versus,2,5228,0.6484375,2.1132812,0.953125,0.28125
11.71875,3.3125,0.21875,0.13812616,0.0019746446,0.9270837,0.076751366,-0.0042950218,9.649445,173.53125,0.16263828,0.81987995,173.53125,1229,FC128,versus,2,5229,0.671875,1.9570312,0.95703125,0.2265625
11.191406,3.1289062,0.25390625,0.13522387,0.0019691829,0.92367756,0.08082223,-0.0018983504,9.171679,169.78906,0.16597372,0.82054704,169.78906,1230,FC128,versus,2,5230,0.64453125,2.1210938,0.96484375,0.24609375
11.449219,3.1679688,0.23828125,0.1353465,0.0019637211,0.92455053,0.07126086,-0.010550521,9.432422,173.97266,0.16415434,0.82121414,173.97266,1231,FC128,versus,2,5231,0.6328125,2.171875,0.9296875,0.28125
12.0859375,3.484375,0.19140625,0.14191833,0.0019582598,0.9296169,0.06991146,-0.0056612077,9.945606,176.98047,0.15170115,0.8218813,176.98047,1232,FC128,versus,2,5232,0.69921875,1.890625,0.9453125,0.2265625
11.722656,3.1679688,0.2578125,0.13714066,0.0019527981,0.92412627,0.072016634,-0.011093296,9.512669,171.6836,0.16675548,0.8225484,171.6836,1233,FC128,versus,2,5233,0.609375,2.1835938,0.94140625,0.3046875
11.859375,3.4804688,0.2265625,0.12593462,0.0019473364,0.9234356,0.077389814,-0.007215822,9.821457,174.36719,0.16970174,0.8232155,174.36719,1234,FC128,versus,2,5234,0.6640625,1.8320312,0.91796875,0.21875
11.832031,3.3671875,0.18359375,0.13447107,0.0019418746,0.9319895,0.07552347,-0.0015657118,10.128974,173.54688,0.15470062,0.8238826,173.54688,1235,FC128,versus,2,5235,0.6640625,2.15625,0.953125,0.20703125
11.546875,3.28125,0.23046875,0.13073845,0.0019364129,0.92621666,0.07841903,-0.0023914333,9.684903,176.23438,0.16212726,0.82454973,176.23438,1236,FC128,versus,2,5236,0.609375,2.2617188,0.90625,0.25390625
11.0625,3.1796875,0.24609375,0.13437594,0.0019309516,0.92056346,0.0810785,-0.004367021,9.370936,167.25781,0.17141,0.8252168,167.25781,1237,FC128,versus,2,5237,0.5859375,2.1171875,0.93359375,0.26171875
11.097656,3.3125,0.23828125,0.13512234,0.0019254899,0.92424077,0.07772836,-0.005656411,9.499268,170.03516,0.1672899,0.8258839,170.03516,1238,FC128,versus,2,5238,0.65234375,2.0273438,0.94140625,0.2421875
11.175781,3.1445312,0.23828125,0.12981412,0.0019200281,0.9211502,0.079112016,-0.0044803955,9.405827,170.26172,0.16768332,0.8265511,170.26172,1239,FC128,versus,2,5239,0.60546875,2.21875,0.9453125,0.2890625
11.628906,3.3515625,0.24609375,0.1253437,0.0019145664,0.9247628,0.07551713,-0.00729016,9.575943,175.51562,0.16609454,0.8272182,175.51562,1240,FC128,versus,2,5240,0.64453125,1.984375,0.921875,0.25390625
11.300781,3.359375,0.2421875,0.13074197,0.0019091046,0.92348516,0.08034827,-0.003062235,9.669498,173.46875,0.1673202,0.82788527,173.46875,1241,FC128,versus,2,5241,0.66015625,2.0,0.92578125,0.25
11.027344,3.2617188,0.265625,0.12491141,0.0019036434,0.92035156,0.08393945,-0.001797459,9.530828,166.64062,0.17194939,0.82855237,166.64062,1242,FC128,versus,2,5242,0.6484375,2.0195312,0.9375,0.265625
12.027344,3.4335938,0.18359375,0.12757303,0.0018981816,0.92698234,0.07471901,-0.00415087,10.068914,174.8789,0.15822408,0.8292195,174.8789,1243,FC128,versus,2,5243,0.69140625,2.0390625,0.9375,0.20703125
11.5,3.2773438,0.2578125,0.12365505,0.0018927199,0.92387193,0.07878794,-0.0030489499,9.669487,170.03516,0.16414186,0.8298866,170.03516,1244,FC128,versus,2,5244,0.6328125,2.09375,0.92578125,0.26953125
11.78125,3.4335938,0.23046875,0.12355981,0.0018872581,0.92551666,0.07773897,-0.003798164,9.922873,171.89844,0.16354065,0.8305537,171.89844,1245,FC128,versus,2,5245,0.6640625,2.03125,0.9375,0.234375
11.796875,3.3359375,0.234375,0.1372579,0.0018817964,0.92782164,0.074391454,-0.0058470676,9.716928,173.71094,0.16099362,0.8312208,173.71094,1246,FC128,versus,2,5246,0.68359375,2.0234375,0.9296875,0.2265625
11.863281,3.2460938,0.234375,0.12816551,0.0018763351,0.9231469,0.08056801,-0.004252395,9.643394,170.15234,0.17012177,0.83188796,170.15234,1247,FC128,versus,2,5247,0.65625,2.0351562,0.96484375,0.234375
11.8046875,3.15625,0.265625,0.12708777,0.0018708734,0.9198219,0.08090899,-0.0045443485,8.963746,174.57422,0.1713822,0.83255506,174.57422,1248,FC128,versus,2,5248,0.59765625,2.2226562,0.90625,0.31640625
12.386719,3.2851562,0.234375,0.124883704,0.0018654116,0.92721134,0.075684935,-0.005928393,9.591696,172.30078,0.16369256,0.83322215,172.30078,1249,FC128,versus,2,5249,0.6328125,2.0664062,0.921875,0.265625
12.878906,3.3554688,0.17578125,0.12527032,0.0018599499,0.92848164,0.07608855,-0.0029026582,9.895601,176.89453,0.1584484,0.8338893,176.89453,1250,FC128,versus,2,5250,0.66015625,2.0820312,0.9375,0.22265625
12.8125,3.1367188,0.22265625,0.12427769,0.0018544882,0.9244292,0.07927227,-0.0019569641,9.511904,174.00781,0.1629194,0.8345564,174.00781,1251,FC128,versus,2,5251,0.625,2.1679688,0.921875,0.265625
12.84375,3.1953125,0.23046875,0.12198492,0.0018490269,0.92559886,0.07400913,-0.004480891,9.429567,174.99219,0.15743114,0.8352235,174.99219,1252,FC128,versus,2,5252,0.640625,2.09375,0.953125,0.25
12.984375,3.421875,0.1953125,0.13111278,0.0018435651,0.92587674,0.07802136,-0.002469418,9.966569,175.6836,0.16146499,0.8358906,175.6836,1253,FC128,versus,2,5253,0.6796875,1.953125,0.95703125,0.23046875
12.78125,3.3203125,0.25,0.11286759,0.0018381034,0.91680086,0.0803732,-0.0064425194,9.316589,171.41797,0.17404635,0.83655775,171.41797,1254,FC128,versus,2,5254,0.64453125,1.9609375,0.91015625,0.26171875
12.511719,3.2070312,0.25390625,0.1233507,0.0018326417,0.9213432,0.076508775,-0.005969617,9.501587,173.14062,0.1654089,0.83722484,173.14062,1255,FC128,versus,2,5255,0.65625,2.1328125,0.94140625,0.23828125
12.5859375,3.1445312,0.24609375,0.11525351,0.0018271799,0.92168605,0.077934474,-0.0041895704,9.456539,170.64844,0.16466928,0.83789194,170.64844,1256,FC128,versus,2,5256,0.6328125,2.2578125,0.91796875,0.25390625
13.207031,3.4257812,0.1796875,0.1252215,0.0018217186,0.92803943,0.070122786,-0.005505527,9.988333,177.7539,0.15171286,0.83855903,177.7539,1257,FC128,versus,2,5257,0.7265625,1.96875,0.953125,0.2109375
12.71875,3.3828125,0.1875,0.1333443,0.0018162569,0.9271351,0.076112874,-0.0024690023,9.956576,174.54688,0.15764813,0.8392262,174.54688,1258,FC128,versus,2,5258,0.7109375,2.0,0.953125,0.18359375
12.21875,3.2421875,0.25,0.12305819,0.0018107952,0.9237001,0.08264217,-0.0004440224,9.621509,171.29297,0.16661805,0.8398933,171.29297,1259,FC128,versus,2,5259,0.6484375,2.1445312,0.94140625,0.25390625
12.277344,3.2460938,0.2265625,0.11595666,0.0018053334,0.9252552,0.08228122,-0.000897254,9.718729,172.8086,0.16677561,0.8405604,172.8086,1260,FC128,versus,2,5260,0.6640625,2.1367188,0.94921875,0.234375
12.660156,3.3398438,0.23046875,0.1266165,0.0017998717,0.9309794,0.07297526,-0.005945818,9.886102,173.72266,0.15829794,0.84122753,173.72266,1261,FC128,versus,2,5261,0.6328125,2.0585938,0.9375,0.25390625
12.6171875,3.5234375,0.19140625,0.12562737,0.0017944104,0.9303199,0.07432002,-0.0045189317,10.230564,175.23047,0.15812875,0.8418946,175.23047,1262,FC128,versus,2,5262,0.69921875,2.0,0.9375,0.21875
12.535156,3.6054688,0.1796875,0.12597737,0.0017889487,0.9268875,0.08106505,-0.001309447,10.192089,174.1836,0.16519973,0.8425617,174.1836,1263,FC128,versus,2,5263,0.6953125,1.8710938,0.95703125,0.1875
12.2265625,3.3554688,0.21484375,0.12772661,0.0017834869,0.93050736,0.07935915,-0.0018141335,9.743529,175.29688,0.16280217,0.8432288,175.29688,1264,FC128,versus,2,5264,0.67578125,2.0195312,0.9375,0.23046875
11.890625,3.0585938,0.265625,0.12228705,0.0017780252,0.9252312,0.08194383,-0.004990954,9.413132,173.97266,0.17430444,0.843896,173.97266,1265,FC128,versus,2,5265,0.62109375,2.25,0.9296875,0.2734375
12.058594,3.4140625,0.21875,0.12586442,0.0017725634,0.9287294,0.08413158,-0.002648426,9.795282,171.29297,0.17400622,0.84456307,171.29297,1266,FC128,versus,2,5266,0.6953125,1.859375,0.94921875,0.2109375
11.9921875,3.4453125,0.203125,0.13429125,0.0017671022,0.92864454,0.08002539,-0.005132181,9.908362,172.55078,0.17078976,0.84523016,172.55078,1267,FC128,versus,2,5267,0.66015625,1.9453125,0.953125,0.24609375
11.902344,3.2539062,0.24609375,0.13083391,0.0017616404,0.92823756,0.07655916,-0.0067980844,9.488045,170.33594,0.16717546,0.84589726,170.33594,1268,FC128,versus,2,5268,0.65625,2.078125,0.94921875,0.26953125
12.328125,3.328125,0.171875,0.13759235,0.0017561787,0.9303582,0.07323356,-0.007937932,9.823883,177.71875,0.16282625,0.8465644,177.71875,1269,FC128,versus,2,5269,0.67578125,1.96875,0.96875,0.203125
11.6953125,3.1484375,0.26953125,0.13256584,0.0017507169,0.9254129,0.07935085,-0.0056441235,9.199874,174.21875,0.17045411,0.8472315,174.21875,1270,FC128,versus,2,5270,0.625,2.1171875,0.9296875,0.28515625
11.816406,3.1875,0.23828125,0.13684997,0.0017452552,0.92676985,0.0732895,-0.008461475,9.493162,170.91406,0.16397962,0.8478986,170.91406,1271,FC128,versus,2,5271,0.66015625,2.109375,0.96875,0.23046875
12.03125,3.3164062,0.2265625,0.14015536,0.0017397939,0.929542,0.07304921,-0.005862037,9.556591,176.5664,0.15831017,0.84856576,176.5664,1272,FC128,versus,2,5272,0.7109375,2.0117188,0.93359375,0.21484375
11.714844,3.328125,0.22265625,0.13408926,0.0017343322,0.9240088,0.07819618,-0.0059398557,9.549941,172.41797,0.16873719,0.84923285,172.41797,1273,FC128,versus,2,5273,0.68359375,1.9492188,0.953125,0.21484375
12.113281,3.4570312,0.19140625,0.12934825,0.0017288704,0.9276036,0.07487193,-0.0026626918,9.957329,174.86328,0.15551649,0.84989995,174.86328,1274,FC128,versus,2,5274,0.67578125,2.0039062,0.9375,0.2265625
11.472656,3.2148438,0.24609375,0.12575021,0.0017234087,0.9221822,0.078300595,-0.0031038285,9.412686,169.57422,0.1632423,0.85056704,169.57422,1275,FC128,versus,2,5275,0.6640625,2.09375,0.9296875,0.24609375
11.917969,3.1796875,0.234375,0.13679776,0.001717947,0.9257108,0.07628616,-0.0031348416,9.605249,172.64062,0.15931202,0.8512342,172.64062,1276,FC128,versus,2,5276,0.60546875,2.1875,0.9453125,0.296875
11.839844,3.3164062,0.2109375,0.13542733,0.0017124857,0.9248252,0.07651167,-0.0037386185,9.662638,175.6875,0.16096441,0.8519013,175.6875,1277,FC128,versus,2,5277,0.640625,2.0664062,0.94140625,0.25390625
11.4140625,3.1992188,0.23828125,0.12870249,0.0017070239,0.9222083,0.07652226,-0.0065635536,9.488569,173.50781,0.16661102,0.8525684,173.50781,1278,FC128,versus,2,5278,0.61328125,2.2382812,0.92578125,0.26171875
11.097656,3.09375,0.265625,0.12848067,0.0017015622,0.9190539,0.08399875,-0.0010381695,9.067507,170.6914,0.17051107,0.8532355,170.6914,1279,FC128,versus,2,5279,0.640625,2.0390625,0.92578125,0.2578125
11.5546875,3.3671875,0.23046875,0.13216177,0.0016961005,0.91988015,0.08435233,-0.0004902845,9.872184,168.36328,0.17013355,0.85390264,168.36328,1280,FC128,versus,2,5280,0.6484375,2.09375,0.9609375,0.25390625
11.0546875,3.3046875,0.24609375,0.12681797,0.0016906387,0.9152102,0.08610852,-0.0030806717,9.519918,170.14062,0.1788072,0.85456973,170.14062,1281,FC128,versus,2,5281,0.6796875,2.0429688,0.921875,0.25390625
11.902344,3.3945312,0.2265625,0.1321841,0.0016851774,0.92473274,0.07646983,-0.0045660352,9.838736,173.0,0.16251723,0.8552368,173.0,1282,FC128,versus,2,5282,0.6875,1.9609375,0.953125,0.234375
12.0078125,3.3125,0.21875,0.11918716,0.0016797157,0.9216177,0.08174709,-0.001531307,9.719822,175.76172,0.1669572,0.855904,175.76172,1283,FC128,versus,2,5283,0.65234375,2.0742188,0.91015625,0.234375
12.25,3.328125,0.1875,0.1361826,0.001674254,0.926056,0.07669798,-0.0036759556,9.820685,175.52734,0.16120388,0.8565711,175.52734,1284,FC128,versus,2,5284,0.72265625,2.0546875,0.953125,0.2265625
11.605469,3.2070312,0.28515625,0.1190043,0.0016687922,0.92085,0.076339684,-0.0102584995,9.332922,170.1289,0.17359357,0.8572382,170.1289,1285,FC128,versus,2,5285,0.609375,2.15625,0.92578125,0.28515625
12.339844,3.3867188,0.21484375,0.122304015,0.0016633305,0.92002267,0.081879035,-0.003827088,9.877874,167.13281,0.1718191,0.85790527,167.13281,1286,FC128,versus,2,5286,0.6875,1.9765625,0.97265625,0.23046875
12.40625,3.2148438,0.2109375,0.118367545,0.0016578692,0.92485756,0.076626144,-0.005570958,9.716683,174.19922,0.16478668,0.8585724,174.19922,1287,FC128,versus,2,5287,0.671875,2.1171875,0.9296875,0.21875
12.269531,3.2890625,0.2578125,0.119065925,0.0016524075,0.91951436,0.08238091,-0.0042624027,9.547263,171.29688,0.17368013,0.8592395,171.29688,1288,FC128,versus,2,5288,0.65234375,2.09375,0.9296875,0.25390625
12.7109375,3.2734375,0.2265625,0.124487616,0.0016469457,0.92198545,0.08153879,-0.003066511,9.738369,173.88672,0.16962065,0.8599066,173.88672,1289,FC128,versus,2,5289,0.66796875,2.1054688,0.93359375,0.23828125
12.738281,3.3320312,0.2578125,0.12091987,0.001641484,0.92267805,0.0715056,-0.01189382,9.585303,173.54297,0.16719583,0.8605737,173.54297,1290,FC128,versus,2,5290,0.65234375,2.1210938,0.921875,0.2578125
12.941406,3.3867188,0.2109375,0.12964502,0.0016360222,0.9242828,0.0753506,-0.0051800297,9.623013,176.13672,0.16148546,0.86124086,176.13672,1291,FC128,versus,2,5291,0.72265625,1.984375,0.94140625,0.1953125
13.75,3.3046875,0.14453125,0.13922386,0.001630561,0.92737836,0.07203597,-0.0041549588,9.717849,183.17188,0.15283588,0.86190796,183.17188,1292,FC128,versus,2,5292,0.65234375,2.09375,0.953125,0.2265625
13.011719,3.0195312,0.25,0.122945346,0.0016250992,0.9209924,0.076723695,-0.004487195,9.242081,175.86328,0.16282137,0.86257505,175.86328,1293,FC128,versus,2,5293,0.609375,2.265625,0.9453125,0.30078125
12.691406,3.1054688,0.22265625,0.13549255,0.0016196375,0.9231307,0.077240944,-0.0029195193,9.305047,174.2461,0.16075982,0.8632422,174.2461,1294,FC128,versus,2,5294,0.640625,2.2148438,0.94140625,0.26953125
13.253906,3.2617188,0.19140625,0.12941813,0.0016141757,0.92337984,0.073098645,-0.0062810527,9.664522,177.0039,0.15917721,0.8639093,177.0039,1295,FC128,versus,2,5295,0.6640625,2.0585938,0.953125,0.2265625
12.75,3.2578125,0.19921875,0.13089903,0.001608714,0.9270621,0.07450082,-0.0020629603,9.681568,178.57812,0.15354872,0.8645764,178.57812,1296,FC128,versus,2,5296,0.6796875,2.0390625,0.94140625,0.19921875
12.675781,3.2148438,0.171875,0.13880336,0.0016032527,0.9301647,0.07526535,0.00020004019,9.683521,179.8711,0.15057568,0.8652435,179.8711,1297,FC128,versus,2,5297,0.68359375,2.1640625,0.953125,0.22265625
12.019531,3.3671875,0.1953125,0.1333253,0.001597791,0.9279227,0.07807636,-0.002822565,9.90081,176.71094,0.1622239,0.86591065,176.71094,1298,FC128,versus,2,5298,0.65625,1.9335938,0.94921875,0.25
11.605469,3.3164062,0.21875,0.13137299,0.0015923292,0.92775667,0.074975796,-0.005257805,9.505533,175.39062,0.16088559,0.86657774,175.39062,1299,FC128,versus,2,5299,0.68359375,2.0742188,0.94921875,0.23828125
10.691406,3.2421875,0.2734375,0.13042152,0.0015868675,0.92439145,0.07995072,-0.004975024,9.214573,174.38281,0.1702654,0.86724484,174.38281,1300,FC128,versus,2,5300,0.6328125,1.984375,0.93359375,0.29296875
10.78125,3.140625,0.25390625,0.1221391,0.0015814058,0.9228759,0.082240686,-0.004063695,9.316042,173.67969,0.17299506,0.86791193,173.67969,1301,FC128,versus,2,5301,0.6328125,2.1796875,0.92578125,0.28125
10.980469,3.1757812,0.23046875,0.13433823,0.0015759445,0.92946887,0.07178312,-0.00791489,9.337615,176.77734,0.15981942,0.8685791,176.77734,1302,FC128,versus,2,5302,0.625,2.1601562,0.9453125,0.30078125
10.4609375,3.125,0.23046875,0.12949863,0.0015704827,0.92691004,0.07957749,-0.0016875818,9.268472,174.51172,0.1629369,0.8692462,174.51172,1303,FC128,versus,2,5303,0.65234375,2.1289062,0.9296875,0.265625
10.90625,3.3476562,0.234375,0.12658767,0.001565021,0.92588055,0.08066723,-0.001886638,9.661898,172.60547,0.16550395,0.8699133,172.60547,1304,FC128,versus,2,5304,0.6328125,2.0039062,0.9375,0.2734375
10.769531,3.2695312,0.25390625,0.123945475,0.0015595593,0.923768,0.08477352,-0.0023838338,9.481579,171.91797,0.1747013,0.87058043,171.91797,1305,FC128,versus,2,5305,0.6484375,1.9882812,0.93359375,0.25
11.105469,3.2382812,0.24609375,0.13229185,0.0015540975,0.92465615,0.07854771,-0.004495034,9.3542595,175.1836,0.16649666,0.87124753,175.1836,1306,FC128,versus,2,5306,0.65625,2.1328125,0.921875,0.2734375
11.28125,3.3632812,0.22265625,0.12590006,0.0015486362,0.9243004,0.0762888,-0.006136136,9.608337,175.88672,0.16523981,0.8719146,175.88672,1307,FC128,versus,2,5307,0.64453125,2.03125,0.90625,0.2578125
11.316406,3.3710938,0.2578125,0.11876825,0.0015431745,0.92366076,0.0836131,-0.00084730814,9.631096,171.72266,0.16928737,0.8725817,171.72266,1308,FC128,versus,2,5308,0.6328125,2.0898438,0.92578125,0.24609375
11.46875,3.2382812,0.234375,0.1339961,0.0015377128,0.92202246,0.08107955,-0.00070345,9.295671,173.51562,0.16397808,0.8732489,173.51562,1309,FC128,versus,2,5309,0.63671875,2.0625,0.9375,0.2734375
11.9296875,3.1953125,0.23828125,0.121543355,0.001532251,0.9241815,0.08123697,0.00055050297,9.330894,174.75,0.16174541,0.873916,174.75,1310,FC128,versus,2,5310,0.640625,2.1367188,0.9375,0.25390625
12.2265625,3.2617188,0.25,0.12207352,0.0015267893,0.92299336,0.08165229,-0.0021090887,9.7115135,169.97656,0.16789553,0.87458307,169.97656,1311,FC128,versus,2,5311,0.640625,2.0429688,0.94921875,0.25
12.4921875,3.3007812,0.2265625,0.12068514,0.001521328,0.9238745,0.081787616,-5.4726966e-05,9.523473,175.5664,0.16405189,0.87525016,175.5664,1312,FC128,versus,2,5312,0.6875,2.0078125,0.92578125,0.23046875
12.5703125,3.21875,0.23828125,0.12369554,0.0015158663,0.9223791,0.076663226,-0.0045885434,9.321908,177.29297,0.16287856,0.8759173,177.29297,1313,FC128,versus,2,5313,0.6484375,2.0625,0.90234375,0.23828125
12.875,3.0664062,0.25,0.12202345,0.0015104045,0.92329097,0.08166085,-0.0033718678,9.328354,170.6875,0.17043404,0.8765844,170.6875,1314,FC128,versus,2,5314,0.62890625,2.2226562,0.9296875,0.27734375
13.0390625,3.2070312,0.23046875,0.13320024,0.0015049428,0.92772704,0.07430273,-0.0048972336,9.520435,175.17188,0.15880086,0.8772515,175.17188,1315,FC128,versus,2,5315,0.64453125,2.109375,0.94921875,0.26171875
12.878906,3.1757812,0.23828125,0.13038549,0.001499481,0.92221814,0.07422883,-0.008713647,9.459942,170.96094,0.16627598,0.87791866,170.96094,1316,FC128,versus,2,5316,0.65234375,2.0429688,0.95703125,0.25
12.964844,3.2695312,0.234375,0.13159965,0.0014940198,0.9257305,0.080125995,-0.0038979866,9.508189,174.4414,0.16844119,0.87858576,174.4414,1317,FC128,versus,2,5317,0.671875,1.984375,0.94921875,0.2421875
12.347656,3.3046875,0.2578125,0.11880439,0.001488558,0.9191957,0.081745595,-0.0045751524,9.401171,175.71484,0.1729952,0.87925285,175.71484,1318,FC128,versus,2,5318,0.62890625,2.0625,0.9375,0.29296875
12.550781,3.265625,0.24609375,0.12610985,0.0014830963,0.92378145,0.079934046,-0.0051230993,9.681316,173.11719,0.17048836,0.87991995,173.11719,1319,FC128,versus,2,5319,0.65625,1.9570312,0.95703125,0.23046875
12.140625,3.1875,0.2578125,0.12492005,0.0014776345,0.9204135,0.07993539,-0.0044608274,9.3831215,174.0,0.1691616,0.8805871,174.0,1320,FC128,versus,2,5320,0.625,2.2148438,0.921875,0.296875
11.777344,3.2226562,0.24609375,0.11775779,0.0014721728,0.9175353,0.08136439,-0.003633897,9.387554,169.61328,0.1703433,0.8812542,169.61328,1321,FC128,versus,2,5321,0.65625,2.0742188,0.9375,0.2578125
11.832031,3.2226562,0.19921875,0.13721327,0.0014667115,0.9203322,0.076085344,-0.0064501,9.515164,172.91406,0.1654734,0.8819213,172.91406,1322,FC128,versus,2,5322,0.65234375,2.125,0.953125,0.25
11.566406,3.2539062,0.24609375,0.12613666,0.0014612498,0.92327994,0.08093134,-0.0025258528,9.531774,172.32422,0.16728303,0.8825884,172.32422,1323,FC128,versus,2,5323,0.66796875,2.0585938,0.93359375,0.24609375
11.652344,3.1445312,0.25390625,0.12388774,0.001455788,0.9244429,0.08059471,-0.0008167629,9.597092,168.20703,0.16318366,0.88325554,168.20703,1324,FC128,versus,2,5324,0.62109375,2.2109375,0.9609375,0.28125
11.316406,3.1367188,0.27734375,0.12549336,0.0014503263,0.9184504,0.07978765,-0.0031857286,9.163661,173.16797,0.16631076,0.88392264,173.16797,1325,FC128,versus,2,5325,0.59765625,2.1601562,0.91015625,0.3203125
11.207031,3.15625,0.28125,0.12812904,0.0014448646,0.91817296,0.080364704,-0.002498719,9.19711,169.625,0.1660971,0.88458973,169.625,1326,FC128,versus,2,5326,0.62109375,2.1171875,0.94921875,0.28515625
11.703125,3.328125,0.18359375,0.13334683,0.0014394033,0.9221884,0.076048106,-0.0022008037,9.771234,176.97656,0.1568817,0.8852569,176.97656,1327,FC128,versus,2,5327,0.62109375,2.125,0.94140625,0.2421875
11.875,3.3320312,0.19921875,0.13263813,0.0014339415,0.9245545,0.078233056,-0.0019945037,9.924995,175.48828,0.16083552,0.885924,175.48828,1328,FC128,versus,2,5328,0.70703125,1.96875,0.95703125,0.2109375
11.8828125,3.3789062,0.2109375,0.13375317,0.0014284798,0.9228864,0.07520834,-0.0059182006,9.858198,173.42578,0.1626352,0.8865911,173.42578,1329,FC128,versus,2,5329,0.66015625,2.0546875,0.94140625,0.23828125
11.269531,3.2109375,0.26171875,0.12558609,0.001423018,0.9194419,0.08565902,-0.0009002114,9.608948,165.47656,0.17347588,0.8872582,165.47656,1330,FC128,versus,2,5330,0.62890625,2.09375,0.9375,0.25390625
11.894531,3.3554688,0.1796875,0.13092154,0.0014175563,0.9277927,0.07719764,-0.0011523437,10.122631,174.90625,0.15707114,0.8879253,174.90625,1331,FC128,versus,2,5331,0.65625,2.1679688,0.9296875,0.21875
11.785156,3.3007812,0.2265625,0.1333992,0.001412095,0.9282173,0.0753093,-0.0051087276,9.829487,173.52344,0.1612128,0.8885924,173.52344,1332,FC128,versus,2,5332,0.66015625,2.0,0.9609375,0.25390625
11.6796875,3.4257812,0.1796875,0.1294716,0.0014066333,0.9274652,0.07829775,-0.004854873,10.044254,175.1211,0.16666949,0.8892595,175.1211,1333,FC128,versus,2,5333,0.671875,1.921875,0.9609375,0.21484375
11.816406,3.2929688,0.1796875,0.13835537,0.0014011716,0.92986125,0.07781367,-0.00271745,9.853975,175.58203,0.16144995,0.8899266,175.58203,1334,FC128,versus,2,5334,0.66796875,2.1914062,0.953125,0.21875
11.738281,3.203125,0.19140625,0.13687427,0.0013957098,0.9318582,0.0744906,-0.0052365623,9.72703,179.3086,0.1598364,0.89059377,179.3086,1335,FC128,versus,2,5335,0.66015625,2.1523438,0.93359375,0.2734375
11.222656,3.2578125,0.23046875,0.12589133,0.0013902481,0.9260934,0.0829171,-0.004402781,9.55201,170.10938,0.1749898,0.89126086,170.10938,1336,FC128,versus,2,5336,0.62890625,2.1015625,0.94140625,0.23046875
11.222656,3.4492188,0.20703125,0.1353317,0.0013847868,0.9295297,0.07589982,-0.007813122,9.890688,167.78125,0.1678007,0.89192796,167.78125,1337,FC128,versus,2,5337,0.6640625,1.9453125,0.96484375,0.22265625
10.855469,3.1953125,0.25,0.12141545,0.001379325,0.9270169,0.07838878,-0.005496238,9.439606,171.09766,0.16810499,0.8925951,171.09766,1338,FC128,versus,2,5338,0.61328125,2.0820312,0.9453125,0.28125
11.0703125,3.15625,0.22265625,0.12674057,0.0013738633,0.92613685,0.077821925,-0.008058378,9.556692,172.6836,0.17210886,0.8932622,172.6836,1339,FC128,versus,2,5339,0.6328125,2.125,0.94921875,0.23828125
11.253906,3.2890625,0.20703125,0.12806107,0.0013684016,0.9294975,0.0667171,-0.014697223,9.666142,175.85156,0.16317913,0.8939293,175.85156,1340,FC128,versus,2,5340,0.67578125,2.0625,0.9375,0.2265625
11.2265625,3.3242188,0.21484375,0.1207269,0.0013629398,0.9280591,0.07539822,-0.004834265,9.853317,173.32031,0.16079406,0.8945964,173.32031,1341,FC128,versus,2,5341,0.6328125,2.015625,0.96484375,0.2578125
11.082031,3.3828125,0.23828125,0.13187149,0.0013574786,0.9274356,0.07655509,-0.0068686027,9.848558,172.1211,0.16720541,0.89526355,172.1211,1342,FC128,versus,2,5342,0.6953125,1.9414062,0.9453125,0.22265625
10.511719,3.3320312,0.24609375,0.13038883,0.0013520168,0.92581487,0.07562869,-0.00725058,9.391318,173.98828,0.16611111,0.89593065,173.98828,1343,FC128,versus,2,5343,0.625,2.0664062,0.91796875,0.28515625
10.8125,3.3007812,0.21875,0.13159996,0.0013465551,0.92767423,0.07334084,-0.0077713844,9.862909,170.3125,0.16257887,0.89659774,170.3125,1344,FC128,versus,2,5344,0.625,2.0742188,0.9609375,0.2578125
10.394531,3.3046875,0.265625,0.11986456,0.0013410933,0.9218909,0.083949335,-0.0018865374,9.536505,168.60547,0.17199324,0.89726484,168.60547,1345,FC128,versus,2,5345,0.66015625,2.0273438,0.9296875,0.24609375
10.6015625,3.1835938,0.26953125,0.12227001,0.0013356316,0.9204137,0.08192127,-0.0044972855,9.263985,169.60938,0.17316373,0.897932,169.60938,1346,FC128,versus,2,5346,0.609375,2.0625,0.953125,0.26171875
10.683594,3.3046875,0.234375,0.120858714,0.0013301703,0.92173004,0.081323534,-0.0037500733,9.547483,174.05469,0.17046873,0.8985991,174.05469,1347,FC128,versus,2,5347,0.64453125,2.1054688,0.92578125,0.25390625
10.8984375,3.2382812,0.22265625,0.12818149,0.0013247086,0.92368114,0.08025746,-0.0011611127,9.491775,172.21094,0.16317676,0.8992662,172.21094,1348,FC128,versus,2,5348,0.63671875,2.078125,0.9375,0.2421875
11.1328125,3.2539062,0.22265625,0.11574525,0.0013192468,0.9233118,0.078647226,-0.0025520565,9.745339,171.99219,0.16270396,0.89993334,171.99219,1349,FC128,versus,2,5349,0.63671875,2.1015625,0.953125,0.26953125
11.3828125,3.3789062,0.1953125,0.12397323,0.0013137851,0.9251358,0.07722465,-0.0020402083,9.703102,177.91797,0.15885547,0.90060043,177.91797,1350,FC128,versus,2,5350,0.7109375,2.0195312,0.9140625,0.20703125
11.109375,3.1367188,0.26171875,0.11585004,0.0013083233,0.9229425,0.08117663,-0.0023394169,9.379158,173.0586,0.16733523,0.9012675,173.0586,1351,FC128,versus,2,5351,0.65234375,2.1679688,0.93359375,0.28125
11.519531,3.359375,0.23046875,0.12196702,0.0013028621,0.9254652,0.07909504,-0.0013125486,9.611773,172.98047,0.16113299,0.9019346,172.98047,1352,FC128,versus,2,5352,0.68359375,1.984375,0.9375,0.22265625
11.355469,3.21875,0.23046875,0.12603688,0.0012974003,0.92592573,0.0771476,-0.0070122513,9.512812,173.53906,0.16864674,0.9026018,173.53906,1353,FC128,versus,2,5353,0.6484375,2.109375,0.92578125,0.2578125
11.339844,3.1523438,0.265625,0.11925743,0.0012919386,0.9225294,0.07950911,-0.0036490415,9.284618,167.9961,0.16662444,0.9032689,167.9961,1354,FC128,versus,2,5354,0.640625,2.0507812,0.94921875,0.265625
12.0390625,3.2226562,0.2109375,0.12030345,0.0012864769,0.9242762,0.082891315,-0.0014443175,9.484848,174.4336,0.1689808,0.90393597,174.4336,1355,FC128,versus,2,5355,0.66015625,2.0429688,0.92578125,0.2421875
12.285156,3.3320312,0.21875,0.122374,0.0012810151,0.92483515,0.08078392,-0.0026672895,9.713396,172.34766,0.16721594,0.90460306,172.34766,1356,FC128,versus,2,5356,0.6953125,2.0117188,0.94140625,0.21875
12.359375,3.2265625,0.2109375,0.12198516,0.0012755538,0.92280924,0.07921565,-0.00303256,9.495996,173.04688,0.16480762,0.9052702,173.04688,1357,FC128,versus,2,5357,0.6484375,2.109375,0.95703125,0.234375
12.4609375,3.1484375,0.234375,0.11745504,0.0012700921,0.92248636,0.08070493,-0.0045682807,9.532068,169.97266,0.17084476,0.9059373,169.97266,1358,FC128,versus,2,5358,0.625,2.140625,0.9609375,0.26171875
13.046875,3.2460938,0.21484375,0.11763712,0.0012646304,0.92616886,0.075497545,-0.005454603,9.589445,177.03516,0.16220182,0.9066044,177.03516,1359,FC128,versus,2,5359,0.68359375,2.078125,0.94921875,0.23046875
12.7734375,3.2265625,0.2109375,0.12337568,0.0012591686,0.92517036,0.077898026,-0.0045486987,9.564606,172.66797,0.16520415,0.90727156,172.66797,1360,FC128,versus,2,5360,0.66796875,2.0703125,0.9609375,0.23046875
12.8359375,3.1835938,0.21484375,0.11859393,0.0012537069,0.92327917,0.08173918,-0.0024793523,9.5686,172.58594,0.16873443,0.90793866,172.58594,1361,FC128,versus,2,5361,0.65234375,2.1367188,0.9296875,0.25390625
12.433594,3.15625,0.25,0.11771332,0.0012482456,0.9233563,0.07926349,-0.0057004862,9.180872,172.58594,0.17022182,0.90860575,172.58594,1362,FC128,versus,2,5362,0.625,2.1484375,0.91796875,0.2421875
12.7421875,3.3203125,0.2109375,0.11773226,0.0012427839,0.9287335,0.076532915,-0.0035026867,9.665918,176.66797,0.16036384,0.90927285,176.66797,1363,FC128,versus,2,5363,0.6640625,2.0390625,0.94140625,0.23046875
12.839844,3.3554688,0.19921875,0.12504166,0.0012373221,0.92476547,0.08279403,-0.0018990242,9.738228,175.14453,0.16969556,0.90994,175.14453,1364,FC128,versus,2,5364,0.72265625,1.953125,0.9296875,0.21484375
12.25,3.3476562,0.24609375,0.11332858,0.0012318604,0.9230003,0.085879594,0.0008716529,9.664739,173.53906,0.17029509,0.9106071,173.53906,1365,FC128,versus,2,5365,0.6796875,2.0234375,0.93359375,0.2421875
11.765625,3.1015625,0.24609375,0.11504027,0.0012263986,0.92006016,0.08078138,-0.0064674523,9.300926,173.5,0.17477983,0.9112742,173.5,1366,FC128,versus,2,5366,0.65234375,2.1835938,0.93359375,0.24609375
12.6796875,3.4101562,0.18359375,0.11926965,0.0012209374,0.92928195,0.07703487,-0.0021372552,10.238801,176.89453,0.1586355,0.9119413,176.89453,1367,FC128,versus,2,5367,0.66015625,2.0546875,0.97265625,0.22265625
12.3203125,3.2226562,0.19921875,0.11843282,0.0012154756,0.9273673,0.076442495,-0.0035377655,9.73454,177.6914,0.16024843,0.91260844,177.6914,1368,FC128,versus,2,5368,0.69140625,2.03125,0.94921875,0.21875
12.265625,3.359375,0.19921875,0.12180952,0.0012100139,0.9245079,0.082239725,-0.0035441492,9.623403,173.53516,0.17186254,0.91327554,173.53516,1369,FC128,versus,2,5369,0.68359375,1.8945312,0.94921875,0.21875
11.6484375,3.2695312,0.23828125,0.11667837,0.0012045521,0.92042965,0.086160675,-0.0032770117,9.623236,169.80469,0.17915647,0.91394264,169.80469,1370,FC128,versus,2,5370,0.65234375,2.03125,0.94140625,0.2265625
11.855469,3.2734375,0.20703125,0.12209783,0.0011990904,0.92973506,0.07729095,-0.0020996067,9.780384,175.4375,0.15907392,0.9146098,175.4375,1371,FC128,versus,2,5371,0.70703125,2.0742188,0.93359375,0.23046875
11.855469,3.4179688,0.20703125,0.11469138,0.0011936291,0.9274774,0.08077919,-0.0021215002,9.951643,172.66016,0.16607517,0.9152769,172.66016,1372,FC128,versus,2,5372,0.66796875,1.9882812,0.9609375,0.24609375
11.808594,3.296875,0.19921875,0.12752594,0.0011881674,0.9264738,0.0816508,-0.0015111308,9.696127,174.38281,0.16662692,0.915944,174.38281,1373,FC128,versus,2,5373,0.66015625,2.0429688,0.9375,0.2109375
12.1015625,3.3320312,0.17578125,0.12077369,0.0011827056,0.9294427,0.07703494,-0.0031861844,10.111729,172.21094,0.16072793,0.9166111,172.21094,1374,FC128,versus,2,5374,0.6953125,2.0898438,0.96484375,0.20703125
11.8828125,3.2382812,0.20703125,0.115302406,0.0011772439,0.9254788,0.085498236,-0.0013205074,9.638419,171.80078,0.17390898,0.91727823,171.80078,1375,FC128,versus,2,5375,0.66015625,1.9257812,0.93359375,0.19921875
11.609375,3.2226562,0.23828125,0.11841041,0.0011717821,0.92482555,0.07951451,-0.0062210266,9.38007,172.0039,0.17174858,0.9179453,172.0039,1376,FC128,versus,2,5376,0.66796875,2.0507812,0.95703125,0.24609375
11.546875,3.2226562,0.25390625,0.11748964,0.0011663209,0.9229946,0.08268705,-0.003615691,9.31501,168.82422,0.17287955,0.9186124,168.82422,1377,FC128,versus,2,5377,0.640625,2.0507812,0.921875,0.26953125
12.0625,3.203125,0.22265625,0.11475914,0.0011608591,0.9285884,0.07780108,-0.0050537484,9.6685505,171.7461,0.16597609,0.9192795,171.7461,1378,FC128,versus,2,5378,0.69140625,2.0390625,0.94921875,0.21875
12.4140625,3.2695312,0.18359375,0.12005082,0.0011553974,0.92853373,0.07417551,-0.004915579,9.846459,174.30078,0.15845959,0.9199467,174.30078,1379,FC128,versus,2,5379,0.66796875,2.03125,0.95703125,0.19140625
12.152344,3.4257812,0.2109375,0.13349164,0.0011499356,0.9304642,0.07548213,-0.004770935,9.838028,175.7539,0.16081314,0.92061377,175.7539,1380,FC128,versus,2,5380,0.73828125,1.9609375,0.953125,0.20703125
11.949219,3.1757812,0.26171875,0.117859244,0.0011444739,0.9263081,0.08213578,-0.0011508318,9.403508,173.74219,0.166843,0.92128086,173.74219,1381,FC128,versus,2,5381,0.63671875,2.171875,0.94140625,0.26953125
12.722656,3.3046875,0.1640625,0.12778004,0.0011390126,0.9345928,0.07591423,-0.00022703779,9.877003,181.23438,0.1525736,0.921948,181.23438,1382,FC128,versus,2,5382,0.671875,2.0195312,0.9609375,0.21875
12.371094,3.203125,0.2265625,0.120088406,0.0011335509,0.9292379,0.07169125,-0.006289466,9.473073,176.42188,0.1562337,0.9226151,176.42188,1383,FC128,versus,2,5383,0.65234375,2.1640625,0.94140625,0.2734375
12.03125,3.3632812,0.21875,0.1271308,0.0011280891,0.9304527,0.07344178,-0.0054000933,9.759616,176.0625,0.15797058,0.9232822,176.0625,1384,FC128,versus,2,5384,0.66796875,1.9921875,0.94921875,0.25390625
11.6328125,3.0546875,0.25,0.12173227,0.0011226274,0.92596316,0.075834,-0.00599327,9.197963,174.01562,0.16392785,0.9239493,174.01562,1385,FC128,versus,2,5385,0.6484375,2.2304688,0.94140625,0.265625
12.160156,3.2539062,0.20703125,0.1319666,0.0011171657,0.931651,0.07228864,-0.0053310883,9.589916,176.00781,0.15553433,0.92461646,176.00781,1386,FC128,versus,2,5386,0.640625,2.0507812,0.9453125,0.25
11.671875,3.2929688,0.234375,0.13430318,0.0011117044,0.9312368,0.07573146,-0.0024921652,9.314751,175.0586,0.15674585,0.92528355,175.0586,1387,FC128,versus,2,5387,0.65234375,1.9960938,0.9296875,0.2578125
11.496094,3.3867188,0.203125,0.12703303,0.0011062426,0.92997897,0.076109365,-0.0045883055,9.730935,175.67188,0.1616764,0.92595065,175.67188,1388,FC128,versus,2,5388,0.671875,1.9140625,0.94140625,0.23828125
11.324219,3.21875,0.2578125,0.12072845,0.0011007809,0.92546517,0.080126785,-0.0033132532,9.189138,172.9961,0.16714586,0.92661774,172.9961,1389,FC128,versus,2,5389,0.65234375,2.0117188,0.93359375,0.25
11.8046875,3.2617188,0.2265625,0.12254694,0.0010953192,0.932271,0.07478254,-0.0026480658,9.737085,176.17578,0.15512967,0.9272849,176.17578,1390,FC128,versus,2,5390,0.58984375,2.1523438,0.93359375,0.26953125
11.1953125,3.1679688,0.234375,0.122532755,0.0010898574,0.9291476,0.08139622,-0.0023985386,9.514488,171.71875,0.1678566,0.927952,171.71875,1391,FC128,versus,2,5391,0.62890625,2.1523438,0.94140625,0.25390625
11.285156,3.3125,0.25,0.115841255,0.0010843961,0.92804646,0.085936405,-0.0005327235,9.610655,170.51172,0.17318949,0.9286191,170.51172,1392,FC128,versus,2,5392,0.66796875,2.0546875,0.93359375,0.265625
11.316406,3.3710938,0.19140625,0.12134953,0.0010789344,0.9282864,0.08244437,-0.0032576276,9.779461,172.63281,0.17166585,0.92928624,172.63281,1393,FC128,versus,2,5393,0.74609375,1.8203125,0.9765625,0.1796875
11.191406,3.2304688,0.2578125,0.11720704,0.0010734727,0.9239201,0.089448996,-0.000996921,9.4446,167.42188,0.18114346,0.92995334,167.42188,1394,FC128,versus,2,5394,0.64453125,2.0039062,0.97265625,0.2421875
11.566406,3.4570312,0.20703125,0.12103302,0.0010680109,0.9327847,0.079835206,-0.0005412735,9.886232,175.0586,0.16101149,0.93062043,175.0586,1395,FC128,versus,2,5395,0.6796875,1.9882812,0.9375,0.2109375
11.652344,3.3085938,0.25390625,0.11264823,0.0010625492,0.928455,0.07935958,-0.0040567913,9.55653,173.28125,0.16707213,0.9312875,173.28125,1396,FC128,versus,2,5396,0.6484375,2.0664062,0.9453125,0.27734375
11.800781,3.3398438,0.21875,0.12043749,0.0010570879,0.9316373,0.074106336,-0.00384878,9.586661,175.7539,0.15616487,0.9319547,175.7539,1397,FC128,versus,2,5397,0.67578125,2.1523438,0.9140625,0.24609375
11.558594,3.2851562,0.21484375,0.123078555,0.0010516262,0.93110526,0.07801247,-0.0044750054,9.642921,174.04688,0.1652338,0.9326218,174.04688,1398,FC128,versus,2,5398,0.65234375,2.0507812,0.94921875,0.2578125
11.9453125,3.3085938,0.2265625,0.113879114,0.0010461644,0.9298035,0.07984718,-0.0012633624,9.783268,175.23047,0.16245936,0.9332889,175.23047,1399,FC128,versus,2,5399,0.6171875,2.1445312,0.93359375,0.25
12.234375,3.359375,0.21484375,0.10984674,0.0010407027,0.9269127,0.08199272,-0.0011871936,9.777382,174.48047,0.16658846,0.93395597,174.48047,1400,FC128,versus,2,5400,0.66796875,2.0429688,0.953125,0.25390625
12.15625,3.3203125,0.2421875,0.10969438,0.001035241,0.92831355,0.07878785,-0.0027275775,9.60449,173.82422,0.16325797,0.9346231,173.82422,1401,FC128,versus,2,5401,0.66796875,2.0625,0.94140625,0.2734375
12.28125,3.2109375,0.25390625,0.11098689,0.0010297797,0.9285948,0.07909384,-0.0032159819,9.576835,171.84766,0.16484824,0.9352902,171.84766,1402,FC128,versus,2,5402,0.62109375,2.1875,0.9375,0.28125
12.9453125,3.3789062,0.18359375,0.114749864,0.0010243179,0.9287166,0.07910352,-0.004077786,10.054759,174.39844,0.1665977,0.9359573,174.39844,1403,FC128,versus,2,5403,0.71875,2.0117188,0.95703125,0.1875
11.9609375,3.1796875,0.25390625,0.11075202,0.0010188562,0.92372125,0.082273975,-0.00424192,9.344816,169.05469,0.17325747,0.93662447,169.05469,1404,FC128,versus,2,5404,0.65234375,2.1679688,0.9296875,0.25390625
11.847656,3.2226562,0.2421875,0.11739329,0.0010133944,0.92405236,0.08064629,-0.0056171035,9.334594,171.70312,0.17276472,0.93729156,171.70312,1405,FC128,versus,2,5405,0.65234375,1.9609375,0.953125,0.25390625
12.347656,3.2929688,0.25390625,0.1071032,0.0010079327,0.92690706,0.078789674,-0.005051644,9.656326,172.04297,0.16789854,0.93795866,172.04297,1406,FC128,versus,2,5406,0.640625,2.1523438,0.9140625,0.26171875
12.566406,3.3867188,0.22265625,0.10684432,0.0010024714,0.92774177,0.078964576,-0.0028570655,9.91069,174.89844,0.1638575,0.93862575,174.89844,1407,FC128,versus,2,5407,0.671875,1.9804688,0.94140625,0.2421875
12.292969,3.296875,0.234375,0.11455317,0.0009970097,0.9276036,0.07975427,-0.002399081,9.641935,174.90234,0.16453512,0.9392929,174.90234,1408,FC128,versus,2,5408,0.66015625,1.9335938,0.94140625,0.2421875
12.53125,3.375,0.1796875,0.11159829,0.000991548,0.92892957,0.075378574,-0.0026004703,10.057655,177.8125,0.1561794,0.93996,177.8125,1409,FC128,versus,2,5409,0.65234375,2.1054688,0.953125,0.2421875
12.105469,3.3554688,0.2265625,0.11911147,0.0009860862,0.9234829,0.08041843,-0.0034254894,9.468916,174.53516,0.16792274,0.9406271,174.53516,1410,FC128,versus,2,5410,0.6953125,1.8671875,0.94921875,0.2265625
12.128906,3.15625,0.21875,0.11475865,0.0009806245,0.92399645,0.075636454,-0.0033901436,9.302486,175.84375,0.15827826,0.9412942,175.84375,1411,FC128,versus,2,5411,0.6171875,2.2890625,0.9375,0.26953125
11.792969,3.1523438,0.26171875,0.11081914,0.0009751632,0.9256494,0.0775061,-0.00405016,9.52917,167.85547,0.16332865,0.94196135,167.85547,1412,FC128,versus,2,5412,0.6171875,2.125,0.94140625,0.2890625
12.847656,3.34375,0.18359375,0.114420384,0.00096970145,0.9309435,0.07380204,-0.0028042574,10.099844,178.8711,0.1534345,0.94262844,178.8711,1413,FC128,versus,2,5413,0.6484375,2.0703125,0.9609375,0.2265625
12.621094,3.421875,0.19921875,0.11113194,0.0009642397,0.9300287,0.07660809,-0.0016255066,10.1658535,175.9336,0.15668151,0.94329554,175.9336,1414,FC128,versus,2,5414,0.69140625,2.0195312,0.9375,0.21484375
11.964844,3.2929688,0.1953125,0.11635048,0.00095877796,0.9262886,0.07929728,-0.0030161745,9.690339,174.32812,0.16485003,0.9439627,174.32812,1415,FC128,versus,2,5415,0.6640625,2.0585938,0.9453125,0.22265625
12.074219,3.4492188,0.2109375,0.11761763,0.0009533162,0.92126155,0.083542064,-0.0035420456,9.953221,170.15234,0.17439246,0.9446298,170.15234,1416,FC128,versus,2,5416,0.70703125,1.9492188,0.96484375,0.203125
11.9921875,3.4375,0.20703125,0.10969757,0.00094785495,0.92029095,0.08539929,-0.003790225,9.891214,173.07031,0.17858699,0.9452969,173.07031,1417,FC128,versus,2,5417,0.703125,2.0117188,0.9375,0.20703125
12.113281,3.4023438,0.20703125,0.10917051,0.0009423932,0.92522764,0.08034871,-0.0025138548,9.874399,173.8711,0.1659309,0.945964,173.8711,1418,FC128,versus,2,5418,0.68359375,1.9960938,0.9609375,0.22265625
11.828125,3.328125,0.24609375,0.10482048,0.00093693146,0.9222583,0.08149979,-0.0060076304,9.554009,171.50781,0.17521125,0.94663113,171.50781,1419,FC128,versus,2,5419,0.6875,1.96875,0.9375,0.22265625
12.777344,3.3515625,0.171875,0.109445535,0.0009314697,0.93345577,0.07780984,-0.0009110256,10.100925,176.51562,0.15764563,0.9472982,176.51562,1420,FC128,versus,2,5420,0.73046875,2.03125,0.9375,0.2109375
11.6171875,3.2109375,0.2578125,0.10617407,0.000926008,0.92077047,0.08788301,-0.0025742538,9.534273,166.5664,0.18111116,0.9479653,166.5664,1421,FC128,versus,2,5421,0.66796875,2.0664062,0.92578125,0.26171875
12.183594,3.3515625,0.20703125,0.10682189,0.0009205467,0.9270595,0.07989384,-0.0016036043,9.683535,176.17969,0.16319156,0.9486324,176.17969,1422,FC128,versus,2,5422,0.6953125,2.0429688,0.953125,0.20703125
12.417969,3.265625,0.2109375,0.10743001,0.00091508497,0.92776287,0.077756785,-0.0025484643,9.820597,173.04297,0.16080712,0.9492996,173.04297,1423,FC128,versus,2,5423,0.66015625,2.0351562,0.9453125,0.23828125
12.402344,3.3789062,0.203125,0.10216794,0.0009096232,0.92959327,0.07936031,0.00037341702,9.903667,175.58984,0.15815966,0.94996667,175.58984,1424,FC128,versus,2,5424,0.671875,2.0234375,0.92578125,0.2265625
11.863281,3.34375,0.24609375,0.10350135,0.0009041615,0.92519814,0.078948475,-0.0040114787,9.8067665,169.54688,0.16610707,0.95063376,169.54688,1425,FC128,versus,2,5425,0.6484375,2.0117188,0.95703125,0.25
11.890625,3.4414062,0.23828125,0.10502199,0.00089869974,0.9239331,0.08171957,-0.0020028404,9.610897,169.92969,0.1676336,0.9513009,169.92969,1426,FC128,versus,2,5426,0.71875,1.7734375,0.9296875,0.21484375
12.394531,3.3710938,0.21875,0.1036437,0.00089323847,0.92829,0.07892353,-0.0021611252,9.771591,174.0,0.16235447,0.951968,174.0,1427,FC128,versus,2,5427,0.6875,1.9726562,0.953125,0.21875
11.8515625,3.390625,0.21484375,0.10587223,0.0008877767,0.9248249,0.07794918,-0.004094439,9.605037,173.61328,0.16427521,0.9526351,173.61328,1428,FC128,versus,2,5428,0.68359375,1.9101562,0.94140625,0.2421875
12.214844,3.34375,0.19921875,0.107148305,0.000882315,0.9310905,0.07537318,-0.0030772523,9.868893,175.90234,0.15708995,0.9533022,175.90234,1429,FC128,versus,2,5429,0.6640625,2.0351562,0.9375,0.234375
11.96875,3.4609375,0.20703125,0.10706446,0.00087685324,0.9297607,0.07354389,-0.004602949,9.9666,173.92969,0.15648143,0.95396936,173.92969,1430,FC128,versus,2,5430,0.7109375,2.0039062,0.93359375,0.21484375
12.058594,3.5742188,0.19140625,0.10275331,0.00087139197,0.93041015,0.078836665,-0.002108733,10.258716,176.34375,0.16206987,0.95463645,176.34375,1431,FC128,versus,2,5431,0.73828125,1.9179688,0.91796875,0.18359375
11.292969,3.34375,0.234375,0.10534516,0.00086592976,0.9250846,0.08658084,0.0010879593,9.813951,169.83984,0.17116822,0.95530355,169.83984,1432,FC128,versus,2,5432,0.6171875,2.1445312,0.9453125,0.2578125
11.457031,3.625,0.22265625,0.102859624,0.0008604685,0.93002784,0.08277477,-3.1257667e-05,10.245781,172.16797,0.16578907,0.95597064,172.16797,1433,FC128,versus,2,5433,0.6953125,1.90625,0.95703125,0.2109375
10.925781,3.1875,0.29296875,0.10411278,0.0008550072,0.9243235,0.08634348,-0.0003525371,9.401749,171.3164,0.17357008,0.9566378,171.3164,1434,FC128,versus,2,5434,0.5859375,2.2226562,0.9375,0.30859375
10.9375,3.2304688,0.23046875,0.11321917,0.000849545,0.92942876,0.08106759,-0.0016572601,9.563158,173.14844,0.16564208,0.9573049,173.14844,1435,FC128,versus,2,5435,0.640625,2.0664062,0.9375,0.2578125
10.777344,3.2070312,0.2265625,0.117503375,0.0008440837,0.9248882,0.083226,-0.0038634469,9.501246,170.33984,0.17437726,0.957972,170.33984,1436,FC128,versus,2,5436,0.62890625,2.078125,0.9453125,0.2421875
11.019531,3.359375,0.171875,0.12133617,0.0008386215,0.92914605,0.07922937,-0.002222242,9.971239,173.34375,0.16310672,0.95863914,173.34375,1437,FC128,versus,2,5437,0.6796875,2.0195312,0.96875,0.22265625
10.683594,3.2382812,0.19921875,0.1217421,0.00083316024,0.93153507,0.07955926,-0.0022734066,9.677572,174.52344,0.16386819,0.95930624,174.52344,1438,FC128,versus,2,5438,0.65625,2.0703125,0.953125,0.21875
10.855469,3.2617188,0.23046875,0.11460516,0.00082769897,0.9263771,0.083402395,-0.0021781202,9.707939,170.25,0.17135075,0.95997334,170.25,1439,FC128,versus,2,5439,0.65625,1.984375,0.96484375,0.24609375
10.453125,3.1171875,0.2578125,0.12725466,0.00082223676,0.92599845,0.082060464,-0.003114067,9.305035,172.3711,0.17055833,0.96064043,172.3711,1440,FC128,versus,2,5440,0.625,2.1992188,0.9609375,0.28125
10.550781,3.2460938,0.21484375,0.120217234,0.0008167755,0.92850596,0.078750454,-0.0039495053,9.718003,172.89062,0.1655963,0.9613076,172.89062,1441,FC128,versus,2,5441,0.66796875,2.1015625,0.95703125,0.265625
10.9375,3.3320312,0.19921875,0.1259706,0.0008113133,0.92925656,0.07659385,-0.0029297627,9.601854,176.59375,0.15925163,0.9619747,176.59375,1442,FC128,versus,2,5442,0.6796875,1.90625,0.9453125,0.1875
10.8203125,3.3359375,0.20703125,0.11844694,0.000805852,0.926208,0.078818284,-0.0038412951,9.728989,176.17578,0.16551006,0.9626418,176.17578,1443,FC128,versus,2,5443,0.63671875,2.0820312,0.9296875,0.24609375
10.621094,3.1835938,0.234375,0.119253576,0.0008003907,0.9272103,0.07908785,-0.0028577675,9.551875,173.5586,0.16408214,0.9633089,173.5586,1444,FC128,versus,2,5444,0.62890625,2.15625,0.9296875,0.28125
10.515625,3.1484375,0.2578125,0.10850972,0.0007949285,0.92023903,0.084744945,-0.0031761762,9.3731165,166.42969,0.17601475,0.963976,166.42969,1445,FC128,versus,2,5445,0.58984375,2.0703125,0.9453125,0.2890625
10.96875,3.3984375,0.2265625,0.11502543,0.00078946725,0.9278573,0.07840042,-0.0011688943,9.649147,172.10547,0.15932024,0.9646431,172.10547,1446,FC128,versus,2,5446,0.671875,2.0,0.9453125,0.23828125
11.3984375,3.4453125,0.19921875,0.12109436,0.00078400504,0.9324934,0.07803459,-0.00038941868,10.015305,175.0586,0.15703788,0.9653102,175.0586,1447,FC128,versus,2,5447,0.65234375,1.9960938,0.921875,0.2421875
11.3515625,3.3867188,0.21875,0.11562764,0.00077854376,0.929762,0.07587069,-0.0024564427,9.903296,169.48047,0.1568343,0.9659774,169.48047,1448,FC128,versus,2,5448,0.63671875,1.9921875,0.94921875,0.23828125
11.3125,3.4882812,0.2421875,0.111735806,0.0007730825,0.9254948,0.08283742,-0.0023220635,9.979048,169.34375,0.17049173,0.96664447,169.34375,1449,FC128,versus,2,5449,0.67578125,1.7617188,0.953125,0.2265625
11.3828125,3.3671875,0.2109375,0.110979594,0.0007676203,0.92477083,0.085957855,0.0005455661,9.852645,171.26172,0.17099495,0.96731156,171.26172,1450,FC128,versus,2,5450,0.640625,2.1289062,0.94921875,0.234375
11.855469,3.3984375,0.1953125,0.11531309,0.000762159,0.93198353,0.07992722,-0.001128713,10.061998,172.77344,0.16228764,0.96797866,172.77344,1451,FC128,versus,2,5451,0.69140625,2.046875,0.94140625,0.21484375
11.730469,3.4765625,0.2265625,0.10699305,0.0007566968,0.93001115,0.07818084,-0.003935183,9.766153,174.73828,0.16439396,0.9686458,174.73828,1452,FC128,versus,2,5452,0.65625,1.9179688,0.9375,0.234375
11.53125,3.359375,0.24609375,0.10393561,0.0007512355,0.9275002,0.08402875,-0.0023180798,9.718904,168.4961,0.17284982,0.9693129,168.4961,1453,FC128,versus,2,5453,0.65234375,2.0546875,0.94140625,0.2578125
12.03125,3.484375,0.20703125,0.10608101,0.00074577425,0.9318264,0.07959103,-0.0040410478,10.111763,170.36719,0.16742237,0.96998,170.36719,1454,FC128,versus,2,5454,0.69921875,1.9609375,0.9609375,0.2109375
12.1328125,3.2695312,0.234375,0.105429985,0.00074031204,0.932897,0.078153335,-0.0035317182,9.557162,176.33203,0.1635262,0.9706471,176.33203,1455,FC128,versus,2,5455,0.63671875,2.1132812,0.95703125,0.28515625
12.484375,3.4921875,0.1796875,0.10913021,0.00073485076,0.9314066,0.08273459,-0.0018124891,10.060072,172.9336,0.16925456,0.97131425,172.9336,1456,FC128,versus,2,5456,0.71875,2.0195312,0.93359375,0.18359375
11.4609375,3.3359375,0.2734375,0.09968208,0.00072938856,0.9240731,0.08921782,-0.0031749918,9.352364,165.85938,0.18493104,0.97198135,165.85938,1457,FC128,versus,2,5457,0.6484375,1.9414062,0.9375,0.26171875
12.390625,3.3164062,0.22265625,0.10400982,0.0007239273,0.9307162,0.0762501,-0.007184558,9.934793,168.84375,0.1670199,0.97264844,168.84375,1458,FC128,versus,2,5458,0.66015625,2.109375,0.9609375,0.234375
12.777344,3.3671875,0.2109375,0.10438826,0.000718466,0.9309851,0.07765088,-0.0048843506,9.986435,172.41406,0.16522045,0.9733156,172.41406,1459,FC128,versus,2,5459,0.66796875,2.09375,0.94140625,0.2109375
12.3671875,3.3046875,0.20703125,0.11210408,0.0007130038,0.92586154,0.08150192,-0.0033107423,9.663889,172.97656,0.16978519,0.9739827,172.97656,1460,FC128,versus,2,5460,0.65234375,2.109375,0.9453125,0.23828125
12.984375,3.421875,0.2109375,0.110113844,0.0007075425,0.92963445,0.07989686,-0.0019855462,9.912621,174.79297,0.16392064,0.9746498,174.79297,1461,FC128,versus,2,5461,0.64453125,1.96875,0.96875,0.22265625
13.261719,3.3554688,0.1796875,0.10700503,0.0007020803,0.93022776,0.07331397,-0.0054317573,10.123463,176.375,0.1576417,0.9753169,176.375,1462,FC128,versus,2,5462,0.640625,2.140625,0.94140625,0.21484375
12.4296875,3.1875,0.24609375,0.101607084,0.00069661904,0.92328596,0.084223986,-0.002020969,9.544811,170.13672,0.17263147,0.97598404,170.13672,1463,FC128,versus,2,5463,0.6484375,2.1289062,0.9375,0.26171875
12.582031,3.234375,0.2265625,0.108633935,0.00069115777,0.9288878,0.07609511,-0.0036077774,9.614634,171.17188,0.15955594,0.97665113,171.17188,1464,FC128,versus,2,5464,0.6875,1.9921875,0.94140625,0.23046875
12.8984375,3.234375,0.23828125,0.10843326,0.00068569556,0.9266253,0.07875674,-0.0018173911,9.644931,170.3164,0.16129696,0.9773182,170.3164,1465,FC128,versus,2,5465,0.6484375,2.0976562,0.9453125,0.22265625
12.902344,3.4492188,0.203125,0.1079982,0.0006802343,0.9266382,0.080290176,-9.613918e-05,10.053978,175.54297,0.16091956,0.9779853,175.54297,1466,FC128,versus,2,5466,0.69140625,2.0351562,0.94921875,0.203125
12.675781,3.40625,0.20703125,0.09982839,0.0006747721,0.9253007,0.081719145,-6.5210166e-05,10.183851,169.10547,0.16370343,0.9786525,169.10547,1467,FC128,versus,2,5467,0.6796875,2.0507812,0.96875,0.234375
12.753906,3.5039062,0.20703125,0.113413796,0.0006693108,0.924996,0.08203364,-0.0021912584,10.035558,169.5664,0.16860162,0.9793196,169.5664,1468,FC128,versus,2,5468,0.71875,1.9140625,0.953125,0.19921875
12.636719,3.28125,0.21484375,0.1110542,0.0006638495,0.92334425,0.08098852,-0.0031833039,9.731865,171.82422,0.1684911,0.97998667,171.82422,1469,FC128,versus,2,5469,0.66796875,2.1171875,0.9453125,0.2421875
12.5078125,3.453125,0.1953125,0.10404325,0.0006583873,0.9232755,0.08093758,-0.0021287538,9.837778,174.57031,0.16626966,0.9806538,174.57031,1470,FC128,versus,2,5470,0.703125,1.8867188,0.9609375,0.203125
12.0390625,3.3125,0.24609375,0.11048637,0.00065292604,0.92382973,0.0823654,-0.0044516986,9.717474,170.85547,0.17377847,0.9813209,170.85547,1471,FC128,versus,2,5471,0.65625,2.0742188,0.9296875,0.26171875
12.488281,3.1367188,0.2265625,0.1087593,0.00064746384,0.9254205,0.076428995,-0.00747525,9.502868,172.23438,0.16794932,0.981988,172.23438,1472,FC128,versus,2,5472,0.6328125,2.1523438,0.92578125,0.25
12.484375,3.3085938,0.21875,0.10828659,0.00064200256,0.92693967,0.07986262,-0.00203726,9.71862,172.34375,0.16393879,0.9826551,172.34375,1473,FC128,versus,2,5473,0.65625,2.1640625,0.92578125,0.24609375
13.027344,3.3671875,0.16796875,0.114746556,0.0006365413,0.9289942,0.081500195,-0.0014669204,10.265072,169.89453,0.16608031,0.98332226,169.89453,1474,FC128,versus,2,5474,0.6875,2.0234375,0.984375,0.19921875
12.746094,3.21875,0.23046875,0.109752834,0.0006310791,0.9224592,0.086272724,-0.0020990057,9.559436,173.86719,0.17688198,0.98398936,173.86719,1475,FC128,versus,2,5475,0.6328125,2.1679688,0.94140625,0.2734375
12.816406,3.484375,0.19921875,0.108902596,0.0006256178,0.931416,0.06905023,-0.011335345,10.17059,174.22656,0.1609074,0.98465645,174.22656,1476,FC128,versus,2,5476,0.70703125,1.9453125,0.953125,0.23046875
13.191406,3.53125,0.19921875,0.11274835,0.0006201556,0.9300067,0.073202565,-0.007592408,9.968115,175.21875,0.1617298,0.98532355,175.21875,1477,FC128,versus,2,5477,0.69921875,1.875,0.953125,0.20703125
12.238281,3.1679688,0.25,0.1040403,0.0006146943,0.92613244,0.08037361,-0.0061931373,9.627326,166.64453,0.1732614,0.9859907,166.64453,1478,FC128,versus,2,5478,0.62890625,2.2148438,0.9453125,0.27734375
12.925781,3.2265625,0.22265625,0.11302283,0.00060923304,0.9301577,0.08084416,-0.001878704,9.749086,174.71484,0.16558343,0.9866578,174.71484,1479,FC128,versus,2,5479,0.671875,2.265625,0.9375,0.22265625
12.5,3.2929688,0.2421875,0.104224905,0.00060377084,0.92650014,0.086985245,6.980953e-05,9.870278,168.76953,0.17395672,0.9873249,168.76953,1480,FC128,versus,2,5480,0.640625,2.0976562,0.9453125,0.25390625
12.921875,3.3828125,0.20703125,0.108756,0.00059830956,0.92990655,0.07443889,-0.0048729843,9.868792,176.09375,0.1587539,0.98799205,176.09375,1481,FC128,versus,2,5481,0.71875,2.0742188,0.9609375,0.19921875
12.46875,3.2929688,0.203125,0.106076375,0.00059284735,0.9276843,0.07803351,-0.0015763891,9.634509,172.79688,0.15934557,0.98865914,172.79688,1482,FC128,versus,2,5482,0.65234375,2.0390625,0.95703125,0.265625
12.777344,3.3671875,0.18359375,0.1125885,0.0005873861,0.92955315,0.07593445,-0.0022037404,10.016711,172.53906,0.15640864,0.98932624,172.53906,1483,FC128,versus,2,5483,0.6953125,2.109375,0.95703125,0.23046875
12.2890625,3.3359375,0.20703125,0.11175709,0.0005819248,0.9268147,0.08364273,0.0025315578,9.786686,176.07812,0.16235241,0.98999333,176.07812,1484,FC128,versus,2,5484,0.68359375,2.1210938,0.93359375,0.2265625
12.09375,3.3242188,0.2109375,0.11656063,0.0005764626,0.92892516,0.060755584,-0.019434907,9.897295,172.0625,0.16051537,0.9906605,172.0625,1485,FC128,versus,2,5485,0.6640625,2.0195312,0.96875,0.2265625
11.667969,3.3828125,0.21875,0.11367724,0.0005710013,0.92591286,0.07814219,-0.0036918179,9.6498785,173.63281,0.16379783,0.9913276,173.63281,1486,FC128,versus,2,5486,0.66796875,1.96875,0.9375,0.25
11.980469,3.4414062,0.1953125,0.11338192,0.0005655391,0.9300829,0.078922786,-0.0019129765,10.072207,174.47656,0.16179976,0.9919947,174.47656,1487,FC128,versus,2,5487,0.70703125,1.9648438,0.953125,0.2265625
11.175781,3.2578125,0.2265625,0.113330424,0.00056007784,0.92286897,0.08369391,-0.0020509344,9.593498,169.21484,0.17161663,0.9926618,169.21484,1488,FC128,versus,2,5488,0.63671875,2.1015625,0.9296875,0.2578125
11.222656,3.3632812,0.2421875,0.10946772,0.00055461656,0.9267239,0.081977874,-0.001079086,9.73648,173.01172,0.16623534,0.9933289,173.01172,1489,FC128,versus,2,5489,0.66015625,2.15625,0.90234375,0.2578125
10.996094,3.2695312,0.23828125,0.11610966,0.00054915436,0.9234786,0.08694346,-0.00049784535,9.547293,171.0039,0.17501014,0.993996,171.0039,1490,FC128,versus,2,5490,0.6484375,2.0898438,0.9453125,0.21875
11.457031,3.3828125,0.1875,0.12248208,0.0005436931,0.9296908,0.0717529,-0.007221623,10.058675,171.82422,0.15808223,0.9946631,171.82422,1491,FC128,versus,2,5491,0.68359375,2.0546875,0.9453125,0.21875
11.0546875,3.4609375,0.23046875,0.118478425,0.0005382309,0.92491686,0.07818035,-0.0073293922,9.76902,171.73047,0.17114702,0.9953303,171.73047,1492,FC128,versus,2,5492,0.6484375,1.953125,0.9296875,0.23828125
11.65625,3.3984375,0.17578125,0.11933738,0.0005327696,0.9283402,0.07634586,-0.0032275566,9.993491,178.39062,0.15927398,0.99599737,178.39062,1493,FC128,versus,2,5493,0.6953125,2.0585938,0.9375,0.2109375
11.3203125,3.2148438,0.21484375,0.12364482,0.0005273083,0.93190014,0.07418848,-0.004327478,9.7299,173.3086,0.15716231,0.99666446,173.3086,1494,FC128,versus,2,5494,0.625,2.0898438,0.953125,0.25
11.296875,3.2890625,0.26171875,0.11587712,0.0005218461,0.92238736,0.08390239,-0.0029787633,9.44615,172.96875,0.17388324,0.99733156,172.96875,1495,FC128,versus,2,5495,0.640625,2.0625,0.93359375,0.26171875
11.328125,3.2851562,0.21484375,0.12049037,0.00051638484,0.9277288,0.07638726,-0.0030440437,9.607542,173.78906,0.15898705,0.9979987,173.78906,1496,FC128,versus,2,5496,0.66796875,2.1367188,0.94140625,0.23828125
11.199219,3.2890625,0.21875,0.11399589,0.00051092263,0.9237823,0.08145061,-0.0032807426,9.622444,174.21484,0.1695792,0.9986658,174.21484,1497,FC128,versus,2,5497,0.65625,2.0585938,0.95703125,0.25
11.796875,3.3007812,0.2109375,0.11980581,0.00050546136,0.92776215,0.07384957,-0.005048856,9.7574215,171.17188,0.15791796,0.9993329,171.17188,1498,FC128,versus,2,5498,0.6875,2.0351562,0.96484375,0.203125
11.542969,3.2304688,0.22265625,0.11810721,0.0005000001,0.9254654,0.07515026,-0.0075456426,9.505031,174.82031,0.16550991,1.0,174.82031,1499,FC128,versus,2,5499,0.66796875,2.0976562,0.9296875,0.23828125
