bombs,coins,death,entropy,entropy_coef,explained_variance,loss,pg_loss,return,turns,value_loss,progress,world_steps,stage_iteration,network,stage,stage_index,iteration,win,opp_coins,opp_death,opp_win
0.0,2.109375,0.0,1.2767394,0.00868701,-0.035310507,-0.050886534,-0.052378826,-1.8906243,200.0,0.025166674,0.0,200.0,0,FC128,collect,0,0,,,,
0.0,2.0234375,0.0,1.2772293,0.008682914,-0.03621435,-0.050581105,-0.051517,-1.976562,200.0,0.024051934,0.00050025014,200.0,1,FC128,collect,0,1,,,,
0.0,2.0351562,0.0,1.2754257,0.008678819,-0.028868675,-0.045699626,-0.047019195,-1.9648432,200.0,0.024777519,0.0010005003,200.0,2,FC128,collect,0,2,,,,
0.0,1.9648438,0.0,1.2749555,0.008674723,-0.029327154,-0.04581012,-0.04671485,-2.0351558,200.0,0.02392924,0.0015007504,200.0,3,FC128,collect,0,3,,,,
0.0,1.984375,0.0,1.2736562,0.008670628,-0.024492502,-0.041548017,-0.042632725,-2.0156243,200.0,0.024256214,0.0020010006,200.0,4,FC128,collect,0,4,,,,
0.0,2.1289062,0.0,1.2717053,0.008666532,-0.014325142,-0.03210098,-0.03435012,-1.871093,200.0,0.026540827,0.0025012507,200.0,5,FC128,collect,0,5,,,,
0.0,2.2539062,0.0,1.2726524,0.008662437,-0.008662462,-0.024190694,-0.027100401,-1.746093,200.0,0.027867958,0.0030015009,200.0,6,FC128,collect,0,6,,,,
0.0,2.0078125,0.0,1.2718451,0.008658341,-0.012011409,-0.02937537,-0.030928835,-1.9921869,200.0,0.02513107,0.003501751,200.0,7,FC128,collect,0,7,,,,
0.0,2.0117188,0.0,1.2730956,0.008654245,-0.008733392,-0.02474833,-0.026077904,-1.9882807,200.0,0.02469451,0.004002001,200.0,8,FC128,collect,0,8,,,,
0.0,1.9414062,0.0,1.2705437,0.00865015,-0.0062214136,-0.020049877,-0.021687323,-2.0585933,200.0,0.02525568,0.0045022513,200.0,9,FC128,collect,0,9,,,,
0.0,2.1835938,0.0,1.2704519,0.008646054,-0.0011408329,-0.006319481,-0.009653737,-1.8164057,200.0,0.028637303,0.0050025014,200.0,10,FC128,collect,0,10,,,,
0.0,1.9921875,0.0,1.2674035,0.008641959,-0.0008904934,-0.006283926,-0.008991265,-2.007812,200.0,0.027320376,0.0055027516,200.0,11,FC128,collect,0,11,,,,
0.0,2.0585938,0.0,1.2650644,0.008637863,5.185604e-05,0.0024584997,-0.0008956158,-1.9414055,200.0,0.028563136,0.0060030017,200.0,12,FC128,collect,0,12,,,,
0.0,2.125,0.0,1.2622106,0.008633768,-0.00048696995,0.0128708845,0.008049152,-1.8749994,200.0,0.031438734,0.006503252,200.0,13,FC128,collect,0,13,,,,
0.0,1.9765625,0.0,1.2572253,0.008629672,-0.0006812811,0.013073606,0.00892583,-2.023437,200.0,0.029994437,0.007003502,200.0,14,FC128,collect,0,14,,,,
0.0,2.015625,0.0,1.2561705,0.008625576,-0.0015624762,0.017830553,0.013213586,-1.9843743,200.0,0.030904323,0.007503752,200.0,15,FC128,collect,0,15,,,,
0.0,2.0625,0.0,1.253969,0.008621481,-0.0028030872,0.024099542,0.018128565,-1.9374993,200.0,0.033564094,0.008004002,200.0,16,FC128,collect,0,16,,,,
0.0,2.0039062,0.0,1.2531174,0.008617385,-0.0025672913,0.022615511,0.017114507,-1.9960933,200.0,0.0325992,0.008504253,200.0,17,FC128,collect,0,17,,,,
0.0,2.0117188,0.0,1.2507842,0.00861329,-0.002128601,0.021012649,0.015715122,-1.9882808,200.0,0.032141786,0.009004503,200.0,18,FC128,collect,0,18,,,,
0.0,2.2460938,0.0,1.2535957,0.008609194,-0.00399518,0.02867357,0.022172596,-1.7539055,200.0,0.034586847,0.009504752,200.0,19,FC128,collect,0,19,,,,
0.0,2.0664062,0.0,1.2500842,0.008605099,-0.00185287,0.018696724,0.01371987,-1.933593,200.0,0.031467903,0.010005003,200.0,20,FC128,collect,0,20,,,,
0.0,2.2734375,0.0,1.2503706,0.008601003,-0.0025826693,0.0227877,0.016577458,-1.7265618,200.0,0.03392937,0.010505253,200.0,21,FC128,collect,0,21,,,,
0.0,2.2070312,0.0,1.2506685,0.008596908,-0.0012845993,0.017348645,0.011871197,-1.792968,200.0,0.03245866,0.011005503,200.0,22,FC128,collect,0,22,,,,
0.0,2.0742188,0.0,1.2504921,0.008592812,-0.00021612644,0.009363031,0.0051193545,-1.9257807,200.0,0.029977841,0.011505753,200.0,23,FC128,collect,0,23,,,,
0.0,2.1835938,0.0,1.2526516,0.008588716,-0.00018155575,0.009756236,0.005174912,-1.8164055,200.0,0.030679988,0.012006003,200.0,24,FC128,collect,0,24,,,,
0.0,2.0234375,0.0,1.2514192,0.008584621,2.4855137e-05,0.0023728665,-0.001537256,-1.9765618,200.0,0.029306164,0.012506254,200.0,25,FC128,collect,0,25,,,,
0.0,2.1367188,0.0,1.2540768,0.008580525,3.8146973e-05,0.004087247,-0.00011073201,-1.8632805,200.0,0.029917235,0.013006504,200.0,26,FC128,collect,0,26,,,,
0.0,2.15625,0.0,1.2522804,0.00857643,-8.201599e-05,0.0020504454,-0.0018262502,-1.8437495,200.0,0.02923358,0.013506753,200.0,27,FC128,collect,0,27,,,,
0.0,2.1640625,0.0,1.2510781,0.008572334,-0.00022053719,0.0009553479,-0.0032289338,-1.8359368,200.0,0.029817883,0.014007004,200.0,28,FC128,collect,0,28,,,,
0.0,1.984375,0.0,1.2514689,0.008568239,-0.0011303425,-0.0070413686,-0.010019455,-2.0156245,200.0,0.027401943,0.014507255,200.0,29,FC128,collect,0,29,,,,
0.0,1.9453125,0.0,1.2474086,0.008564143,-0.0014256239,-0.007754093,-0.010559587,-2.054687,200.0,0.02697696,0.015007504,200.0,30,FC128,collect,0,30,,,,
0.0,2.1992188,0.0,1.2491883,0.0085600475,-0.00016963482,0.0002272781,-0.003762734,-1.8007805,200.0,0.029366247,0.015507754,200.0,31,FC128,collect,0,31,,,,
0.0,2.171875,0.0,1.2471957,0.008555952,-0.00025558472,-0.0011985879,-0.0052535404,-1.8281243,200.0,0.029451799,0.016008005,200.0,32,FC128,collect,0,32,,,,
0.0,2.15625,0.0,1.2489232,0.0085518565,-0.00034499168,-0.0012304448,-0.005091884,-1.8437493,200.0,0.029084103,0.016508255,200.0,33,FC128,collect,0,33,,,,
0.0,1.9765625,0.0,1.2430416,0.0085477615,-0.0011943579,-0.007023462,-0.010045525,-2.0234368,200.0,0.027294572,0.017008506,200.0,34,FC128,collect,0,34,,,,
0.0,2.3007812,0.0,1.2463224,0.0085436655,-1.5258789e-05,0.0041781263,-0.0007577087,-1.699218,200.0,0.031167993,0.017508755,200.0,35,FC128,collect,0,35,,,,
0.0,2.1601562,0.0,1.2419816,0.0085395705,-0.00018501282,-0.00014435034,-0.004237571,-1.839843,200.0,0.02939842,0.018009005,200.0,36,FC128,collect,0,36,,,,
0.0,2.1445312,0.0,1.2399516,0.008535475,-1.5377998e-05,0.0008755401,-0.0031129133,-1.855468,200.0,0.029144058,0.018509256,200.0,37,FC128,collect,0,37,,,,
0.0,2.2382812,0.0,1.2390077,0.008531379,1.8715858e-05,0.004867509,-7.484406e-05,-1.761718,200.0,0.031025594,0.019009504,200.0,38,FC128,collect,0,38,,,,
0.0,2.2617188,0.0,1.2366029,0.008527284,6.92606e-05,0.0043816185,2.2530257e-05,-1.7382805,200.0,0.029807903,0.019509755,200.0,39,FC128,collect,0,39,,,,
0.0,2.09375,0.0,1.2352376,0.008523188,6.9737434e-06,0.0018869964,-0.0022642782,-1.9062493,200.0,0.029358873,0.020010006,200.0,40,FC128,collect,0,40,,,,
0.0,2.3320312,0.0,1.2332559,0.008519093,-0.00033342838,0.010781898,0.005134357,-1.6665617,199.92969,0.032307524,0.020510256,199.92969,41,FC128,collect,0,41,,,,
0.0,2.234375,0.0,1.2298061,0.008514997,-0.0001270771,0.0076154247,0.002579913,-1.7656243,200.0,0.031014614,0.021010507,200.0,42,FC128,collect,0,42,,,,
0.0,2.3398438,0.0,1.232593,0.008510902,-0.00040233135,0.011958539,0.006125465,-1.6601555,200.0,0.032647103,0.021510756,200.0,43,FC128,collect,0,43,,,,
0.0,2.125,0.0,1.2261493,0.008506806,4.9948692e-05,0.005002129,0.00040465355,-1.8749993,200.0,0.030056179,0.022011006,200.0,44,FC128,collect,0,44,,,,
0.0,2.2890625,0.0,1.2223502,0.008502711,-0.00025856495,0.010386148,0.0050081937,-1.7109368,200.0,0.031542487,0.022511257,200.0,45,FC128,collect,0,45,,,,
0.0,2.2265625,0.0,1.2248406,0.008498615,-0.00023210049,0.0098894015,0.004565389,-1.7734368,200.0,0.031466924,0.023011506,200.0,46,FC128,collect,0,46,,,,
0.0,2.234375,0.0,1.2210299,0.008494519,-6.2823296e-05,0.008338576,0.0032210385,-1.7656244,200.0,0.0309792,0.023511756,200.0,47,FC128,collect,0,47,,,,
0.0,2.2890625,0.0,1.2191268,0.008490424,-0.00030136108,0.011318585,0.005841888,-1.7109368,200.0,0.0316552,0.024012007,200.0,48,FC128,collect,0,48,,,,
0.0,2.015625,0.0,1.216604,0.008486328,1.859665e-05,0.0015529944,-0.0025344973,-1.9843743,200.0,0.028823985,0.024512257,200.0,49,FC128,collect,0,49,,,,
0.0,2.2578125,0.0,1.2157356,0.008482233,-8.273125e-05,0.009673619,0.0045083663,-1.7421868,200.0,0.030954808,0.025012508,200.0,50,FC128,collect,0,50,,,,
0.0,2.2304688,0.0,1.216822,0.008478137,-9.584427e-05,0.008218329,0.003063432,-1.7695305,200.0,0.030942563,0.025512757,200.0,51,FC128,collect,0,51,,,,
0.0,2.1953125,0.0,1.2152249,0.008474042,3.6597252e-05,0.007752523,0.002519924,-1.8046868,200.0,0.03106093,0.026013007,200.0,52,FC128,collect,0,52,,,,
0.0,2.375,0.0,1.2147801,0.008469946,-0.00031900406,0.011877466,0.0063249576,-1.6249993,200.0,0.03168326,0.026513258,200.0,53,FC128,collect,0,53,,,,
0.0,2.1210938,0.0,1.2123886,0.00846585,7.0512295e-05,0.0041998234,-0.000452407,-1.8789055,200.0,0.02983226,0.027013507,200.0,54,FC128,collect,0,54,,,,
0.0,2.3085938,0.0,1.2120262,0.008461755,-1.4662743e-05,0.0075122127,0.0021025976,-1.6914055,200.0,0.031330965,0.027513757,200.0,55,FC128,collect,0,55,,,,
0.0,2.3203125,0.0,1.2128468,0.008457659,1.41859055e-05,0.008794848,0.0032809763,-1.6796868,200.0,0.03154343,0.028014008,200.0,56,FC128,collect,0,56,,,,
0.0,2.4140625,0.0,1.2126095,0.008453564,-0.00019264221,0.011756513,0.0056441226,-1.5859368,200.0,0.032726526,0.028514259,200.0,57,FC128,collect,0,57,,,,
0.0,2.3359375,0.0,1.2135671,0.008449468,-2.7775764e-05,0.008406184,0.0029408308,-1.6640618,200.0,0.031438697,0.02901451,200.0,58,FC128,collect,0,58,,,,
0.0,2.3085938,0.0,1.2101599,0.008445373,-5.6028366e-06,0.006713216,0.0008339882,-1.6914055,200.0,0.032198958,0.029514758,200.0,59,FC128,collect,0,59,,,,
0.0,2.3710938,0.0,1.2131025,0.008441277,6.467104e-05,0.0065159164,0.00070704694,-1.6289055,200.0,0.032098006,0.030015009,200.0,60,FC128,collect,0,60,,,,
0.0,2.40625,0.0,1.2133735,0.008437181,8.404255e-05,0.008071512,0.002342268,-1.5937493,200.0,0.03193339,0.03051526,200.0,61,FC128,collect,0,61,,,,
0.0,2.3320312,0.0,1.2135547,0.008433086,4.6908855e-05,0.0058999546,0.0003776729,-1.667968,200.0,0.031512585,0.031015508,200.0,62,FC128,collect,0,62,,,,
0.0,2.3085938,0.0,1.2137266,0.00842899,9.453297e-05,0.0030802852,-0.0020665815,-1.6914055,200.0,0.030754713,0.03151576,200.0,63,FC128,collect,0,63,,,,
0.0,2.1640625,0.0,1.2106795,0.008424895,-0.00027489662,-0.0006318176,-0.004938395,-1.8359368,200.0,0.029012851,0.03201601,200.0,64,FC128,collect,0,64,,,,
0.0,2.3710938,0.0,1.2108029,0.008420799,7.933378e-05,0.005973747,0.0004794225,-1.6289055,200.0,0.031380504,0.03251626,200.0,65,FC128,collect,0,65,,,,
0.0,2.3125,0.0,1.2108548,0.008416704,5.2452087e-05,0.0034591928,-0.0018912741,-1.6874993,200.0,0.031083746,0.03301651,200.0,66,FC128,collect,0,66,,,,
0.0,2.1601562,0.0,1.2070129,0.008412608,-0.00021660328,-0.0006717779,-0.005283467,-1.839843,200.0,0.029531632,0.03351676,200.0,67,FC128,collect,0,67,,,,
0.0,2.2226562,0.0,1.2065114,0.008408513,-0.00011384487,5.7927333e-05,-0.004731319,-1.777343,200.0,0.029868426,0.03401701,200.0,68,FC128,collect,0,68,,,,
0.0,2.3710938,0.0,1.2077726,0.008404417,7.3194504e-05,0.00728919,0.0012320613,-1.6289055,200.0,0.032415505,0.03451726,200.0,69,FC128,collect,0,69,,,,
0.0,2.2109375,0.0,1.2044358,0.008400321,2.6464462e-05,0.0019575013,-0.003013798,-1.7890618,200.0,0.030177893,0.03501751,200.0,70,FC128,collect,0,70,,,,
0.0,2.2734375,0.0,1.2051885,0.008396226,0.00017231703,0.0040640663,-0.0009213665,-1.7265618,200.0,0.030208936,0.03551776,200.0,71,FC128,collect,0,71,,,,
0.0,2.2695312,0.0,1.2003613,0.00839213,0.00011789799,0.004563233,-0.00044721452,-1.730468,200.0,0.03016807,0.03601801,200.0,72,FC128,collect,0,72,,,,
0.0,2.3085938,0.0,1.1976821,0.008388035,4.8458576e-05,0.0062560095,0.001149521,-1.6914055,200.0,0.030305376,0.03651826,200.0,73,FC128,collect,0,73,,,,
0.0,2.1679688,0.0,1.1982752,0.008383939,2.8729439e-05,0.0021972004,-0.002705879,-1.8320305,200.0,0.02989869,0.03701851,200.0,74,FC128,collect,0,74,,,,
0.0,2.2539062,0.0,1.1968689,0.008379844,4.1604042e-05,0.005989492,0.0006471799,-1.746093,200.0,0.030743774,0.037518762,200.0,75,FC128,collect,0,75,,,,
0.0,2.3242188,0.0,1.1952395,0.008375748,-6.222725e-05,0.007787383,0.0020916401,-1.6757805,200.0,0.031413537,0.03801901,200.0,76,FC128,collect,0,76,,,,
0.0,2.4023438,0.0,1.1938288,0.008371652,-0.00016307831,0.010660163,0.0044227266,-1.5976555,200.0,0.032463513,0.03851926,200.0,77,FC128,collect,0,77,,,,
0.0,2.421875,0.0,1.1950226,0.008367557,-0.00024056435,0.011985813,0.0055827433,-1.5781243,200.0,0.03280498,0.03901951,200.0,78,FC128,collect,0,78,,,,
0.0,2.21875,0.0,1.1951667,0.008363461,9.5665455e-05,0.005152112,5.1346273e-05,-1.7812493,200.0,0.030192992,0.03951976,200.0,79,FC128,collect,0,79,,,,
0.0,2.4648438,0.0,1.1941673,0.008359366,-0.00023472309,0.0115410965,0.0050565097,-1.5351555,200.0,0.032934137,0.04002001,200.0,80,FC128,collect,0,80,,,,
0.0,2.3125,0.0,1.194857,0.00835527,9.524822e-05,0.00739035,0.0019136803,-1.6874993,200.0,0.030920045,0.040520262,200.0,81,FC128,collect,0,81,,,,
0.0,2.3359375,0.0,1.1928741,0.008351175,5.9902668e-05,0.0072621247,0.0015916165,-1.6640618,200.0,0.031264815,0.041020513,200.0,82,FC128,collect,0,82,,,,
0.0,2.2773438,0.0,1.1940373,0.008347079,9.2327595e-05,0.0040830867,-0.0012494597,-1.7226555,200.0,0.03059854,0.041520763,200.0,83,FC128,collect,0,83,,,,
0.0,2.3085938,0.0,1.1934047,0.008342983,0.00010687113,0.004615671,-0.000835188,-1.6914055,200.0,0.030814828,0.042021014,200.0,84,FC128,collect,0,84,,,,
0.0,2.25,0.0,1.1967686,0.008338888,0.00010108948,0.0035152398,-0.0016814306,-1.7499993,200.0,0.03035278,0.04252126,200.0,85,FC128,collect,0,85,,,,
0.0,2.484375,0.0,1.1956451,0.008334792,2.8252602e-05,0.00980288,0.003287963,-1.5156243,200.0,0.03296074,0.04302151,200.0,86,FC128,collect,0,86,,,,
0.0,2.296875,0.0,1.1959779,0.008330697,8.046627e-05,0.0037905741,-0.0015513813,-1.7031243,200.0,0.03061057,0.043521762,200.0,87,FC128,collect,0,87,,,,
0.0,2.2773438,0.0,1.1933337,0.008326601,0.00013554096,0.002668675,-0.0025807237,-1.7226555,200.0,0.030371627,0.044022013,200.0,88,FC128,collect,0,88,,,,
0.0,2.2851562,0.0,1.1947334,0.008322506,8.72612e-05,0.0037999041,-0.0016105729,-1.714843,200.0,0.030707305,0.044522263,200.0,89,FC128,collect,0,89,,,,
0.0,2.1640625,0.0,1.1958783,0.00831841,-0.0001604557,-0.0010405285,-0.0056340513,-1.8359368,200.0,0.029082658,0.045022514,200.0,90,FC128,collect,0,90,,,,
0.0,2.3242188,0.0,1.1945386,0.008314314,0.00022983551,0.005300087,-0.0006109655,-1.6757805,200.0,0.031685643,0.045522764,200.0,91,FC128,collect,0,91,,,,
0.0,2.3164062,0.0,1.1923158,0.008310219,0.00020819902,0.0051357215,-0.0003017272,-1.683593,200.0,0.03069171,0.04602301,200.0,92,FC128,collect,0,92,,,,
0.0,2.1875,0.0,1.1895987,0.008306123,3.0219555e-05,0.0017805183,-0.003453085,-1.8124993,200.0,0.030229114,0.04652326,200.0,93,FC128,collect,0,93,,,,
0.0,2.2773438,0.0,1.1896346,0.008302028,0.00019550323,0.0042889714,-0.0010998719,-1.7226555,200.0,0.030530447,0.047023512,200.0,94,FC128,collect,0,94,,,,
0.0,2.3203125,0.0,1.1887076,0.008297932,0.00022226572,0.006754142,0.0011278501,-1.6796868,200.0,0.030980214,0.047523763,200.0,95,FC128,collect,0,95,,,,
0.0,2.21875,0.0,1.1856827,0.008293837,0.00021958351,0.003923781,-0.0012473603,-1.7812493,200.0,0.030010002,0.048024014,200.0,96,FC128,collect,0,96,,,,
0.0,2.4101562,0.0,1.1884577,0.008289741,7.170439e-05,0.010930352,0.004625635,-1.589843,200.0,0.032313447,0.048524264,200.0,97,FC128,collect,0,97,,,,
0.0,2.3203125,0.0,1.186395,0.008285645,0.00014227629,0.0076124575,0.0013982457,-1.6796868,200.0,0.032088522,0.049024515,200.0,98,FC128,collect,0,98,,,,
0.0,2.2929688,0.0,1.1857567,0.00828155,0.00032514334,0.0052918335,-0.000244523,-1.7070305,200.0,0.03071252,0.049524765,200.0,99,FC128,collect,0,99,,,,
0.0,2.3671875,0.0,1.1862429,0.008277454,0.00021481514,0.008852147,0.0025809526,-1.6328118,200.0,0.032180533,0.050025016,200.0,100,FC128,collect,0,100,,,,
0.0,2.2460938,0.0,1.184499,0.008273359,0.0003196001,0.0048676534,-0.0007404302,-1.7539055,200.0,0.03081574,0.050525263,200.0,101,FC128,collect,0,101,,,,
0.0,2.359375,0.0,1.1853822,0.008269263,0.00015938282,0.008485599,0.0024223905,-1.6406243,200.0,0.031730894,0.051025514,200.0,102,FC128,collect,0,102,,,,
0.0,2.3085938,0.0,1.18321,0.008265168,0.00028002262,0.0075701224,0.0017483352,-1.6914055,200.0,0.031202435,0.051525764,200.0,103,FC128,collect,0,103,,,,
0.0,2.4414062,0.0,1.1844379,0.008261072,4.8220158e-05,0.010604543,0.0042530918,-1.558593,200.0,0.032272357,0.052026015,200.0,104,FC128,collect,0,104,,,,
0.0,2.3710938,0.0,1.1892192,0.008256977,0.00024354458,0.007150667,0.0010511595,-1.6289055,200.0,0.031837728,0.052526265,200.0,105,FC128,collect,0,105,,,,
0.0,2.3007812,0.0,1.1869824,0.0082528815,0.0002554059,0.005129858,-0.0005925578,-1.699218,200.0,0.031036882,0.053026516,200.0,106,FC128,collect,0,106,,,,
0.0,2.2890625,0.0,1.1869301,0.0082487855,0.00024831295,0.003747968,-0.0016553882,-1.7109368,200.0,0.030388176,0.053526767,200.0,107,FC128,collect,0,107,,,,
0.0,2.2890625,0.0,1.1896684,0.0082446905,0.00026667118,0.0025003469,-0.0029630095,-1.7109368,200.0,0.030543609,0.054027013,200.0,108,FC128,collect,0,108,,,,
0.0,2.3359375,0.0,1.1868526,0.0082405945,0.0003001094,0.004643321,-0.00092778413,-1.6640618,200.0,0.030702952,0.054527264,200.0,109,FC128,collect,0,109,,,,
0.0,2.3203125,0.0,1.1866194,0.0082364995,0.00039333105,0.004431976,-0.0013734748,-1.6796868,200.0,0.03115808,0.055027515,200.0,110,FC128,collect,0,110,,,,
0.0,2.3515625,0.0,1.1859185,0.008232404,0.0003941059,0.005643106,-0.00035788192,-1.6484368,200.0,0.031527895,0.055527765,200.0,111,FC128,collect,0,111,,,,
0.0,2.3984375,0.0,1.1845192,0.0082283085,0.0005065799,0.007749025,0.0013278943,-1.6015618,200.0,0.032335438,0.056028016,200.0,112,FC128,collect,0,112,,,,
0.0,2.2070312,0.0,1.1829937,0.008224213,0.00024861097,0.00025105197,-0.0044720666,-1.792968,200.0,0.02890462,0.056528267,200.0,113,FC128,collect,0,113,,,,
0.0,2.2304688,0.0,1.179404,0.008220117,0.0002770424,0.001127163,-0.0038927346,-1.7695305,200.0,0.029429473,0.057028517,200.0,114,FC128,collect,0,114,,,,
0.0,2.484375,0.0,1.1795007,0.008216022,0.00018137693,0.011843114,0.004900994,-1.5156243,200.0,0.033265848,0.057528768,200.0,115,FC128,collect,0,115,,,,
0.0,2.1210938,0.0,1.1775116,0.008211926,0.00019466877,0.00020699203,-0.0044237566,-1.8789055,200.0,0.028600771,0.05802902,200.0,116,FC128,collect,0,116,,,,
0.0,2.3125,0.0,1.1754816,0.008207831,0.00042271614,0.0065160934,0.000605437,-1.6874993,200.0,0.031117622,0.058529265,200.0,117,FC128,collect,0,117,,,,
0.0,2.3320312,0.0,1.1795323,0.008203735,0.0004068017,0.007909449,0.0019238731,-1.667968,200.0,0.031324293,0.059029516,200.0,118,FC128,collect,0,118,,,,
0.0,2.4726562,0.0,1.1743041,0.00819964,0.0001206398,0.012828364,0.005786506,-1.527343,200.0,0.033341456,0.059529766,200.0,119,FC128,collect,0,119,,,,
0.0,2.3164062,0.0,1.1759889,0.008195544,0.000577271,0.007544698,0.0012000459,-1.6835932,200.0,0.03196504,0.060030017,200.0,120,FC128,collect,0,120,,,,
0.0,2.3789062,0.0,1.1773638,0.008191448,0.0005837083,0.0086239455,0.00232515,-1.6151555,199.70312,0.03188622,0.060530268,199.70312,121,FC128,collect,0,121,,,,
0.0,2.1875,0.0,1.1747462,0.008187353,0.0005016923,0.0010340828,-0.003976457,-1.8077335,199.76172,0.0292572,0.06103052,199.76172,122,FC128,collect,0,122,,,,
0.0,2.5390625,0.0,1.1777867,0.008183257,0.00032746792,0.012970872,0.0055851387,-1.4609368,200.0,0.034047727,0.06153077,200.0,123,FC128,collect,0,123,,,,
0.0,2.3320312,0.0,1.1761812,0.008179162,0.00075417757,0.0062343497,0.0005156737,-1.667968,200.0,0.030677704,0.062031016,200.0,124,FC128,collect,0,124,,,,
0.0,2.2421875,0.0,1.1798017,0.008175066,0.00075536966,0.002191092,-0.0031231844,-1.7578118,200.0,0.029918466,0.06253127,200.0,125,FC128,collect,0,125,,,,
0.0,2.34375,0.0,1.181135,0.008170971,0.00092709064,0.0050708195,-0.0009163493,-1.6562493,200.0,0.03127638,0.06303152,200.0,126,FC128,collect,0,126,,,,
0.0,2.4960938,0.0,1.1836368,0.008166875,0.00081807375,0.009035219,0.0026792174,-1.5039055,200.0,0.03204523,0.06353177,200.0,127,FC128,collect,0,127,,,,
0.0,2.5234375,0.0,1.1821926,0.00816278,0.00082165,0.009318123,0.0027596906,-1.4765618,200.0,0.032416817,0.06403202,200.0,128,FC128,collect,0,128,,,,
0.0,2.3007812,0.0,1.1841336,0.008158684,0.0007857084,0.0018514004,-0.0037195438,-1.699218,200.0,0.030463833,0.064532265,200.0,129,FC128,collect,0,129,,,,
0.0,2.2304688,0.0,1.1869284,0.008154588,0.0006041527,0.000704458,-0.004647979,-1.7695305,200.0,0.030062698,0.06503252,200.0,130,FC128,collect,0,130,,,,
0.0,2.328125,0.0,1.1865466,0.008150493,0.0012952685,0.0037696352,-0.0018526079,-1.6718743,200.0,0.030586366,0.06553277,200.0,131,FC128,collect,0,131,,,,
0.0,2.421875,0.0,1.1854017,0.008146397,0.0010433793,0.0062427567,0.0002041179,-1.5781243,200.0,0.031390782,0.06603302,200.0,132,FC128,collect,0,132,,,,
0.0,2.265625,0.0,1.1853943,0.008142302,0.00091934204,0.002025308,-0.003187182,-1.7343743,200.0,0.029728655,0.06653327,200.0,133,FC128,collect,0,133,,,,
0.0,2.2851562,0.0,1.1807921,0.008138206,0.0011776686,0.0033344617,-0.002637347,-1.714843,200.0,0.031162675,0.06703352,200.0,134,FC128,collect,0,134,,,,
0.0,2.3554688,0.0,1.1855819,0.008134111,0.00127244,0.00485171,-0.0010355207,-1.6445305,200.0,0.03106177,0.06753377,200.0,135,FC128,collect,0,135,,,,
0.0,2.4296875,0.0,1.1839683,0.008130015,0.001244545,0.008801398,0.0022074552,-1.5703118,200.0,0.032439247,0.06803402,200.0,136,FC128,collect,0,136,,,,
0.0,2.28125,0.0,1.1825888,0.008125919,0.0014371276,0.004783865,-0.0010502238,-1.7187493,200.0,0.03088742,0.06853427,200.0,137,FC128,collect,0,137,,,,
0.0,2.2890625,0.0,1.1847198,0.008121824,0.0013893843,0.0051062647,-0.00070113793,-1.7109368,200.0,0.030858977,0.06903452,200.0,138,FC128,collect,0,138,,,,
0.0,2.1328125,0.0,1.1802875,0.008117728,0.0014580488,3.2459386e-05,-0.004963466,-1.8671868,200.0,0.029154357,0.06953477,200.0,139,FC128,collect,0,139,,,,
0.0,2.1796875,0.0,1.181354,0.008113633,0.0013836622,0.0017421525,-0.0034695747,-1.8203118,200.0,0.0295936,0.07003502,200.0,140,FC128,collect,0,140,,,,
0.0,2.3632812,0.0,1.1788441,0.008109537,0.0017570257,0.0080736065,0.0019838493,-1.636718,200.0,0.031299274,0.07053527,200.0,141,FC128,collect,0,141,,,,
0.0,2.4335938,0.0,1.179136,0.008105442,0.0016118288,0.010855427,0.0044013094,-1.5664055,200.0,0.032023072,0.07103552,200.0,142,FC128,collect,0,142,,,,
0.0,2.4257812,0.0,1.1815563,0.008101346,0.0018070936,0.0112376325,0.004779673,-1.574218,200.0,0.032060314,0.07153577,200.0,143,FC128,collect,0,143,,,,
0.0,2.3984375,0.0,1.1787673,0.00809725,0.002372682,0.010255826,0.0035646243,-1.6015618,200.0,0.03247195,0.07203602,200.0,144,FC128,collect,0,144,,,,
0.0,2.4140625,0.0,1.181014,0.008093155,0.0023348927,0.0098689245,0.0033834307,-1.5859368,200.0,0.032087248,0.07253627,200.0,145,FC128,collect,0,145,,,,
0.0,2.2070312,0.0,1.1804265,0.008089059,0.0025660396,0.0007965602,-0.0041114134,-1.792968,200.0,0.028913025,0.07303652,200.0,146,FC128,collect,0,146,,,,
0.0,2.2695312,0.0,1.1842166,0.008084964,0.0027023554,0.0042355983,-0.0013667321,-1.730468,200.0,0.030353358,0.07353677,200.0,147,FC128,collect,0,147,,,,
0.0,2.3632812,0.0,1.1819012,0.008080868,0.0029636025,0.007799223,0.001451849,-1.636718,200.0,0.031796325,0.07403702,200.0,148,FC128,collect,0,148,,,,
0.0,2.25,0.0,1.1804036,0.008076773,0.0030943751,0.0036489256,-0.0021842998,-1.7499993,200.0,0.030734155,0.07453727,200.0,149,FC128,collect,0,149,,,,
0.0,2.3632812,0.0,1.1803701,0.008072677,0.0032099485,0.008082541,0.0019972161,-1.636718,200.0,0.031228142,0.075037524,200.0,150,FC128,collect,0,150,,,,
0.0,2.3515625,0.0,1.1782815,0.008068582,0.0033156276,0.006955494,0.0007084274,-1.6484368,200.0,0.031508256,0.07553777,200.0,151,FC128,collect,0,151,,,,
0.0,2.3515625,0.0,1.1797371,0.008064486,0.0037372112,0.0065140584,0.00023676782,-1.6484368,200.0,0.031582527,0.07603802,200.0,152,FC128,collect,0,152,,,,
0.0,2.3789062,0.0,1.1755368,0.00806039,0.004319191,0.009247078,0.0028805302,-1.621093,200.0,0.031683665,0.07653827,200.0,153,FC128,collect,0,153,,,,
0.0,2.5195312,0.0,1.1804004,0.008056295,0.0031442046,0.013810991,0.006524552,-1.480468,200.0,0.033592187,0.07703852,200.0,154,FC128,collect,0,154,,,,
0.0,2.3203125,0.0,1.177285,0.008052199,0.0046034455,0.00533034,-0.000841009,-1.6796868,200.0,0.031302165,0.07753877,200.0,155,FC128,collect,0,155,,,,
0.0,2.3203125,0.0,1.1798567,0.008048104,0.0040234327,0.004333523,-0.0014814486,-1.6796868,200.0,0.030621162,0.07803902,200.0,156,FC128,collect,0,156,,,,
0.0,2.4296875,0.0,1.1776202,0.008044008,0.004531741,0.007755489,0.0011797857,-1.5703118,200.0,0.03209698,0.078539275,200.0,157,FC128,collect,0,157,,,,
0.0,2.4179688,0.0,1.1789033,0.008039912,0.005279362,0.00738063,0.0012221449,-1.5820305,200.0,0.03127353,0.07903952,200.0,158,FC128,collect,0,158,,,,
0.0,2.234375,0.0,1.1774769,0.008035817,0.0046590567,0.0010147272,-0.004403146,-1.7656243,200.0,0.029759724,0.079539776,200.0,159,FC128,collect,0,159,,,,
0.0,2.296875,0.0,1.1775563,0.008031721,0.0054098964,0.0025412776,-0.0030377258,-1.7031243,200.0,0.030073613,0.08004002,200.0,160,FC128,collect,0,160,,,,
0.0,2.2539062,0.0,1.1698825,0.008027626,0.005600393,0.0024723373,-0.0031698064,-1.746093,200.0,0.030067047,0.08054027,200.0,161,FC128,collect,0,161,,,,
0.0,2.3007812,0.0,1.1718051,0.00802353,0.0052965283,0.0038548103,-0.001991014,-1.699218,200.0,0.030495677,0.081040524,200.0,162,FC128,collect,0,162,,,,
0.0,2.40625,0.0,1.1705487,0.008019435,0.0054379106,0.007859167,0.0012076756,-1.5937493,200.0,0.03207726,0.08154077,200.0,163,FC128,collect,0,163,,,,
0.0,2.2929688,0.0,1.1632994,0.008015339,0.006319642,0.005868368,-0.00012466847,-1.7070305,200.0,0.030634552,0.082041025,200.0,164,FC128,collect,0,164,,,,
0.0,2.2617188,0.0,1.1620573,0.008011244,0.0060285926,0.00450321,-0.0016458252,-1.7382805,200.0,0.03091712,0.08254127,200.0,165,FC128,collect,0,165,,,,
0.0,2.1328125,0.0,1.1611049,0.008007148,0.0069429874,0.0023999754,-0.0026229993,-1.8671868,200.0,0.028640227,0.08304153,200.0,166,FC128,collect,0,166,,,,
0.0,2.3320312,0.0,1.1577295,0.008003052,0.0066859126,0.009971005,0.0036699804,-1.667968,200.0,0.031132787,0.08354177,200.0,167,FC128,collect,0,167,,,,
0.0,2.4609375,0.0,1.1590418,0.007998957,0.009001851,0.01384334,0.006779003,-1.5390618,200.0,0.032670923,0.08404203,200.0,168,FC128,collect,0,168,,,,
0.0,2.265625,0.0,1.1611476,0.007994861,0.0094648,0.005612719,-0.00044495045,-1.7343743,200.0,0.030681767,0.084542274,200.0,169,FC128,collect,0,169,,,,
0.0,2.2578125,0.0,1.1579816,0.007990766,0.011811316,0.0034683514,-0.0021184545,-1.7421868,200.0,0.029679934,0.08504252,200.0,170,FC128,collect,0,170,,,,
0.0,2.2695312,0.0,1.1598963,0.00798667,0.009616315,0.0034149475,-0.0022243191,-1.730468,200.0,0.029805953,0.085542776,200.0,171,FC128,collect,0,171,,,,
0.0,2.25,0.0,1.1591214,0.007982575,0.011331618,0.0024210522,-0.0028973257,-1.7499993,200.0,0.029142303,0.08604302,200.0,172,FC128,collect,0,172,,,,
0.0,2.4726562,0.0,1.1574146,0.007978479,0.013289571,0.011420717,0.0040295646,-1.5240617,199.83594,0.03325112,0.08654328,199.83594,173,FC128,collect,0,173,,,,
0.0,2.1953125,0.0,1.1561728,0.007974383,0.012508154,0.0012986148,-0.0038328422,-1.8024992,199.89062,0.028702443,0.087043524,199.89062,174,FC128,collect,0,174,,,,
0.0,2.3984375,0.0,1.1573008,0.007970288,0.014313698,0.00836288,0.0020585598,-1.6015618,200.0,0.031056685,0.08754378,200.0,175,FC128,collect,0,175,,,,
0.0,2.203125,0.0,1.1522921,0.007966192,0.015622079,0.0035114922,-0.002246149,-1.7968744,200.0,0.029874044,0.088044025,200.0,176,FC128,collect,0,176,,,,
0.0,2.3164062,0.0,1.1560704,0.007962097,0.016992152,0.007822913,0.0014849827,-1.683593,200.0,0.031085351,0.08854427,200.0,177,FC128,collect,0,177,,,,
0.0,2.2539062,0.0,1.1523961,0.007958001,0.018060327,0.006778001,0.0009507659,-1.746093,200.0,0.029996008,0.089044526,200.0,178,FC128,collect,0,178,,,,
0.0,2.4375,0.0,1.15248,0.007953906,0.017644763,0.011127704,0.004100453,-1.5624993,200.0,0.03238794,0.08954477,200.0,179,FC128,collect,0,179,,,,
0.0,2.53125,0.0,1.1579859,0.0079498105,0.019648314,0.013428849,0.0059118057,-1.4687493,200.0,0.033445623,0.09004503,200.0,180,FC128,collect,0,180,,,,
0.0,2.40625,0.0,1.1614931,0.0079457145,0.020278454,0.007228259,0.00076980115,-1.5937493,200.0,0.0313747,0.090545274,200.0,181,FC128,collect,0,181,,,,
0.0,2.5390625,0.0,1.1651798,0.0079416195,0.025734544,0.008110086,0.0014508287,-1.4609368,200.0,0.031825345,0.09104553,200.0,182,FC128,collect,0,182,,,,
0.0,2.3242188,0.0,1.1687232,0.007937524,0.028989494,-0.00062496774,-0.00596399,-1.6757805,200.0,0.029231582,0.091545776,200.0,183,FC128,collect,0,183,,,,
0.0,2.21875,0.0,1.1639041,0.0079334285,0.029082,-0.0024376828,-0.0077002654,-1.7812493,200.0,0.028992664,0.09204602,200.0,184,FC128,collect,0,184,,,,
0.0,2.390625,0.0,1.1547428,0.007929333,0.02566725,0.0033491785,-0.002435763,-1.6093742,200.0,0.029882561,0.09254628,200.0,185,FC128,collect,0,185,,,,
0.0,2.2773438,0.0,1.1508285,0.0079252375,0.02679944,0.0038766395,-0.0016365265,-1.7226555,200.0,0.02926751,0.09304652,200.0,186,FC128,collect,0,186,,,,
0.0,2.234375,0.0,1.148915,0.007921142,0.02542615,0.0047588246,-0.0010267934,-1.7656243,200.0,0.029772673,0.09354678,200.0,187,FC128,collect,0,187,,,,
0.0,2.0859375,0.0,1.144216,0.007917047,0.024645925,0.0012686756,-0.0038037328,-1.9140619,200.0,0.028262438,0.094047025,200.0,188,FC128,collect,0,188,,,,
0.0,2.4296875,0.0,1.1441815,0.007912951,0.02375114,0.0139261065,0.0070430324,-1.5703118,200.0,0.031873852,0.09454728,200.0,189,FC128,collect,0,189,,,,
0.0,2.375,0.0,1.1457283,0.007908855,0.028930545,0.012061448,0.005369897,-1.6249993,200.0,0.031505898,0.095047526,200.0,190,FC128,collect,0,190,,,,
0.0,2.15625,0.0,1.1446487,0.00790476,0.032996714,0.0036098221,-0.0018138861,-1.8437493,200.0,0.02894376,0.09554778,200.0,191,FC128,collect,0,191,,,,
0.0,2.5625,0.0,1.1539419,0.007900664,0.040907383,0.017325202,0.0094576925,-1.4374993,200.0,0.033968832,0.09604803,200.0,192,FC128,collect,0,192,,,,
0.0,2.40625,0.0,1.1634156,0.007896569,0.050518274,0.0053961817,-0.00046253204,-1.5937492,200.0,0.030091409,0.096548274,200.0,193,FC128,collect,0,193,,,,
0.0,2.359375,0.0,1.1679715,0.007892473,0.057747543,-0.0005520163,-0.0059525585,-1.6406243,200.0,0.029237451,0.09704853,200.0,194,FC128,collect,0,194,,,,
0.0,2.4101562,0.0,1.1738259,0.007888378,0.05597174,0.00014468282,-0.005477842,-1.589843,200.0,0.029764213,0.097548775,200.0,195,FC128,collect,0,195,,,,
0.0,2.3710938,0.0,1.1728204,0.007884282,0.0635972,-0.00093572773,-0.0065218,-1.6289055,200.0,0.029665837,0.09804903,200.0,196,FC128,collect,0,196,,,,
0.0,2.3710938,0.0,1.1659001,0.007880186,0.059704185,0.003515034,-0.0017708495,-1.6289055,200.0,0.028946785,0.09854928,200.0,197,FC128,collect,0,197,,,,
0.0,2.2148438,0.0,1.1608306,0.007876091,0.052931488,0.0014933273,-0.0034430104,-1.7851555,200.0,0.02815829,0.09904953,200.0,198,FC128,collect,0,198,,,,
0.0,2.2929688,0.0,1.1571984,0.007871995,0.055656016,0.007002026,0.0011072927,-1.7070305,200.0,0.030008385,0.09954978,200.0,199,FC128,collect,0,199,,,,
0.0,2.3867188,0.0,1.1564503,0.0078679,0.047796845,0.012433895,0.006020108,-1.6132805,200.0,0.031025244,0.10005003,200.0,200,FC128,collect,0,200,,,,
0.0,2.1054688,0.0,1.151574,0.007863804,0.05453545,0.0042331517,-0.0011644387,-1.8945305,200.0,0.028906686,0.10055028,200.0,201,FC128,collect,0,201,,,,
0.0,2.4609375,0.0,1.1576219,0.007859709,0.05152142,0.015714623,0.008960852,-1.5390618,200.0,0.031704683,0.101050526,200.0,202,FC128,collect,0,202,,,,
0.0,2.3320312,0.0,1.1555909,0.007855613,0.060590863,0.009144854,0.0030594077,-1.667968,200.0,0.030326642,0.10155078,200.0,203,FC128,collect,0,203,,,,
0.0,2.3007812,0.0,1.1576722,0.007851517,0.07092106,0.0054549584,-0.0001938936,-1.699218,200.0,0.02947667,0.10205103,200.0,204,FC128,collect,0,204,,,,
0.0,2.3398438,0.0,1.1648347,0.007847422,0.08318949,0.004030899,-0.0014010482,-1.6601555,200.0,0.029145794,0.10255128,200.0,205,FC128,collect,0,205,,,,
0.0,2.3359375,0.0,1.1661524,0.007843326,0.09735173,0.00041593146,-0.004623339,-1.6640618,200.0,0.028371567,0.10305153,200.0,206,FC128,collect,0,206,,,,
0.0,2.265625,0.0,1.1663661,0.007839231,0.10241282,-0.0038787741,-0.0084285205,-1.7343743,200.0,0.027386319,0.10355178,200.0,207,FC128,collect,0,207,,,,
0.0,2.3632812,0.0,1.1687186,0.007835135,0.106968224,0.0022123707,-0.0031941175,-1.636718,200.0,0.029127112,0.10405203,200.0,208,FC128,collect,0,208,,,,
0.0,2.4804688,0.0,1.161602,0.00783104,0.11252791,0.008845951,0.0029162178,-1.5195305,200.0,0.03005257,0.10455228,200.0,209,FC128,collect,0,209,,,,
0.0,2.4960938,0.0,1.165588,0.007826944,0.10392028,0.008835183,0.0026943346,-1.5039055,200.0,0.030527681,0.10505253,200.0,210,FC128,collect,0,210,,,,
0.0,2.2617188,0.0,1.1654909,0.007822849,0.11852068,0.0005505206,-0.0041235364,-1.7382805,200.0,0.027583033,0.10555278,200.0,211,FC128,collect,0,211,,,,
0.0,2.4492188,0.0,1.1642141,0.007818753,0.1297844,0.008447495,0.0026130339,-1.5507805,200.0,0.02987433,0.10605303,200.0,212,FC128,collect,0,212,,,,
0.0,2.328125,0.0,1.1629064,0.007814657,0.12606955,0.0024923002,-0.0026877183,-1.6718743,200.0,0.028535465,0.10655328,200.0,213,FC128,collect,0,213,,,,
0.0,2.3671875,0.0,1.1632224,0.007810562,0.14691734,0.0049110837,-0.00045128702,-1.6328118,200.0,0.028895583,0.10705353,200.0,214,FC128,collect,0,214,,,,
0.0,2.3125,0.0,1.1616063,0.007806466,0.14399886,0.0033421796,-0.0015348895,-1.6874993,200.0,0.027890218,0.10755378,200.0,215,FC128,collect,0,215,,,,
0.0,2.359375,0.0,1.1593025,0.0078023705,0.16162843,0.0061660167,0.00075746013,-1.6406243,200.0,0.028907727,0.10805403,200.0,216,FC128,collect,0,216,,,,
0.0,2.4140625,0.0,1.1604922,0.007798275,0.16926259,0.0071117347,0.001685288,-1.5859368,200.0,0.028952567,0.10855428,200.0,217,FC128,collect,0,217,,,,
0.0,2.328125,0.0,1.1623908,0.0077941795,0.18792528,0.0038682027,-0.0008944104,-1.6718743,200.0,0.027644992,0.10905453,200.0,218,FC128,collect,0,218,,,,
0.0,2.453125,0.0,1.1605521,0.007790084,0.18634409,0.006758822,0.0015355769,-1.5468743,200.0,0.028528089,0.10955478,200.0,219,FC128,collect,0,219,,,,
0.0,2.2617188,0.0,1.1603836,0.0077859885,0.20966953,-0.00046933163,-0.004637551,-1.7382805,200.0,0.026405906,0.11005503,200.0,220,FC128,collect,0,220,,,,
0.0,2.3125,0.0,1.1610363,0.007781893,0.23085648,0.00051214173,-0.0039543514,-1.6874992,200.0,0.027003106,0.11055528,200.0,221,FC128,collect,0,221,,,,
0.0,2.3710938,0.0,1.1561854,0.007777797,0.21103442,0.0045633065,-0.00056789606,-1.6289055,200.0,0.028247556,0.11105553,200.0,222,FC128,collect,0,222,,,,
0.0,2.3789062,0.0,1.1483546,0.0077737016,0.21969944,0.008163082,0.0029371635,-1.621093,200.0,0.028305769,0.111555785,200.0,223,FC128,collect,0,223,,,,
0.0,2.3164062,0.0,1.1484269,0.007769606,0.22955,0.007567508,0.0024973452,-1.683593,200.0,0.027985977,0.11205603,200.0,224,FC128,collect,0,224,,,,
0.0,2.2929688,0.0,1.1461353,0.0077655106,0.2368294,0.0044207796,-0.00032476961,-1.7070305,200.0,0.02729175,0.11255628,200.0,225,FC128,collect,0,225,,,,
0.0,2.3398438,0.0,1.1483235,0.007761415,0.25427067,0.0030118283,-0.0017055812,-1.6601555,200.0,0.02726005,0.11305653,200.0,226,FC128,collect,0,226,,,,
0.0,2.2890625,0.0,1.1496648,0.0077573196,0.30351585,-0.0017213775,-0.0062189233,-1.7109368,200.0,0.026831726,0.11355678,200.0,227,FC128,collect,0,227,,,,
0.0,2.3125,0.0,1.1412747,0.007753224,0.30206674,0.0036254944,-0.00096544577,-1.6874993,200.0,0.026878996,0.114057034,200.0,228,FC128,collect,0,228,,,,
0.0,2.4335938,0.0,1.1343774,0.0077491286,0.25608975,0.012125836,0.0062829643,-1.5664055,200.0,0.029266614,0.11455728,200.0,229,FC128,collect,0,229,,,,
0.0,2.2070312,0.0,1.1369901,0.007745033,0.2785241,0.0035902234,-0.00076879084,-1.792968,200.0,0.02633008,0.115057535,200.0,230,FC128,collect,0,230,,,,
0.0,2.296875,0.0,1.1376538,0.007740937,0.31618214,0.0035313098,-0.0010638109,-1.7031243,200.0,0.026803255,0.11555778,200.0,231,FC128,collect,0,231,,,,
0.0,2.3632812,0.0,1.1412665,0.0077368417,0.30788136,0.0048552593,-7.654026e-05,-1.636718,200.0,0.027523194,0.11605804,200.0,232,FC128,collect,0,232,,,,
0.0,2.3789062,0.0,1.1381383,0.007732746,0.28766125,0.007139571,0.0018025046,-1.621093,200.0,0.028276004,0.11655828,200.0,233,FC128,collect,0,233,,,,
0.0,2.5195312,0.0,1.1375871,0.0077286507,0.32801598,0.009726152,0.0041420315,-1.480468,200.0,0.028752267,0.11705853,200.0,234,FC128,collect,0,234,,,,
0.0,2.2773438,0.0,1.1375463,0.007724555,0.34949768,-0.0026345565,-0.0067963335,-1.7226555,200.0,0.025897633,0.117558785,200.0,235,FC128,collect,0,235,,,,
0.0,2.3828125,0.0,1.1385034,0.0077204597,0.3168007,0.0014739521,-0.0033723577,-1.6171868,200.0,0.027272161,0.11805903,200.0,236,FC128,collect,0,236,,,,
0.0,2.390625,0.0,1.1352327,0.007716364,0.308568,0.005002086,-0.0004563771,-1.6093743,200.0,0.028436664,0.118559286,200.0,237,FC128,collect,0,237,,,,
0.0,2.3125,0.0,1.1306372,0.0077122683,0.29137647,0.0053654024,0.00023939385,-1.6874993,200.0,0.027691571,0.11905953,200.0,238,FC128,collect,0,238,,,,
0.0,2.375,0.0,1.1295913,0.007708173,0.28809434,0.008637378,0.0029472162,-1.6249993,200.0,0.028794495,0.11955979,200.0,239,FC128,collect,0,239,,,,
0.0,2.2851562,0.0,1.1307119,0.0077040773,0.30300027,0.0039699776,-0.0008718982,-1.714843,200.0,0.027105937,0.120060034,200.0,240,FC128,collect,0,240,,,,
0.0,2.3867188,0.0,1.1292621,0.007699982,0.29544872,0.0076338677,0.0019752458,-1.6132805,200.0,0.02870784,0.12056028,200.0,241,FC128,collect,0,241,,,,
0.0,2.3828125,0.0,1.1337131,0.0076958863,0.35696822,0.0012533078,-0.0039158887,-1.6171868,200.0,0.027788248,0.121060535,200.0,242,FC128,collect,0,242,,,,
0.0,2.3515625,0.0,1.133453,0.007691791,0.35036355,-0.00014746189,-0.0049322587,-1.6484368,200.0,0.027006162,0.12156078,200.0,243,FC128,collect,0,243,,,,
0.0,2.4257812,0.0,1.1316541,0.0076876953,0.37384105,0.0020117732,-0.003648945,-1.574218,200.0,0.02872106,0.12206104,200.0,244,FC128,collect,0,244,,,,
0.0,2.3203125,0.0,1.1260847,0.0076835994,0.3394518,0.0010201298,-0.0042666993,-1.6796868,200.0,0.027878426,0.12256128,200.0,245,FC128,collect,0,245,,,,
0.0,2.3789062,0.0,1.1234405,0.007679504,0.3276015,0.008142636,0.0024152375,-1.621093,200.0,0.028709728,0.12306154,200.0,246,FC128,collect,0,246,,,,
0.0,2.2890625,0.0,1.1196336,0.0076754084,0.33255756,0.0044051213,-0.0010635572,-1.7109368,200.0,0.028124647,0.123561785,200.0,247,FC128,collect,0,247,,,,
0.0,2.4296875,0.0,1.1217973,0.007671313,0.31509262,0.0072293216,0.0010308723,-1.5703118,200.0,0.029608216,0.12406203,200.0,248,FC128,collect,0,248,,,,
0.0,2.421875,0.0,1.1255945,0.0076672174,0.36595672,0.003912783,-0.002211864,-1.5781243,200.0,0.02950965,0.124562286,200.0,249,FC128,collect,0,249,,,,
0.0,2.3398438,0.0,1.1249801,0.007663122,0.38414657,0.0022789165,-0.0032768326,-1.6601555,200.0,0.028353218,0.12506254,200.0,250,FC128,collect,0,250,,,,
0.0,2.3867188,0.0,1.1244621,0.0076590264,0.32601547,0.0056197587,-0.00027210562,-1.6132805,200.0,0.0290083,0.12556279,200.0,251,FC128,collect,0,251,,,,
0.0,2.546875,0.0,1.1254324,0.0076549305,0.3572625,0.011968954,0.005233032,-1.4531243,200.0,0.030702056,0.12606303,200.0,252,FC128,collect,0,252,,,,
0.0,2.3789062,0.0,1.1309738,0.0076508354,0.32660794,0.0021819687,-0.003245122,-1.621093,200.0,0.02815997,0.12656328,200.0,253,FC128,collect,0,253,,,,
0.0,2.40625,0.0,1.1324213,0.0076467395,0.35935658,-0.001710746,-0.0073298845,-1.5937493,200.0,0.028556937,0.12706354,200.0,254,FC128,collect,0,254,,,,
0.0,2.4453125,0.0,1.1343554,0.007642644,0.35103703,0.0025930982,-0.0032567882,-1.5546868,200.0,0.029038724,0.12756379,200.0,255,FC128,collect,0,255,,,,
0.0,2.4453125,0.0,1.1311533,0.0076385485,0.3452055,0.0041928627,-0.0017137228,-1.554218,199.97656,0.02909391,0.12806404,199.97656,256,FC128,collect,0,256,,,,
0.0,2.4960938,0.0,1.1312602,0.007634453,0.345918,0.0076197516,0.0013015112,-1.5039055,200.0,0.029909587,0.12856428,200.0,257,FC128,collect,0,257,,,,
0.0,2.4765625,0.0,1.1310349,0.0076303575,0.34396517,0.009084222,0.002816141,-1.5234368,200.0,0.029796563,0.12906453,200.0,258,FC128,collect,0,258,,,,
0.0,2.3945312,0.0,1.1357713,0.0076262616,0.35713214,0.0035037203,-0.0023939216,-1.605468,200.0,0.029118663,0.12956479,200.0,259,FC128,collect,0,259,,,,
0.0,2.2070312,0.0,1.1379228,0.0076221665,0.36520255,-0.0062389066,-0.011586153,-1.792968,200.0,0.028041366,0.13006504,200.0,260,FC128,collect,0,260,,,,
0.0,2.2929688,0.0,1.134309,0.0076180706,0.37103808,0.0024659075,-0.003236804,-1.7070305,200.0,0.028687917,0.13056529,200.0,261,FC128,collect,0,261,,,,
0.0,2.4414062,0.0,1.1327308,0.007613975,0.32508296,0.012150514,0.005610206,-1.558593,200.0,0.030329784,0.13106553,200.0,262,FC128,collect,0,262,,,,
0.0,2.4882812,0.0,1.1357937,0.0076098796,0.36455226,0.011508528,0.0052067623,-1.511718,200.0,0.029890036,0.1315658,200.0,263,FC128,collect,0,263,,,,
0.0,2.40625,0.0,1.1416519,0.007605784,0.35937655,0.0065778345,2.9797553e-05,-1.5937493,200.0,0.03046239,0.13206604,200.0,264,FC128,collect,0,264,,,,
0.0,2.28125,0.0,1.1471553,0.0076016886,0.4058829,-0.004942149,-0.010315205,-1.7187493,200.0,0.028186746,0.13256629,200.0,265,FC128,collect,0,265,,,,
0.0,2.3671875,0.0,1.146632,0.007597593,0.3957249,-0.000651693,-0.006409231,-1.6328118,200.0,0.028938364,0.13306653,200.0,266,FC128,collect,0,266,,,,
0.0,2.3242188,0.0,1.1479915,0.0075934976,0.36352015,0.0017968751,-0.0040739565,-1.6757805,200.0,0.029176205,0.13356678,200.0,267,FC128,collect,0,267,,,,
0.0,2.3789062,0.0,1.1407521,0.0075894017,0.32914984,0.007506312,0.0014884413,-1.621093,200.0,0.029350992,0.13406704,200.0,268,FC128,collect,0,268,,,,
0.0,2.4609375,0.0,1.1424882,0.007585306,0.3536923,0.012350199,0.0057852864,-1.5390618,200.0,0.030462071,0.13456729,200.0,269,FC128,collect,0,269,,,,
0.0,2.4882812,0.0,1.1453005,0.0075812107,0.3493135,0.01029216,0.0037676676,-1.511718,200.0,0.030414514,0.13506754,200.0,270,FC128,collect,0,270,,,,
0.0,2.296875,0.0,1.1526731,0.007577115,0.38981545,-0.0036982652,-0.009298834,-1.7031243,200.0,0.028669013,0.13556778,200.0,271,FC128,collect,0,271,,,,
0.0,2.5351562,0.0,1.1513155,0.0075730197,0.39681166,0.0019024722,-0.004386847,-1.4648429,200.0,0.030016508,0.13606805,200.0,272,FC128,collect,0,272,,,,
0.0,2.3945312,0.0,1.1531029,0.007568924,0.37625325,-0.0015591648,-0.0073758014,-1.605468,200.0,0.02908877,0.1365683,200.0,273,FC128,collect,0,273,,,,
0.0,2.4453125,0.0,1.1514904,0.0075648287,0.38686097,0.00038378406,-0.0056770258,-1.5546868,200.0,0.029543275,0.13706854,200.0,274,FC128,collect,0,274,,,,
0.0,2.4609375,0.0,1.1413134,0.007560733,0.33848137,0.005550919,-0.0006352034,-1.5390618,200.0,0.029630575,0.13756879,200.0,275,FC128,collect,0,275,,,,
0.0,2.3164062,0.0,1.133993,0.0075566373,0.3510058,0.006701351,0.0009199181,-1.683593,200.0,0.028701214,0.13806903,200.0,276,FC128,collect,0,276,,,,
0.0,2.3945312,0.0,1.1359656,0.007552542,0.35419577,0.0071104653,0.0010019388,-1.605468,200.0,0.029375907,0.1385693,200.0,277,FC128,collect,0,277,,,,
0.0,2.6054688,0.0,1.1355375,0.0075484463,0.34687978,0.012523527,0.005405967,-1.3945304,200.0,0.031378206,0.13906954,200.0,278,FC128,collect,0,278,,,,
0.0,2.5234375,0.0,1.1462818,0.007544351,0.37385356,0.0035911752,-0.003090942,-1.4765618,200.0,0.03066014,0.13956979,200.0,279,FC128,collect,0,279,,,,
0.0,2.3554688,0.0,1.1517107,0.0075402553,0.4429173,-0.010347575,-0.015252271,-1.6445305,200.0,0.027177777,0.14007004,200.0,280,FC128,collect,0,280,,,,
0.0,2.5273438,0.0,1.1514566,0.00753616,0.40977186,-0.0013918737,-0.007660961,-1.4726555,200.0,0.029893296,0.14057028,200.0,281,FC128,collect,0,281,,,,
0.0,2.3242188,0.0,1.1440773,0.007532064,0.38331294,-0.0012122439,-0.0070267403,-1.6757805,200.0,0.02886352,0.14107054,200.0,282,FC128,collect,0,282,,,,
0.0,2.46875,0.0,1.1381294,0.007527969,0.3418445,0.0125723,0.0061455984,-1.5312492,200.0,0.029989008,0.14157079,200.0,283,FC128,collect,0,283,,,,
0.0,2.2773438,0.0,1.1300926,0.007523873,0.313178,0.0078192875,0.0016036475,-1.7226555,200.0,0.029436626,0.14207104,200.0,284,FC128,collect,0,284,,,,
0.0,2.5195312,0.0,1.1330479,0.0075197774,0.3471254,0.014840607,0.008003111,-1.480468,200.0,0.030715527,0.14257129,200.0,285,FC128,collect,0,285,,,,
0.0,2.328125,0.0,1.1340684,0.007515682,0.36641932,0.0032854332,-0.0026379,-1.6718743,200.0,0.028893262,0.14307155,200.0,286,FC128,collect,0,286,,,,
0.0,2.328125,0.0,1.1340133,0.0075115864,0.35542238,0.00061595906,-0.0050950516,-1.6718743,200.0,0.028458498,0.1435718,200.0,287,FC128,collect,0,287,,,,
0.0,2.4375,0.0,1.1325738,0.007507491,0.40789682,0.0018946407,-0.0036872071,-1.5624993,200.0,0.02816927,0.14407204,200.0,288,FC128,collect,0,288,,,,
0.0,2.4960938,0.0,1.1360167,0.007503395,0.39008605,0.001597818,-0.004929217,-1.5039055,200.0,0.030102033,0.14457229,200.0,289,FC128,collect,0,289,,,,
0.0,2.5898438,0.0,1.1283506,0.0074993,0.3904094,0.0072576264,6.428122e-05,-1.4101555,200.0,0.03131037,0.14507253,200.0,290,FC128,collect,0,290,,,,
0.0,2.4960938,0.0,1.1257046,0.007495204,0.43446332,0.0025798744,-0.004138844,-1.5039055,200.0,0.030312208,0.1455728,200.0,291,FC128,collect,0,291,,,,
0.0,2.4179688,0.0,1.1184862,0.0074911085,0.42818433,0.00090868585,-0.005816162,-1.5820305,200.0,0.030207098,0.14607304,200.0,292,FC128,collect,0,292,,,,
0.0,2.3632812,0.0,1.1135682,0.007487013,0.42040306,0.0025147842,-0.0038022809,-1.636718,200.0,0.029308729,0.14657329,200.0,293,FC128,collect,0,293,,,,
0.0,2.28125,0.0,1.1098739,0.0074829175,0.41417742,-0.0004988671,-0.0067046904,-1.7187493,200.0,0.029021837,0.14707354,200.0,294,FC128,collect,0,294,,,,
0.0,2.5585938,0.0,1.1068459,0.007478822,0.4144951,0.012914202,0.005136263,-1.4414055,200.0,0.032111686,0.1475738,200.0,295,FC128,collect,0,295,,,,
0.0,2.4375,0.0,1.1135414,0.0074747265,0.40861923,0.007015003,6.1906874e-05,-1.5624993,200.0,0.030553026,0.14807405,200.0,296,FC128,collect,0,296,,,,
0.0,2.5429688,0.0,1.122171,0.007470631,0.4191913,0.006412863,-0.0004436125,-1.4570305,200.0,0.030479603,0.1485743,200.0,297,FC128,collect,0,297,,,,
0.0,2.3632812,0.0,1.1261561,0.007466535,0.4093573,-0.0011386871,-0.0067255273,-1.636718,200.0,0.027990649,0.14907454,200.0,298,FC128,collect,0,298,,,,
0.0,2.59375,0.0,1.1297692,0.0074624396,0.4036591,0.0038190205,-0.002949391,-1.4062493,200.0,0.030398492,0.14957479,200.0,299,FC128,collect,0,299,,,,
0.0,2.484375,0.0,1.135251,0.007458344,0.40551382,-0.0021908833,-0.008028801,-1.508671,199.65234,0.02861002,0.15007505,199.65234,300,FC128,collect,0,300,,,,
0.0,2.5546875,0.0,1.1315902,0.0074542486,0.3938046,-0.00093241874,-0.0070718406,-1.4453117,200.0,0.029149154,0.1505753,200.0,301,FC128,collect,0,301,,,,
0.0,2.4257812,0.0,1.1242994,0.007450153,0.40226567,-0.0010900772,-0.0074762567,-1.574218,200.0,0.029524764,0.15107554,200.0,302,FC128,collect,0,302,,,,
0.0,2.5117188,0.0,1.114077,0.0074460576,0.4088961,0.0068537164,-0.00011081475,-1.4860147,199.88672,0.030520024,0.15157579,199.88672,303,FC128,collect,0,303,,,,
0.0,2.5351562,0.0,1.1061772,0.007441962,0.42099035,0.009050029,0.001838103,-1.464843,200.0,0.030888109,0.15207604,200.0,304,FC128,collect,0,304,,,,
0.0,2.3125,0.0,1.1004936,0.007437866,0.4440065,0.0015300373,-0.0050262054,-1.6874993,200.0,0.029483132,0.1525763,200.0,305,FC128,collect,0,305,,,,
0.0,2.4960938,0.0,1.0982454,0.0074337707,0.43752903,0.0051585864,-0.0022883122,-1.5039055,200.0,0.031222004,0.15307654,200.0,306,FC128,collect,0,306,,,,
0.0,2.5195312,0.0,1.0929083,0.007429675,0.43686646,0.0053793415,-0.0019072621,-1.480468,200.0,0.030813115,0.15357679,200.0,307,FC128,collect,0,307,,,,
0.0,2.59375,0.0,1.0963045,0.0074255797,0.43166733,0.0042631794,-0.0032295892,-1.4062493,200.0,0.03126693,0.15407704,200.0,308,FC128,collect,0,308,,,,
0.0,2.6914062,0.0,1.0908374,0.007421484,0.44073796,0.008397852,0.000821474,-1.308593,200.0,0.03134402,0.1545773,200.0,309,FC128,collect,0,309,,,,
0.0,2.6054688,0.0,1.0977452,0.0074173887,0.45549297,0.002155399,-0.004785838,-1.3945305,200.0,0.030167278,0.15507755,200.0,310,FC128,collect,0,310,,,,
0.0,2.5546875,0.0,1.088705,0.0074132932,0.43445098,0.0014194297,-0.005378077,-1.4453118,200.0,0.02973679,0.1555778,200.0,311,FC128,collect,0,311,,,,
0.0,2.515625,0.0,1.0877486,0.0074091973,0.44000667,-0.00022710767,-0.0065468475,-1.4843743,200.0,0.028758168,0.15607804,200.0,312,FC128,collect,0,312,,,,
0.0,2.6914062,0.0,1.084887,0.0074051023,0.43289787,0.0072584813,-0.0001314114,-1.308593,200.0,0.030847184,0.15657829,200.0,313,FC128,collect,0,313,,,,
0.0,2.4375,0.0,1.0878491,0.0074010063,0.44544017,-0.0015616352,-0.008147109,-1.5624993,200.0,0.029273305,0.15707855,200.0,314,FC128,collect,0,314,,,,
0.0,2.5078125,0.0,1.0789932,0.007396911,0.44379026,0.0030719899,-0.004488022,-1.4921868,200.0,0.031082457,0.1575788,200.0,315,FC128,collect,0,315,,,,
0.0,2.421875,0.0,1.0637327,0.0073928153,0.45110708,0.005549918,-0.0018639305,-1.5781243,200.0,0.030555656,0.15807904,200.0,316,FC128,collect,0,316,,,,
0.0,2.4570312,0.0,1.0644346,0.00738872,0.44517428,0.0064982697,-0.0011852713,-1.542968,200.0,0.0310967,0.15857929,200.0,317,FC128,collect,0,317,,,,
0.0,2.53125,0.0,1.074077,0.0073846243,0.4692545,0.0028824536,-0.00463765,-1.4687493,200.0,0.030903518,0.15907955,200.0,318,FC128,collect,0,318,,,,
0.0,2.703125,0.0,1.0848776,0.007380529,0.4813053,0.003835504,-0.0041593327,-1.2968743,200.0,0.032003615,0.1595798,200.0,319,FC128,collect,0,319,,,,
0.0,2.6757812,0.0,1.0862715,0.0073764334,0.48994976,0.0024569454,-0.005459232,-1.324218,200.0,0.031857975,0.16008005,200.0,320,FC128,collect,0,320,,,,
0.0,2.5664062,0.0,1.0849702,0.0073723374,0.48444223,0.000337027,-0.007075172,-1.433593,200.0,0.03082193,0.16058029,200.0,321,FC128,collect,0,321,,,,
0.0,2.6757812,0.0,1.0713509,0.007368242,0.46170884,0.009399644,0.00070340483,-1.3242179,200.0,0.033180423,0.16108054,200.0,322,FC128,collect,0,322,,,,
0.0,2.71875,0.0,1.0754356,0.0073641464,0.4483952,0.0074287904,-0.0009248809,-1.2812493,200.0,0.032546673,0.1615808,200.0,323,FC128,collect,0,323,,,,
0.0,2.7148438,0.0,1.0862408,0.007360051,0.46319628,-0.00027048495,-0.008044646,-1.2851555,200.0,0.031537898,0.16208105,200.0,324,FC128,collect,0,324,,,,
0.0,2.6679688,0.0,1.08624,0.0073559554,0.48807788,-0.00322292,-0.010229184,-1.3320305,200.0,0.029993195,0.1625813,200.0,325,FC128,collect,0,325,,,,
0.0,2.7734375,0.0,1.084905,0.00735186,0.457075,0.0018507317,-0.006231394,-1.2265615,200.0,0.03211639,0.16308154,200.0,326,FC128,collect,0,326,,,,
0.0,2.7265625,0.0,1.0784264,0.0073477644,0.48275,0.0037292289,-0.0039760307,-1.2734368,200.0,0.031258564,0.1635818,200.0,327,FC128,collect,0,327,,,,
0.0,2.6757812,0.0,1.0729451,0.0073436685,0.49626857,0.0012213653,-0.005996935,-1.324218,200.0,0.030195307,0.16408205,200.0,328,FC128,collect,0,328,,,,
0.0,3.0117188,0.0,1.0749545,0.007339573,0.4825855,0.009093186,1.9669533e-05,-0.9882804,200.0,0.033926446,0.1645823,200.0,329,FC128,collect,0,329,,,,
0.0,3.1484375,0.0,1.0929663,0.0073354775,0.4852422,-0.0035903277,-0.012453155,-0.8495304,199.89844,0.033760514,0.16508254,199.89844,330,FC128,collect,0,330,,,,
0.0,2.8632812,0.0,1.0655675,0.007331382,0.48340827,0.002353067,-0.0063140336,-1.136718,200.0,0.032958366,0.16558279,200.0,331,FC128,collect,0,331,,,,
0.0,2.5898438,0.0,1.0260519,0.0073272865,0.5036713,0.008841962,0.0003586924,-1.4101555,200.0,0.03200289,0.16608305,200.0,332,FC128,collect,0,332,,,,
0.0,2.7109375,0.0,1.0267777,0.007323191,0.47072828,0.012803044,0.0041892836,-1.2890618,200.0,0.032266103,0.1665833,200.0,333,FC128,collect,0,333,,,,
0.0,3.0234375,0.0,1.0595915,0.0073190955,0.49441987,0.009191195,3.7526264e-05,-0.9765616,200.0,0.03381784,0.16708355,200.0,334,FC128,collect,0,334,,,,
0.0,3.1835938,0.0,1.09273,0.0073149996,0.51091903,-0.0038473653,-0.01253374,-0.8103116,199.69531,0.03335939,0.1675838,199.69531,335,FC128,collect,0,335,,,,
0.0,3.2226562,0.0,1.1074299,0.0073109046,0.494003,-0.012809518,-0.021164937,-0.77734286,200.0,0.032903466,0.16808406,200.0,336,FC128,collect,0,336,,,,
0.0,3.0625,0.0,1.0843736,0.0073068086,0.5160892,-0.00572424,-0.014251607,-0.93749917,200.0,0.032901354,0.1685843,200.0,337,FC128,collect,0,337,,,,
0.0,3.0195312,0.0,1.0500866,0.007302713,0.5113862,0.0050951038,-0.0037213385,-0.980468,200.0,0.032969847,0.16908455,200.0,338,FC128,collect,0,338,,,,
0.0,3.015625,0.0,1.0346892,0.0072986176,0.4818012,0.017406555,0.0073083523,-0.9843742,200.0,0.035300005,0.1695848,200.0,339,FC128,collect,0,339,,,,
0.0,3.078125,0.0,1.0453452,0.007294522,0.4699015,0.015101397,0.00456008,-0.92187405,200.0,0.036333222,0.17008504,200.0,340,FC128,collect,0,340,,,,
0.0,3.3632812,0.0,1.06519,0.0072904266,0.5165749,0.005485344,-0.0044921534,-0.63671786,200.0,0.035486374,0.1705853,200.0,341,FC128,collect,0,341,,,,
0.0,3.1289062,0.0,1.0755752,0.0072863307,0.5098315,-0.012309975,-0.021400675,-0.87109286,200.0,0.033855394,0.17108555,200.0,342,FC128,collect,0,342,,,,
0.0,3.4296875,0.0,1.0650207,0.0072822357,0.51415193,-0.0010536923,-0.011331409,-0.57031167,200.0,0.036066897,0.1715858,200.0,343,FC128,collect,0,343,,,,
0.0,3.4101562,0.0,1.0374544,0.0072781397,0.5077466,0.011827639,0.0011228089,-0.5898428,200.0,0.036511138,0.17208605,200.0,344,FC128,collect,0,344,,,,
0.0,2.8984375,0.0,1.0064313,0.007274044,0.5245086,-0.0004219301,-0.00859438,-1.1015618,200.0,0.030986551,0.17258629,200.0,345,FC128,collect,0,345,,,,
0.0,3.1484375,0.0,1.0056226,0.0072699487,0.52144766,0.01161099,0.0020881284,-0.84695226,199.76953,0.033667374,0.17308655,199.76953,346,FC128,collect,0,346,,,,
0.0,3.203125,0.0,1.0198394,0.007265853,0.53307915,0.002966234,-0.0067381677,-0.79687417,200.0,0.03422881,0.1735868,200.0,347,FC128,collect,0,347,,,,
0.0,3.5039062,0.0,1.0409698,0.0072617577,0.5122972,-0.0020650742,-0.012505612,-0.49062404,199.72656,0.03599962,0.17408705,199.72656,348,FC128,collect,0,348,,,,
0.0,3.71875,0.0,1.0385077,0.0072576622,0.5734509,-0.002577919,-0.013160574,-0.28124905,200.0,0.036239587,0.1745873,200.0,349,FC128,collect,0,349,,,,
0.0,3.578125,0.0,1.0239085,0.0072535668,0.5349916,-0.0018452085,-0.013155815,-0.41703027,199.75781,0.03747519,0.17508756,199.75781,350,FC128,collect,0,350,,,,
0.0,3.3867188,0.0,0.99418485,0.007249471,0.5444998,0.0073509994,-0.0038384288,-0.6132804,200.0,0.036793485,0.1755878,200.0,351,FC128,collect,0,351,,,,
0.0,3.2265625,0.0,0.96657115,0.0072453753,0.5520129,0.007670079,-0.0027371836,-0.76601475,199.6289,0.034820866,0.17608805,199.6289,352,FC128,collect,0,352,,,,
0.0,3.1210938,0.0,0.97508055,0.00724128,0.56085026,0.0064101988,-0.0042334176,-0.8789054,200.0,0.035408895,0.1765883,200.0,353,FC128,collect,0,353,,,,
0.0,3.4140625,0.0,0.99094725,0.0072371843,0.5563675,0.001100935,-0.0093838405,-0.5859366,200.0,0.035312887,0.17708854,200.0,354,FC128,collect,0,354,,,,
0.0,3.46875,0.0,1.0051672,0.007233089,0.5716858,-0.008810854,-0.018873319,-0.53124905,200.0,0.03466586,0.1775888,200.0,355,FC128,collect,0,355,,,,
0.0,3.5429688,0.0,0.99323463,0.0072289933,0.56567466,-0.000109058805,-0.010596573,-0.45703036,200.0,0.0353352,0.17808905,200.0,356,FC128,collect,0,356,,,,
0.0,3.5429688,0.0,0.9842658,0.007224898,0.56284803,0.011481967,-0.00035226552,-0.45703036,200.0,0.037890904,0.1785893,200.0,357,FC128,collect,0,357,,,,
0.0,3.5117188,0.0,0.988872,0.007220802,0.5699807,0.009146938,-0.0013437339,-0.48390532,199.78125,0.035262242,0.17908955,199.78125,358,FC128,collect,0,358,,,,
0.0,3.3867188,0.0,0.9860927,0.0072167064,0.57815766,-0.004372545,-0.0143139595,-0.61328036,200.0,0.034115512,0.17958981,200.0,359,FC128,collect,0,359,,,,
0.0,3.703125,0.0,0.985345,0.007212611,0.5870426,0.005081586,-0.005783044,-0.29234278,199.77344,0.03594308,0.18009005,199.77344,360,FC128,collect,0,360,,,,
0.0,3.6289062,0.0,0.98538524,0.0072085154,0.57649875,0.0044463323,-0.0058358647,-0.36718655,199.80469,0.034770723,0.1805903,199.80469,361,FC128,collect,0,361,,,,
0.0,3.5429688,0.0,0.9722488,0.00720442,0.58451366,0.005434714,-0.00478699,-0.45703036,200.0,0.034452386,0.18109055,200.0,362,FC128,collect,0,362,,,,
0.0,3.5703125,0.0,0.9730975,0.0072003244,0.57988584,0.0010209507,-0.008932242,-0.4296866,200.0,0.03391962,0.1815908,200.0,363,FC128,collect,0,363,,,,
0.0,3.4492188,0.0,0.9706988,0.007196229,0.6195821,-0.0017528827,-0.01092337,-0.54882723,199.90234,0.032311715,0.18209106,199.90234,364,FC128,collect,0,364,,,,
0.0,3.6601562,0.0,0.978607,0.007192133,0.61991763,0.005777219,-0.004268436,-0.33984283,200.0,0.034167852,0.1825913,200.0,365,FC128,collect,0,365,,,,
0.0,3.3515625,0.0,0.983933,0.007188038,0.61699265,-0.0062984005,-0.015039826,-0.6460928,199.88281,0.031627946,0.18309155,199.88281,366,FC128,collect,0,366,,,,
0.0,3.5429688,0.0,0.980245,0.007183942,0.636186,0.0036861561,-0.006684446,-0.45515534,199.90625,0.03482525,0.1835918,199.90625,367,FC128,collect,0,367,,,,
0.0,3.5898438,0.0,0.9867263,0.0071798465,0.6079755,0.0136901345,0.002593921,-0.40156156,199.57031,0.03636151,0.18409204,199.57031,368,FC128,collect,0,368,,,,
0.0,3.671875,0.0,0.9883393,0.007175751,0.6087847,0.007064407,-0.003844305,-0.32812405,200.0,0.036001578,0.1845923,200.0,369,FC128,collect,0,369,,,,
0.0,3.5625,0.0,0.9933963,0.0071716555,0.6182879,0.0015827655,-0.008521203,-0.43632722,199.9414,0.03445653,0.18509255,199.9414,370,FC128,collect,0,370,,,,
0.0,3.6054688,0.0,0.9930375,0.00716756,0.605957,0.008907425,-0.0017111665,-0.39453036,200.0,0.035472494,0.1855928,200.0,371,FC128,collect,0,371,,,,
0.0,3.7929688,0.0,0.9908761,0.007163464,0.6198652,0.012520343,0.0015246219,-0.20703033,200.0,0.036187652,0.18609305,200.0,372,FC128,collect,0,372,,,,
0.0,3.6914062,0.0,0.9934308,0.007159369,0.63213325,-0.0016717785,-0.011039516,-0.30624905,199.88281,0.03296015,0.18659331,199.88281,373,FC128,collect,0,373,,,,
0.0,3.5039062,0.0,0.9972398,0.007155273,0.6430623,-0.014769243,-0.023289727,-0.49609286,200.0,0.031312015,0.18709356,200.0,374,FC128,collect,0,374,,,,
0.0,3.7539062,0.0,0.9933687,0.0071511776,0.6385883,0.0028234217,-0.007559793,-0.23890531,199.64062,0.03497394,0.1875938,199.64062,375,FC128,collect,0,375,,,,
0.0,3.5390625,0.0,0.98721504,0.007147082,0.6416489,0.0023917467,-0.0073947334,-0.4609366,200.0,0.033684373,0.18809405,200.0,376,FC128,collect,0,376,,,,
0.0,3.8867188,0.0,1.0005738,0.0071429866,0.6414929,0.01650216,0.005383438,-0.1132803,200.0,0.036531616,0.1885943,200.0,377,FC128,collect,0,377,,,,
0.0,3.7695312,0.0,1.0290228,0.007138891,0.6425274,-0.0022272295,-0.011791803,-0.22679594,199.8164,0.03382131,0.18909456,199.8164,378,FC128,collect,0,378,,,,
0.0,3.3671875,0.0,1.0481721,0.0071347957,0.64682627,-0.021464381,-0.029555645,-0.63078034,199.89844,0.031139513,0.1895948,199.89844,379,FC128,collect,0,379,,,,
0.0,3.5234375,0.0,1.0295414,0.0071307,0.61688507,0.002055273,-0.0075666266,-0.4765616,200.0,0.033926502,0.19009505,200.0,380,FC128,collect,0,380,,,,
0.0,3.6445312,0.0,1.0233632,0.007126604,0.5529182,0.026501808,0.014471725,-0.35335845,199.89453,0.038646378,0.1905953,199.89453,381,FC128,collect,0,381,,,,
0.0,3.8007812,0.0,1.0241249,0.0071225087,0.5309254,0.02966049,0.017507605,-0.19656155,199.86719,0.03889445,0.19109556,199.86719,382,FC128,collect,0,382,,,,
0.0,3.5546875,0.0,1.0383121,0.007118413,0.5801927,0.004987168,-0.0051415106,-0.44531158,200.0,0.035039626,0.19159581,200.0,383,FC128,collect,0,383,,,,
0.0,3.8203125,0.0,1.0565668,0.0071143177,0.6020999,-0.0025038216,-0.011864097,-0.1764053,199.83594,0.033754054,0.19209605,199.83594,384,FC128,collect,0,384,,,,
0.0,3.5898438,0.0,1.0542309,0.0071102222,0.6501855,-0.018623995,-0.026604319,-0.40624905,199.80469,0.030952282,0.1925963,199.80469,385,FC128,collect,0,385,,,,
0.0,3.6015625,0.0,1.0514566,0.0071061268,0.6196792,-0.018258067,-0.02672152,-0.38507718,199.33203,0.031870473,0.19309655,199.33203,386,FC128,collect,0,386,,,,
0.0,3.5820312,0.0,1.0407106,0.0071020313,0.625811,-0.0083051715,-0.017737947,-0.41343653,199.77344,0.03364787,0.19359681,199.77344,387,FC128,collect,0,387,,,,
0.0,3.5976562,0.0,1.0353425,0.0070979353,0.5603454,0.006412958,-0.0038023605,-0.40117094,199.9414,0.035128225,0.19409706,199.9414,388,FC128,collect,0,388,,,,
0.0,3.2695312,0.0,1.0151958,0.00709384,0.55809826,0.005519477,-0.0048326305,-0.72945225,199.94922,0.03510749,0.1945973,199.94922,389,FC128,collect,0,389,,,,
0.0,3.7304688,0.0,1.0333672,0.0070897443,0.54967713,0.020970955,0.009360978,-0.25999904,199.52344,0.03787257,0.19509755,199.52344,390,FC128,collect,0,390,,,,
0.0,3.5390625,0.0,1.0587876,0.007085649,0.5452464,0.00942836,-0.0008528256,-0.4557022,199.73828,0.035566762,0.19559781,199.73828,391,FC128,collect,0,391,,,,
0.0,3.78125,0.0,1.0723208,0.0070815533,0.578991,0.00385377,-0.005920401,-0.2186709,199.9961,0.034735736,0.19609806,199.9961,392,FC128,collect,0,392,,,,
0.0,3.6445312,0.0,1.0753236,0.007077458,0.6275706,-0.009252731,-0.018348698,-0.34460843,199.45703,0.03341305,0.1965983,199.45703,393,FC128,collect,0,393,,,,
0.0,3.6601562,0.0,1.0740228,0.0070733624,0.6233537,-0.016341554,-0.025287395,-0.33398342,199.70703,0.03308559,0.19709855,199.70703,394,FC128,collect,0,394,,,,
0.0,3.7460938,0.0,1.0521753,0.0070692664,0.5983777,-0.0026408983,-0.0129778385,-0.2471084,199.66016,0.035550095,0.1975988,199.66016,395,FC128,collect,0,395,,,,
0.0,3.6523438,0.0,1.0252675,0.0070651714,0.60033286,0.005526977,-0.0047758333,-0.34765536,200.0,0.035093002,0.19809906,200.0,396,FC128,collect,0,396,,,,
0.0,3.5,0.0,0.997227,0.0070610754,0.62676,0.0023660548,-0.008314539,-0.49999908,200.0,0.035444178,0.19859931,200.0,397,FC128,collect,0,397,,,,
0.0,3.9570312,0.0,1.0089178,0.00705698,0.63106525,0.011330958,-8.6721426e-05,-0.04070217,199.88672,0.037075184,0.19909956,199.88672,398,FC128,collect,0,398,,,,
0.0,3.6679688,0.0,1.0200177,0.0070528844,0.6695268,-0.008647983,-0.018220693,-0.32968655,199.88281,0.033533555,0.1995998,199.88281,399,FC128,collect,0,399,,,,
0.0,3.8125,0.0,1.0152133,0.007048789,0.638176,-0.006658105,-0.01706459,-0.1842178,199.83594,0.035125017,0.20010006,199.83594,400,FC128,collect,0,400,,,,
0.0,3.9375,0.0,1.0090412,0.0070446935,0.6379957,0.0041104807,-0.007037876,-0.054920904,199.6211,0.036513485,0.20060031,199.6211,401,FC128,collect,0,401,,,,
0.0,3.8359375,0.0,0.99015534,0.0070405975,0.6581429,0.007124027,-0.004481102,-0.16101468,199.84766,0.037152827,0.20110056,199.84766,402,FC128,collect,0,402,,,,
0.0,3.7148438,0.0,0.9820263,0.0070365025,0.647339,0.003324863,-0.008008161,-0.2814834,199.8164,0.036486108,0.2016008,199.8164,403,FC128,collect,0,403,,,,
0.0,3.6445312,0.0,0.9827701,0.0070324065,0.6517262,0.00074036326,-0.0099413125,-0.35109282,199.78125,0.03518583,0.20210105,199.78125,404,FC128,collect,0,404,,,,
0.0,3.8007812,0.0,0.98080266,0.007028311,0.6782553,0.0018060552,-0.009195257,-0.19374904,199.72656,0.035789397,0.20260131,199.72656,405,FC128,collect,0,405,,,,
0.0,3.8828125,0.0,0.9853,0.0070242155,0.67542,-0.00069322437,-0.011358876,-0.10203028,199.24219,0.035173222,0.20310156,199.24219,406,FC128,collect,0,406,,,,
0.0,3.9453125,0.0,0.9909182,0.00702012,0.7022967,-0.0019648066,-0.012364219,-0.03484281,199.00781,0.034711555,0.2036018,199.00781,407,FC128,collect,0,407,,,,
0.0,3.9023438,0.0,0.98413837,0.0070160246,0.6733018,0.0026678117,-0.008330341,-0.096327156,199.9336,0.035805784,0.20410205,199.9336,408,FC128,collect,0,408,,,,
0.0,3.8359375,0.0,0.9763005,0.007011929,0.69681215,0.0026433887,-0.008268046,-0.16406155,200.0,0.03551437,0.2046023,200.0,409,FC128,collect,0,409,,,,
0.0,3.8164062,0.0,0.97388,0.0070078336,0.6594367,0.010782441,-0.0009860711,-0.18359283,200.0,0.037186604,0.20510256,200.0,410,FC128,collect,0,410,,,,
0.0,3.7929688,0.0,0.9678563,0.0070037376,0.68600523,0.0063134744,-0.0044713523,-0.20179592,199.73828,0.035126876,0.20560281,199.73828,411,FC128,collect,0,411,,,,
0.0,4.0507812,0.0,0.9924331,0.006999642,0.6961105,0.004974181,-0.0059749065,0.05898538,199.58984,0.035791527,0.20610306,199.58984,412,FC128,collect,0,412,,,,
0.0,3.8320312,0.0,0.9890456,0.0069955466,0.68820727,-0.010860791,-0.020903556,-0.16765532,199.98438,0.033923358,0.2066033,199.98438,413,FC128,collect,0,413,,,,
0.0,4.2734375,0.0,0.99740046,0.006991451,0.7003026,0.001263306,-0.009551239,0.2883604,199.2539,0.035575643,0.20710357,199.2539,414,FC128,collect,0,414,,,,
0.0,4.0390625,0.0,0.99465543,0.0069873556,0.6880977,-0.0014344486,-0.0125638805,0.05625096,199.14062,0.036158886,0.20760381,199.14062,415,FC128,collect,0,415,,,,
0.0,4.0820312,0.0,0.9921747,0.00698326,0.71618617,-0.004292997,-0.014817845,0.093125984,199.44531,0.034906924,0.20810406,199.44531,416,FC128,collect,0,416,,,,
0.0,3.8789062,0.0,0.98951715,0.0069791647,0.6948998,-0.0016104286,-0.011785744,-0.09757712,198.82422,0.034162637,0.2086043,198.82422,417,FC128,collect,0,417,,,,
0.0,4.0976562,0.0,0.9911826,0.0069750687,0.69523335,0.008299086,-0.0029156078,0.10398536,199.6836,0.036256522,0.20910455,199.6836,418,FC128,collect,0,418,,,,
0.0,4.0976562,0.0,0.99442244,0.006970973,0.71498644,0.0041128066,-0.006757202,0.110001,199.38281,0.0356042,0.20960481,199.38281,419,FC128,collect,0,419,,,,
0.0,4.1875,0.0,0.9950195,0.0069668777,0.7203448,0.0034628161,-0.007536863,0.19671977,199.53906,0.035863716,0.21010506,199.53906,420,FC128,collect,0,420,,,,
0.0,4.234375,0.0,0.9941556,0.0069627822,0.7492405,-0.006101903,-0.016435847,0.2577354,198.83203,0.034512065,0.21060531,198.83203,421,FC128,collect,0,421,,,,
0.0,4.1914062,0.0,0.98525923,0.0069586867,0.7475531,-0.0099991,-0.019898506,0.19750097,199.69531,0.03351103,0.21110556,199.69531,422,FC128,collect,0,422,,,,
0.0,4.140625,0.0,0.9741839,0.0069545913,0.7468668,-0.0002383315,-0.010921682,0.14711043,199.67578,0.034916803,0.21160582,199.67578,423,FC128,collect,0,423,,,,
0.0,4.125,0.0,0.97500944,0.0069504958,0.7529599,0.0067625097,-0.004123684,0.12867287,199.8164,0.035325985,0.21210606,199.8164,424,FC128,collect,0,424,,,,
0.0,4.2695312,0.0,0.98472714,0.0069464,0.72858983,0.012809936,0.000949032,0.27836037,199.5586,0.037402425,0.21260631,199.5586,425,FC128,collect,0,425,,,,
0.0,4.25,0.0,0.98890495,0.006942305,0.7431921,-0.00046697445,-0.011251448,0.26640725,199.17969,0.035299506,0.21310656,199.17969,426,FC128,collect,0,426,,,,
0.0,4.25,0.0,0.99117553,0.006938209,0.74913037,-0.005670242,-0.016623704,0.27367288,198.8164,0.03566089,0.2136068,198.8164,427,FC128,collect,0,427,,,,
0.0,4.1914062,0.0,0.975892,0.0069341133,0.7580754,-0.0068849386,-0.01818887,0.20101663,199.51953,0.036141753,0.21410707,199.51953,428,FC128,collect,0,428,,,,
0.0,4.2773438,0.0,0.9822997,0.006930018,0.7436022,0.007813692,-0.0041656243,0.28921974,199.40625,0.03757334,0.21460731,199.40625,429,FC128,collect,0,429,,,,
0.0,4.4257812,0.0,0.98210794,0.0069259224,0.72668886,0.011584578,-0.0010653362,0.44382915,199.09766,0.038903836,0.21510756,199.09766,430,FC128,collect,0,430,,,,
0.0,4.390625,0.0,0.9849877,0.006921827,0.74170744,0.0028943368,-0.00842227,0.40750104,199.15625,0.036269043,0.2156078,199.15625,431,FC128,collect,0,431,,,,
0.0,4.5117188,0.0,1.0027211,0.006917731,0.7584907,-0.0061796815,-0.01659965,0.53398544,198.88672,0.034713045,0.21610805,198.88672,432,FC128,collect,0,432,,,,
0.0,4.3046875,0.0,0.9912345,0.006913636,0.75828993,-0.017784998,-0.02861009,0.3270323,198.88281,0.035356253,0.21660832,198.88281,433,FC128,collect,0,433,,,,
0.0,4.4648438,0.0,0.9899236,0.00690954,0.78956133,-0.0002851258,-0.010968651,0.48343852,199.07031,0.035046883,0.21710856,199.07031,434,FC128,collect,0,434,,,,
0.0,4.4453125,0.0,0.9867742,0.0069054444,0.74166906,0.00917366,-0.0031607046,0.47359478,198.58594,0.038296957,0.21760881,198.58594,435,FC128,collect,0,435,,,,
0.0,4.40625,0.0,0.9953525,0.006901349,0.71778554,0.009716064,-0.0023378257,0.4478916,197.91797,0.03784633,0.21810906,197.91797,436,FC128,collect,0,436,,,,
0.0,4.5703125,0.0,1.0054032,0.0068972535,0.7592882,0.0013179476,-0.010468431,0.5805479,199.48828,0.037441798,0.21860932,199.48828,437,FC128,collect,0,437,,,,
0.0,4.4140625,0.0,1.0077312,0.006893158,0.76302814,-0.011581847,-0.022526938,0.42351663,199.52734,0.035783082,0.21910957,199.52734,438,FC128,collect,0,438,,,,
0.0,4.6171875,0.0,0.993766,0.0068890625,0.7866795,-0.0017532194,-0.013152096,0.636876,199.01562,0.036489986,0.21960981,199.01562,439,FC128,collect,0,439,,,,
0.0,4.375,0.0,0.98882556,0.006884967,0.7865766,-0.005253833,-0.01686198,0.3970323,198.89844,0.03683236,0.22011006,198.89844,440,FC128,collect,0,440,,,,
0.0,4.4648438,0.0,0.99246407,0.006880871,0.7603241,0.0045394483,-0.007730917,0.48195416,199.14453,0.038198765,0.2206103,199.14453,441,FC128,collect,0,441,,,,
0.0,4.7109375,0.0,0.9988487,0.0068767755,0.76144576,0.007407037,-0.0051097884,0.7292979,199.08203,0.03877137,0.22111057,199.08203,442,FC128,collect,0,442,,,,
0.0,4.5,0.0,1.0011456,0.00687268,0.7693521,-0.00784111,-0.018912246,0.5217198,198.91406,0.03590338,0.22161081,198.91406,443,FC128,collect,0,443,,,,
0.0,4.7226562,0.0,1.0053166,0.0068685845,0.7793653,-0.002570129,-0.0139868185,0.80062616,196.10156,0.036643583,0.22211106,196.10156,444,FC128,collect,0,444,,,,
0.0,4.5351562,0.0,0.99676937,0.006864489,0.7910603,-0.01205851,-0.022394298,0.5513292,199.1914,0.0343562,0.22261131,199.1914,445,FC128,collect,0,445,,,,
0.0,4.5625,0.0,0.9761052,0.0068603936,0.7799786,0.0036985544,-0.008322831,0.6020323,198.02344,0.037435703,0.22311157,198.02344,446,FC128,collect,0,446,,,,
0.0,4.765625,0.0,0.9679932,0.006856298,0.7739623,0.009646656,-0.0035438228,0.77062607,199.75,0.039654657,0.22361182,199.75,447,FC128,collect,0,447,,,,
0.0,4.4453125,0.0,0.97439396,0.006852202,0.784989,-0.00070477324,-0.012994404,0.4671104,198.91016,0.03793275,0.22411206,198.91016,448,FC128,collect,0,448,,,,
0.0,4.7695312,0.0,0.9726765,0.0068481066,0.788698,0.0032245908,-0.009019183,0.7951574,198.71875,0.037809532,0.22461231,198.71875,449,FC128,collect,0,449,,,,
0.0,4.796875,0.0,0.9786197,0.006844011,0.7966331,-0.00574165,-0.017001322,0.82250106,198.71875,0.03591471,0.22511256,198.71875,450,FC128,collect,0,450,,,,
0.0,4.7421875,0.0,0.9778979,0.0068399156,0.7931469,-0.0100007085,-0.021441171,0.7814073,198.03906,0.036258403,0.22561282,198.03906,451,FC128,collect,0,451,,,,
0.0,4.7773438,0.0,0.97144896,0.00683582,0.7861383,0.001252736,-0.010750144,0.8319541,197.26953,0.03728706,0.22611307,197.26953,452,FC128,collect,0,452,,,,
0.0,4.8515625,0.0,0.967232,0.0068317247,0.77367485,0.0050988165,-0.008063317,0.9108604,197.03516,0.039539993,0.22661331,197.03516,453,FC128,collect,0,453,,,,
0.0,4.6601562,0.0,0.9539783,0.006827629,0.7939998,-0.0025978666,-0.0147274,0.6922667,198.39453,0.037285887,0.22711356,198.39453,454,FC128,collect,0,454,,,,
0.0,4.765625,0.0,0.9610364,0.006823533,0.7771444,-0.0007851627,-0.013195375,0.8356261,196.5,0.037935752,0.22761382,196.5,455,FC128,collect,0,455,,,,
0.0,4.9804688,0.0,0.9614268,0.006819438,0.793089,0.00091517996,-0.011351412,1.0515636,196.44531,0.037645966,0.22811407,196.44531,456,FC128,collect,0,456,,,,
0.0,4.9257812,0.0,0.9604579,0.006815342,0.80329055,-0.008015832,-0.019573854,0.9754698,197.51562,0.036207743,0.22861432,197.51562,457,FC128,collect,0,457,,,,
0.0,5.0351562,0.0,0.951492,0.0068112467,0.8125315,-0.010555809,-0.022712773,1.0885949,197.32812,0.03727562,0.22911456,197.32812,458,FC128,collect,0,458,,,,
0.0,5.0820312,0.0,0.94745666,0.0068071513,0.79883385,-0.004527311,-0.016850214,1.1235948,197.92188,0.03754477,0.22961481,197.92188,459,FC128,collect,0,459,,,,
0.0,5.1328125,0.0,0.94248086,0.0068030558,0.8102558,0.0011197357,-0.011643666,1.1881261,197.23438,0.038350303,0.23011507,197.23438,460,FC128,collect,0,460,,,,
0.0,5.0234375,0.0,0.9495853,0.0067989603,0.82502866,-0.009826684,-0.020730428,1.0747669,197.4336,0.034719873,0.23061532,197.4336,461,FC128,collect,0,461,,,,
0.0,5.3984375,0.0,0.9425343,0.006794865,0.8280752,-0.00031774584,-0.012347696,1.503751,194.73438,0.036868688,0.23111556,194.73438,462,FC128,collect,0,462,,,,
0.0,5.2890625,0.0,0.9374952,0.0067907693,0.8393091,-0.009010577,-0.020114949,1.3548448,196.71094,0.03494137,0.23161581,196.71094,463,FC128,collect,0,463,,,,
0.0,5.2578125,0.0,0.9299668,0.0067866733,0.8512321,-0.013727248,-0.025781564,1.3501573,195.38281,0.036731396,0.23211607,195.38281,464,FC128,collect,0,464,,,,
0.0,5.2773438,0.0,0.92165154,0.006782578,0.8394173,0.004908949,-0.0081289355,1.3735949,195.1875,0.038578115,0.23261632,195.1875,465,FC128,collect,0,465,,,,
0.0,5.2460938,0.0,0.92355794,0.0067784823,0.8574575,0.00052551506,-0.011919027,1.3140635,196.60156,0.037409727,0.23311657,196.60156,466,FC128,collect,0,466,,,,
0.0,5.3554688,0.0,0.92261046,0.006774387,0.86720127,-0.0034594773,-0.015035968,1.4117199,197.1875,0.035653222,0.23361681,197.1875,467,FC128,collect,0,467,,,,
0.0,5.3789062,0.0,0.9096594,0.0067702914,0.8635483,-0.0041482523,-0.016106676,1.4423449,196.82812,0.036234166,0.23411706,196.82812,468,FC128,collect,0,468,,,,
0.0,5.5859375,0.0,0.9223442,0.006766196,0.85755146,0.0041054045,-0.008368132,1.704845,194.05469,0.037428595,0.23461732,194.05469,469,FC128,collect,0,469,,,,
0.0,5.3867188,0.0,0.91993755,0.0067621004,0.86881083,-0.006202007,-0.018473241,1.4898448,194.84375,0.03698389,0.23511757,194.84375,470,FC128,collect,0,470,,,,
0.0,5.3125,0.0,0.91150755,0.0067580044,0.8686195,-0.009202577,-0.021802591,1.4228916,194.48047,0.037519973,0.23561782,194.48047,471,FC128,collect,0,471,,,,
0.0,5.46875,0.0,0.9211252,0.006753909,0.84251857,0.0061580287,-0.006821518,1.5723448,194.82031,0.038401484,0.23611806,194.82031,472,FC128,collect,0,472,,,,
0.0,5.3710938,0.0,0.9131724,0.0067498134,0.84149367,0.005364607,-0.0068111364,1.4343762,196.83594,0.036678974,0.23661831,196.83594,473,FC128,collect,0,473,,,,
0.0,5.546875,0.0,0.9140577,0.006745718,0.8500271,-0.0050235107,-0.017011851,1.6203918,196.32422,0.03630863,0.23711857,196.32422,474,FC128,collect,0,474,,,,
0.0,5.4726562,0.0,0.91655755,0.0067416225,0.853768,-0.016336318,-0.027618507,1.5708605,195.08984,0.034922548,0.23761882,195.08984,475,FC128,collect,0,475,,,,
0.0,5.7070312,0.0,0.9141321,0.006737527,0.8561397,-0.009074091,-0.02202323,1.8428137,193.21094,0.03821626,0.23811907,193.21094,476,FC128,collect,0,476,,,,
0.0,5.3164062,0.0,0.91184086,0.0067334315,0.8502325,-0.013856975,-0.02553874,1.4125011,195.19531,0.035643168,0.23861931,195.19531,477,FC128,collect,0,477,,,,
0.0,5.65625,0.0,0.9126527,0.0067293355,0.82148296,0.010851205,-0.00283776,1.7967199,192.97656,0.039661024,0.23911957,192.97656,478,FC128,collect,0,478,,,,
0.0,5.8164062,0.0,0.9152484,0.0067252405,0.8304241,0.0072658937,-0.0056511885,1.9408605,193.77734,0.038144697,0.23961982,193.77734,479,FC128,collect,0,479,,,,
0.0,5.7695312,0.0,0.9085587,0.0067211445,0.85105056,-0.012826364,-0.025308307,1.9205481,192.44922,0.037176996,0.24012007,192.44922,480,FC128,collect,0,480,,,,
0.0,6.0234375,0.0,0.90532243,0.006717049,0.8586583,-0.021262715,-0.03441571,2.175548,192.39453,0.038468182,0.24062032,192.39453,481,FC128,collect,0,481,,,,
0.0,5.6484375,0.0,0.9035933,0.0067129536,0.8648142,-0.032507353,-0.04526815,1.8064857,192.09766,0.037653152,0.24112056,192.09766,482,FC128,collect,0,482,,,,
0.0,5.1054688,0.0,0.89012617,0.006708858,0.8542582,-0.031846505,-0.0448602,1.2654699,192.0,0.03797085,0.24162082,192.0,483,FC128,collect,0,483,,,,
0.0,4.9570312,0.0,0.8926402,0.0067047626,0.840174,-0.010190959,-0.022922942,1.0800011,193.85156,0.037433848,0.24212107,193.85156,484,FC128,collect,0,484,,,,
0.0,5.4921875,0.0,0.88875884,0.0067006666,0.79089034,0.03321475,0.016140997,1.6860168,190.3086,0.046058055,0.24262132,190.3086,485,FC128,collect,0,485,,,,
0.0,5.7578125,0.0,0.90367633,0.0066965716,0.7772447,0.044292055,0.026406663,1.8697668,194.40234,0.047873847,0.24312156,194.40234,486,FC128,collect,0,486,,,,
0.0,5.7304688,0.0,0.89957756,0.0066924756,0.8102098,0.028896939,0.013343369,1.8571105,193.66797,0.043147944,0.24362183,193.66797,487,FC128,collect,0,487,,,,
0.0,5.453125,0.0,0.9032211,0.00668838,0.85087705,-0.003137468,-0.014761891,1.5245324,196.42969,0.03533102,0.24412207,196.42969,488,FC128,collect,0,488,,,,
0.0,5.8359375,0.0,0.9077183,0.0066842847,0.8674119,-0.018861178,-0.030701585,1.9566417,193.96484,0.03581571,0.24462232,193.96484,489,FC128,collect,0,489,,,,
0.0,5.984375,0.0,0.9020705,0.006680189,0.8643414,-0.026709821,-0.03927117,2.1969543,189.3711,0.037174698,0.24512257,189.3711,490,FC128,collect,0,490,,,,
0.0,5.6132812,0.0,0.9035053,0.0066760937,0.87242585,-0.038242847,-0.050467703,1.7772667,191.80078,0.03651349,0.24562281,191.80078,491,FC128,collect,0,491,,,,
0.0,5.5546875,0.0,0.89655894,0.0066719977,0.8616663,-0.029617146,-0.04274209,1.727423,191.36328,0.038213562,0.24612308,191.36328,492,FC128,collect,0,492,,,,
0.0,5.4453125,0.0,0.8956737,0.0066679027,0.8528705,-0.015572814,-0.028932242,1.6115636,191.6875,0.038663384,0.24662332,191.6875,493,FC128,collect,0,493,,,,
0.0,6.0273438,0.0,0.89063835,0.0066638067,0.8134614,0.02127249,0.0047649126,2.281251,187.30469,0.044885237,0.24712357,187.30469,494,FC128,collect,0,494,,,,
0.0,5.921875,0.0,0.89736253,0.0066597117,0.8228269,0.015795235,0.0006320601,2.056017,193.29297,0.0422787,0.24762382,193.29297,495,FC128,collect,0,495,,,,
0.0,5.625,0.0,0.88489825,0.0066556158,0.8634391,-0.0072547407,-0.019532653,1.7198448,195.25781,0.03633491,0.24812406,195.25781,496,FC128,collect,0,496,,,,
0.0,5.3398438,0.0,0.8806862,0.0066515203,0.8644937,-0.033214897,-0.0445357,1.3917198,197.40625,0.034357414,0.24862432,197.40625,497,FC128,collect,0,497,,,,
0.0,5.6601562,0.0,0.89039195,0.006647425,0.87110144,-0.022030389,-0.033907473,1.7689073,194.5625,0.035591796,0.24912457,194.5625,498,FC128,collect,0,498,,,,
0.0,6.1914062,0.0,0.8861137,0.006643329,0.85828483,0.0028020693,-0.010592164,2.3665636,191.24219,0.038561955,0.24962482,191.24219,499,FC128,collect,0,499,,,,
0.0,6.078125,0.0,0.89380646,0.006639234,0.8469193,-0.0017326884,-0.016733067,2.3334386,187.23438,0.041869137,0.25012508,187.23438,500,FC128,collect,0,500,,,,
0.0,6.21875,0.0,0.8933825,0.006635138,0.8523397,-0.0023352583,-0.016449409,2.4988294,185.9961,0.040083732,0.2506253,185.9961,501,FC128,collect,0,501,,,,
0.0,6.09375,0.0,0.8745632,0.006631043,0.8752488,-0.020802846,-0.034924634,2.404923,184.4414,0.039842106,0.25112557,184.4414,502,FC128,collect,0,502,,,,
0.0,6.3515625,0.0,0.87289464,0.006626947,0.88000035,-0.020614695,-0.034731835,2.634923,185.83203,0.039803535,0.25162584,185.83203,503,FC128,collect,0,503,,,,
0.0,6.375,0.0,0.8720254,0.0066228514,0.88753766,-0.019086964,-0.032175306,2.6414075,186.67969,0.03772727,0.25212607,186.67969,504,FC128,collect,0,504,,,,
0.0,6.1445312,0.0,0.8556013,0.006618756,0.8899858,-0.023104517,-0.036997683,2.3907824,187.6875,0.039112367,0.25262633,187.6875,505,FC128,collect,0,505,,,,
0.0,6.1328125,0.0,0.8479238,0.0066146604,0.88578725,-0.0071963165,-0.021760765,2.3932824,186.97656,0.040346354,0.25312656,186.97656,506,FC128,collect,0,506,,,,
0.0,6.2617188,0.0,0.8470738,0.006610565,0.868935,0.00949589,-0.005376571,2.576173,184.27734,0.040944193,0.25362682,184.27734,507,FC128,collect,0,507,,,,
0.0,6.1875,0.0,0.84910834,0.006606469,0.87655574,0.0020591547,-0.013249272,2.476876,185.53125,0.041836068,0.2541271,185.53125,508,FC128,collect,0,508,,,,
0.0,6.46875,0.0,0.8382494,0.006602374,0.88079387,0.0009323177,-0.014782656,2.8603137,180.42188,0.04249882,0.25462732,180.42188,509,FC128,collect,0,509,,,,
0.0,6.4648438,0.0,0.8372628,0.006598278,0.89844376,-0.015187697,-0.029021677,2.7846107,184.01172,0.038716946,0.25512758,184.01172,510,FC128,collect,0,510,,,,
0.0,6.5429688,0.0,0.8286116,0.0065941825,0.90715116,-0.027277162,-0.040258974,2.833126,185.49219,0.036891654,0.2556278,185.49219,511,FC128,collect,0,511,,,,
0.0,6.5625,0.0,0.8177309,0.006590087,0.908313,-0.022186227,-0.03569872,2.917345,182.25781,0.03780282,0.25612807,182.25781,512,FC128,collect,0,512,,,,
0.0,6.3242188,0.0,0.8126283,0.0065859915,0.90901774,-0.02176696,-0.034054223,2.6001575,186.20312,0.035278454,0.25662833,186.20312,513,FC128,collect,0,513,,,,
0.0,6.234375,0.0,0.79736894,0.006581896,0.88910586,-0.0054277563,-0.020169323,2.5039074,186.52344,0.039979532,0.25712857,186.52344,514,FC128,collect,0,514,,,,
0.0,6.609375,0.0,0.80007875,0.0065778,0.87810504,0.014229486,-0.0012219235,2.9351573,183.71094,0.041428335,0.25762883,183.71094,515,FC128,collect,0,515,,,,
0.0,6.3710938,0.0,0.8005679,0.006573705,0.8845963,0.0038108188,-0.011692373,2.6626577,185.42188,0.04153178,0.25812906,185.42188,516,FC128,collect,0,516,,,,
0.0,6.6914062,0.0,0.78541255,0.006569609,0.90031403,-0.004334018,-0.018676482,3.0276575,183.1875,0.039004635,0.25862932,183.1875,517,FC128,collect,0,517,,,,
0.0,6.40625,0.0,0.77806395,0.0065655136,0.9122769,-0.031882655,-0.04567884,2.6803918,186.29297,0.037809145,0.25912958,186.29297,518,FC128,collect,0,518,,,,
0.0,6.5351562,0.0,0.7716226,0.006561418,0.9226273,-0.033150163,-0.046216086,2.8341417,185.05078,0.03625772,0.25962982,185.05078,519,FC128,collect,0,519,,,,
0.0,6.3164062,0.0,0.77048725,0.0065573226,0.9119712,-0.026276648,-0.039614305,2.5609386,187.77344,0.03677998,0.26013008,187.77344,520,FC128,collect,0,520,,,,
0.0,6.484375,0.0,0.7644414,0.006553227,0.8999348,-0.0020098742,-0.01666066,2.8240638,183.01562,0.03932069,0.2606303,183.01562,521,FC128,collect,0,521,,,,
0.0,6.4453125,0.0,0.76369303,0.006549131,0.8964478,0.006432218,-0.0093206735,2.739923,185.26953,0.041508835,0.26113057,185.26953,522,FC128,collect,0,522,,,,
0.0,6.3125,0.0,0.7735017,0.006545036,0.8942767,0.0019052322,-0.013995913,2.6064076,185.30469,0.041927483,0.26163083,185.30469,523,FC128,collect,0,523,,,,
0.0,6.3046875,0.0,0.77588695,0.00654094,0.8993877,-0.008660376,-0.024591781,2.6444545,183.01172,0.04201287,0.26213107,183.01172,524,FC128,collect,0,524,,,,
0.0,6.546875,0.0,0.76315683,0.006536845,0.9036225,-0.009273501,-0.025164004,2.9750013,178.59375,0.041758284,0.26263133,178.59375,525,FC128,collect,0,525,,,,
0.0,6.7148438,0.0,0.7534176,0.006532749,0.90805674,-0.010262983,-0.026782895,3.205001,175.49219,0.0428836,0.2631316,175.49219,526,FC128,collect,0,526,,,,
0.0,6.7617188,0.0,0.75800985,0.0065286537,0.91501284,-0.018076634,-0.032332446,3.2126575,177.45312,0.038409192,0.26363182,177.45312,527,FC128,collect,0,527,,,,
0.0,6.734375,0.0,0.7498374,0.006524558,0.92232704,-0.01926189,-0.032755002,3.1339855,180.01953,0.03677094,0.26413208,180.01953,528,FC128,collect,0,528,,,,
0.0,6.6445312,0.0,0.7403339,0.006520462,0.9153025,-0.019130955,-0.033278745,2.99047,182.70312,0.037950218,0.2646323,182.70312,529,FC128,collect,0,529,,,,
0.0,6.6289062,0.0,0.74079835,0.006516367,0.9096913,-0.011604969,-0.026071308,2.951017,183.89453,0.038587306,0.26513258,183.89453,530,FC128,collect,0,530,,,,
0.0,6.7265625,0.0,0.7404096,0.0065122712,0.9093317,-0.006998113,-0.022074051,3.0894542,181.85547,0.039795373,0.26563284,181.85547,531,FC128,collect,0,531,,,,
0.0,6.5664062,0.0,0.748104,0.006508176,0.90478814,-0.015454702,-0.032439683,3.0566418,175.48828,0.043707546,0.26613307,175.48828,532,FC128,collect,0,532,,,,
0.0,6.46875,0.0,0.764834,0.0065040803,0.9101894,-0.013606863,-0.029429285,2.935626,176.65625,0.041593928,0.26663333,176.65625,533,FC128,collect,0,533,,,,
0.0,6.7578125,0.0,0.7452179,0.006499985,0.8962044,-0.0020608003,-0.019565754,3.3096106,172.41016,0.044697717,0.26713356,172.41016,534,FC128,collect,0,534,,,,
0.0,6.7617188,0.0,0.732795,0.0064958893,0.9010243,-0.0011132839,-0.018225623,3.2883606,173.66797,0.04374499,0.26763383,173.66797,535,FC128,collect,0,535,,,,
0.0,6.7148438,0.0,0.7195432,0.006491794,0.91139174,-0.011564737,-0.027118227,3.1201572,179.73438,0.040449232,0.2681341,179.73438,536,FC128,collect,0,536,,,,
0.0,6.6914062,0.0,0.72488606,0.0064876983,0.9156669,-0.016502874,-0.031810444,3.1609387,176.52344,0.040020823,0.26863432,176.52344,537,FC128,collect,0,537,,,,
0.0,6.875,0.0,0.72522736,0.0064836023,0.9206941,-0.014539992,-0.030010335,3.4587512,170.8125,0.040344857,0.26913458,170.8125,538,FC128,collect,0,538,,,,
0.0,6.84375,0.0,0.730651,0.0064795073,0.9197514,-0.016961664,-0.031410072,3.3379698,175.28906,0.038365334,0.2696348,175.28906,539,FC128,collect,0,539,,,,
0.0,6.9296875,0.0,0.7251811,0.0064754114,0.91370773,-0.007820291,-0.023815606,3.5390635,169.53125,0.04138232,0.27013507,169.53125,540,FC128,collect,0,540,,,,
0.0,6.8671875,0.0,0.71524227,0.006471316,0.9074115,-0.004546906,-0.021923473,3.5187511,167.42188,0.04401025,0.27063534,167.42188,541,FC128,collect,0,541,,,,
0.0,6.8007812,0.0,0.70303077,0.0064672204,0.91353214,-0.007858731,-0.02401457,3.3239074,173.84375,0.04140499,0.27113557,173.84375,542,FC128,collect,0,542,,,,
0.0,6.6796875,0.0,0.68684894,0.006463125,0.9192883,-0.01637304,-0.030370044,2.9892979,184.51953,0.036872387,0.27163583,184.51953,543,FC128,collect,0,543,,,,
0.0,6.5507812,0.0,0.68074846,0.0064590294,0.92068386,-0.015619292,-0.029933566,2.8902354,183.02734,0.037422497,0.2721361,183.02734,544,FC128,collect,0,544,,,,
0.0,6.828125,0.0,0.67517185,0.0064549334,0.91037166,-0.0034661014,-0.021355717,3.3653917,173.13672,0.04449561,0.27263632,173.13672,545,FC128,collect,0,545,,,,
0.0,6.984375,0.0,0.6941577,0.0064508384,0.89917266,0.0044715437,-0.01380916,3.6428137,167.07812,0.045517206,0.2731366,167.07812,546,FC128,collect,0,546,,,,
0.0,6.6367188,0.0,0.6995565,0.0064467425,0.90309143,-0.01757545,-0.035567924,3.2689075,168.39062,0.04500467,0.27363682,168.39062,547,FC128,collect,0,547,,,,
0.0,6.875,0.0,0.71198124,0.006442647,0.91101706,-0.014751194,-0.031347457,3.493517,169.07422,0.042366613,0.27413708,169.07422,548,FC128,collect,0,548,,,,
0.0,6.9453125,0.0,0.6870523,0.0064385515,0.9057351,-0.010876089,-0.029306818,3.625626,165.98438,0.0457087,0.27463734,165.98438,549,FC128,collect,0,549,,,,
0.0,7.0976562,0.0,0.67331934,0.006434456,0.91298497,-0.006700188,-0.02330622,3.7526574,167.25,0.041876953,0.27513757,167.25,550,FC128,collect,0,550,,,,
0.0,7.0742188,0.0,0.67831427,0.0064303605,0.9161701,-0.013446309,-0.029429331,3.741251,166.64844,0.040689655,0.27563784,166.64844,551,FC128,collect,0,551,,,,
0.0,7.0351562,0.0,0.6868778,0.0064262645,0.92031556,-0.02151148,-0.037255585,3.6610951,168.70312,0.04031633,0.27613807,168.70312,552,FC128,collect,0,552,,,,
0.0,6.9414062,0.0,0.6935898,0.0064221695,0.9200233,-0.018425321,-0.033639226,3.5603137,169.05469,0.039336514,0.27663833,169.05469,553,FC128,collect,0,553,,,,
0.0,6.8125,0.0,0.6957384,0.0064180735,0.905011,-0.012584588,-0.030361127,3.5065637,165.29688,0.04448368,0.2771386,165.29688,554,FC128,collect,0,554,,,,
0.0,6.7851562,0.0,0.6856358,0.0064139785,0.897902,0.0034686564,-0.015228523,3.36797,170.85938,0.046189666,0.27763882,170.85938,555,FC128,collect,0,555,,,,
0.0,7.125,0.0,0.6560939,0.0064098826,0.8903111,0.014870982,-0.0050946986,3.8538291,163.5586,0.048342332,0.27813908,163.5586,556,FC128,collect,0,556,,,,
0.0,7.2382812,0.0,0.63606864,0.006405787,0.91026175,0.006889754,-0.010027839,3.8414073,169.84375,0.041984227,0.27863932,169.84375,557,FC128,collect,0,557,,,,
0.0,7.1132812,0.0,0.6342567,0.0064016916,0.9239957,-0.016847719,-0.031167919,3.6745324,171.9375,0.03676103,0.27913958,171.9375,558,FC128,collect,0,558,,,,
0.0,7.0546875,0.0,0.643066,0.006397596,0.9288793,-0.030493611,-0.046582196,3.6831262,168.57812,0.040405322,0.27963984,168.57812,559,FC128,collect,0,559,,,,
0.0,7.0429688,0.0,0.65201175,0.0063935006,0.9270701,-0.03066913,-0.046816405,3.7732043,163.48828,0.040631823,0.28014007,163.48828,560,FC128,collect,0,560,,,,
0.0,7.0742188,0.0,0.6616634,0.0063894046,0.91927856,-0.023912288,-0.040626366,3.8350792,161.95703,0.041883428,0.28064033,161.95703,561,FC128,collect,0,561,,,,
0.0,6.9414062,0.0,0.6728,0.0063853096,0.9066285,-0.009068059,-0.026820637,3.6153138,166.30469,0.04409723,0.28114057,166.30469,562,FC128,collect,0,562,,,,
0.0,6.921875,0.0,0.64798975,0.0063812137,0.9072045,0.005340258,-0.012765386,3.5576575,168.21094,0.04448121,0.28164083,168.21094,563,FC128,collect,0,563,,,,
0.0,7.03125,0.0,0.6185786,0.006377118,0.9021027,0.010569087,-0.008440516,3.6620324,168.46094,0.045908704,0.2821411,168.46094,564,FC128,collect,0,564,,,,
0.0,7.1679688,0.0,0.60822916,0.0063730227,0.9072017,0.0077412114,-0.010519634,3.7981262,168.49219,0.044274207,0.28264132,168.49219,565,FC128,collect,0,565,,,,
0.0,7.1484375,0.0,0.62647843,0.006368927,0.92036265,-0.0059947325,-0.022846857,3.8041418,167.21484,0.04168424,0.28314158,167.21484,566,FC128,collect,0,566,,,,
0.0,7.171875,0.0,0.6516423,0.0063648317,0.92423624,-0.020602912,-0.03672642,3.9902353,159.08203,0.040542204,0.28364184,159.08203,567,FC128,collect,0,567,,,,
0.0,7.1835938,0.0,0.67164785,0.0063607357,0.9222517,-0.030073583,-0.046470996,4.0596104,156.19922,0.041339174,0.28414208,156.19922,568,FC128,collect,0,568,,,,
0.0,6.5664062,0.0,0.69505304,0.0063566407,0.9121703,-0.045828052,-0.06340526,3.1819544,169.22266,0.043990817,0.28464234,169.22266,569,FC128,collect,0,569,,,,
0.0,6.578125,0.0,0.6761276,0.0063525448,0.9121198,-0.036605295,-0.054236054,3.1528134,171.26562,0.04385178,0.28514257,171.26562,570,FC128,collect,0,570,,,,
0.0,6.5117188,0.0,0.6889247,0.0063484493,0.903306,-0.017773584,-0.035264112,3.118048,169.6836,0.043728262,0.28564283,169.6836,571,FC128,collect,0,571,,,,
0.0,6.8789062,0.0,0.6654458,0.006344354,0.8789328,0.01503614,-0.0057917135,3.620001,162.94531,0.05009935,0.2861431,162.94531,572,FC128,collect,0,572,,,,
0.0,7.328125,0.0,0.61487377,0.0063402583,0.86449194,0.033111744,0.009439374,4.1197667,160.41797,0.055141654,0.28664333,160.41797,573,FC128,collect,0,573,,,,
0.0,7.0898438,0.0,0.5967145,0.006336163,0.88150823,0.023703158,0.0020651002,3.6988292,169.55078,0.05083788,0.2871436,169.55078,574,FC128,collect,0,574,,,,
0.0,6.9492188,0.0,0.5832619,0.006332067,0.9032922,0.008942453,-0.009745091,3.479298,173.4961,0.044761594,0.28764382,173.4961,575,FC128,collect,0,575,,,,
0.0,7.078125,0.0,0.5879541,0.006327972,0.9066731,0.0026367384,-0.015722267,3.7638292,165.71484,0.044159126,0.28814408,165.71484,576,FC128,collect,0,576,,,,
0.0,7.2617188,0.0,0.6040778,0.006323876,0.920262,-0.008985539,-0.025256272,4.0394545,161.11328,0.040181693,0.28864434,161.11328,577,FC128,collect,0,577,,,,
0.0,7.2460938,0.0,0.6247705,0.0063197804,0.92712635,-0.026505329,-0.042489745,4.103986,157.10547,0.039865658,0.28914458,157.10547,578,FC128,collect,0,578,,,,
0.0,7.2539062,0.0,0.65464,0.006315685,0.9266106,-0.035726637,-0.05212508,4.160079,154.6914,0.041065887,0.28964484,154.6914,579,FC128,collect,0,579,,,,
0.0,7.125,0.0,0.6691832,0.0063115894,0.9139252,-0.038224973,-0.056613978,4.0302353,154.73828,0.04522523,0.29014507,154.73828,580,FC128,collect,0,580,,,,
0.0,7.0078125,0.0,0.6768927,0.006307494,0.9100816,-0.033715166,-0.05065627,3.8146887,159.65625,0.042421203,0.29064533,159.65625,581,FC128,collect,0,581,,,,
0.0,7.0273438,0.0,0.6660589,0.006303398,0.9062756,-0.01464639,-0.031816527,3.8297668,159.8789,0.04273714,0.2911456,159.8789,582,FC128,collect,0,582,,,,
0.0,7.390625,0.0,0.63423073,0.006299303,0.8946806,0.009845527,-0.010054613,4.3883605,150.11328,0.047790702,0.29164582,150.11328,583,FC128,collect,0,583,,,,
0.0,7.328125,0.0,0.6150498,0.006295207,0.9033244,0.009965918,-0.00869152,4.1019545,161.3086,0.045058608,0.2921461,161.3086,584,FC128,collect,0,584,,,,
0.0,7.140625,0.0,0.6089675,0.006291112,0.90503,0.0038863593,-0.014189439,3.8808603,162.98828,0.04381376,0.29264632,162.98828,585,FC128,collect,0,585,,,,
0.0,7.2539062,0.0,0.6063833,0.006287016,0.9135763,-0.0020267132,-0.02005909,4.0601573,159.6875,0.043689437,0.29314658,159.6875,586,FC128,collect,0,586,,,,
0.0,7.4023438,0.0,0.6124973,0.0062829205,0.9261047,-0.008682951,-0.025741754,4.304454,154.89453,0.04181415,0.29364684,154.89453,587,FC128,collect,0,587,,,,
0.0,7.0351562,0.0,0.6428209,0.006278825,0.9266099,-0.031013539,-0.048959453,3.9163291,155.9414,0.043964148,0.29414707,155.9414,588,FC128,collect,0,588,,,,
0.0,6.9570312,0.0,0.67227787,0.0062747295,0.9194564,-0.038878113,-0.057242204,3.8294542,156.3789,0.045164905,0.29464734,156.3789,589,FC128,collect,0,589,,,,
0.0,6.6132812,0.0,0.6932909,0.006270634,0.91919076,-0.046702635,-0.06496898,3.2528138,168.02344,0.045227434,0.2951476,168.02344,590,FC128,collect,0,590,,,,
0.0,6.3554688,0.0,0.69532776,0.006266538,0.91907644,-0.041977163,-0.059802875,2.9676576,169.39062,0.044366013,0.29564783,169.39062,591,FC128,collect,0,591,,,,
0.0,6.8125,0.0,0.68545544,0.006262443,0.90851,-0.012479082,-0.031677097,3.6372666,158.76172,0.046981283,0.2961481,158.76172,592,FC128,collect,0,592,,,,
0.0,6.7773438,0.0,0.6787012,0.006258347,0.8871149,0.007421225,-0.012959993,3.56422,160.65625,0.04925753,0.29664832,160.65625,593,FC128,collect,0,593,,,,
0.0,7.328125,0.0,0.6322739,0.0062542516,0.87484676,0.036199998,0.013028371,4.1907043,156.8711,0.05425205,0.2971486,156.8711,594,FC128,collect,0,594,,,,
0.0,7.3671875,0.0,0.5767669,0.006250156,0.8802413,0.032974217,0.0095174825,4.134142,161.65234,0.054123234,0.29764885,161.65234,595,FC128,collect,0,595,,,,
0.0,6.828125,0.0,0.5581653,0.0062460606,0.9045581,0.008961149,-0.009976384,3.268673,177.97266,0.044847734,0.29814908,177.97266,596,FC128,collect,0,596,,,,
0.0,6.6757812,0.0,0.5534639,0.006241965,0.9172752,-0.004341211,-0.020617047,3.0053918,183.51953,0.039461076,0.29864934,183.51953,597,FC128,collect,0,597,,,,
0.0,6.8476562,0.0,0.56505996,0.006237869,0.9218187,-0.0055738976,-0.021165332,3.2784386,178.46094,0.03823241,0.29914957,178.46094,598,FC128,collect,0,598,,,,
0.0,7.0820312,0.0,0.57428366,0.006233774,0.91551685,-0.001191861,-0.019099677,3.7814853,165.02734,0.04297554,0.29964983,165.02734,599,FC128,collect,0,599,,,,
0.0,7.4257812,0.0,0.6138494,0.006229678,0.913265,0.0016031421,-0.016443646,4.4146886,150.55469,0.043741744,0.3001501,150.55469,600,FC128,collect,0,600,,,,
0.0,7.2382812,0.0,0.6462506,0.0062255827,0.91481715,-0.017478231,-0.035065327,4.223126,150.75781,0.043220762,0.30065033,150.75781,601,FC128,collect,0,601,,,,
0.0,7.2304688,0.0,0.66049373,0.006221487,0.9199211,-0.028780151,-0.045898166,4.1431265,154.36719,0.042454533,0.3011506,154.36719,602,FC128,collect,0,602,,,,
0.0,7.296875,0.0,0.6484388,0.0062173917,0.921328,-0.025976509,-0.04381914,4.3242197,148.63281,0.04374846,0.30165082,148.63281,603,FC128,collect,0,603,,,,
0.0,7.2421875,0.0,0.6409813,0.006213296,0.9195686,-0.025527747,-0.04244431,4.0473447,159.74219,0.041798342,0.30215108,159.74219,604,FC128,collect,0,604,,,,
0.0,7.3984375,0.0,0.60517305,0.0062092002,0.9186501,-0.012657912,-0.030367795,4.425001,148.67188,0.042935047,0.30265135,148.67188,605,FC128,collect,0,605,,,,
0.0,7.375,0.0,0.6084749,0.006205105,0.9153157,-0.0047995746,-0.023235979,4.330001,152.25,0.04442411,0.30315158,152.25,606,FC128,collect,0,606,,,,
0.0,7.4648438,0.0,0.6064067,0.0062010093,0.9187652,-0.0051635867,-0.022879437,4.476407,149.42188,0.042952366,0.30365184,149.42188,607,FC128,collect,0,607,,,,
0.0,7.4101562,0.0,0.63112944,0.006196914,0.91997844,-0.00910427,-0.026388137,4.351017,152.95703,0.042389844,0.30415207,152.95703,608,FC128,collect,0,608,,,,
0.0,6.9648438,0.0,0.66199124,0.0061928183,0.9144594,-0.023380883,-0.042368725,3.8856258,153.96094,0.04617487,0.30465233,153.96094,609,FC128,collect,0,609,,,,
0.0,6.7617188,0.0,0.68004346,0.006188723,0.9203186,-0.028121956,-0.045136362,3.534923,161.33984,0.042446014,0.3051526,161.33984,610,FC128,collect,0,610,,,,
0.0,6.390625,0.0,0.67785895,0.0061846273,0.91424745,-0.029839784,-0.047894936,3.0112512,168.96875,0.044494912,0.30565283,168.96875,611,FC128,collect,0,611,,,,
0.0,6.6328125,0.0,0.6924537,0.0061805313,0.90333706,-0.0062077446,-0.023988638,3.3156261,165.85938,0.04412125,0.3061531,165.85938,612,FC128,collect,0,612,,,,
0.0,7.1328125,0.0,0.6433753,0.0061764363,0.8918159,0.019706443,-0.002132556,3.9857824,157.35156,0.05162553,0.30665335,157.35156,613,FC128,collect,0,613,,,,
0.0,7.4492188,0.0,0.5876001,0.0061723404,0.86948663,0.035289973,0.008486826,4.490079,147.95703,0.06086003,0.30715358,147.95703,614,FC128,collect,0,614,,,,
0.0,7.3671875,0.0,0.562874,0.0061682453,0.8958756,0.026055256,0.0034632324,4.203517,158.1836,0.052127935,0.30765384,158.1836,615,FC128,collect,0,615,,,,
0.0,7.2460938,0.0,0.53800637,0.0061641494,0.9124819,0.008622212,-0.01048718,3.9057822,167.01562,0.04485149,0.30815408,167.01562,616,FC128,collect,0,616,,,,
0.0,7.2304688,0.0,0.53109515,0.006160054,0.9266389,-0.0057799113,-0.022669425,3.8760948,167.71875,0.040322177,0.30865434,167.71875,617,FC128,collect,0,617,,,,
0.0,7.3398438,0.0,0.540808,0.0061559584,0.93772674,-0.013337398,-0.029996255,4.1742983,158.27734,0.039976098,0.3091546,158.27734,618,FC128,collect,0,618,,,,
0.0,7.453125,0.0,0.577494,0.006151863,0.934758,-0.014645949,-0.030963188,4.406017,152.35547,0.039739806,0.30965483,152.35547,619,FC128,collect,0,619,,,,
0.0,7.40625,0.0,0.605542,0.0061477674,0.93245107,-0.015261078,-0.033062384,4.4541416,147.60547,0.043048073,0.3101551,147.60547,620,FC128,collect,0,620,,,,
0.0,7.3085938,0.0,0.6283359,0.0061436715,0.92712605,-0.018299222,-0.036832888,4.3014855,150.35547,0.04478791,0.31065533,150.35547,621,FC128,collect,0,621,,,,
0.0,7.2265625,0.0,0.6319093,0.0061395764,0.9186819,-0.015486499,-0.034218024,4.1803136,152.3125,0.04522236,0.3111556,152.3125,622,FC128,collect,0,622,,,,
0.0,7.2890625,0.0,0.6172353,0.0061354805,0.91593874,-0.006593073,-0.025130615,4.3233604,148.28516,0.044649154,0.31165585,148.28516,623,FC128,collect,0,623,,,,
0.0,7.4179688,0.0,0.57143897,0.006131385,0.91015947,0.0038531641,-0.015719255,4.481251,146.83594,0.046152264,0.31215608,146.83594,624,FC128,collect,0,624,,,,
0.0,7.4453125,0.0,0.5159701,0.0061272895,0.91375005,0.004717063,-0.014366836,4.4134383,151.59375,0.044490796,0.31265634,151.59375,625,FC128,collect,0,625,,,,
0.0,7.3085938,0.0,0.48099387,0.006123194,0.9278754,-0.0055479915,-0.02299378,3.9931264,165.77344,0.040782016,0.31315657,165.77344,626,FC128,collect,0,626,,,,
0.0,7.171875,0.0,0.47388503,0.0061190985,0.93369406,-0.015687596,-0.03239115,3.7743764,169.875,0.039206605,0.31365684,169.875,627,FC128,collect,0,627,,,,
0.0,7.1757812,0.0,0.4814513,0.0061150026,0.9252195,-0.012869149,-0.032095224,3.9317198,162.20312,0.0443403,0.3141571,162.20312,628,FC128,collect,0,628,,,,
0.0,7.515625,0.0,0.50890464,0.0061109075,0.92841166,-0.0066213855,-0.024595102,4.4549227,153.03516,0.04216717,0.31465733,153.03516,629,FC128,collect,0,629,,,,
0.0,7.6132812,0.0,0.54569715,0.0061068116,0.91971624,-0.0018358715,-0.02129417,4.725626,144.38281,0.045581535,0.3151576,144.38281,630,FC128,collect,0,630,,,,
0.0,7.0625,0.0,0.6115525,0.006102716,0.91472256,-0.02177698,-0.042850472,3.9642198,154.91406,0.049611248,0.31565785,154.91406,631,FC128,collect,0,631,,,,
0.0,6.3710938,0.0,0.65548784,0.0060986206,0.90399384,-0.043239377,-0.06438207,2.9679697,170.15625,0.050280526,0.3161581,170.15625,632,FC128,collect,0,632,,,,
0.0,5.6132812,0.0,0.66313,0.006094525,0.8810552,-0.05088085,-0.073814705,2.0527353,178.02734,0.053950638,0.31665835,178.02734,633,FC128,collect,0,633,,,,
0.0,4.8398438,0.0,0.66314745,0.0060904296,0.86452407,-0.053035393,-0.0764244,1.1274228,185.6211,0.05485571,0.31715858,185.6211,634,FC128,collect,0,634,,,,
0.0,4.4492188,0.0,0.6610406,0.0060863337,0.84848773,-0.04500579,-0.065731965,0.6572666,189.59766,0.049498975,0.31765884,189.59766,635,FC128,collect,0,635,,,,
0.0,4.7578125,0.0,0.66795164,0.0060822386,0.84233236,-0.021139586,-0.038848653,1.0003135,187.875,0.043543417,0.3181591,187.875,636,FC128,collect,0,636,,,,
0.0,5.3789062,0.0,0.66744006,0.0060781427,0.79176176,0.016584313,-0.0050864597,1.7564074,181.125,0.051455136,0.31865934,181.125,637,FC128,collect,0,637,,,,
0.0,6.4296875,0.0,0.6376088,0.0060740476,0.6984279,0.06964263,0.034484144,3.1546106,163.7539,0.078062706,0.3191596,163.7539,638,FC128,collect,0,638,,,,
0.0,7.2851562,0.0,0.58301973,0.0060699517,0.6639594,0.100205325,0.052753635,4.145626,156.97656,0.10198117,0.31965983,156.97656,639,FC128,collect,0,639,,,,
0.0,7.4648438,0.0,0.5444071,0.006065856,0.65968966,0.10875349,0.05719537,4.42172,152.15625,0.10972083,0.3201601,152.15625,640,FC128,collect,0,640,,,,
0.0,7.3320312,0.0,0.517636,0.0060617607,0.69414085,0.09231582,0.045361925,4.129767,160.11328,0.10018337,0.32066035,160.11328,641,FC128,collect,0,641,,,,
0.0,7.2382812,0.0,0.50775105,0.0060576648,0.7395606,0.0767182,0.03510374,3.9815636,162.83594,0.08938051,0.32116058,162.83594,642,FC128,collect,0,642,,,,
0.0,7.15625,0.0,0.5173341,0.0060535697,0.77816325,0.05837225,0.024259975,3.7071104,172.45703,0.07448799,0.32166085,172.45703,643,FC128,collect,0,643,,,,
0.0,7.2070312,0.0,0.5250938,0.006049474,0.80655825,0.043360412,0.013219238,3.854376,167.63281,0.06663543,0.32216108,167.63281,644,FC128,collect,0,644,,,,
0.0,7.3125,0.0,0.54895794,0.0060453787,0.8409489,0.028070496,0.0021393988,4.0521107,163.01953,0.058499508,0.32266134,163.01953,645,FC128,collect,0,645,,,,
0.0,7.3203125,0.0,0.56680864,0.006041283,0.87131274,0.009872841,-0.012646465,4.100704,160.98047,0.051887114,0.3231616,160.98047,646,FC128,collect,0,646,,,,
0.0,7.4023438,0.0,0.6007235,0.0060371873,0.89720535,-0.0049101654,-0.025151324,4.387892,150.72266,0.047735676,0.32366183,150.72266,647,FC128,collect,0,647,,,,
0.0,7.2421875,0.0,0.64995843,0.006033092,0.8984077,-0.03410652,-0.054215174,4.0932827,157.44531,0.04805983,0.3241621,157.44531,648,FC128,collect,0,648,,,,
0.0,6.9648438,0.0,0.6861727,0.0060289963,0.8962016,-0.0569091,-0.08021826,3.788829,158.80078,0.05489219,0.32466233,158.80078,649,FC128,collect,0,649,,,,
0.0,6.3828125,0.0,0.71620214,0.006024901,0.87941587,-0.07947472,-0.10634356,2.8115635,178.5625,0.062367782,0.3251626,178.5625,650,FC128,collect,0,650,,,,
0.0,5.6484375,0.0,0.73068035,0.006020805,0.85818535,-0.09523994,-0.12586387,1.8516418,189.83984,0.07004642,0.32566285,189.83984,651,FC128,collect,0,651,,,,
0.0,5.0585938,0.0,0.7384916,0.00601671,0.8323951,-0.09846697,-0.12856157,1.184376,193.71094,0.06907578,0.32616308,193.71094,652,FC128,collect,0,652,,,,
0.0,4.6445312,0.0,0.7495787,0.006012614,0.81450915,-0.098885775,-0.12598568,0.72890735,195.78125,0.063213676,0.32666335,195.78125,653,FC128,collect,0,653,,,,
0.0,4.1796875,0.0,0.7547987,0.0060085184,0.7923516,-0.095220424,-0.11981993,0.22609478,197.67969,0.05826945,0.3271636,197.67969,654,FC128,collect,0,654,,,,
0.0,4.1679688,0.0,0.76843715,0.006004423,0.81906337,-0.079903066,-0.09922626,0.21968848,197.41406,0.04787442,0.32766384,197.41406,655,FC128,collect,0,655,,,,
0.0,5.0390625,0.0,0.7960999,0.0060003274,0.84632266,-0.048704516,-0.062752366,1.1760166,193.15234,0.03764942,0.3281641,193.15234,656,FC128,collect,0,656,,,,
0.0,5.2578125,0.0,0.79298496,0.005996232,0.79644954,-0.01832396,-0.033592924,1.4896886,188.40625,0.040047772,0.32866433,188.40625,657,FC128,collect,0,657,,,,
0.0,6.4375,0.0,0.78446305,0.005992136,0.73458004,0.034544762,0.012243925,2.956173,174.0664,0.054002892,0.3291646,174.0664,658,FC128,collect,0,658,,,,
0.0,7.2617188,0.0,0.719619,0.005988041,0.65925825,0.07348068,0.04148091,4.141017,156.03516,0.07261776,0.32966486,156.03516,659,FC128,collect,0,659,,,,
0.0,7.4765625,0.0,0.66854876,0.005983945,0.6523663,0.07580617,0.043078914,4.2928915,159.1836,0.07345563,0.3301651,159.1836,660,FC128,collect,0,660,,,,
0.0,7.1484375,0.0,0.65981674,0.0059798495,0.6926685,0.05579488,0.02890061,3.721798,171.33203,0.06167975,0.33066535,171.33203,661,FC128,collect,0,661,,,,
0.0,6.6015625,0.0,0.6473553,0.005975754,0.75315654,0.027491627,0.0069524026,2.8622668,186.96484,0.04881532,0.33116558,186.96484,662,FC128,collect,0,662,,,,
0.0,6.2421875,0.0,0.6438467,0.0059716585,0.79074574,0.013176257,-0.0038698344,2.3650794,193.85547,0.041781846,0.33166584,193.85547,663,FC128,collect,0,663,,,,
0.0,6.0117188,0.0,0.64674383,0.005967563,0.8210979,-0.0001909649,-0.015039635,2.080548,196.5586,0.03741631,0.3321661,196.5586,664,FC128,collect,0,664,,,,
0.0,5.9375,0.0,0.6527016,0.005963467,0.843194,-0.0101913465,-0.025013253,2.0200794,195.8711,0.037428543,0.33266634,195.8711,665,FC128,collect,0,665,,,,
0.0,6.390625,0.0,0.65367776,0.005959372,0.85546553,-0.0062520048,-0.021657972,2.5669544,191.1836,0.038602952,0.3331666,191.1836,666,FC128,collect,0,666,,,,
0.0,7.0117188,0.0,0.66224504,0.005955276,0.85041404,0.005650442,-0.012029407,3.537345,173.71875,0.0432474,0.33366683,173.71875,667,FC128,collect,0,667,,,,
0.0,7.34375,0.0,0.68896276,0.005951181,0.8734439,0.005141124,-0.012843963,4.0836725,163.0039,0.044170458,0.3341671,163.0039,668,FC128,collect,0,668,,,,
0.0,7.4296875,0.0,0.72383255,0.005947085,0.89069474,-0.0063024326,-0.024072843,4.4119544,150.88672,0.044150207,0.33466735,150.88672,669,FC128,collect,0,669,,,,
0.0,7.2226562,0.0,0.7509256,0.0059429896,0.906133,-0.04191044,-0.059197024,4.0306263,159.60156,0.043498658,0.3351676,159.60156,670,FC128,collect,0,670,,,,
0.0,6.96875,0.0,0.777109,0.005938894,0.910265,-0.064506084,-0.08347417,3.6771886,164.57812,0.0471665,0.33566785,164.57812,671,FC128,collect,0,671,,,,
0.0,6.4609375,0.0,0.7942461,0.0059347986,0.8990221,-0.08596145,-0.107972056,2.9758606,174.2539,0.05344858,0.3361681,174.2539,672,FC128,collect,0,672,,,,
0.0,6.4023438,0.0,0.79089564,0.005930703,0.89841074,-0.08680274,-0.11032131,2.909298,174.65234,0.056418266,0.33666834,174.65234,673,FC128,collect,0,673,,,,
0.0,6.4648438,0.0,0.7777821,0.005926607,0.90086436,-0.07681119,-0.09830173,2.9813294,174.17578,0.0522003,0.3371686,174.17578,674,FC128,collect,0,674,,,,
0.0,6.515625,0.0,0.7750408,0.005922512,0.90089023,-0.06308641,-0.08321889,3.0776575,171.89844,0.049445327,0.33766884,171.89844,675,FC128,collect,0,675,,,,
0.0,6.8085938,0.0,0.75934553,0.005918416,0.8980728,-0.0362186,-0.05353628,3.4717197,166.84375,0.043623615,0.3381691,166.84375,676,FC128,collect,0,676,,,,
0.0,7.1289062,0.0,0.72025955,0.0059143207,0.8888283,-0.00781905,-0.025992842,4.0678916,153.05078,0.044867277,0.33866936,153.05078,677,FC128,collect,0,677,,,,
0.0,7.4648438,0.0,0.69068915,0.005910225,0.8730863,0.014961518,-0.0046484484,4.4487514,150.80469,0.04738419,0.3391696,150.80469,678,FC128,collect,0,678,,,,
0.0,7.5351562,0.0,0.6468069,0.0059061297,0.870946,0.019513488,-0.00056826835,4.4694543,153.28516,0.047803763,0.33966985,153.28516,679,FC128,collect,0,679,,,,
0.0,7.5429688,0.0,0.6194509,0.005902034,0.883361,0.014776615,-0.0038909146,4.414923,156.40234,0.0446471,0.3401701,156.40234,680,FC128,collect,0,680,,,,
0.0,7.421875,0.0,0.61156744,0.0058979383,0.90080893,0.0064609023,-0.010359589,4.126173,164.78516,0.040854957,0.34067035,164.78516,681,FC128,collect,0,681,,,,
0.0,7.2382812,0.0,0.6091152,0.0058938432,0.9145283,-0.006726972,-0.022674067,3.9014854,166.83984,0.03907425,0.3411706,166.83984,682,FC128,collect,0,682,,,,
0.0,7.3710938,0.0,0.6043774,0.0058897473,0.9253093,-0.010678288,-0.02608909,4.161564,160.47656,0.037940867,0.34167084,160.47656,683,FC128,collect,0,683,,,,
0.0,7.484375,0.0,0.6125133,0.005885652,0.9316689,-0.01403865,-0.029492823,4.397892,154.32422,0.038118426,0.3421711,154.32422,684,FC128,collect,0,684,,,,
0.0,7.5664062,0.0,0.64806086,0.0058815563,0.9345929,-0.016294954,-0.031130947,4.6831264,144.16406,0.0372952,0.34267133,144.16406,685,FC128,collect,0,685,,,,
0.0,7.2148438,0.0,0.6797204,0.005877461,0.92925996,-0.032946605,-0.050396536,4.1638293,152.55078,0.042889923,0.3431716,152.55078,686,FC128,collect,0,686,,,,
0.0,7.125,0.0,0.6904668,0.0058733653,0.92786646,-0.034798596,-0.05272762,4.04922,153.78906,0.043968778,0.34367186,153.78906,687,FC128,collect,0,687,,,,
0.0,6.7460938,0.0,0.7060018,0.0058692694,0.9253681,-0.043445442,-0.061214272,3.4008603,167.26172,0.04382509,0.3441721,167.26172,688,FC128,collect,0,688,,,,
0.0,6.5195312,0.0,0.7138184,0.0058651743,0.9178798,-0.03768868,-0.056141157,3.200704,165.9414,0.04527829,0.34467235,165.9414,689,FC128,collect,0,689,,,,
0.0,6.734375,0.0,0.6925434,0.0058610784,0.9086171,-0.017561115,-0.036558077,3.4746103,162.98828,0.046112023,0.34517258,162.98828,690,FC128,collect,0,690,,,,
0.0,6.9921875,0.0,0.67531234,0.005856983,0.9040165,0.0029078373,-0.015943484,3.823204,158.44922,0.04561323,0.34567285,158.44922,691,FC128,collect,0,691,,,,
0.0,7.3476562,0.0,0.63566995,0.0058528874,0.88037103,0.027710276,0.0046204207,4.4451575,145.125,0.05362072,0.3461731,145.125,692,FC128,collect,0,692,,,,
0.0,7.4960938,0.0,0.5862083,0.005848792,0.8885097,0.03247993,0.009993292,4.5420322,147.70312,0.051830497,0.34667334,147.70312,693,FC128,collect,0,693,,,,
0.0,7.5898438,0.0,0.5426186,0.0058446964,0.8949802,0.02648129,0.0054788203,4.5278134,153.10156,0.04834782,0.3471736,153.10156,694,FC128,collect,0,694,,,,
0.0,7.296875,0.0,0.5254129,0.0058406005,0.9149337,0.009631043,-0.007894358,3.958595,166.91406,0.041188255,0.34767386,166.91406,695,FC128,collect,0,695,,,,
0.0,7.2578125,0.0,0.5015887,0.0058365054,0.9233754,0.0038675338,-0.013231925,3.8846107,168.66016,0.040053967,0.3481741,168.66016,696,FC128,collect,0,696,,,,
0.0,7.1289062,0.0,0.51042545,0.0058324095,0.9336954,-0.009398466,-0.025787333,3.7194543,170.47266,0.038731754,0.34867436,170.47266,697,FC128,collect,0,697,,,,
0.0,7.453125,0.0,0.50039226,0.0058283145,0.93703526,-0.006645764,-0.022452548,4.272579,159.02734,0.037446454,0.3491746,159.02734,698,FC128,collect,0,698,,,,
0.0,7.5664062,0.0,0.5118422,0.0058242185,0.9365194,-0.0036924714,-0.020206839,4.599923,148.32422,0.038990896,0.34967485,148.32422,699,FC128,collect,0,699,,,,
0.0,7.625,0.0,0.5510376,0.005820123,0.9372528,-0.008216767,-0.025279988,4.7716417,142.66797,0.040540654,0.3501751,142.66797,700,FC128,collect,0,700,,,,
0.0,7.484375,0.0,0.6036018,0.0058160275,0.935637,-0.016706346,-0.03308768,4.524767,147.98047,0.039783794,0.35067534,147.98047,701,FC128,collect,0,701,,,,
0.0,7.3203125,0.0,0.6294381,0.005811932,0.92857593,-0.023942035,-0.041401852,4.3275013,149.64062,0.042236138,0.3511756,149.64062,702,FC128,collect,0,702,,,,
0.0,6.8007812,0.0,0.64142233,0.0058078365,0.91878104,-0.031277437,-0.051549222,3.6264074,158.71875,0.047994122,0.35167584,158.71875,703,FC128,collect,0,703,,,,
0.0,6.8007812,0.0,0.64179635,0.0058037406,0.91376173,-0.026625093,-0.046883006,3.6967196,155.20312,0.047965463,0.3521761,155.20312,704,FC128,collect,0,704,,,,
0.0,6.8828125,0.0,0.63538843,0.0057996456,0.9088608,-0.0125979055,-0.032647047,3.712501,158.51562,0.04746834,0.35267636,158.51562,705,FC128,collect,0,705,,,,
0.0,7.234375,0.0,0.6011973,0.0057955496,0.8941195,0.007868283,-0.01374501,4.2844543,147.4961,0.050195124,0.3531766,147.4961,706,FC128,collect,0,706,,,,
0.0,7.4414062,0.0,0.5615991,0.005791454,0.8944253,0.017468998,-0.004221486,4.5020323,146.96875,0.049885917,0.35367686,146.96875,707,FC128,collect,0,707,,,,
0.0,7.6679688,0.0,0.5128573,0.0057873586,0.88884693,0.027703337,0.0044725854,4.8185167,142.47266,0.052397683,0.3541771,142.47266,708,FC128,collect,0,708,,,,
0.0,7.7578125,0.0,0.4845227,0.005783263,0.9004392,0.02315893,0.00056404906,4.846095,145.58594,0.050794005,0.35467735,145.58594,709,FC128,collect,0,709,,,,
0.0,7.4921875,0.0,0.4699749,0.0057791676,0.91712946,0.007534664,-0.012968463,4.4205484,153.58203,0.04643838,0.3551776,153.58203,710,FC128,collect,0,710,,,,
0.0,7.4492188,0.0,0.4681434,0.0057750717,0.9283962,-0.003265287,-0.022109896,4.340001,155.46094,0.04309634,0.35567784,155.46094,711,FC128,collect,0,711,,,,
0.0,7.5625,0.0,0.471084,0.0057709767,0.9388595,-0.0073182993,-0.025544101,4.4933605,153.45703,0.041888833,0.3561781,153.45703,712,FC128,collect,0,712,,,,
0.0,7.6484375,0.0,0.48066643,0.0057668807,0.9383349,-0.011354204,-0.029522398,4.7982826,142.50781,0.04188028,0.35667834,142.50781,713,FC128,collect,0,713,,,,
0.0,7.6523438,0.0,0.52466565,0.005762785,0.94531095,-0.01855097,-0.035559013,4.8082047,142.20703,0.040063158,0.3571786,142.20703,714,FC128,collect,0,714,,,,
0.0,7.3398438,0.0,0.5869126,0.0057586897,0.93247694,-0.031091796,-0.05050338,4.421954,145.89453,0.045582864,0.35767886,145.89453,715,FC128,collect,0,715,,,,
0.0,6.4960938,0.0,0.6429903,0.005754594,0.9181174,-0.051936105,-0.07427767,3.1178136,168.91406,0.052083425,0.3581791,168.91406,716,FC128,collect,0,716,,,,
0.0,5.7148438,0.0,0.6783579,0.0057504987,0.9021275,-0.056463845,-0.08013669,2.1215634,179.66406,0.055147476,0.35867935,179.66406,717,FC128,collect,0,717,,,,
0.0,4.71875,0.0,0.6743011,0.005746403,0.88009393,-0.066242106,-0.09027808,0.88148546,191.86328,0.05582156,0.35917962,191.86328,718,FC128,collect,0,718,,,,
0.0,4.0625,0.0,0.66644114,0.0057423078,0.85660225,-0.06182351,-0.08441643,0.19359472,193.44531,0.052839648,0.35967985,193.44531,719,FC128,collect,0,719,,,,
0.0,3.7773438,0.0,0.67881125,0.005738212,0.8464521,-0.052282482,-0.070138134,-0.15265527,196.5,0.043501627,0.3601801,196.5,720,FC128,collect,0,720,,,,
0.0,3.6835938,0.0,0.6634717,0.0057341163,0.8433677,-0.03189313,-0.04692406,-0.23976465,196.16797,0.037670705,0.36068034,196.16797,721,FC128,collect,0,721,,,,
0.0,3.9453125,0.0,0.67571884,0.005730021,0.8001726,-0.005111688,-0.02024117,0.12992282,190.76953,0.03800273,0.3611806,190.76953,722,FC128,collect,0,722,,,,
0.0,4.8554688,0.0,0.67707366,0.0057259253,0.7018564,0.036768027,0.0151959965,1.108829,187.33203,0.050897807,0.36168087,187.33203,723,FC128,collect,0,723,,,,
0.0,5.8242188,0.0,0.65038794,0.00572183,0.59189785,0.08338348,0.048629895,2.393829,171.51953,0.076949984,0.3621811,171.51953,724,FC128,collect,0,724,,,,
0.0,6.8398438,0.0,0.6115451,0.005717734,0.5177368,0.1198652,0.07219796,3.6651576,158.73438,0.1023278,0.36268136,158.73438,725,FC128,collect,0,725,,,,
0.0,7.40625,0.0,0.54795647,0.005713639,0.4866963,0.12597954,0.07309677,4.2584386,157.39062,0.112027206,0.3631816,157.39062,726,FC128,collect,0,726,,,,
0.0,7.4648438,0.0,0.5141452,0.005709543,0.518734,0.11932442,0.06809818,4.3057823,157.95312,0.10832356,0.36368185,157.95312,727,FC128,collect,0,727,,,,
0.0,7.203125,0.0,0.5037385,0.005705448,0.59167737,0.09204721,0.052393917,3.7412512,173.09375,0.085054696,0.3641821,173.09375,728,FC128,collect,0,728,,,,
0.0,6.9609375,0.0,0.5135807,0.005701352,0.6505308,0.07023631,0.037340257,3.2964854,183.22266,0.071648315,0.36468235,183.22266,729,FC128,collect,0,729,,,,
0.0,6.5507812,0.0,0.51261145,0.0056972564,0.70782375,0.047074515,0.021083225,2.7339075,190.84375,0.05782354,0.3651826,190.84375,730,FC128,collect,0,730,,,,
0.0,6.59375,0.0,0.51284975,0.005693161,0.73492956,0.039328743,0.015841257,2.8296106,188.20703,0.052814446,0.36568284,188.20703,731,FC128,collect,0,731,,,,
0.0,6.3671875,0.0,0.5239326,0.0056890654,0.7883081,0.026495408,0.0056350566,2.6064076,188.03906,0.047682077,0.3661831,188.03906,732,FC128,collect,0,732,,,,
0.0,6.6132812,0.0,0.53049487,0.00568497,0.80224836,0.021780238,0.001747199,2.855548,187.88672,0.046097774,0.36668336,187.88672,733,FC128,collect,0,733,,,,
0.0,6.90625,0.0,0.53702456,0.005680874,0.82485896,0.01995272,-0.0013305112,3.3066418,179.98047,0.048668,0.3671836,179.98047,734,FC128,collect,0,734,,,,
0.0,7.1914062,0.0,0.55769163,0.005676779,0.83529073,0.019557001,-0.0019201804,3.8116417,168.98828,0.049286146,0.36768386,168.98828,735,FC128,collect,0,735,,,,
0.0,7.3671875,0.0,0.5751663,0.005672683,0.84785813,0.014961589,-0.007283175,4.2075014,157.98438,0.051015,0.3681841,157.98438,736,FC128,collect,0,736,,,,
0.0,7.4570312,0.0,0.603771,0.0056685875,0.8672016,0.0014336258,-0.019428216,4.424532,151.625,0.04856874,0.36868435,151.625,737,FC128,collect,0,737,,,,
0.0,7.5429688,0.0,0.6306958,0.005664492,0.8914778,-0.012470163,-0.03231048,4.6509385,144.60156,0.046825774,0.3691846,144.60156,738,FC128,collect,0,738,,,,
0.0,7.5078125,0.0,0.63662446,0.0056603965,0.90027606,-0.029658966,-0.050718646,4.6179695,144.49219,0.049326457,0.36968485,144.49219,739,FC128,collect,0,739,,,,
0.0,7.296875,0.0,0.66996586,0.005656301,0.9094337,-0.04921745,-0.07073458,4.245704,152.5586,0.05061332,0.3701851,152.5586,740,FC128,collect,0,740,,,,
0.0,7.09375,0.0,0.6839699,0.005652205,0.90704167,-0.063139774,-0.08669771,3.971251,156.125,0.054847743,0.37068537,156.125,741,FC128,collect,0,741,,,,
0.0,6.8164062,0.0,0.71787506,0.00564811,0.9038365,-0.07747606,-0.10129933,3.4416418,168.73828,0.055755813,0.3711856,168.73828,742,FC128,collect,0,742,,,,
0.0,6.4101562,0.0,0.7309403,0.005644014,0.8940824,-0.08958346,-0.114069045,2.836954,178.66016,0.057222053,0.37168586,178.66016,743,FC128,collect,0,743,,,,
0.0,6.2578125,0.0,0.73778164,0.0056399186,0.89205337,-0.08286409,-0.107690334,2.621017,181.83984,0.057974555,0.3721861,181.83984,744,FC128,collect,0,744,,,,
0.0,6.2070312,0.0,0.74887836,0.005635823,0.89049685,-0.07658162,-0.0975038,2.5221887,184.24219,0.050285462,0.37268636,184.24219,745,FC128,collect,0,745,,,,
0.0,6.3046875,0.0,0.7566337,0.0056317276,0.88927436,-0.063696444,-0.082636304,2.7294543,178.76172,0.04640202,0.37318662,178.76172,746,FC128,collect,0,746,,,,
0.0,6.6757812,0.0,0.7476358,0.005627632,0.89225113,-0.04213623,-0.058242645,3.1552353,176.02734,0.040627662,0.37368685,176.02734,747,FC128,collect,0,747,,,,
0.0,7.0664062,0.0,0.7208749,0.005623536,0.8686228,-0.012272028,-0.029315544,3.7516418,165.73828,0.042194765,0.3741871,165.73828,748,FC128,collect,0,748,,,,
0.0,7.4726562,0.0,0.6904341,0.005619441,0.84746754,0.018265855,-0.002334167,4.5391417,146.67578,0.04895975,0.37468734,146.67578,749,FC128,collect,0,749,,,,
0.0,7.6679688,0.0,0.6612983,0.005615345,0.82962304,0.029174082,0.006271757,4.7810946,144.34375,0.053231485,0.3751876,144.34375,750,FC128,collect,0,750,,,,
0.0,7.6054688,0.0,0.6250715,0.00561125,0.84419394,0.025353113,0.00361163,4.603126,150.11719,0.050497834,0.37568787,150.11719,751,FC128,collect,0,751,,,,
0.0,7.5117188,0.0,0.6151675,0.005607154,0.8543961,0.014573319,-0.0059553054,4.348204,158.17578,0.047955927,0.3761881,158.17578,752,FC128,collect,0,752,,,,
0.0,7.4140625,0.0,0.59084475,0.0056030587,0.87643886,0.008449462,-0.010805674,4.2085166,160.27734,0.045131348,0.37668836,160.27734,753,FC128,collect,0,753,,,,
0.0,7.5273438,0.0,0.5683585,0.0055989632,0.8848035,0.009067195,-0.010521651,4.4618764,153.27344,0.04554213,0.3771886,153.27344,754,FC128,collect,0,754,,,,
0.0,7.5117188,0.0,0.57211137,0.0055948673,0.90438926,-0.0009219912,-0.018002361,4.344845,158.34375,0.040562514,0.37768885,158.34375,755,FC128,collect,0,755,,,,
0.0,7.5078125,0.0,0.578063,0.0055907723,0.9107985,-0.0066138906,-0.02407258,4.5448446,148.14844,0.041381016,0.37818912,148.14844,756,FC128,collect,0,756,,,,
0.0,7.71875,0.0,0.5818533,0.0055866763,0.9198821,-0.009371539,-0.02587692,4.9045324,140.71094,0.039512016,0.37868935,140.71094,757,FC128,collect,0,757,,,,
0.0,7.625,0.0,0.6218686,0.0055825813,0.9309764,-0.022622053,-0.03783332,4.7707043,142.71484,0.0373658,0.3791896,142.71484,758,FC128,collect,0,758,,,,
0.0,7.3789062,0.0,0.666687,0.0055784853,0.93534786,-0.040589,-0.055793557,4.351798,151.35547,0.037847314,0.37968987,151.35547,759,FC128,collect,0,759,,,,
0.0,7.0976562,0.0,0.6688879,0.00557439,0.933373,-0.049317345,-0.066827364,3.9808607,155.83984,0.04247732,0.3801901,155.83984,760,FC128,collect,0,760,,,,
0.0,7.078125,0.0,0.68622404,0.0055702943,0.93258643,-0.054442763,-0.07072167,3.8743763,160.1875,0.040202748,0.38069037,160.1875,761,FC128,collect,0,761,,,,
0.0,6.8398438,0.0,0.7023401,0.005566199,0.9305397,-0.05845324,-0.076198734,3.5158606,166.19922,0.04330972,0.3811906,166.19922,762,FC128,collect,0,762,,,,
0.0,6.8789062,0.0,0.6924873,0.0055621034,0.92924404,-0.048384357,-0.06564487,3.5947669,164.20703,0.04222439,0.38169086,164.20703,763,FC128,collect,0,763,,,,
0.0,7.0859375,0.0,0.6772425,0.0055580074,0.9256803,-0.029943971,-0.04655596,3.9707043,155.76172,0.040752213,0.38219112,155.76172,764,FC128,collect,0,764,,,,
0.0,7.1015625,0.0,0.66284764,0.0055539124,0.9239176,-0.019740414,-0.0365463,3.9978917,155.1836,0.04097457,0.38269135,155.1836,765,FC128,collect,0,765,,,,
0.0,7.46875,0.0,0.6106738,0.0055498164,0.9158853,0.0054116584,-0.013633821,4.613282,142.77344,0.044869214,0.38319162,142.77344,766,FC128,collect,0,766,,,,
0.0,7.7421875,0.0,0.55988353,0.005545721,0.9061043,0.017053872,-0.0030491913,5.020626,136.07812,0.04641604,0.38369185,136.07812,767,FC128,collect,0,767,,,,
0.0,7.6601562,0.0,0.50833356,0.0055416254,0.9081575,0.020004256,0.0005677334,4.8569546,140.16016,0.04450703,0.3841921,140.16016,768,FC128,collect,0,768,,,,
0.0,7.4804688,0.0,0.49541786,0.00553753,0.92583704,0.0071776444,-0.009718471,4.358986,156.07422,0.039279014,0.38469237,156.07422,769,FC128,collect,0,769,,,,
0.0,7.375,0.0,0.47517315,0.0055334345,0.9264709,0.0019717023,-0.014821968,4.17297,160.10156,0.03884602,0.3851926,160.10156,770,FC128,collect,0,770,,,,
0.0,7.4257812,0.0,0.47328383,0.0055293385,0.9330367,-0.0023291605,-0.019668985,4.291251,156.72656,0.039913543,0.38569286,156.72656,771,FC128,collect,0,771,,,,
0.0,7.5273438,0.0,0.46441314,0.0055252435,0.9331803,-0.0027449436,-0.018881707,4.469376,152.89844,0.037405517,0.3861931,152.89844,772,FC128,collect,0,772,,,,
0.0,7.59375,0.0,0.47238874,0.0055211475,0.93971753,-0.0037088636,-0.020367017,4.649454,147.21484,0.038532563,0.38669336,147.21484,773,FC128,collect,0,773,,,,
0.0,7.6992188,0.0,0.48895136,0.005517052,0.9391263,5.693757e-05,-0.017854735,4.9338293,138.26953,0.041218486,0.38719362,138.26953,774,FC128,collect,0,774,,,,
0.0,7.7304688,0.0,0.5089316,0.0055129565,0.93774605,0.000925479,-0.0180396,5.141798,129.4336,0.043541595,0.38769385,129.4336,775,FC128,collect,0,775,,,,
0.0,7.6289062,0.0,0.53812814,0.005508861,0.93845004,-0.012718177,-0.031057004,4.928126,135.03906,0.0426066,0.3881941,135.03906,776,FC128,collect,0,776,,,,
0.0,7.6757812,0.0,0.54720306,0.0055047655,0.9443771,-0.012300808,-0.03039696,4.9499226,136.29297,0.042216755,0.38869435,136.29297,777,FC128,collect,0,777,,,,
0.0,7.5976562,0.0,0.53838104,0.0055006696,0.94414514,-0.014990339,-0.033724938,4.892345,135.26562,0.04339211,0.3891946,135.26562,778,FC128,collect,0,778,,,,
0.0,7.6953125,0.0,0.5317735,0.0054965746,0.9421284,-0.0067874184,-0.025738344,4.9979696,134.86719,0.043747716,0.38969487,134.86719,779,FC128,collect,0,779,,,,
0.0,7.734375,0.0,0.50102407,0.0054924786,0.9362998,0.0013282658,-0.017853692,5.0661726,133.41016,0.043867644,0.3901951,133.41016,780,FC128,collect,0,780,,,,
0.0,7.75,0.0,0.48538554,0.0054883836,0.93763036,0.008717044,-0.011241207,5.120392,131.48047,0.045244467,0.39069536,131.48047,781,FC128,collect,0,781,,,,
0.0,7.7695312,0.0,0.46501595,0.0054842876,0.93166375,0.009726213,-0.011128038,5.139064,131.52344,0.046809066,0.39119563,131.52344,782,FC128,collect,0,782,,,,
0.0,7.7773438,0.0,0.45552203,0.005480192,0.9353942,0.0067326785,-0.012969986,5.1347666,132.1289,0.044398025,0.39169586,132.1289,783,FC128,collect,0,783,,,,
0.0,7.8515625,0.0,0.43938592,0.0054760966,0.93918216,0.009071797,-0.0106381085,5.3207827,126.53906,0.04423205,0.39219612,126.53906,784,FC128,collect,0,784,,,,
0.0,7.75,0.0,0.4401064,0.0054720007,0.9393253,-0.0014946798,-0.02247381,5.2075787,127.12109,0.046774786,0.39269635,127.12109,785,FC128,collect,0,785,,,,
0.0,7.7929688,0.0,0.44524667,0.0054679057,0.95002353,-0.0051277354,-0.022671968,5.1997666,129.66016,0.039957598,0.3931966,129.66016,786,FC128,collect,0,786,,,,
0.0,7.6640625,0.0,0.4715165,0.0054638097,0.9490838,-0.013555374,-0.031166434,4.985157,133.94531,0.040374674,0.39369687,133.94531,787,FC128,collect,0,787,,,,
0.0,7.6601562,0.0,0.4873754,0.0054597147,0.9479476,-0.013363352,-0.031046197,4.9889073,133.5625,0.04068755,0.3941971,133.5625,788,FC128,collect,0,788,,,,
0.0,7.4375,0.0,0.5078415,0.0054556187,0.93933326,-0.014626974,-0.035031553,4.6107044,141.33984,0.046350338,0.39469737,141.33984,789,FC128,collect,0,789,,,,
0.0,7.4453125,0.0,0.51141703,0.0054515232,0.93474174,-0.0035959317,-0.024232833,4.738829,135.32422,0.046849806,0.3951976,135.32422,790,FC128,collect,0,790,,,,
0.0,7.5742188,0.0,0.5112903,0.0054474277,0.93163216,0.0050692772,-0.014922257,4.7810163,139.66016,0.0455535,0.39569786,139.66016,791,FC128,collect,0,791,,,,
0.0,7.6328125,0.0,0.49014947,0.0054433323,0.9189374,0.013300366,-0.0078074643,5.0002356,131.6289,0.047551755,0.39619812,131.6289,792,FC128,collect,0,792,,,,
0.0,7.7304688,0.0,0.4513702,0.0054392368,0.9174615,0.019787783,-0.0019495145,5.05672,133.6875,0.048384815,0.39669836,133.6875,793,FC128,collect,0,793,,,,
0.0,7.7890625,0.0,0.43140027,0.005435141,0.9206885,0.018436072,-0.0024925845,5.126564,133.125,0.046546757,0.39719862,133.125,794,FC128,collect,0,794,,,,
0.0,7.7460938,0.0,0.41422412,0.005431046,0.9291943,0.015756574,-0.0045565343,5.0364075,135.48438,0.04512556,0.39769885,135.48438,795,FC128,collect,0,795,,,,
0.0,7.6679688,0.0,0.40693298,0.00542695,0.9352141,0.005718074,-0.014887078,4.944845,136.15625,0.045627113,0.3981991,136.15625,796,FC128,collect,0,796,,,,
0.0,7.7382812,0.0,0.41151482,0.0054228543,0.94030064,0.000324063,-0.018355923,5.027423,135.54297,0.04182314,0.39869937,135.54297,797,FC128,collect,0,797,,,,
0.0,7.7460938,0.0,0.4228931,0.005418759,0.94006526,-0.0035510112,-0.02275916,5.012345,136.6875,0.04299941,0.3991996,136.6875,798,FC128,collect,0,798,,,,
0.0,7.6640625,0.0,0.45079225,0.0054146633,0.9374951,-0.005127359,-0.025117258,5.0181265,132.29688,0.044861574,0.39969987,132.29688,799,FC128,collect,0,799,,,,
0.0,7.4960938,0.0,0.4889633,0.005410568,0.9329398,-0.011999808,-0.03240228,4.753126,137.14844,0.046096083,0.40020013,137.14844,800,FC128,collect,0,800,,,,
0.0,7.484375,0.0,0.5167697,0.005406472,0.9249321,-0.006782327,-0.027106786,4.7483606,136.80078,0.04623672,0.40070036,136.80078,801,FC128,collect,0,801,,,,
0.0,7.2265625,0.0,0.5332937,0.005402377,0.90860814,-0.011080487,-0.033070605,4.284064,147.125,0.049742345,0.40120062,147.125,802,FC128,collect,0,802,,,,
0.0,7.2460938,0.0,0.53224987,0.005398281,0.9052531,-0.0030940266,-0.024653465,4.285157,148.04688,0.048865344,0.40170085,148.04688,803,FC128,collect,0,803,,,,
0.0,7.4648438,0.0,0.4997976,0.0053941854,0.90064186,0.014932324,-0.0070449114,4.699298,138.27734,0.049346473,0.40220112,138.27734,804,FC128,collect,0,804,,,,
0.0,7.8203125,0.0,0.44956985,0.00539009,0.8923498,0.02991389,0.006605202,5.198751,131.07812,0.051463816,0.40270138,131.07812,805,FC128,collect,0,805,,,,
0.0,7.7460938,0.0,0.41960588,0.0053859944,0.8955286,0.029752057,0.005556509,5.108204,131.89453,0.05291109,0.4032016,131.89453,806,FC128,collect,0,806,,,,
0.0,7.75,0.0,0.40442717,0.005381899,0.9113213,0.026455889,0.0028989925,5.003673,137.3164,0.051466964,0.40370187,137.3164,807,FC128,collect,0,807,,,,
0.0,7.6796875,0.0,0.3948387,0.005377803,0.91514677,0.020276804,-0.0035859668,4.9456263,136.70312,0.05197227,0.4042021,136.70312,808,FC128,collect,0,808,,,,
0.0,7.6796875,0.0,0.39323425,0.005373708,0.9277687,0.009943403,-0.012587521,4.89797,139.08594,0.0492881,0.40470237,139.08594,809,FC128,collect,0,809,,,,
0.0,7.7617188,0.0,0.3971422,0.005369612,0.9324164,0.0050992556,-0.016095582,5.0612507,135.02344,0.046654675,0.40520263,135.02344,810,FC128,collect,0,810,,,,
0.0,7.8320312,0.0,0.39937156,0.005365517,0.9307946,0.0036246874,-0.0197237,5.4458604,119.30859,0.050982445,0.40570286,119.30859,811,FC128,collect,0,811,,,,
0.0,7.8046875,0.0,0.43847024,0.005361421,0.9365091,-0.009177009,-0.031828675,5.3226576,124.10156,0.05000498,0.40620312,124.10156,812,FC128,collect,0,812,,,,
0.0,7.6992188,0.0,0.50600076,0.0053573255,0.94022787,-0.022782303,-0.04323113,5.132501,128.33594,0.046319272,0.40670335,128.33594,813,FC128,collect,0,813,,,,
0.0,7.2382812,0.0,0.5662058,0.00535323,0.93064857,-0.039728023,-0.06380076,4.362657,143.78125,0.05420753,0.4072036,143.78125,814,FC128,collect,0,814,,,,
0.0,6.5820312,0.0,0.6001065,0.0053491346,0.9173939,-0.052981142,-0.0782591,3.2178917,168.20703,0.05697602,0.40770388,168.20703,815,FC128,collect,0,815,,,,
0.0,6.0078125,0.0,0.63992894,0.005345039,0.9012369,-0.06256084,-0.08917361,2.5039854,175.1914,0.06006642,0.4082041,175.1914,816,FC128,collect,0,816,,,,
0.0,5.421875,0.0,0.66953576,0.005340943,0.8932108,-0.070106976,-0.09425453,1.617501,190.21875,0.055447012,0.40870437,190.21875,817,FC128,collect,0,817,,,,
0.0,4.9960938,0.0,0.6631062,0.005336848,0.8818254,-0.060970318,-0.084484525,1.1512511,192.24219,0.054106206,0.4092046,192.24219,818,FC128,collect,0,818,,,,
0.0,4.65625,0.0,0.6599255,0.005332752,0.8468949,-0.054009188,-0.075991966,0.9103916,187.29297,0.05100399,0.40970486,187.29297,819,FC128,collect,0,819,,,,
0.0,4.8476562,0.0,0.6635761,0.0053286566,0.8462777,-0.037017316,-0.05498804,1.0657823,189.09375,0.04301339,0.41020513,189.09375,820,FC128,collect,0,820,,,,
0.0,5.171875,0.0,0.6773938,0.005324561,0.8283361,-0.013768993,-0.030686677,1.4119542,187.9961,0.041049015,0.41070536,187.9961,821,FC128,collect,0,821,,,,
0.0,5.8828125,0.0,0.6636477,0.0053204657,0.79262483,0.015604948,-0.004784401,2.2596886,181.15625,0.04784053,0.41120562,181.15625,822,FC128,collect,0,822,,,,
0.0,6.984375,0.0,0.6224359,0.00531637,0.7089926,0.05982142,0.028408987,3.8476572,156.83594,0.06944307,0.41170588,156.83594,823,FC128,collect,0,823,,,,
0.0,7.6171875,0.0,0.55914956,0.005312274,0.6527922,0.0919517,0.050823737,4.806876,140.51562,0.08819662,0.4122061,140.51562,824,FC128,collect,0,824,,,,
0.0,7.7226562,0.0,0.4994283,0.005308179,0.66186917,0.09501976,0.05119607,4.9804697,137.10938,0.092949495,0.41270638,137.10938,825,FC128,collect,0,825,,,,
0.0,7.7070312,0.0,0.47879568,0.005304083,0.6767788,0.08791894,0.044827256,4.9032826,140.1875,0.09126252,0.4132066,140.1875,826,FC128,collect,0,826,,,,
0.0,7.5039062,0.0,0.47501135,0.0052999877,0.7186612,0.067307204,0.030972216,4.4258604,153.90234,0.07770508,0.41370687,153.90234,827,FC128,collect,0,827,,,,
0.0,7.4375,0.0,0.4754379,0.0052958922,0.7583029,0.059494898,0.027655218,4.246251,159.5625,0.068715096,0.41420713,159.5625,828,FC128,collect,0,828,,,,
0.0,7.265625,0.0,0.48059085,0.0052917968,0.79400766,0.0407339,0.013833831,3.9363294,166.46484,0.058886513,0.41470736,166.46484,829,FC128,collect,0,829,,,,
0.0,7.265625,0.0,0.47734064,0.0052877013,0.82507646,0.03476706,0.010398023,3.9288294,166.83984,0.05378614,0.41520762,166.83984,830,FC128,collect,0,830,,,,
0.0,7.4101562,0.0,0.4847607,0.0052836053,0.8330548,0.03642278,0.012180296,4.2548447,157.76562,0.05360754,0.41570786,157.76562,831,FC128,collect,0,831,,,,
0.0,7.4101562,0.0,0.49795562,0.0052795103,0.85602605,0.026073981,0.0039573144,4.314767,154.76953,0.049491256,0.41620812,154.76953,832,FC128,collect,0,832,,,,
0.0,7.6640625,0.0,0.5089143,0.0052754143,0.8699295,0.022343896,0.00048869895,4.7083607,147.78516,0.04907986,0.41670838,147.78516,833,FC128,collect,0,833,,,,
0.0,7.8320312,0.0,0.5115653,0.005271319,0.87822294,0.028923487,0.006006001,5.2467976,129.26172,0.051228218,0.4172086,129.26172,834,FC128,collect,0,834,,,,
0.0,7.7734375,0.0,0.5435199,0.0052672233,0.8984323,0.013481792,-0.007682082,5.2546887,125.9375,0.04805343,0.41770887,125.9375,835,FC128,collect,0,835,,,,
0.0,7.7382812,0.0,0.5650842,0.005263128,0.9135007,0.0021434028,-0.017006274,5.235782,125.125,0.044247575,0.4182091,125.125,836,FC128,collect,0,836,,,,
0.0,7.4453125,0.0,0.62161225,0.0052590324,0.9279147,-0.03457735,-0.053609572,4.5778136,143.375,0.044602603,0.41870937,143.375,837,FC128,collect,0,837,,,,
0.0,7.34375,0.0,0.6455237,0.0052549364,0.9366091,-0.05258235,-0.07152315,4.315236,151.42578,0.044665977,0.41920963,151.42578,838,FC128,collect,0,838,,,,
0.0,7.1015625,0.0,0.66509664,0.0052508414,0.93203676,-0.07012778,-0.09160985,3.8738291,161.38672,0.049948774,0.41970986,161.38672,839,FC128,collect,0,839,,,,
0.0,7.171875,0.0,0.6698351,0.0052467454,0.9353974,-0.07264241,-0.092553034,3.9648447,160.35156,0.046850163,0.42021012,160.35156,840,FC128,collect,0,840,,,,
0.0,6.9882812,0.0,0.6833105,0.0052426504,0.9308205,-0.0779372,-0.10060308,3.6514075,166.84375,0.052496485,0.42071036,166.84375,841,FC128,collect,0,841,,,,
0.0,7.2695312,0.0,0.67079616,0.0052385544,0.93932813,-0.06804346,-0.08662441,4.1908603,153.9336,0.04418988,0.42121062,153.9336,842,FC128,collect,0,842,,,,
0.0,7.34375,0.0,0.6588402,0.005234459,0.94015515,-0.059414003,-0.07694466,4.3279696,150.78906,0.041958652,0.42171088,150.78906,843,FC128,collect,0,843,,,,
0.0,7.5234375,0.0,0.64161056,0.0052303635,0.9384301,-0.04051483,-0.057249226,4.5561733,148.36328,0.040180504,0.4222111,148.36328,844,FC128,collect,0,844,,,,
0.0,7.7109375,0.0,0.5950372,0.005226268,0.9355392,-0.021577317,-0.03820635,5.024923,134.30078,0.039477713,0.42271137,134.30078,845,FC128,collect,0,845,,,,
0.0,7.8320312,0.0,0.55438507,0.0052221725,0.93047494,-0.0045405347,-0.02104463,5.3301573,125.09375,0.03879838,0.42321163,125.09375,846,FC128,collect,0,846,,,,
0.0,7.8164062,0.0,0.52739793,0.0052180765,0.9265527,0.00080170436,-0.016670851,5.3283606,124.40234,0.040449116,0.42371187,124.40234,847,FC128,collect,0,847,,,,
0.0,7.859375,0.0,0.498677,0.0052139815,0.9275918,0.005398141,-0.011544351,5.3389072,126.02344,0.03908517,0.42421213,126.02344,848,FC128,collect,0,848,,,,
0.0,7.796875,0.0,0.492971,0.0052098855,0.9281968,0.0025278113,-0.01455841,5.1840634,130.64062,0.03930909,0.42471236,130.64062,849,FC128,collect,0,849,,,,
0.0,7.6679688,0.0,0.482496,0.00520579,0.92619336,-0.0026254035,-0.020485315,4.9591417,135.4414,0.04074337,0.42521262,135.4414,850,FC128,collect,0,850,,,,
0.0,7.8046875,0.0,0.46659052,0.0052016946,0.93214434,0.002320255,-0.01423808,5.270626,126.703125,0.037970793,0.42571288,126.703125,851,FC128,collect,0,851,,,,
0.0,7.8515625,0.0,0.4665141,0.005197599,0.9324209,0.003704073,-0.013095752,5.3524227,124.95703,0.038449157,0.42621312,124.95703,852,FC128,collect,0,852,,,,
0.0,7.7929688,0.0,0.4756055,0.0051935036,0.93720496,-0.004566101,-0.021719888,5.2984385,124.72656,0.03924769,0.42671338,124.72656,853,FC128,collect,0,853,,,,
0.0,7.8710938,0.0,0.48153475,0.0051894076,0.9412871,-0.0057855714,-0.022421554,5.420548,122.52734,0.038269725,0.4272136,122.52734,854,FC128,collect,0,854,,,,
0.0,7.8710938,0.0,0.4901879,0.0051853126,0.9494941,-0.013640911,-0.028575463,5.408985,123.10547,0.03495266,0.42771387,123.10547,855,FC128,collect,0,855,,,,
0.0,7.859375,0.0,0.49193013,0.0051812166,0.95285004,-0.019727236,-0.035004817,5.355626,125.1875,0.035652757,0.42821413,125.1875,856,FC128,collect,0,856,,,,
0.0,7.8945312,0.0,0.49388042,0.005177121,0.9533987,-0.021515962,-0.036916573,5.4302354,123.21484,0.03591498,0.42871436,123.21484,857,FC128,collect,0,857,,,,
0.0,7.75,0.0,0.4962838,0.0051730257,0.95258325,-0.020017114,-0.03757474,5.314454,121.77734,0.04024983,0.42921463,121.77734,858,FC128,collect,0,858,,,,
0.0,7.8476562,0.0,0.45954946,0.00516893,0.94963455,-0.011043517,-0.027801719,5.4697666,118.89453,0.03826716,0.42971486,118.89453,859,FC128,collect,0,859,,,,
0.0,7.875,0.0,0.4705325,0.0051648347,0.94887525,-0.009020323,-0.025370838,5.4007044,123.71484,0.037561476,0.43021512,123.71484,860,FC128,collect,0,860,,,,
0.0,7.890625,0.0,0.46004775,0.0051607387,0.9453652,-0.00116196,-0.018839184,5.5096107,119.05078,0.04010282,0.43071538,119.05078,861,FC128,collect,0,861,,,,
0.0,7.9375,0.0,0.451548,0.0051566437,0.9449642,0.003503888,-0.014110812,5.58672,117.53906,0.039886344,0.4312156,117.53906,862,FC128,collect,0,862,,,,
0.0,7.9140625,0.0,0.45213503,0.0051525477,0.94593954,0.001290804,-0.016306803,5.4938293,121.01172,0.039854508,0.43171588,121.01172,863,FC128,collect,0,863,,,,
0.0,7.9492188,0.0,0.46082178,0.0051484522,0.9516427,0.002983899,-0.013836075,5.62961,115.98047,0.038384985,0.4322161,115.98047,864,FC128,collect,0,864,,,,
0.0,7.890625,0.0,0.46602118,0.0051443567,0.9504656,-0.00038388022,-0.018847108,5.5310163,117.98047,0.041721214,0.43271637,117.98047,865,FC128,collect,0,865,,,,
0.0,7.8867188,0.0,0.48374698,0.0051402613,0.9542211,-0.00930337,-0.0248394,5.386876,124.99219,0.03604523,0.43321663,124.99219,866,FC128,collect,0,866,,,,
0.0,7.8476562,0.0,0.482128,0.005136166,0.9537106,-0.005286589,-0.021812338,5.4075794,122.00391,0.038004078,0.43371686,122.00391,867,FC128,collect,0,867,,,,
0.0,7.875,0.0,0.46644944,0.00513207,0.9503636,0.000108134,-0.017475238,5.485626,119.46875,0.039954446,0.43421713,119.46875,868,FC128,collect,0,868,,,,
0.0,7.8828125,0.0,0.4367173,0.005127975,0.94981223,0.0022120064,-0.015232103,5.4864073,119.82031,0.03936717,0.4347174,119.82031,869,FC128,collect,0,869,,,,
0.0,7.8007812,0.0,0.41742834,0.005123879,0.9457513,0.004419798,-0.01473919,5.4456263,117.75781,0.04259568,0.43521762,117.75781,870,FC128,collect,0,870,,,,
0.0,7.7539062,0.0,0.42800725,0.005119784,0.94682753,0.0018110692,-0.016534561,5.261798,124.60547,0.04107387,0.43571788,124.60547,871,FC128,collect,0,871,,,,
0.0,7.7695312,0.0,0.42118415,0.005115688,0.94454193,0.0031486757,-0.01463418,5.2264075,127.15625,0.039875004,0.4362181,127.15625,872,FC128,collect,0,872,,,,
0.0,7.8125,0.0,0.4010615,0.0051115924,0.941224,0.00709489,-0.011295745,5.2929697,125.97656,0.040881395,0.43671837,125.97656,873,FC128,collect,0,873,,,,
0.0,7.78125,0.0,0.40948936,0.005107497,0.9431517,0.003006241,-0.015499272,5.1320324,132.46094,0.04119396,0.43721864,132.46094,874,FC128,collect,0,874,,,,
0.0,7.7695312,0.0,0.40070805,0.0051034014,0.9423072,0.0034998255,-0.014551458,5.134923,131.73047,0.040192515,0.43771887,131.73047,875,FC128,collect,0,875,,,,
0.0,7.71875,0.0,0.39866394,0.005099306,0.9374113,0.00493237,-0.0150808375,5.148126,128.53125,0.044092234,0.43821913,128.53125,876,FC128,collect,0,876,,,,
0.0,7.9179688,0.0,0.40092334,0.00509521,0.9408944,0.0096242465,-0.009838415,5.591251,116.33594,0.0430109,0.43871936,116.33594,877,FC128,collect,0,877,,,,
0.0,7.90625,0.0,0.4142906,0.005091115,0.93973136,0.0088873375,-0.012411005,5.7469544,107.96484,0.046815086,0.43921962,107.96484,878,FC128,collect,0,878,,,,
0.0,7.8671875,0.0,0.4260274,0.005087019,0.9418287,-0.003670945,-0.025329893,5.6167197,112.52344,0.047652315,0.4397199,112.52344,879,FC128,collect,0,879,,,,
0.0,7.828125,0.0,0.4688081,0.0050829235,0.9499817,-0.019480137,-0.038590774,5.3871884,122.046875,0.042987105,0.44022012,122.046875,880,FC128,collect,0,880,,,,
0.0,7.6328125,0.0,0.46582785,0.005078828,0.94132483,-0.02162634,-0.045455255,5.128907,125.19531,0.052389547,0.44072038,125.19531,881,FC128,collect,0,881,,,,
0.0,7.71875,0.0,0.49216366,0.0050747325,0.94625187,-0.022320248,-0.043433655,5.2506256,123.40625,0.04722201,0.4412206,123.40625,882,FC128,collect,0,882,,,,
0.0,7.6367188,0.0,0.5120128,0.005070637,0.945382,-0.026822764,-0.046899218,4.9897666,132.34766,0.04534537,0.44172087,132.34766,883,FC128,collect,0,883,,,,
0.0,7.4804688,0.0,0.53488135,0.005066541,0.93822443,-0.02512088,-0.046971943,4.767345,135.65625,0.04912212,0.44222113,135.65625,884,FC128,collect,0,884,,,,
0.0,7.7421875,0.0,0.5327747,0.005062446,0.9398806,-0.010604539,-0.029582748,5.068282,133.69531,0.043350704,0.44272137,133.69531,885,FC128,collect,0,885,,,,
0.0,7.6289062,0.0,0.5366466,0.00505835,0.9280649,-0.00067923777,-0.021892445,4.9732823,132.78125,0.047855508,0.44322163,132.78125,886,FC128,collect,0,886,,,,
0.0,7.8242188,0.0,0.5322704,0.0050542546,0.92310894,0.008918593,-0.012373725,5.214767,130.47266,0.047965094,0.4437219,130.47266,887,FC128,collect,0,887,,,,
0.0,7.8632812,0.0,0.5088926,0.005050159,0.9150811,0.018297574,-0.0044256323,5.391407,123.59375,0.050586388,0.44422212,123.59375,888,FC128,collect,0,888,,,,
0.0,7.8203125,0.0,0.4989479,0.0050460636,0.9116843,0.022690944,-0.0015489748,5.472032,117.41406,0.053515285,0.44472238,117.41406,889,FC128,collect,0,889,,,,
0.0,7.9453125,0.0,0.5058528,0.005041968,0.92154425,0.021034922,-0.00174852,5.678438,113.34375,0.05066787,0.44522262,113.34375,890,FC128,collect,0,890,,,,
0.0,7.8046875,0.0,0.523937,0.005037872,0.92640513,0.008688331,-0.01266599,5.4671106,116.87891,0.047987696,0.44572288,116.87891,891,FC128,collect,0,891,,,,
0.0,7.9101562,0.0,0.5340272,0.005033777,0.9431033,0.0005820368,-0.017698219,5.5474234,118.13672,0.04193686,0.44622314,118.13672,892,FC128,collect,0,892,,,,
0.0,7.7460938,0.0,0.5593289,0.005029681,0.94627696,-0.01710653,-0.035820276,5.26047,124.28125,0.043053985,0.44672337,124.28125,893,FC128,collect,0,893,,,,
0.0,7.6796875,0.0,0.59871644,0.005025586,0.95832753,-0.034168046,-0.04824747,4.9527354,136.34766,0.034176655,0.44722363,136.34766,894,FC128,collect,0,894,,,,
0.0,7.6210938,0.0,0.6080439,0.00502149,0.9582359,-0.040830433,-0.05490598,4.8314857,139.48047,0.034257665,0.44772387,139.48047,895,FC128,collect,0,895,,,,
0.0,7.4765625,0.0,0.62224954,0.0050173947,0.95363957,-0.04231436,-0.058376234,4.6264076,142.50781,0.038367894,0.44822413,142.50781,896,FC128,collect,0,896,,,,
0.0,7.5546875,0.0,0.6061775,0.005013299,0.9539459,-0.03569953,-0.051142603,4.7842197,138.52344,0.036964048,0.4487244,138.52344,897,FC128,collect,0,897,,,,
0.0,7.6757812,0.0,0.60152185,0.005009203,0.9507374,-0.021858502,-0.037236944,5.038673,131.85547,0.036783174,0.44922462,131.85547,898,FC128,collect,0,898,,,,
0.0,7.6914062,0.0,0.5767474,0.005005108,0.9432701,-0.012793466,-0.030240063,5.1221104,128.46484,0.040666558,0.44972488,128.46484,899,FC128,collect,0,899,,,,
0.0,7.7460938,0.0,0.54043883,0.0050010122,0.93008,-0.0004003311,-0.020909214,5.331642,120.72266,0.04642325,0.4502251,120.72266,900,FC128,collect,0,900,,,,
0.0,7.75,0.0,0.5263749,0.004996917,0.9270382,0.008169725,-0.011929711,5.2014074,127.42969,0.045459375,0.45072538,127.42969,901,FC128,collect,0,901,,,,
0.0,7.6601562,0.0,0.5174003,0.0049928213,0.91978574,0.0064266995,-0.013722973,5.0790634,129.05469,0.04546592,0.45122564,129.05469,902,FC128,collect,0,902,,,,
0.0,7.5898438,0.0,0.51071703,0.0049887258,0.9200503,0.0058998745,-0.013668365,4.9121885,133.88281,0.044232134,0.45172587,133.88281,903,FC128,collect,0,903,,,,
0.0,7.6679688,0.0,0.4934739,0.0049846303,0.9092313,0.016635844,-0.0059090056,5.1039853,128.19922,0.05000927,0.45222613,128.19922,904,FC128,collect,0,904,,,,
0.0,7.765625,0.0,0.4973258,0.004980535,0.9014108,0.022883855,0.00013561653,5.326173,121.97266,0.050450373,0.45272636,121.97266,905,FC128,collect,0,905,,,,
0.0,7.8789062,0.0,0.48059776,0.0049764393,0.90502787,0.02719787,0.0052677556,5.5158606,118.15234,0.04864356,0.45322663,118.15234,906,FC128,collect,0,906,,,,
0.0,7.8671875,0.0,0.48480272,0.0049723433,0.9100768,0.018050522,-0.003217902,5.4514074,120.78906,0.04735806,0.4537269,120.78906,907,FC128,collect,0,907,,,,
0.0,7.9414062,0.0,0.44852874,0.0049682483,0.9135019,0.025439184,0.0023988092,5.7839074,107.875,0.050537553,0.45422712,107.875,908,FC128,collect,0,908,,,,
0.0,7.8554688,0.0,0.4674719,0.0049641524,0.9220992,0.009810201,-0.0126319695,5.6114855,112.19922,0.049525544,0.45472738,112.19922,909,FC128,collect,0,909,,,,
0.0,7.7617188,0.0,0.4561057,0.004960057,0.9323352,-0.0050534,-0.028946357,5.4835167,113.91016,0.052310534,0.45522764,113.91016,910,FC128,collect,0,910,,,,
0.0,7.8242188,0.0,0.42757267,0.0049559614,0.93609226,-0.005950774,-0.02921023,5.628517,109.78516,0.05075698,0.45572788,109.78516,911,FC128,collect,0,911,,,,
0.0,7.8710938,0.0,0.43484977,0.004951866,0.9405877,-0.012989213,-0.035880342,5.6309385,112.00781,0.050088894,0.45622814,112.00781,912,FC128,collect,0,912,,,,
0.0,7.890625,0.0,0.431359,0.0049477704,0.9402246,-0.009638634,-0.032431416,5.738517,107.60547,0.049854096,0.45672837,107.60547,913,FC128,collect,0,913,,,,
0.0,7.9335938,0.0,0.43560573,0.0049436744,0.9408838,-0.007843956,-0.02994652,5.8669543,103.33203,0.048512116,0.45722863,103.33203,914,FC128,collect,0,914,,,,
0.0,7.921875,0.0,0.45172575,0.0049395794,0.9434023,-0.0122128315,-0.03285279,5.736642,109.26172,0.04574259,0.4577289,109.26172,915,FC128,collect,0,915,,,,
0.0,7.8789062,0.0,0.4413548,0.0049354834,0.94198996,-0.010666032,-0.032208234,5.724454,107.72266,0.047441002,0.45822912,107.72266,916,FC128,collect,0,916,,,,
0.0,7.8828125,0.0,0.45962074,0.004931388,0.9429413,-0.011885772,-0.031972583,5.5985947,114.21094,0.044706758,0.4587294,114.21094,917,FC128,collect,0,917,,,,
0.0,7.9335938,0.0,0.44420704,0.0049272925,0.9430621,-0.0048033497,-0.024099827,5.728673,110.24609,0.04297043,0.45922962,110.24609,918,FC128,collect,0,918,,,,
0.0,7.9375,0.0,0.46900734,0.004923197,0.93974584,-0.0045043514,-0.024283318,5.6693764,113.40625,0.044175964,0.45972988,113.40625,919,FC128,collect,0,919,,,,
0.0,7.8320312,0.0,0.50148875,0.0049191015,0.9391551,-0.0126997065,-0.03244416,5.5277357,115.21484,0.044422656,0.46023014,115.21484,920,FC128,collect,0,920,,,,
0.0,7.8398438,0.0,0.5109058,0.0049150055,0.94340456,-0.010350699,-0.028166361,5.460626,118.96094,0.040653534,0.46073037,118.96094,921,FC128,collect,0,921,,,,
0.0,7.8085938,0.0,0.5232705,0.0049109105,0.94393134,-0.011883382,-0.029529238,5.4289074,118.984375,0.040431183,0.46123064,118.984375,922,FC128,collect,0,922,,,,
0.0,7.8632812,0.0,0.53276736,0.0049068145,0.94466424,-0.009051809,-0.026666678,5.4179697,122.265625,0.04045812,0.46173087,122.265625,923,FC128,collect,0,923,,,,
0.0,7.8085938,0.0,0.52717096,0.0049027195,0.94290817,-0.007632399,-0.026905188,5.3933606,120.76172,0.04371472,0.46223113,120.76172,924,FC128,collect,0,924,,,,
0.0,7.8828125,0.0,0.5400047,0.0048986236,0.94143337,-0.0034764886,-0.021401158,5.4198446,123.14844,0.041139897,0.4627314,123.14844,925,FC128,collect,0,925,,,,
0.0,7.8007812,0.0,0.5297195,0.004894528,0.940351,-0.0008036599,-0.020171657,5.4659386,116.74219,0.04392145,0.46323162,116.74219,926,FC128,collect,0,926,,,,
0.0,7.8984375,0.0,0.5119071,0.0048904326,0.9372496,0.0048380606,-0.014910284,5.5992203,114.96094,0.044503585,0.46373188,114.96094,927,FC128,collect,0,927,,,,
0.0,7.9335938,0.0,0.50274557,0.004886337,0.94530135,0.0057998104,-0.012855617,5.691173,112.12109,0.042224023,0.46423215,112.12109,928,FC128,collect,0,928,,,,
0.0,7.9257812,0.0,0.50563157,0.0048822416,0.94793355,-0.0001385787,-0.019078825,5.7032824,111.125,0.042817723,0.46473238,111.125,929,FC128,collect,0,929,,,,
0.0,7.9179688,0.0,0.49567643,0.0048781456,0.94854325,-0.004468702,-0.022812823,5.666876,112.55469,0.041524205,0.46523264,112.55469,930,FC128,collect,0,930,,,,
0.0,7.9453125,0.0,0.4921057,0.0048740506,0.9538978,-0.008376489,-0.024999192,5.665548,113.98828,0.0380425,0.46573287,113.98828,931,FC128,collect,0,931,,,,
0.0,7.8945312,0.0,0.49770507,0.0048699547,0.951525,-0.012552011,-0.030401886,5.6499233,112.23047,0.040547352,0.46623313,112.23047,932,FC128,collect,0,932,,,,
0.0,7.9101562,0.0,0.48242748,0.004865859,0.9500442,-0.00857679,-0.026256222,5.790782,105.96875,0.040053714,0.4667334,105.96875,933,FC128,collect,0,933,,,,
0.0,7.859375,0.0,0.495815,0.0048617637,0.9515866,-0.012076889,-0.02909329,5.594142,113.26172,0.038853873,0.46723363,113.26172,934,FC128,collect,0,934,,,,
0.0,7.78125,0.0,0.49117547,0.004857668,0.9452899,-0.0094971685,-0.028646044,5.4876575,114.67969,0.043069687,0.4677339,114.67969,935,FC128,collect,0,935,,,,
0.0,7.875,0.0,0.49097985,0.0048535727,0.9460595,0.00028094486,-0.016676465,5.5525794,116.12109,0.038680833,0.46823412,116.12109,936,FC128,collect,0,936,,,,
0.0,7.8203125,0.0,0.47896606,0.0048494767,0.9363626,0.0032845926,-0.015748212,5.52797,114.61719,0.04271108,0.46873438,114.61719,937,FC128,collect,0,937,,,,
0.0,7.8046875,0.0,0.47319537,0.0048453817,0.9338161,0.003028264,-0.016206764,5.457579,117.35547,0.04305568,0.46923465,117.35547,938,FC128,collect,0,938,,,,
0.0,7.7304688,0.0,0.46505725,0.0048412858,0.92661977,0.0021777833,-0.018352445,5.369376,118.05469,0.045563407,0.46973488,118.05469,939,FC128,collect,0,939,,,,
0.0,7.78125,0.0,0.46131116,0.0048371903,0.9296227,0.0037715333,-0.016008953,5.487033,114.71094,0.04402387,0.47023514,114.71094,940,FC128,collect,0,940,,,,
0.0,7.875,0.0,0.4501776,0.004833095,0.9374479,0.0054418417,-0.013909556,5.528282,117.33594,0.043054298,0.47073537,117.33594,941,FC128,collect,0,941,,,,
0.0,7.8359375,0.0,0.4492945,0.0048289993,0.9356128,-0.0023210982,-0.022607053,5.583907,112.60156,0.044911195,0.47123563,112.60156,942,FC128,collect,0,942,,,,
0.0,7.9257812,0.0,0.43522346,0.004824904,0.9391432,0.0048794146,-0.015316201,5.75547,108.515625,0.044591054,0.4717359,108.515625,943,FC128,collect,0,943,,,,
0.0,7.9609375,0.0,0.42531314,0.004820808,0.94522464,0.00202976,-0.01723297,5.9878917,98.65234,0.042626165,0.47223613,98.65234,944,FC128,collect,0,944,,,,
0.0,7.9101562,0.0,0.41870502,0.004816713,0.9487581,-0.007550857,-0.02848688,5.822345,104.390625,0.04590561,0.4727364,104.390625,945,FC128,collect,0,945,,,,
0.0,7.9492188,0.0,0.42031235,0.004812617,0.95359147,-0.015415037,-0.03494351,5.82547,106.1875,0.04310255,0.47323662,106.1875,946,FC128,collect,0,946,,,,
0.0,7.9140625,0.0,0.3978242,0.0048085214,0.95344466,-0.01489985,-0.03639712,5.893204,101.04297,0.046820436,0.47373688,101.04297,947,FC128,collect,0,947,,,,
0.0,7.9453125,0.0,0.41782597,0.004804426,0.9562848,-0.02028392,-0.039995804,5.860157,104.25781,0.043438595,0.47423714,104.25781,948,FC128,collect,0,948,,,,
0.0,7.9335938,0.0,0.42399544,0.0048003304,0.9559141,-0.019195462,-0.038767796,5.872423,103.05859,0.043215305,0.47473738,103.05859,949,FC128,collect,0,949,,,,
0.0,7.921875,0.0,0.4495821,0.004796235,0.9574614,-0.02096054,-0.03887617,5.8360167,104.29297,0.040143862,0.47523764,104.29297,950,FC128,collect,0,950,,,,
0.0,7.8632812,0.0,0.47735107,0.004792139,0.9527464,-0.021082755,-0.03962885,5.5721884,114.55469,0.041667253,0.4757379,114.55469,951,FC128,collect,0,951,,,,
0.0,7.8632812,0.0,0.5025831,0.004788044,0.9514815,-0.0182957,-0.035091296,5.518126,117.25781,0.038403973,0.47623813,117.25781,952,FC128,collect,0,952,,,,
0.0,7.7734375,0.0,0.49119747,0.004783948,0.93777156,-0.0045282654,-0.02474205,5.509532,113.19531,0.045127295,0.4767384,113.19531,953,FC128,collect,0,953,,,,
0.0,7.9726562,0.0,0.468108,0.0047798525,0.94202983,0.0073314016,-0.011417864,5.803751,108.44531,0.041973505,0.47723863,108.44531,954,FC128,collect,0,954,,,,
0.0,7.9023438,0.0,0.4647918,0.004775757,0.93642,0.013725735,-0.008164665,5.7146883,109.38281,0.048220266,0.4777389,109.38281,955,FC128,collect,0,955,,,,
0.0,7.9179688,0.0,0.45705786,0.0047716615,0.9330999,0.013477688,-0.008757106,5.7715635,107.32031,0.048831437,0.47823915,107.32031,956,FC128,collect,0,956,,,,
0.0,7.96875,0.0,0.44399533,0.004767566,0.936214,0.015345393,-0.0059121847,5.8532825,105.77344,0.04674871,0.47873938,105.77344,957,FC128,collect,0,957,,,,
0.0,7.9296875,0.0,0.47572994,0.0047634705,0.9420734,0.009240634,-0.010528193,5.7581263,108.578125,0.044069905,0.47923964,108.578125,958,FC128,collect,0,958,,,,
0.0,7.9726562,0.0,0.4700908,0.004759375,0.94648707,0.0075425375,-0.011305187,5.908673,103.19922,0.042170126,0.47973987,103.19922,959,FC128,collect,0,959,,,,
0.0,7.8945312,0.0,0.5116041,0.004755279,0.95396394,-0.008201889,-0.02407007,5.6717978,111.13672,0.036602,0.48024014,111.13672,960,FC128,collect,0,960,,,,
0.0,7.828125,0.0,0.54988307,0.0047511836,0.9589658,-0.022973962,-0.03815372,5.4171104,120.55078,0.035584707,0.4807404,120.55078,961,FC128,collect,0,961,,,,
0.0,7.8359375,0.0,0.5488772,0.004747088,0.9613913,-0.025429538,-0.039665204,5.4539075,119.10156,0.03368247,0.48124063,119.10156,962,FC128,collect,0,962,,,,
0.0,7.8945312,0.0,0.5484109,0.0047429926,0.9638985,-0.0229203,-0.03668279,5.559845,116.734375,0.032727197,0.4817409,116.734375,963,FC128,collect,0,963,,,,
0.0,7.9101562,0.0,0.531827,0.004738897,0.9619166,-0.020266956,-0.03546857,5.648673,113.07422,0.035443775,0.48224112,113.07422,964,FC128,collect,0,964,,,,
0.0,7.9453125,0.0,0.51767516,0.0047348016,0.95917916,-0.0143430745,-0.029263834,5.703126,112.109375,0.034743696,0.4827414,112.109375,965,FC128,collect,0,965,,,,
0.0,7.9726562,0.0,0.49707803,0.004730706,0.95649,-0.0015356133,-0.017172502,5.873829,104.94141,0.03597684,0.48324165,104.94141,966,FC128,collect,0,966,,,,
0.0,7.9804688,0.0,0.48543024,0.0047266106,0.95304054,0.0033391137,-0.01258762,5.9498444,101.53125,0.036442347,0.48374188,101.53125,967,FC128,collect,0,967,,,,
0.0,7.8632812,0.0,0.49600494,0.0047225147,0.9471706,-0.0025243151,-0.019817138,5.784688,103.92969,0.039270427,0.48424214,103.92969,968,FC128,collect,0,968,,,,
0.0,7.96875,0.0,0.48466593,0.004718419,0.9542532,0.0031255046,-0.0124847675,5.951564,100.859375,0.035794258,0.48474237,100.859375,969,FC128,collect,0,969,,,,
0.0,7.9140625,0.0,0.4823762,0.0047143237,0.9524999,-0.0023468751,-0.01890637,5.835079,103.94922,0.037667144,0.48524264,103.94922,970,FC128,collect,0,970,,,,
0.0,7.9257812,0.0,0.48567006,0.004710228,0.9542241,-0.004900215,-0.020211844,5.8844543,102.06641,0.03519849,0.4857429,102.06641,971,FC128,collect,0,971,,,,
0.0,7.9414062,0.0,0.46532738,0.0047061327,0.9587643,-0.0067914696,-0.020966595,5.883048,102.91797,0.032730035,0.48624313,102.91797,972,FC128,collect,0,972,,,,
0.0,7.9101562,0.0,0.47248548,0.004702037,0.9581966,-0.013526976,-0.028623855,5.7753134,106.74219,0.034637045,0.4867434,106.74219,973,FC128,collect,0,973,,,,
0.0,7.8945312,0.0,0.45594832,0.0046979417,0.9595694,-0.016555205,-0.031817976,5.798829,104.78516,0.03480958,0.48724365,104.78516,974,FC128,collect,0,974,,,,
0.0,7.8984375,0.0,0.44590986,0.004693846,0.9582976,-0.012170531,-0.02725786,5.829611,103.44141,0.03436072,0.48774388,103.44141,975,FC128,collect,0,975,,,,
0.0,7.953125,0.0,0.4237966,0.0046897503,0.95552593,-0.002179889,-0.018156469,6.016251,96.84375,0.03592816,0.48824415,96.84375,976,FC128,collect,0,976,,,,
0.0,7.9765625,0.0,0.43889105,0.004685655,0.9541329,0.000874653,-0.014800561,6.0239077,97.63281,0.03546341,0.48874438,97.63281,977,FC128,collect,0,977,,,,
0.0,7.984375,0.0,0.4189531,0.0046815593,0.95259047,0.0029968587,-0.013014721,6.0531263,96.5625,0.035945866,0.48924464,96.5625,978,FC128,collect,0,978,,,,
0.0,7.9726562,0.0,0.4122162,0.004677464,0.95505315,-0.00066328596,-0.0165285,6.0226574,97.5,0.03558668,0.4897449,97.5,979,FC128,collect,0,979,,,,
0.0,7.9609375,0.0,0.39780074,0.0046733683,0.9591323,-0.005443026,-0.021286609,5.9514074,100.47656,0.035405304,0.49024513,100.47656,980,FC128,collect,0,980,,,,
0.0,7.921875,0.0,0.39091894,0.004669273,0.96214944,-0.015794491,-0.03157027,5.816798,105.25391,0.03520217,0.4907454,105.25391,981,FC128,collect,0,981,,,,
0.0,7.9335938,0.0,0.37463132,0.0046651773,0.96476114,-0.013970841,-0.029732535,5.8073444,106.3125,0.03501883,0.49124563,106.3125,982,FC128,collect,0,982,,,,
0.0,7.875,0.0,0.3770369,0.0046610814,0.9574057,-0.0134282615,-0.03243687,5.8185167,102.82422,0.041532017,0.4917459,102.82422,983,FC128,collect,0,983,,,,
0.0,7.9648438,0.0,0.3881592,0.004656986,0.9620617,-0.009936362,-0.026540235,5.8992977,103.27734,0.03682305,0.49224615,103.27734,984,FC128,collect,0,984,,,,
0.0,7.8671875,0.0,0.3961059,0.0046528904,0.9557487,-0.008364767,-0.028101657,5.8123446,102.74219,0.043159854,0.49274638,102.74219,985,FC128,collect,0,985,,,,
0.0,7.9609375,0.0,0.40036228,0.004648795,0.95721906,-0.003885795,-0.020922532,6.009845,97.55469,0.03779588,0.49324664,97.55469,986,FC128,collect,0,986,,,,
0.0,7.9726562,0.0,0.41474327,0.0046446994,0.9550287,0.0007747365,-0.01695718,6.0257044,97.34766,0.03931655,0.49374688,97.34766,987,FC128,collect,0,987,,,,
0.0,7.9453125,0.0,0.41002193,0.004640604,0.9578586,-0.00063593837,-0.016816547,5.865157,104.00781,0.036166716,0.49424714,104.00781,988,FC128,collect,0,988,,,,
0.0,7.9765625,0.0,0.39258605,0.0046365084,0.9591894,0.002031079,-0.015080521,6.036876,96.984375,0.037863657,0.4947474,96.984375,989,FC128,collect,0,989,,,,
0.0,7.9765625,0.0,0.40125018,0.004632413,0.9631825,-0.0007343708,-0.01723581,5.988673,99.39453,0.03672039,0.49524763,99.39453,990,FC128,collect,0,990,,,,
0.0,7.9296875,0.0,0.3955305,0.004628317,0.9618769,-0.0029693705,-0.020817121,6.0103917,95.96484,0.039356783,0.4957479,95.96484,991,FC128,collect,0,991,,,,
0.0,7.9257812,0.0,0.4309137,0.0046242215,0.96739733,-0.01291629,-0.028889418,5.8864074,101.96875,0.035931535,0.49624813,101.96875,992,FC128,collect,0,992,,,,
0.0,7.8671875,0.0,0.4550049,0.004620126,0.96363515,-0.021998426,-0.039819848,5.7323446,106.74219,0.039847203,0.4967484,106.74219,993,FC128,collect,0,993,,,,
0.0,7.8359375,0.0,0.49419853,0.0046160305,0.9662798,-0.027007721,-0.04228064,5.5371885,114.9375,0.03510831,0.49724865,114.9375,994,FC128,collect,0,994,,,,
0.0,7.7890625,0.0,0.52385014,0.004611935,0.9678542,-0.029492004,-0.043322552,5.300001,124.453125,0.03249302,0.49774888,124.453125,995,FC128,collect,0,995,,,,
0.0,7.8671875,0.0,0.50930554,0.0046078395,0.96483314,-0.013854821,-0.028467566,5.6172667,112.49609,0.033919085,0.49824914,112.49609,996,FC128,collect,0,996,,,,
0.0,7.9296875,0.0,0.4752372,0.004603744,0.9590264,-0.0028565172,-0.018795185,5.8039074,106.28906,0.036253076,0.4987494,106.28906,997,FC128,collect,0,997,,,,
0.0,7.953125,0.0,0.4589482,0.004599648,0.9529325,0.008907947,-0.008715304,5.9273443,101.28906,0.0394685,0.49924964,101.28906,998,FC128,collect,0,998,,,,
0.0,7.9648438,0.0,0.4443626,0.0045955526,0.953032,0.014483261,-0.0034051486,5.96797,99.84375,0.039861,0.4997499,99.84375,999,FC128,collect,0,999,,,,
0.0,7.953125,0.0,0.4378858,0.004591457,0.9501864,0.0120028,-0.006393697,5.915626,101.875,0.04081406,0.50025016,101.875,1000,FC128,collect,0,1000,,,,
0.0,7.9609375,0.0,0.45905674,0.0045873616,0.9524217,0.011426042,-0.006212576,5.966486,99.72266,0.039488953,0.50075036,99.72266,1001,FC128,collect,0,1001,,,,
0.0,7.9609375,0.0,0.46915603,0.004583266,0.9566939,0.00402544,-0.011616104,5.924923,101.80078,0.035583623,0.5012506,101.80078,1002,FC128,collect,0,1002,,,,
0.0,7.9648438,0.0,0.46998504,0.0045791706,0.96133333,-0.0016804417,-0.016251916,5.9464073,100.921875,0.033447232,0.5017509,100.921875,1003,FC128,collect,0,1003,,,,
0.0,7.9765625,0.0,0.47274584,0.004575075,0.9673752,-0.011312229,-0.024140408,5.942501,101.703125,0.029982055,0.50225115,101.703125,1004,FC128,collect,0,1004,,,,
0.0,7.9726562,0.0,0.4518484,0.0045709796,0.96681863,-0.01015473,-0.023582567,6.021407,97.5625,0.030986452,0.5027514,97.5625,1005,FC128,collect,0,1005,,,,
0.0,7.8984375,0.0,0.43192604,0.0045668837,0.964443,-0.012617705,-0.02827996,6.0073447,94.55469,0.03526962,0.5032517,94.55469,1006,FC128,collect,0,1006,,,,
0.0,7.9414062,0.0,0.44298947,0.004562788,0.96973115,-0.016948877,-0.02952964,5.9046884,101.83594,0.029204061,0.5037519,101.83594,1007,FC128,collect,0,1007,,,,
0.0,7.9882812,0.0,0.42968178,0.0045586927,0.96990734,-0.012585766,-0.024531282,6.053751,96.72656,0.027808608,0.50425214,96.72656,1008,FC128,collect,0,1008,,,,
0.0,7.9570312,0.0,0.4223646,0.004554597,0.96491516,-0.0063588973,-0.020443246,6.0947666,93.11328,0.0320161,0.5047524,93.11328,1009,FC128,collect,0,1009,,,,
0.0,7.9609375,0.0,0.43930912,0.0045505017,0.9622675,-0.0060112053,-0.020071913,6.02547,96.77344,0.03211957,0.50525266,96.77344,1010,FC128,collect,0,1010,,,,
0.0,7.9492188,0.0,0.4416442,0.004546406,0.9602734,-0.0032980905,-0.017799666,6.038048,95.55859,0.03301894,0.5057529,95.55859,1011,FC128,collect,0,1011,,,,
0.0,7.9648438,0.0,0.42354047,0.0045423107,0.9604429,-0.0005809859,-0.014486285,6.07047,94.71875,0.031658303,0.5062531,94.71875,1012,FC128,collect,0,1012,,,,
0.0,7.9570312,0.0,0.43080735,0.0045382148,0.96101266,-0.0033293075,-0.017788356,6.0219545,96.75391,0.03282829,0.5067534,96.75391,1013,FC128,collect,0,1013,,,,
0.0,7.96875,0.0,0.4106327,0.0045341193,0.9609546,-0.004216973,-0.018270766,6.0078135,98.046875,0.0318313,0.50725365,98.046875,1014,FC128,collect,0,1014,,,,
0.0,7.9765625,0.0,0.40647334,0.004530024,0.96489865,-0.007329737,-0.020872718,5.998829,98.88672,0.03076863,0.5077539,98.88672,1015,FC128,collect,0,1015,,,,
0.0,7.9570312,0.0,0.40052408,0.0045259283,0.9637082,-0.0054510236,-0.020648684,6.0967197,93.015625,0.034020808,0.5082542,93.015625,1016,FC128,collect,0,1016,,,,
0.0,7.9375,0.0,0.4113492,0.004521833,0.9653645,-0.013740398,-0.028159818,5.9705477,98.34766,0.032558944,0.5087544,98.34766,1017,FC128,collect,0,1017,,,,
0.0,7.9453125,0.0,0.3910777,0.0045177373,0.9643455,-0.010191383,-0.02507961,6.059767,94.27734,0.033310026,0.50925463,94.27734,1018,FC128,collect,0,1018,,,,
0.0,7.9492188,0.0,0.3892283,0.004513642,0.9642362,-0.008699976,-0.024070777,6.056173,94.65234,0.034255277,0.5097549,94.65234,1019,FC128,collect,0,1019,,,,
0.0,7.9882812,0.0,0.36717692,0.0045095463,0.96563774,-0.0034275325,-0.018309982,6.1889076,89.96875,0.033076502,0.51025516,89.96875,1020,FC128,collect,0,1020,,,,
0.0,7.9804688,0.0,0.38128415,0.0045054504,0.9655341,-0.006149863,-0.020791521,6.142501,91.89844,0.03271903,0.5107554,91.89844,1021,FC128,collect,0,1021,,,,
0.0,7.9960938,0.0,0.38756496,0.004501355,0.9679083,-0.008883699,-0.0231665,6.146329,92.48828,0.032054737,0.5112556,92.48828,1022,FC128,collect,0,1022,,,,
0.0,7.9882812,0.0,0.39206162,0.0044972594,0.9667075,-0.01186943,-0.026484167,6.1596103,91.43359,0.03275588,0.5117559,91.43359,1023,FC128,collect,0,1023,,,,
0.0,7.9765625,0.0,0.3868379,0.004493164,0.96667844,-0.0112877125,-0.02589579,6.1537514,91.140625,0.032692406,0.51225615,91.140625,1024,FC128,collect,0,1024,,,,
0.0,7.984375,0.0,0.39196277,0.0044890684,0.971926,-0.012054891,-0.025343712,6.1209383,93.171875,0.030096738,0.5127564,93.171875,1025,FC128,collect,0,1025,,,,
0.0,7.9882812,0.0,0.3694202,0.004484973,0.9698107,-0.005514577,-0.01973086,6.185626,90.13281,0.031746246,0.51325667,90.13281,1026,FC128,collect,0,1026,,,,
0.0,7.984375,0.0,0.39795467,0.0044808774,0.97129494,-0.012708632,-0.026027944,6.09297,94.57031,0.030204996,0.5137569,94.57031,1027,FC128,collect,0,1027,,,,
0.0,7.9492188,0.0,0.42028308,0.0044767815,0.96830946,-0.009308221,-0.024109785,6.048204,95.05078,0.03336616,0.51425713,95.05078,1028,FC128,collect,0,1028,,,,
0.0,7.984375,0.0,0.44745055,0.004472686,0.9698406,-0.015815835,-0.028193314,5.9750795,100.46484,0.028757567,0.5147574,100.46484,1029,FC128,collect,0,1029,,,,
0.0,7.8710938,0.0,0.46023336,0.0044685905,0.9636102,-0.0108533,-0.02590174,5.813126,102.89844,0.03421007,0.51525766,102.89844,1030,FC128,collect,0,1030,,,,
0.0,7.96875,0.0,0.4341065,0.004464495,0.96497923,-0.0012912386,-0.015902253,6.0635166,95.26172,0.03309816,0.5157579,95.26172,1031,FC128,collect,0,1031,,,,
0.0,7.9765625,0.0,0.40755484,0.0044603995,0.96277106,0.0040950305,-0.011013596,6.080079,94.82422,0.03385297,0.5162581,94.82422,1032,FC128,collect,0,1032,,,,
0.0,7.9648438,0.0,0.395067,0.004456304,0.96195483,0.0061416924,-0.009136083,6.098204,93.33203,0.034076627,0.5167584,93.33203,1033,FC128,collect,0,1033,,,,
0.0,7.9609375,0.0,0.4021631,0.0044522085,0.9644813,0.0041305386,-0.010933241,6.038595,96.11719,0.033708587,0.51725864,96.11719,1034,FC128,collect,0,1034,,,,
0.0,7.9648438,0.0,0.41826457,0.004448113,0.9668279,-0.0014778132,-0.015838128,6.07547,94.46875,0.032441605,0.5177589,94.46875,1035,FC128,collect,0,1035,,,,
0.0,7.96875,0.0,0.42337874,0.004444017,0.967236,-0.0041453047,-0.017776763,6.024142,97.23047,0.031025922,0.51825917,97.23047,1036,FC128,collect,0,1036,,,,
0.0,7.9882812,0.0,0.4333204,0.0044399216,0.96983945,-0.009228363,-0.02203925,6.0502357,96.90234,0.02946959,0.51875937,96.90234,1037,FC128,collect,0,1037,,,,
0.0,7.9921875,0.0,0.42353892,0.004435826,0.9695183,-0.010034311,-0.023294052,6.0935946,94.92969,0.030276973,0.51925963,94.92969,1038,FC128,collect,0,1038,,,,
0.0,7.9960938,0.0,0.40849438,0.0044317306,0.97174025,-0.0057791867,-0.018271869,6.1972666,89.94141,0.028606039,0.5197599,89.94141,1039,FC128,collect,0,1039,,,,
0.0,7.96875,0.0,0.40615997,0.004427635,0.9675383,-0.0078036347,-0.021560926,6.1426573,91.30469,0.031111239,0.52026016,91.30469,1040,FC128,collect,0,1040,,,,
0.0,7.9726562,0.0,0.39944535,0.0044235396,0.9706744,-0.010910723,-0.02339,6.0306263,97.10156,0.028492479,0.5207604,97.10156,1041,FC128,collect,0,1041,,,,
0.0,7.90625,0.0,0.40372625,0.004419444,0.9689881,-0.009022587,-0.022630336,5.9346104,98.58203,0.030783989,0.5212606,98.58203,1042,FC128,collect,0,1042,,,,
0.0,7.9453125,0.0,0.3968248,0.004415348,0.96794194,-0.008525506,-0.021701487,6.000001,97.265625,0.029856201,0.5217609,97.265625,1043,FC128,collect,0,1043,,,,
0.0,7.9570312,0.0,0.38606,0.0044112527,0.9631072,0.0009708534,-0.013272977,6.11461,92.12109,0.031893678,0.52226114,92.12109,1044,FC128,collect,0,1044,,,,
0.0,7.953125,0.0,0.39433265,0.004407157,0.96180075,0.0009434625,-0.01386488,6.1289854,91.20703,0.033092458,0.5227614,91.20703,1045,FC128,collect,0,1045,,,,
0.0,7.96875,0.0,0.40872914,0.0044030617,0.9665349,-0.0037879755,-0.01735046,6.1488295,90.99609,0.030724287,0.52326167,90.99609,1046,FC128,collect,0,1046,,,,
0.0,7.9453125,0.0,0.40073162,0.004398966,0.9660621,-0.0042169034,-0.018328669,6.110157,91.75781,0.03174914,0.5237619,91.75781,1047,FC128,collect,0,1047,,,,
0.0,7.9804688,0.0,0.377003,0.0043948707,0.9692018,-0.009895359,-0.023220096,6.158126,91.11719,0.029963233,0.52426213,91.11719,1048,FC128,collect,0,1048,,,,
0.0,7.9492188,0.0,0.3742074,0.004390775,0.9696985,-0.014061804,-0.028194308,6.1215634,91.38281,0.03155113,0.5247624,91.38281,1049,FC128,collect,0,1049,,,,
0.0,7.9453125,0.0,0.3714902,0.0043866797,0.97344893,-0.018772366,-0.032059558,6.032501,95.640625,0.029833602,0.52526265,95.640625,1050,FC128,collect,0,1050,,,,
0.0,7.9492188,0.0,0.37340662,0.004382584,0.9735916,-0.01800907,-0.030854728,6.0299234,95.96484,0.02896429,0.5257629,95.96484,1051,FC128,collect,0,1051,,,,
0.0,7.9335938,0.0,0.39278752,0.0043784883,0.97306126,-0.017410586,-0.030453749,6.0557823,93.890625,0.02952596,0.5262632,93.890625,1052,FC128,collect,0,1052,,,,
0.0,7.921875,0.0,0.4104458,0.004374393,0.97225773,-0.017048543,-0.029705646,5.938751,99.15625,0.028905107,0.5267634,99.15625,1053,FC128,collect,0,1053,,,,
0.0,7.9140625,0.0,0.41195682,0.0043702973,0.97260433,-0.017261153,-0.029837511,5.944689,98.46875,0.028753463,0.52726364,98.46875,1054,FC128,collect,0,1054,,,,
0.0,7.9375,0.0,0.3922043,0.004366202,0.9696911,-0.008825549,-0.02261463,6.01672,96.03906,0.031003049,0.5277639,96.03906,1055,FC128,collect,0,1055,,,,
0.0,7.921875,0.0,0.4050267,0.0043621063,0.9703839,-0.0063586985,-0.020635752,6.034767,94.35547,0.032087646,0.52826416,94.35547,1056,FC128,collect,0,1056,,,,
0.0,7.9179688,0.0,0.39037165,0.004358011,0.9653539,-1.3588695e-05,-0.015977174,6.096173,91.08984,0.03532966,0.5287644,91.08984,1057,FC128,collect,0,1057,,,,
0.0,7.9648438,0.0,0.39326912,0.004353915,0.9683971,-0.0012302226,-0.01648614,6.1678915,89.84766,0.033936355,0.5292646,89.84766,1058,FC128,collect,0,1058,,,,
0.0,7.9414062,0.0,0.4381901,0.0043498194,0.96947575,-0.011370481,-0.026086487,6.004923,96.82422,0.033244107,0.5297649,96.82422,1059,FC128,collect,0,1059,,,,
0.0,7.953125,0.0,0.42236045,0.004345724,0.9714098,-0.012799798,-0.027114537,6.008751,97.21875,0.0323004,0.53026515,97.21875,1060,FC128,collect,0,1060,,,,
0.0,7.953125,0.0,0.41380945,0.0043416284,0.96676624,-0.011224756,-0.027093614,6.0806255,93.625,0.03533093,0.5307654,93.625,1061,FC128,collect,0,1061,,,,
0.0,7.9882812,0.0,0.4166162,0.004337533,0.9682606,-0.00924271,-0.025167597,6.1678133,91.02344,0.035463948,0.5312657,91.02344,1062,FC128,collect,0,1062,,,,
0.0,7.9023438,0.0,0.42292055,0.0043334374,0.9638805,-0.0050547277,-0.022891212,6.0157824,94.328125,0.03933837,0.5317659,94.328125,1063,FC128,collect,0,1063,,,,
0.0,7.9765625,0.0,0.42384082,0.004329342,0.968403,-0.005944288,-0.0208943,6.059454,95.85547,0.03356993,0.53226614,95.85547,1064,FC128,collect,0,1064,,,,
0.0,7.8789062,0.0,0.41879562,0.0043252464,0.9611767,-0.002055017,-0.019991534,6.0021105,93.83984,0.039495822,0.5327664,93.83984,1065,FC128,collect,0,1065,,,,
0.0,7.9765625,0.0,0.4297323,0.0043211505,0.9625932,0.00040469517,-0.015014535,6.0845323,94.60156,0.034552336,0.53326666,94.60156,1066,FC128,collect,0,1066,,,,
0.0,7.9609375,0.0,0.42369264,0.004317055,0.9620391,0.0034898026,-0.012554822,6.1241417,91.83984,0.035747457,0.5337669,91.83984,1067,FC128,collect,0,1067,,,,
0.0,7.9648438,0.0,0.4337915,0.0043129595,0.9644784,-0.00015167287,-0.014220874,6.0032043,98.08203,0.031880252,0.5342671,98.08203,1068,FC128,collect,0,1068,,,,
0.0,7.9375,0.0,0.4245579,0.004308864,0.9662846,-0.0039291577,-0.018510891,5.991485,97.30078,0.03282219,0.5347674,97.30078,1069,FC128,collect,0,1069,,,,
0.0,7.9453125,0.0,0.41830343,0.0043047685,0.96990156,-0.0076261843,-0.020374227,6.000235,97.25391,0.029097484,0.53526765,97.25391,1070,FC128,collect,0,1070,,,,
0.0,7.9492188,0.0,0.4164066,0.004300673,0.9714291,-0.012079849,-0.024240924,5.998204,97.55078,0.027903808,0.5357679,97.55078,1071,FC128,collect,0,1071,,,,
0.0,7.9375,0.0,0.40355495,0.0042965775,0.97198313,-0.011590378,-0.024147468,5.9960165,97.07422,0.02858199,0.5362682,97.07422,1072,FC128,collect,0,1072,,,,
0.0,7.9257812,0.0,0.40468305,0.0042924816,0.97255445,-0.014060677,-0.026938338,5.9264073,99.96875,0.02922951,0.5367684,99.96875,1073,FC128,collect,0,1073,,,,
0.0,7.9726562,0.0,0.38386336,0.004288386,0.9694876,-0.010550525,-0.023344625,6.0809383,94.58594,0.028880509,0.53726864,94.58594,1074,FC128,collect,0,1074,,,,
0.0,7.9921875,0.0,0.38404876,0.0042842906,0.9683691,-0.0045066257,-0.018284481,6.1820326,90.50781,0.030846464,0.5377689,90.50781,1075,FC128,collect,0,1075,,,,
0.0,7.9453125,0.0,0.38911468,0.004280195,0.9656797,-0.0052570878,-0.019485923,6.07547,93.49219,0.031788643,0.53826916,93.49219,1076,FC128,collect,0,1076,,,,
0.0,7.9648438,0.0,0.37875614,0.0042760996,0.9649288,-0.001196337,-0.01603342,6.129298,91.77734,0.032913364,0.5387694,91.77734,1077,FC128,collect,0,1077,,,,
0.0,7.9648438,0.0,0.3714502,0.004272004,0.96395725,0.00027464423,-0.015086114,6.2170324,87.390625,0.03389519,0.5392696,87.390625,1078,FC128,collect,0,1078,,,,
0.0,7.9960938,0.0,0.355249,0.0042679086,0.96615255,0.0017605989,-0.012870686,6.2589073,86.859375,0.03229491,0.5397699,86.859375,1079,FC128,collect,0,1079,,,,
0.0,7.9726562,0.0,0.36719817,0.004263813,0.9660775,-0.0020530964,-0.01728984,6.221485,87.55859,0.033604816,0.54027015,87.55859,1080,FC128,collect,0,1080,,,,
0.0,7.984375,0.0,0.37066495,0.004259717,0.9697843,-0.010850378,-0.025866546,6.220626,88.1875,0.03319019,0.5407704,88.1875,1081,FC128,collect,0,1081,,,,
0.0,7.9960938,0.0,0.37216628,0.0042556217,0.9705086,-0.012921263,-0.026991671,6.256954,86.95703,0.031308413,0.5412707,86.95703,1082,FC128,collect,0,1082,,,,
0.0,7.9609375,0.0,0.38686883,0.004251526,0.96742,-0.015712833,-0.031887997,6.197501,88.171875,0.035639893,0.5417709,88.171875,1083,FC128,collect,0,1083,,,,
0.0,7.9882812,0.0,0.39217478,0.0042474307,0.97136956,-0.015556965,-0.029637013,6.2364073,87.59375,0.031491566,0.54227114,87.59375,1084,FC128,collect,0,1084,,,,
0.0,7.9335938,0.0,0.37793314,0.004243335,0.96762085,-0.0141157685,-0.02940594,6.143673,89.49609,0.03378774,0.5427714,89.49609,1085,FC128,collect,0,1085,,,,
0.0,7.9765625,0.0,0.38243183,0.0042392397,0.96971196,-0.010067724,-0.02448294,6.1878138,89.4375,0.032072872,0.54327166,89.4375,1086,FC128,collect,0,1086,,,,
0.0,7.9648438,0.0,0.40181032,0.0042351442,0.97030824,-0.011425388,-0.025576776,6.1310945,91.6875,0.031706225,0.5437719,91.6875,1087,FC128,collect,0,1087,,,,
0.0,7.9296875,0.0,0.43455166,0.0042310487,0.96897817,-0.012573756,-0.0266056,6.051954,93.88672,0.031740908,0.5442722,93.88672,1088,FC128,collect,0,1088,,,,
0.0,7.9140625,0.0,0.4806149,0.004226953,0.9721418,-0.0248734,-0.037149,5.81461,104.97266,0.028614273,0.5447724,104.97266,1089,FC128,collect,0,1089,,,,
0.0,7.7460938,0.0,0.54513186,0.0042228573,0.9715591,-0.040189784,-0.0518598,5.330626,120.77344,0.027944056,0.54527265,120.77344,1090,FC128,collect,0,1090,,,,
0.0,7.8046875,0.0,0.53818494,0.004218762,0.9737503,-0.034145042,-0.044818126,5.5136733,114.55078,0.025887117,0.5457729,114.55078,1091,FC128,collect,0,1091,,,,
0.0,7.8554688,0.0,0.5288742,0.0042146663,0.972583,-0.02822956,-0.039466687,5.607423,112.40234,0.026932307,0.5462732,112.40234,1092,FC128,collect,0,1092,,,,
0.0,7.9375,0.0,0.47601894,0.004210571,0.96898246,-0.012580744,-0.025745489,5.908517,101.44922,0.030338112,0.54677343,101.44922,1093,FC128,collect,0,1093,,,,
0.0,7.9257812,0.0,0.4377002,0.0042064753,0.9666173,0.002433345,-0.012825723,6.0264072,94.96875,0.034200486,0.54727364,94.96875,1094,FC128,collect,0,1094,,,,
0.0,7.9882812,0.0,0.43102852,0.00420238,0.96693695,0.0010672878,-0.014376544,6.1908607,89.87109,0.034510355,0.5477739,89.87109,1095,FC128,collect,0,1095,,,,
0.0,7.9882812,0.0,0.43600693,0.004198284,0.96967787,-0.002958782,-0.018086454,6.176329,90.59766,0.033916306,0.54827416,90.59766,1096,FC128,collect,0,1096,,,,
0.0,7.9882812,0.0,0.4304214,0.0041941884,0.9704585,-0.004001949,-0.019099217,6.2058606,89.12109,0.033805072,0.5487744,89.12109,1097,FC128,collect,0,1097,,,,
0.0,7.9726562,0.0,0.43533188,0.004190093,0.9717526,-0.0097568855,-0.024302129,6.158751,90.69531,0.03273865,0.5492747,90.69531,1098,FC128,collect,0,1098,,,,
0.0,7.9257812,0.0,0.43515465,0.0041859974,0.9683787,-0.01696891,-0.033780392,6.037657,94.40625,0.03726608,0.5497749,94.40625,1099,FC128,collect,0,1099,,,,
0.0,7.9453125,0.0,0.43884185,0.004181902,0.968573,-0.011633581,-0.028061783,6.0722666,93.65234,0.03652679,0.55027515,93.65234,1100,FC128,collect,0,1100,,,,
0.0,7.9453125,0.0,0.43348226,0.0041778064,0.96613336,-0.007807767,-0.024216168,6.1278133,90.875,0.03643881,0.5507754,90.875,1101,FC128,collect,0,1101,,,,
0.0,7.90625,0.0,0.43487406,0.004173711,0.9607277,-0.001776588,-0.020218657,6.0550795,92.55859,0.040514216,0.5512757,92.55859,1102,FC128,collect,0,1102,,,,
0.0,7.9453125,0.0,0.43320942,0.0041696155,0.9606971,0.00094815926,-0.016067473,6.128126,90.859375,0.0376439,0.55177593,90.859375,1103,FC128,collect,0,1103,,,,
0.0,7.9492188,0.0,0.4343836,0.0041655195,0.9593324,0.00619753,-0.01150019,6.083048,93.30859,0.039014306,0.55227613,93.30859,1104,FC128,collect,0,1104,,,,
0.0,7.9804688,0.0,0.41740584,0.004161424,0.9568714,0.012611374,-0.004325489,6.1965637,89.19531,0.03734773,0.5527764,89.19531,1105,FC128,collect,0,1105,,,,
0.0,7.984375,0.0,0.4184419,0.0041573285,0.9559013,0.010545995,-0.0060814465,6.18297,90.07031,0.036734086,0.55327666,90.07031,1106,FC128,collect,0,1106,,,,
0.0,7.9882812,0.0,0.40251374,0.004153233,0.95702595,0.008542679,-0.008103926,6.2373447,87.546875,0.036636677,0.5537769,87.546875,1107,FC128,collect,0,1107,,,,
0.0,7.9726562,0.0,0.42317733,0.0041491375,0.965938,-0.0010246536,-0.015070551,6.08047,94.609375,0.031603437,0.5542772,94.609375,1108,FC128,collect,0,1108,,,,
0.0,7.9570312,0.0,0.41252875,0.004145042,0.9698419,-0.010727978,-0.023483967,6.04461,95.62109,0.028931877,0.5547774,95.62109,1109,FC128,collect,0,1109,,,,
0.0,7.8828125,0.0,0.41186577,0.0041409465,0.96905524,-0.018184947,-0.032631923,5.938751,97.203125,0.03230498,0.55527765,97.203125,1110,FC128,collect,0,1110,,,,
0.0,7.9179688,0.0,0.40995744,0.0041368506,0.9717776,-0.0212233,-0.03473661,5.9132824,100.234375,0.03041849,0.5557779,100.234375,1111,FC128,collect,0,1111,,,,
0.0,7.9296875,0.0,0.41159979,0.004132755,0.97170657,-0.021134656,-0.034709003,5.9464855,99.16016,0.03055078,0.55627817,99.16016,1112,FC128,collect,0,1112,,,,
0.0,7.9570312,0.0,0.3867398,0.0041286596,0.971934,-0.011219223,-0.024562277,6.109376,92.38281,0.029879542,0.55677843,92.38281,1113,FC128,collect,0,1113,,,,
0.0,7.9609375,0.0,0.38378698,0.004124564,0.96856296,-0.006615991,-0.020868998,6.204845,87.80469,0.031671923,0.55727863,87.80469,1114,FC128,collect,0,1114,,,,
0.0,7.9609375,0.0,0.37230456,0.0041204686,0.9650547,-0.0026681894,-0.019153364,6.200861,88.00391,0.03603849,0.5577789,88.00391,1115,FC128,collect,0,1115,,,,
0.0,7.9960938,0.0,0.37582147,0.004116373,0.9678649,-0.0029791608,-0.017462585,6.24422,87.59375,0.03206089,0.55827916,87.59375,1116,FC128,collect,0,1116,,,,
0.0,7.9648438,0.0,0.3824102,0.0041122776,0.96750605,-0.0073152683,-0.022351004,6.159376,90.27344,0.033216625,0.5587794,90.27344,1117,FC128,collect,0,1117,,,,
0.0,7.9960938,0.0,0.3726157,0.004108182,0.9679633,-0.0010023854,-0.01579129,6.3003135,84.78906,0.032639354,0.5592797,84.78906,1118,FC128,collect,0,1118,,,,
0.0,7.9960938,0.0,0.38007355,0.004104086,0.9700004,-0.00945042,-0.024033364,6.27961,85.82422,0.032285597,0.5597799,85.82422,1119,FC128,collect,0,1119,,,,
0.0,7.9921875,0.0,0.36991405,0.0040999907,0.97087926,-0.007803386,-0.022665277,6.316095,83.80469,0.03275707,0.56028014,83.80469,1120,FC128,collect,0,1120,,,,
0.0,7.9960938,0.0,0.37632564,0.004095895,0.9729498,-0.012084912,-0.026504304,6.2600794,86.80078,0.031921566,0.5607804,86.80078,1121,FC128,collect,0,1121,,,,
0.0,7.9921875,0.0,0.3947895,0.0040917997,0.97302943,-0.015970487,-0.029792858,6.2738295,85.91797,0.030875543,0.56128067,85.91797,1122,FC128,collect,0,1122,,,,
0.0,7.9609375,0.0,0.4231036,0.0040877042,0.97272456,-0.02207088,-0.036665987,6.144767,90.80859,0.03264926,0.5617809,90.80859,1123,FC128,collect,0,1123,,,,
0.0,7.9101562,0.0,0.44559702,0.0040836087,0.97221065,-0.018941866,-0.03439197,6.0158606,94.71484,0.034539495,0.56228113,94.71484,1124,FC128,collect,0,1124,,,,
0.0,7.953125,0.0,0.4495882,0.0040795133,0.9729365,-0.01922806,-0.032799643,6.060001,94.65625,0.030811366,0.5627814,94.65625,1125,FC128,collect,0,1125,,,,
0.0,7.9726562,0.0,0.44257876,0.0040754173,0.97097117,-0.008845171,-0.022463521,6.1101575,93.125,0.030844087,0.56328166,93.125,1126,FC128,collect,0,1126,,,,
0.0,7.953125,0.0,0.45461628,0.004071322,0.9696319,-0.0058671786,-0.020031514,6.088829,93.21484,0.03203045,0.5637819,93.21484,1127,FC128,collect,0,1127,,,,
0.0,7.9804688,0.0,0.4452335,0.0040672263,0.9686114,-0.0032736044,-0.01714915,6.173595,90.34375,0.031372823,0.5642822,90.34375,1128,FC128,collect,0,1128,,,,
0.0,7.9492188,0.0,0.47479326,0.004063131,0.9708233,-0.010968152,-0.02387213,6.03172,95.875,0.029666249,0.5647824,95.875,1129,FC128,collect,0,1129,,,,
0.0,7.9296875,0.0,0.49195358,0.0040590353,0.9721402,-0.014156039,-0.026922747,5.9315634,99.90625,0.029527131,0.56528264,99.90625,1130,FC128,collect,0,1130,,,,
0.0,7.9335938,0.0,0.49362966,0.00405494,0.9755949,-0.017763041,-0.02946388,6.0001574,96.671875,0.027404955,0.5657829,96.671875,1131,FC128,collect,0,1131,,,,
0.0,7.953125,0.0,0.47565717,0.0040508443,0.97705746,-0.017954335,-0.029221417,5.996173,97.84766,0.026387792,0.56628317,97.84766,1132,FC128,collect,0,1132,,,,
0.0,7.9765625,0.0,0.42934212,0.004046749,0.9728188,-0.008367646,-0.021844445,6.2421103,86.72266,0.030428478,0.5667834,86.72266,1133,FC128,collect,0,1133,,,,
0.0,8.0,0.0,0.44309306,0.004042653,0.9747987,-0.0123689715,-0.025452005,6.2399225,88.00391,0.02974861,0.5672837,88.00391,1134,FC128,collect,0,1134,,,,
0.0,7.9492188,0.0,0.46761543,0.0040385574,0.97326344,-0.015411611,-0.028850682,6.1110945,91.90625,0.030655127,0.5677839,91.90625,1135,FC128,collect,0,1135,,,,
0.0,7.9257812,0.0,0.47246313,0.004034462,0.97434235,-0.016363999,-0.028983464,6.0554695,93.515625,0.029051201,0.56828415,93.515625,1136,FC128,collect,0,1136,,,,
0.0,7.9296875,0.0,0.50602233,0.0040303664,0.97592485,-0.019758817,-0.031807773,5.95047,98.96094,0.028176822,0.5687844,98.96094,1137,FC128,collect,0,1137,,,,
0.0,7.9570312,0.0,0.49219954,0.004026271,0.9734741,-0.011798909,-0.024410175,6.002579,97.72266,0.02918599,0.5692847,97.72266,1138,FC128,collect,0,1138,,,,
0.0,7.9921875,0.0,0.46941507,0.0040221754,0.96923256,-0.0033814362,-0.017328093,6.124298,93.39453,0.031669453,0.56978494,93.39453,1139,FC128,collect,0,1139,,,,
0.0,7.9726562,0.0,0.4278293,0.00401808,0.96246153,0.010129593,-0.0062798243,6.2973447,83.765625,0.03625694,0.57028514,83.765625,1140,FC128,collect,0,1140,,,,
0.0,7.9960938,0.0,0.42233992,0.004013984,0.9621642,0.010057272,-0.006120838,6.2914853,85.23047,0.035746753,0.5707854,85.23047,1141,FC128,collect,0,1141,,,,
0.0,7.9921875,0.0,0.43138787,0.0040098885,0.9634284,0.008497552,-0.0071559423,6.2789855,85.66016,0.034766622,0.57128567,85.66016,1142,FC128,collect,0,1142,,,,
0.0,7.9765625,0.0,0.42368737,0.004005793,0.9638511,0.0021047797,-0.013349266,6.2616415,85.74609,0.0343025,0.5717859,85.74609,1143,FC128,collect,0,1143,,,,
0.0,7.9609375,0.0,0.46140087,0.0040016975,0.9681429,-0.007196386,-0.021634808,6.1184387,92.125,0.032569617,0.5722862,92.125,1144,FC128,collect,0,1144,,,,
0.0,7.9414062,0.0,0.4297519,0.003997602,0.9679496,-0.0060102493,-0.020147575,6.190782,87.53125,0.031710606,0.5727864,87.53125,1145,FC128,collect,0,1145,,,,
0.0,7.953125,0.0,0.40798235,0.0039935065,0.9684033,-0.008876288,-0.023718636,6.1996107,87.67578,0.032943256,0.57328665,87.67578,1146,FC128,collect,0,1146,,,,
0.0,7.90625,0.0,0.40274644,0.003989411,0.964484,-0.010506809,-0.027552206,6.1564074,87.49219,0.037304237,0.5737869,87.49219,1147,FC128,collect,0,1147,,,,
0.0,7.9257812,0.0,0.39492676,0.0039853156,0.9683613,-0.008413269,-0.022918306,6.110704,90.75391,0.03215789,0.5742872,90.75391,1148,FC128,collect,0,1148,,,,
0.0,7.9179688,0.0,0.42541096,0.0039812196,0.9685339,-0.014173646,-0.028045014,5.9433603,98.73047,0.031130044,0.57478744,98.73047,1149,FC128,collect,0,1149,,,,
0.0,7.9648438,0.0,0.3834906,0.003977124,0.96623516,-0.0021643993,-0.01680149,6.2547665,85.50391,0.03232456,0.57528764,85.50391,1150,FC128,collect,0,1150,,,,
0.0,7.9492188,0.0,0.39517453,0.0039730286,0.9676782,-0.0021579382,-0.01608884,6.193829,87.76953,0.031001883,0.5757879,87.76953,1151,FC128,collect,0,1151,,,,
0.0,7.9804688,0.0,0.37661242,0.003968933,0.9647162,0.001370225,-0.0134589495,6.3021107,83.91797,0.032647848,0.57628816,83.91797,1152,FC128,collect,0,1152,,,,
0.0,7.96875,0.0,0.37775683,0.0039648376,0.9680232,-0.0030295039,-0.016935032,6.2441416,86.23047,0.030806545,0.5767884,86.23047,1153,FC128,collect,0,1153,,,,
0.0,7.9804688,0.0,0.36740908,0.003960742,0.9698899,-0.0070877443,-0.021021208,6.2687507,85.58594,0.030777352,0.5772887,85.58594,1154,FC128,collect,0,1154,,,,
0.0,7.9414062,0.0,0.35831007,0.0039566467,0.97023636,-0.013369574,-0.02831206,6.1935167,87.39453,0.032720383,0.5777889,87.39453,1155,FC128,collect,0,1155,,,,
0.0,7.9609375,0.0,0.37464157,0.0039525507,0.97376245,-0.01929141,-0.033119436,6.1353917,91.27734,0.030617632,0.57828915,91.27734,1156,FC128,collect,0,1156,,,,
0.0,7.9453125,0.0,0.35915333,0.003948455,0.97470945,-0.018533425,-0.032765094,6.124767,91.02734,0.03129954,0.5787894,91.02734,1157,FC128,collect,0,1157,,,,
0.0,7.9023438,0.0,0.35843787,0.0039443597,0.97173965,-0.01728687,-0.03391996,6.0928917,90.47266,0.036093794,0.5792897,90.47266,1158,FC128,collect,0,1158,,,,
0.0,7.9726562,0.0,0.36098927,0.003940264,0.9728256,-0.01584471,-0.030515723,6.2517195,86.046875,0.03218681,0.57978994,86.046875,1159,FC128,collect,0,1159,,,,
0.0,7.9960938,0.0,0.3752783,0.0039361687,0.9740365,-0.010159922,-0.023732947,6.2594543,86.83203,0.030100368,0.58029014,86.83203,1160,FC128,collect,0,1160,,,,
0.0,7.96875,0.0,0.37672567,0.0039320732,0.96838164,-0.009392148,-0.026138993,6.248751,86.0,0.036456317,0.5807904,86.0,1161,FC128,collect,0,1161,,,,
0.0,8.0,0.0,0.3746232,0.0039279778,0.9697897,-0.005826577,-0.021111732,6.2943764,85.28125,0.033513334,0.58129066,85.28125,1162,FC128,collect,0,1162,,,,
0.0,7.9726562,0.0,0.37668177,0.0039238823,0.9710741,-0.0029989197,-0.017884815,6.2389073,86.6875,0.0327279,0.5817909,86.6875,1163,FC128,collect,0,1163,,,,
0.0,7.96875,0.0,0.37997532,0.0039197863,0.970187,-0.0051904814,-0.020381007,6.151251,90.875,0.033359896,0.5822912,90.875,1164,FC128,collect,0,1164,,,,
0.0,7.9921875,0.0,0.37206566,0.003915691,0.9698078,0.00087243214,-0.014045603,6.2830477,85.45703,0.032749858,0.5827914,85.45703,1165,FC128,collect,0,1165,,,,
0.0,7.9960938,0.0,0.3739852,0.0039115953,0.9705367,0.0030062469,-0.011486213,6.3508606,82.26172,0.031910677,0.58329165,82.26172,1166,FC128,collect,0,1166,,,,
0.0,7.9726562,0.0,0.4043338,0.0039075,0.97132766,-0.005715258,-0.020802733,6.2707043,85.09766,0.033334818,0.5837919,85.09766,1167,FC128,collect,0,1167,,,,
0.0,7.9726562,0.0,0.46197933,0.0039034043,0.97638786,-0.021719998,-0.033905968,6.1301575,92.125,0.027978525,0.5842922,92.125,1168,FC128,collect,0,1168,,,,
0.0,7.9492188,0.0,0.45609337,0.0038993089,0.97553015,-0.021576531,-0.033821695,6.013595,96.78125,0.028047226,0.58479244,96.78125,1169,FC128,collect,0,1169,,,,
0.0,7.9648438,0.0,0.43251565,0.0038952134,0.9757869,-0.0137996785,-0.026867151,6.1778917,89.34766,0.029504428,0.58529264,89.34766,1170,FC128,collect,0,1170,,,,
0.0,8.0,0.0,0.40644017,0.0038911174,0.9761386,-0.0064295116,-0.01917129,6.33797,83.10156,0.02864657,0.5857929,83.10156,1171,FC128,collect,0,1171,,,,
0.0,7.9179688,0.0,0.40068412,0.003887022,0.970091,-0.005845402,-0.021852277,6.2007823,85.859375,0.035128687,0.58629316,85.859375,1172,FC128,collect,0,1172,,,,
0.0,7.9921875,0.0,0.4089614,0.0038829264,0.97382474,-0.0037468285,-0.017027969,6.3392982,82.64453,0.029738214,0.5867934,82.64453,1173,FC128,collect,0,1173,,,,
0.0,7.9882812,0.0,0.43209413,0.003878831,0.9751801,-0.0075010443,-0.019432459,6.269845,85.921875,0.02721487,0.5872937,85.921875,1174,FC128,collect,0,1174,,,,
0.0,7.953125,0.0,0.48970068,0.0038747354,0.97846544,-0.018655252,-0.02923767,6.0261726,96.34766,0.024959758,0.58779395,96.34766,1175,FC128,collect,0,1175,,,,
0.0,7.9257812,0.0,0.5007191,0.00387064,0.978581,-0.01763616,-0.027967632,5.996798,96.44922,0.024539148,0.58829415,96.44922,1176,FC128,collect,0,1176,,,,
0.0,7.9726562,0.0,0.42827675,0.0038665445,0.9746379,-0.002295523,-0.0145911565,6.2971888,83.77344,0.02790317,0.5887944,83.77344,1177,FC128,collect,0,1177,,,,
0.0,8.0,0.0,0.41940755,0.003862449,0.97271067,-0.0016613422,-0.014529262,6.329298,83.53516,0.02897572,0.5892947,83.53516,1178,FC128,collect,0,1178,,,,
0.0,7.9804688,0.0,0.40092465,0.003858353,0.9723626,-0.0050689382,-0.018007034,6.331407,82.453125,0.02897001,0.58979493,82.453125,1179,FC128,collect,0,1179,,,,
0.0,7.9960938,0.0,0.40232494,0.0038542575,0.9738804,-0.005037007,-0.017884018,6.3675013,81.42969,0.02879535,0.5902952,81.42969,1180,FC128,collect,0,1180,,,,
0.0,8.0,0.0,0.40364668,0.003850162,0.9755943,-0.0069715274,-0.018994762,6.411251,79.4375,0.027154678,0.5907954,79.4375,1181,FC128,collect,0,1181,,,,
0.0,7.9882812,0.0,0.44110987,0.0038460665,0.9781378,-0.013353997,-0.024411397,6.252267,86.80078,0.025507877,0.59129566,86.80078,1182,FC128,collect,0,1182,,,,
0.0,7.953125,0.0,0.4476811,0.003841971,0.97765297,-0.018298881,-0.029244505,6.2016416,87.57422,0.025331203,0.5917959,87.57422,1183,FC128,collect,0,1183,,,,
0.0,7.9648438,0.0,0.42123413,0.0038378756,0.97560483,-0.011138463,-0.023407565,6.2874227,83.87109,0.027771493,0.5922962,83.87109,1184,FC128,collect,0,1184,,,,
0.0,7.9882812,0.0,0.41628015,0.00383378,0.9745598,-0.010164816,-0.021968825,6.285001,85.16406,0.02679987,0.59279644,85.16406,1185,FC128,collect,0,1185,,,,
0.0,7.9804688,0.0,0.3930158,0.003829684,0.9704254,-0.0048220623,-0.018117366,6.310313,83.50781,0.02960086,0.59329665,83.50781,1186,FC128,collect,0,1186,,,,
0.0,7.9335938,0.0,0.39289907,0.0038255886,0.96765035,-0.0042671463,-0.0191564,6.185939,87.38281,0.03278465,0.5937969,87.38281,1187,FC128,collect,0,1187,,,,
0.0,7.9960938,0.0,0.38465872,0.0038214931,0.9712449,-0.0018987283,-0.0142963985,6.2846103,85.57422,0.027735282,0.5942972,85.57422,1188,FC128,collect,0,1188,,,,
0.0,7.9296875,0.0,0.3794445,0.0038173976,0.9654898,-0.0014957254,-0.01705315,6.245313,84.21875,0.03401183,0.59479743,84.21875,1189,FC128,collect,0,1189,,,,
0.0,7.9960938,0.0,0.38064072,0.0038133021,0.9707954,0.00031423464,-0.012035758,6.347423,82.43359,0.027602982,0.5952977,82.43359,1190,FC128,collect,0,1190,,,,
0.0,8.0,0.0,0.365583,0.0038092067,0.96838385,0.0028139441,-0.010535278,6.4143763,79.28125,0.029483607,0.5957979,79.28125,1191,FC128,collect,0,1191,,,,
0.0,7.9804688,0.0,0.3594991,0.0038051112,0.9687574,-0.0021204958,-0.01577183,6.38797,79.625,0.030038537,0.59629816,79.625,1192,FC128,collect,0,1192,,,,
0.0,7.9492188,0.0,0.35483044,0.0038010157,0.9710163,-0.0064810487,-0.02122388,6.328673,81.02734,0.032183096,0.5967984,81.02734,1193,FC128,collect,0,1193,,,,
0.0,7.9414062,0.0,0.34872657,0.0037969197,0.97104454,-0.010502559,-0.025370145,6.2417197,84.984375,0.032383345,0.5972987,84.984375,1194,FC128,collect,0,1194,,,,
0.0,7.9453125,0.0,0.3467073,0.0037928242,0.9710662,-0.011346849,-0.026438152,6.276329,83.44922,0.032812607,0.59779894,83.44922,1195,FC128,collect,0,1195,,,,
0.0,7.9921875,0.0,0.33698153,0.0037887287,0.9721101,-0.008367435,-0.022520255,6.3420324,82.50781,0.030859103,0.59829915,82.50781,1196,FC128,collect,0,1196,,,,
0.0,7.9726562,0.0,0.34601626,0.0037846332,0.9696468,-0.0059742564,-0.020695683,6.32922,82.171875,0.032061942,0.5987994,82.171875,1197,FC128,collect,0,1197,,,,
0.0,8.0,0.0,0.33058596,0.0037805378,0.9694747,0.00018991472,-0.0141368965,6.449376,77.53125,0.031153208,0.59929967,77.53125,1198,FC128,collect,0,1198,,,,
0.0,7.9804688,0.0,0.32686666,0.0037764423,0.9702623,0.002210164,-0.012155439,6.393204,79.36328,0.031199992,0.59979993,79.36328,1199,FC128,collect,0,1199,,,,
0.0,7.9414062,0.0,0.32881567,0.0037723468,0.96658754,-0.0013237378,-0.017933175,6.327345,80.703125,0.035699688,0.6003002,80.703125,1200,FC128,collect,0,1200,,,,
0.0,7.9921875,0.0,0.3281477,0.0037682508,0.9747158,-0.006331253,-0.020098198,6.34586,82.31641,0.030006977,0.6008004,82.31641,1201,FC128,collect,0,1201,,,,
0.0,7.9414062,0.0,0.3346761,0.0037641553,0.97128814,-0.009240224,-0.025312472,6.272188,83.46094,0.034664042,0.60130066,83.46094,1202,FC128,collect,0,1202,,,,
0.0,7.9921875,0.0,0.3280831,0.0037600598,0.97582436,-0.006948566,-0.020397007,6.381642,80.52734,0.029364107,0.6018009,80.52734,1203,FC128,collect,0,1203,,,,
0.0,7.9648438,0.0,0.32182336,0.0037559643,0.9714221,-0.0070374524,-0.02307147,6.367266,79.87891,0.03448555,0.6023012,79.87891,1204,FC128,collect,0,1204,,,,
0.0,7.9726562,0.0,0.33425912,0.0037518688,0.9731014,-0.0058586393,-0.021418199,6.4408603,76.58984,0.033627313,0.60280144,76.58984,1205,FC128,collect,0,1205,,,,
0.0,7.9960938,0.0,0.35427338,0.0037477734,0.97620714,-0.0101588,-0.022888366,6.3869543,80.45703,0.028114606,0.60330164,80.45703,1206,FC128,collect,0,1206,,,,
0.0,7.96875,0.0,0.34896463,0.0037436779,0.9745905,-0.0048159333,-0.018798057,6.373907,79.74219,0.03057707,0.6038019,79.74219,1207,FC128,collect,0,1207,,,,
0.0,8.0,0.0,0.33549187,0.0037395824,0.9761929,-0.0026018238,-0.015481941,6.4892197,75.53906,0.028269434,0.60430217,75.53906,1208,FC128,collect,0,1208,,,,
0.0,7.9648438,0.0,0.3551117,0.0037354864,0.9766542,-0.0073176376,-0.020564964,6.3600006,80.24219,0.029147683,0.6048024,80.24219,1209,FC128,collect,0,1209,,,,
0.0,7.9570312,0.0,0.36048883,0.003731391,0.975896,-0.009122246,-0.022314273,6.3131256,82.19531,0.029074304,0.6053027,82.19531,1210,FC128,collect,0,1210,,,,
0.0,7.9765625,0.0,0.3483134,0.0037272954,0.97637737,-0.0042487937,-0.016760655,6.472032,75.22656,0.027620256,0.6058029,75.22656,1211,FC128,collect,0,1211,,,,
0.0,7.9882812,0.0,0.38974106,0.0037232,0.9791536,-0.009073084,-0.019990647,6.362501,81.28906,0.024737293,0.60630316,81.28906,1212,FC128,collect,0,1212,,,,
0.0,7.9804688,0.0,0.40204182,0.0037191045,0.9781633,-0.013799566,-0.025293715,6.3309383,82.47656,0.02597877,0.6068034,82.47656,1213,FC128,collect,0,1213,,,,
0.0,7.9492188,0.0,0.3995932,0.003715009,0.9753858,-0.0110214185,-0.024111573,6.268595,84.03125,0.029149292,0.6073037,84.03125,1214,FC128,collect,0,1214,,,,
0.0,8.0,0.0,0.37955916,0.0037109135,0.9750676,-0.0041636326,-0.016287383,6.3535166,82.32422,0.027064523,0.60780394,82.32422,1215,FC128,collect,0,1215,,,,
0.0,8.0,0.0,0.36427614,0.0037068175,0.9742937,-0.001406992,-0.014170221,6.412735,79.36328,0.028227068,0.60830414,79.36328,1216,FC128,collect,0,1216,,,,
0.0,7.9921875,0.0,0.38415036,0.003702722,0.97372025,0.00033139857,-0.01280973,6.3823447,80.49219,0.029127061,0.6088044,80.49219,1217,FC128,collect,0,1217,,,,
0.0,8.0,0.0,0.38483083,0.0036986265,0.9746896,-0.0038734558,-0.016083758,6.4411726,77.94141,0.027267296,0.60930467,77.94141,1218,FC128,collect,0,1218,,,,
0.0,7.984375,0.0,0.4209045,0.003694531,0.9790517,-0.0135203395,-0.024233503,6.2733603,85.55078,0.024536416,0.6098049,85.55078,1219,FC128,collect,0,1219,,,,
0.0,8.0,0.0,0.41440454,0.0036904356,0.9772734,-0.011603098,-0.022686014,6.3059387,84.703125,0.025224498,0.6103052,84.703125,1220,FC128,collect,0,1220,,,,
0.0,7.9960938,0.0,0.37816644,0.00368634,0.9758435,-0.0067404043,-0.018870587,6.4582825,76.890625,0.027048465,0.61080545,76.890625,1221,FC128,collect,0,1221,,,,
0.0,7.984375,0.0,0.3641798,0.0036822446,0.97545296,-0.004908747,-0.016569303,6.420235,78.20703,0.026003111,0.61130565,78.20703,1222,FC128,collect,0,1222,,,,
0.0,8.0,0.0,0.36633506,0.003678149,0.9743122,-0.0038430116,-0.015718548,6.440079,77.99609,0.026445942,0.6118059,77.99609,1223,FC128,collect,0,1223,,,,
0.0,8.0,0.0,0.35041374,0.0036740531,0.97366935,-0.002892995,-0.015426651,6.5046105,74.76953,0.027642189,0.6123062,74.76953,1224,FC128,collect,0,1224,,,,
0.0,7.9648438,0.0,0.36058047,0.0036699576,0.9738435,-0.007095526,-0.020002507,6.360157,80.234375,0.028460592,0.61280644,80.234375,1225,FC128,collect,0,1225,,,,
0.0,8.0,0.0,0.36654058,0.0036658621,0.97553635,-0.005868865,-0.017175859,6.4321885,78.390625,0.025301361,0.6133067,78.390625,1226,FC128,collect,0,1226,,,,
0.0,7.9921875,0.0,0.37287006,0.0036617666,0.9748233,-0.005768426,-0.01728735,6.4508605,77.06641,0.025768572,0.6138069,77.06641,1227,FC128,collect,0,1227,,,,
0.0,7.9648438,0.0,0.35338378,0.0036576712,0.97388947,-0.007400138,-0.019632785,6.432266,76.62891,0.027050417,0.61430717,76.62891,1228,FC128,collect,0,1228,,,,
0.0,7.984375,0.0,0.34734288,0.0036535757,0.974411,-0.006934788,-0.01864566,6.442423,77.09766,0.025959829,0.6148074,77.09766,1229,FC128,collect,0,1229,,,,
0.0,7.9335938,0.0,0.35593078,0.0036494802,0.97069615,-0.01328277,-0.028099272,6.2967196,81.84375,0.03223093,0.6153077,81.84375,1230,FC128,collect,0,1230,,,,
0.0,7.9726562,0.0,0.3473845,0.0036453847,0.97448903,-0.008889368,-0.021282244,6.386954,79.28516,0.027318453,0.61580795,79.28516,1231,FC128,collect,0,1231,,,,
0.0,7.9882812,0.0,0.3446078,0.0036412887,0.9749575,-0.0057005463,-0.017614916,6.4126573,78.78125,0.026338372,0.61630815,78.78125,1232,FC128,collect,0,1232,,,,
0.0,8.0,0.0,0.3496917,0.0036371932,0.9726615,-0.002666318,-0.015239068,6.4505477,77.47266,0.027689293,0.6168084,77.47266,1233,FC128,collect,0,1233,,,,
0.0,8.0,0.0,0.3531929,0.0036330977,0.97281754,-0.002797387,-0.01552453,6.4417977,77.91016,0.028020654,0.6173087,77.91016,1234,FC128,collect,0,1234,,,,
0.0,8.0,0.0,0.33423907,0.0036290023,0.97395766,-0.008586566,-0.021207599,6.4522667,77.38672,0.027667975,0.61780894,77.38672,1235,FC128,collect,0,1235,,,,
0.0,8.0,0.0,0.31496406,0.0036249068,0.97600573,-0.00397764,-0.016438762,6.5209384,73.953125,0.027205674,0.6183092,73.953125,1236,FC128,collect,0,1236,,,,
0.0,7.9726562,0.0,0.31163865,0.0036208113,0.9732089,-0.010305246,-0.0248969,6.4136734,77.94922,0.031440075,0.6188094,77.94922,1237,FC128,collect,0,1237,,,,
0.0,7.9921875,0.0,0.3277999,0.0036167158,0.97776157,-0.012936966,-0.025832351,6.388985,80.16016,0.028161889,0.61930966,80.16016,1238,FC128,collect,0,1238,,,,
0.0,7.9726562,0.0,0.3199069,0.0036126198,0.9761557,-0.012239337,-0.026020475,6.3736725,79.94922,0.02987368,0.6198099,79.94922,1239,FC128,collect,0,1239,,,,
0.0,7.9726562,0.0,0.32066715,0.0036085243,0.9746915,-0.0060686623,-0.020109152,6.4457817,76.34375,0.03039525,0.6203102,76.34375,1240,FC128,collect,0,1240,,,,
0.0,8.0,0.0,0.3145136,0.0036044288,0.9760683,-0.001829881,-0.0148442425,6.4766417,76.16797,0.028296007,0.62081045,76.16797,1241,FC128,collect,0,1241,,,,
0.0,7.9882812,0.0,0.32710373,0.0036003334,0.9757702,-0.003474759,-0.015992554,6.414688,78.67969,0.027390955,0.62131065,78.67969,1242,FC128,collect,0,1242,,,,
0.0,7.9609375,0.0,0.33449048,0.0035962379,0.97510976,-0.009623172,-0.02370396,6.3483605,80.62891,0.030567393,0.6218109,80.62891,1243,FC128,collect,0,1243,,,,
0.0,7.9648438,0.0,0.3065514,0.0035921424,0.97488517,-0.0022175321,-0.015642889,6.445157,75.984375,0.029053066,0.6223112,75.984375,1244,FC128,collect,0,1244,,,,
0.0,7.9726562,0.0,0.31662822,0.0035880469,0.9772464,-0.0025150098,-0.015232717,6.4316416,77.05078,0.027707567,0.62281144,77.05078,1245,FC128,collect,0,1245,,,,
0.0,7.9960938,0.0,0.3150402,0.0035839514,0.97780174,-0.004182021,-0.016044753,6.5107822,74.265625,0.02598364,0.6233117,74.265625,1246,FC128,collect,0,1246,,,,
0.0,7.9921875,0.0,0.332075,0.0035798554,0.9802791,-0.008385189,-0.019874057,6.4967976,74.76953,0.025355296,0.6238119,74.76953,1247,FC128,collect,0,1247,,,,
0.0,7.9882812,0.0,0.34619492,0.00357576,0.97979116,-0.010358566,-0.0216227,6.4546103,76.68359,0.025004089,0.62431216,76.68359,1248,FC128,collect,0,1248,,,,
0.0,7.96875,0.0,0.3527276,0.0035716644,0.97720075,-0.010004665,-0.022650622,6.409766,77.94922,0.027811563,0.6248124,77.94922,1249,FC128,collect,0,1249,,,,
0.0,7.9609375,0.0,0.33333203,0.003567569,0.97779423,-0.0028163758,-0.01544298,6.4547663,75.30859,0.027631579,0.6253127,75.30859,1250,FC128,collect,0,1250,,,,
0.0,7.9960938,0.0,0.33538732,0.0035634735,0.9785097,-0.0030161887,-0.014478395,6.4809384,75.75781,0.0253147,0.62581295,75.75781,1251,FC128,collect,0,1251,,,,
0.0,7.9726562,0.0,0.3429657,0.003559378,0.97699,-0.002206027,-0.014491293,6.425782,77.34375,0.02701202,0.62631315,77.34375,1252,FC128,collect,0,1252,,,,
0.0,7.9921875,0.0,0.35422325,0.0035552825,0.9781682,-0.0029417179,-0.01395987,6.4903917,75.08984,0.024555031,0.6268134,75.08984,1253,FC128,collect,0,1253,,,,
0.0,7.9765625,0.0,0.3530466,0.0035511865,0.9750667,-0.0032404242,-0.01578506,6.4296885,77.34375,0.027596742,0.6273137,77.34375,1254,FC128,collect,0,1254,,,,
0.0,8.0,0.0,0.34881863,0.003547091,0.97872233,-0.0020565647,-0.012668542,6.505001,74.75,0.023698537,0.62781394,74.75,1255,FC128,collect,0,1255,,,,
0.0,7.9960938,0.0,0.34055173,0.0035429955,0.9785919,-0.0022393775,-0.013646195,6.499298,74.83984,0.025226781,0.6283142,74.83984,1256,FC128,collect,0,1256,,,,
0.0,8.0,0.0,0.34562936,0.0035389,0.9800689,-0.011155645,-0.021355068,6.450938,77.453125,0.022845142,0.6288144,77.453125,1257,FC128,collect,0,1257,,,,
0.0,7.9882812,0.0,0.34031937,0.0035348046,0.9797646,-0.008214624,-0.018746447,6.4639854,76.21484,0.023469571,0.62931466,76.21484,1258,FC128,collect,0,1258,,,,
0.0,8.0,0.0,0.34951293,0.003530709,0.9786026,-0.007723489,-0.018234363,6.489298,75.53516,0.023489805,0.6298149,75.53516,1259,FC128,collect,0,1259,,,,
0.0,7.9765625,0.0,0.3491397,0.0035266136,0.9763504,-0.008323083,-0.020530835,6.4777355,74.94141,0.026878066,0.6303152,74.94141,1260,FC128,collect,0,1260,,,,
0.0,7.9882812,0.0,0.33437914,0.003522518,0.9761142,-0.002987695,-0.014672278,6.5103917,73.89453,0.02572488,0.63081545,73.89453,1261,FC128,collect,0,1261,,,,
0.0,7.9765625,0.0,0.34285507,0.0035184221,0.976738,-0.0061254585,-0.017311152,6.438204,76.91797,0.024784004,0.6313157,76.91797,1262,FC128,collect,0,1262,,,,
0.0,8.0,0.0,0.34761032,0.0035143266,0.9791152,-0.00687155,-0.017243085,6.447032,77.64844,0.023186304,0.6318159,77.64844,1263,FC128,collect,0,1263,,,,
0.0,8.0,0.0,0.33023492,0.0035102312,0.9774688,-0.005068393,-0.016004572,6.4807043,75.96484,0.02419076,0.6323162,75.96484,1264,FC128,collect,0,1264,,,,
0.0,8.0,0.0,0.3372312,0.0035061357,0.97853523,-0.008770888,-0.019500112,6.445548,77.72266,0.023823205,0.63281643,77.72266,1265,FC128,collect,0,1265,,,,
0.0,8.0,0.0,0.33036718,0.0035020402,0.977456,-0.006357145,-0.017303407,6.536485,73.17578,0.024206443,0.6333167,73.17578,1266,FC128,collect,0,1266,,,,
0.0,8.0,0.0,0.33043867,0.0034979447,0.97689277,-0.005533939,-0.016423222,6.5329695,73.35156,0.024090277,0.63381696,73.35156,1267,FC128,collect,0,1267,,,,
0.0,7.9960938,0.0,0.3448462,0.0034938492,0.97768015,-0.01323253,-0.024494145,6.4419546,77.70703,0.024932912,0.63431716,77.70703,1268,FC128,collect,0,1268,,,,
0.0,7.9804688,0.0,0.31250188,0.0034897532,0.9769287,-0.008757898,-0.020536058,6.4741416,75.31641,0.025737429,0.6348174,75.31641,1269,FC128,collect,0,1269,,,,
0.0,7.96875,0.0,0.33163017,0.0034856577,0.977778,-0.013131162,-0.025101759,6.3710165,79.88672,0.026253091,0.6353177,79.88672,1270,FC128,collect,0,1270,,,,
0.0,7.984375,0.0,0.3394572,0.0034815622,0.9790446,-0.013524321,-0.024480613,6.386017,79.91797,0.024276268,0.63581795,79.91797,1271,FC128,collect,0,1271,,,,
0.0,7.9257812,0.0,0.31363854,0.0034774668,0.9712514,-0.0042694467,-0.018858677,6.341251,79.22656,0.031359795,0.6363182,79.22656,1272,FC128,collect,0,1272,,,,
0.0,7.953125,0.0,0.3125793,0.0034733713,0.97245187,0.0016090574,-0.01186924,6.4425793,75.52734,0.029128002,0.6368184,75.52734,1273,FC128,collect,0,1273,,,,
0.0,7.9765625,0.0,0.3176195,0.0034692758,0.9755823,0.00011439109,-0.011505543,6.4696884,75.34375,0.025443688,0.6373187,75.34375,1274,FC128,collect,0,1274,,,,
0.0,8.0,0.0,0.33791274,0.0034651803,0.9788216,-0.0040018754,-0.014624116,6.508048,74.59766,0.023586338,0.63781893,74.59766,1275,FC128,collect,0,1275,,,,
0.0,8.0,0.0,0.32894483,0.0034610848,0.98113376,-0.009753395,-0.02005128,6.497579,75.12109,0.022872783,0.6383192,75.12109,1276,FC128,collect,0,1276,,,,
0.0,8.0,0.0,0.3213374,0.0034569888,0.98081636,-0.009425127,-0.020185212,6.535626,73.21875,0.02374189,0.63881946,73.21875,1277,FC128,collect,0,1277,,,,
0.0,7.9648438,0.0,0.31067127,0.0034528933,0.97976804,-0.0077101886,-0.019467995,6.508048,72.83984,0.025661042,0.63931966,72.83984,1278,FC128,collect,0,1278,,,,
0.0,8.0,0.0,0.3172839,0.0034487979,0.9817263,-0.011221087,-0.02209951,6.543048,72.84766,0.023945343,0.6398199,72.84766,1279,FC128,collect,0,1279,,,,
0.0,8.0,0.0,0.33506003,0.0034447024,0.9824378,-0.012649339,-0.022725815,6.5071883,74.640625,0.022461317,0.6403202,74.640625,1280,FC128,collect,0,1280,,,,
0.0,7.9960938,0.0,0.3575098,0.0034406069,0.982325,-0.012487094,-0.022534097,6.469845,76.3125,0.022554107,0.64082044,76.3125,1281,FC128,collect,0,1281,,,,
0.0,7.9960938,0.0,0.36168155,0.0034365114,0.9810638,-0.009377709,-0.01960269,6.415782,79.015625,0.022935808,0.6413207,79.015625,1282,FC128,collect,0,1282,,,,
0.0,8.0,0.0,0.32040825,0.003432416,0.97746235,0.0018810958,-0.01009993,6.544454,72.77734,0.0261616,0.6418209,72.77734,1283,FC128,collect,0,1283,,,,
0.0,7.984375,0.0,0.32092342,0.00342832,0.9781242,0.0006151451,-0.011550876,6.4914856,74.64453,0.0265325,0.64232117,74.64453,1284,FC128,collect,0,1284,,,,
0.0,7.9726562,0.0,0.32656762,0.0034242244,0.97373694,0.004223712,-0.010471093,6.49336,73.96484,0.03162609,0.64282143,73.96484,1285,FC128,collect,0,1285,,,,
0.0,8.0,0.0,0.31983468,0.003420129,0.9784359,-0.00025776145,-0.011990696,6.53086,73.45703,0.025653621,0.6433217,73.45703,1286,FC128,collect,0,1286,,,,
0.0,8.0,0.0,0.32419112,0.0034160335,0.9788113,-0.0023220442,-0.01384052,6.5110946,74.44531,0.025251847,0.64382195,74.44531,1287,FC128,collect,0,1287,,,,
0.0,8.0,0.0,0.31991953,0.003411938,0.9810444,-0.005506498,-0.015835028,6.551798,72.41016,0.022840152,0.64432216,72.41016,1288,FC128,collect,0,1288,,,,
0.0,7.9726562,0.0,0.31558734,0.0034078425,0.97821295,-0.004437485,-0.016219955,6.5117197,73.046875,0.025715884,0.6448224,73.046875,1289,FC128,collect,0,1289,,,,
0.0,8.0,0.0,0.31084648,0.003403747,0.98198843,-0.00340782,-0.013353749,6.58922,70.53906,0.022007944,0.6453227,70.53906,1290,FC128,collect,0,1290,,,,
0.0,8.0,0.0,0.32477796,0.0033996515,0.98090893,-0.005629309,-0.0155081265,6.5599227,72.00391,0.021965899,0.64582294,72.00391,1291,FC128,collect,0,1291,,,,
0.0,7.9804688,0.0,0.31806582,0.0033955555,0.978436,-0.0030340292,-0.014588809,6.528829,72.58203,0.02526958,0.6463232,72.58203,1292,FC128,collect,0,1292,,,,
0.0,7.984375,0.0,0.31280714,0.00339146,0.97775865,-0.0061976886,-0.017430697,6.5360165,72.41797,0.024587762,0.6468234,72.41797,1293,FC128,collect,0,1293,,,,
0.0,7.9960938,0.0,0.31213456,0.0033873646,0.97845477,0.0014078275,-0.009569883,6.5847664,70.56641,0.024070049,0.64732367,70.56641,1294,FC128,collect,0,1294,,,,
0.0,7.9882812,0.0,0.30389142,0.003383269,0.97661847,-0.0023398204,-0.013930939,6.5552354,71.65234,0.02523853,0.6478239,71.65234,1295,FC128,collect,0,1295,,,,
0.0,8.0,0.0,0.30968484,0.0033791736,0.97755855,-0.0061472654,-0.017130703,6.5600004,72.0,0.024059832,0.6483242,72.0,1296,FC128,collect,0,1296,,,,
0.0,7.9609375,0.0,0.3147491,0.003375078,0.97428477,-0.006543736,-0.019966323,6.4479694,75.64844,0.02896978,0.64882445,75.64844,1297,FC128,collect,0,1297,,,,
0.0,7.984375,0.0,0.31106243,0.0033709826,0.9776578,-0.0072437027,-0.019504035,6.5353136,72.453125,0.026617836,0.64932466,72.453125,1298,FC128,collect,0,1298,,,,
0.0,8.0,0.0,0.3085391,0.0033668866,0.9772901,-0.0076146186,-0.019587833,6.51586,74.20703,0.026024062,0.6498249,74.20703,1299,FC128,collect,0,1299,,,,
0.0,7.9921875,0.0,0.29837877,0.0033627911,0.9765852,-0.0071196286,-0.01926297,6.537657,72.72656,0.026293453,0.6503252,72.72656,1300,FC128,collect,0,1300,,,,
0.0,7.9882812,0.0,0.31292096,0.0033586957,0.97957295,-0.009411688,-0.020617738,6.50797,74.015625,0.024514113,0.65082544,74.015625,1301,FC128,collect,0,1301,,,,
0.0,8.0,0.0,0.30428737,0.0033546002,0.9787999,-0.00571431,-0.016842974,6.542501,72.875,0.024298854,0.6513257,72.875,1302,FC128,collect,0,1302,,,,
0.0,7.9882812,0.0,0.318748,0.0033505047,0.9808872,-0.008993361,-0.019906774,6.519845,73.421875,0.02396276,0.65182596,73.421875,1303,FC128,collect,0,1303,,,,
0.0,7.9921875,0.0,0.3256688,0.0033464092,0.9812377,-0.015223093,-0.02583019,6.4233603,78.44141,0.023393838,0.65232617,78.44141,1304,FC128,collect,0,1304,,,,
0.0,7.9804688,0.0,0.3182029,0.0033423137,0.97917,-0.010255592,-0.022223938,6.497657,74.140625,0.02606376,0.6528264,74.140625,1305,FC128,collect,0,1305,,,,
0.0,7.9960938,0.0,0.32398644,0.0033382182,0.980006,-0.010921315,-0.021884823,6.5471106,72.44922,0.02409009,0.6533267,72.44922,1306,FC128,collect,0,1306,,,,
0.0,8.0,0.0,0.3099529,0.0033341222,0.9808149,-0.00682816,-0.017216975,6.572423,71.37891,0.022844471,0.65382695,71.37891,1307,FC128,collect,0,1307,,,,
0.0,7.984375,0.0,0.31429306,0.0033300268,0.979813,-0.0054759383,-0.016949419,6.495079,74.46484,0.02504017,0.6543272,74.46484,1308,FC128,collect,0,1308,,,,
0.0,8.0,0.0,0.30930755,0.0033259313,0.9813361,-0.0040678266,-0.014397948,6.548204,72.58984,0.022717714,0.6548274,72.58984,1309,FC128,collect,0,1309,,,,
0.0,8.0,0.0,0.31161636,0.0033218358,0.9819583,-0.0047318735,-0.014783783,6.569298,71.53516,0.022174096,0.6553277,71.53516,1310,FC128,collect,0,1310,,,,
0.0,8.0,0.0,0.3289269,0.0033177403,0.98165566,-0.0073598176,-0.017782176,6.5253916,73.73047,0.023027305,0.65582794,73.73047,1311,FC128,collect,0,1311,,,,
0.0,8.0,0.0,0.31840163,0.0033136448,0.9821731,-0.007759908,-0.018070573,6.551173,72.44141,0.02273147,0.6563282,72.44141,1312,FC128,collect,0,1312,,,,
0.0,8.0,0.0,0.33347633,0.0033095493,0.98370594,-0.009929686,-0.019816278,6.576173,71.19141,0.021980496,0.65682846,71.19141,1313,FC128,collect,0,1313,,,,
0.0,8.0,0.0,0.3371555,0.0033054533,0.98128134,-0.0090493765,-0.019200422,6.5321884,73.390625,0.022530993,0.65732867,73.390625,1314,FC128,collect,0,1314,,,,
0.0,7.9921875,0.0,0.37797946,0.0033013579,0.982079,-0.016238917,-0.02635367,6.4309382,78.0625,0.022725198,0.6578289,78.0625,1315,FC128,collect,0,1315,,,,
0.0,7.9726562,0.0,0.37283036,0.0032972624,0.9791602,-0.011054353,-0.022828914,6.4378133,76.74219,0.026007762,0.6583292,76.74219,1316,FC128,collect,0,1316,,,,
0.0,7.9960938,0.0,0.36764023,0.0032931669,0.97877306,-0.0065902993,-0.017879484,6.4697666,76.31641,0.024999771,0.65882945,76.31641,1317,FC128,collect,0,1317,,,,
0.0,7.9960938,0.0,0.3657067,0.0032890714,0.9783087,-0.0029525354,-0.014311045,6.4945326,75.078125,0.025122691,0.6593297,75.078125,1318,FC128,collect,0,1318,,,,
0.0,7.9765625,0.0,0.32988763,0.003284976,0.974831,0.005873182,-0.0075827455,6.554376,71.109375,0.0290792,0.6598299,71.109375,1319,FC128,collect,0,1319,,,,
0.0,7.9960938,0.0,0.33607933,0.0032808804,0.9773287,0.0009448952,-0.011033701,6.548048,72.40234,0.026162464,0.6603302,72.40234,1320,FC128,collect,0,1320,,,,
0.0,8.0,0.0,0.3377473,0.003276785,0.97792566,3.7074788e-05,-0.011320476,6.5614853,71.92578,0.024928553,0.66083044,71.92578,1321,FC128,collect,0,1321,,,,
0.0,7.9726562,0.0,0.3302606,0.003272689,0.97801864,-0.002371252,-0.014953736,6.5346885,71.89844,0.027326649,0.6613307,71.89844,1322,FC128,collect,0,1322,,,,
0.0,8.0,0.0,0.33432594,0.0032685935,0.98130685,-0.00782707,-0.018171573,6.5576572,72.11719,0.022874558,0.66183096,72.11719,1323,FC128,collect,0,1323,,,,
0.0,7.9140625,0.0,0.33343628,0.003264498,0.9726965,-0.0056058317,-0.020729642,6.461642,72.62109,0.032424625,0.66233116,72.62109,1324,FC128,collect,0,1324,,,,
0.0,8.0,0.0,0.32231697,0.0032604025,0.97921455,-0.0025047567,-0.013401107,6.5928917,70.35547,0.023894466,0.6628314,70.35547,1325,FC128,collect,0,1325,,,,
0.0,7.9609375,0.0,0.3093645,0.003256307,0.9752499,-0.0023862591,-0.015049723,6.5478134,70.65625,0.0273417,0.6633317,70.65625,1326,FC128,collect,0,1326,,,,
0.0,8.0,0.0,0.3125286,0.0032522115,0.9779236,0.00014617573,-0.010960943,6.6164856,69.17578,0.024247056,0.66383195,69.17578,1327,FC128,collect,0,1327,,,,
0.0,8.0,0.0,0.29575124,0.003248116,0.97774076,0.0029382182,-0.008586991,6.6629696,66.85156,0.024971686,0.6643322,66.85156,1328,FC128,collect,0,1328,,,,
0.0,7.9726562,0.0,0.30765805,0.00324402,0.97681683,-0.0030109808,-0.015412055,6.547735,71.24609,0.026798246,0.6648324,71.24609,1329,FC128,collect,0,1329,,,,
0.0,8.0,0.0,0.3107599,0.0032399246,0.97925484,-0.008549117,-0.019736167,6.5840635,70.796875,0.024387779,0.6653327,70.796875,1330,FC128,collect,0,1330,,,,
0.0,7.9804688,0.0,0.30684042,0.003235829,0.9787443,-0.013646464,-0.025060995,6.4690633,75.57031,0.024814827,0.66583294,75.57031,1331,FC128,collect,0,1331,,,,
0.0,7.9453125,0.0,0.34520125,0.0032317336,0.97769207,-0.015185697,-0.027329756,6.3160167,81.46484,0.026519315,0.6663332,81.46484,1332,FC128,collect,0,1332,,,,
0.0,7.9648438,0.0,0.31192946,0.003227638,0.9749743,-0.010096132,-0.023272922,6.4777355,74.35547,0.028367171,0.66683346,74.35547,1333,FC128,collect,0,1333,,,,
0.0,7.9960938,0.0,0.3198241,0.0032235426,0.97767085,-0.008254586,-0.019653153,6.5185947,73.875,0.024859067,0.66733366,73.875,1334,FC128,collect,0,1334,,,,
0.0,8.0,0.0,0.30729985,0.003219447,0.9753937,-0.0034486195,-0.015967628,6.5917196,70.41406,0.027016688,0.6678339,70.41406,1335,FC128,collect,0,1335,,,,
0.0,7.9960938,0.0,0.32200292,0.0032153516,0.9794101,-0.0064067044,-0.017338362,6.5402355,72.79297,0.02393402,0.6683342,72.79297,1336,FC128,collect,0,1336,,,,
0.0,8.0,0.0,0.2968882,0.0032112557,0.9779406,-0.008604604,-0.020802649,6.561173,71.94141,0.026302857,0.66883445,71.94141,1337,FC128,collect,0,1337,,,,
0.0,8.0,0.0,0.28808996,0.0032071602,0.98075587,-0.009776736,-0.021707812,6.5917196,70.41406,0.025710054,0.6693347,70.41406,1338,FC128,collect,0,1338,,,,
0.0,7.9960938,0.0,0.29938826,0.0032030647,0.98117137,-0.010337941,-0.02162865,6.5578914,71.91016,0.024499336,0.6698349,71.91016,1339,FC128,collect,0,1339,,,,
0.0,7.9804688,0.0,0.30694783,0.0031989692,0.98023194,-0.012766576,-0.024929,6.5436726,71.83984,0.02628868,0.6703352,71.83984,1340,FC128,collect,0,1340,,,,
0.0,7.9960938,0.0,0.3122476,0.0031948737,0.9808167,-0.010168567,-0.021385256,6.5679693,71.40625,0.024428561,0.67083544,71.40625,1341,FC128,collect,0,1341,,,,
0.0,8.0,0.0,0.3199441,0.0031907782,0.9816458,-0.006220128,-0.01703159,6.594532,70.27344,0.023664664,0.6713357,70.27344,1342,FC128,collect,0,1342,,,,
0.0,8.0,0.0,0.30891198,0.0031866827,0.97956985,-0.0014778434,-0.012686949,6.5971103,70.14453,0.02438702,0.67183596,70.14453,1343,FC128,collect,0,1343,,,,
0.0,7.9804688,0.0,0.3066115,0.0031825872,0.9786105,0.000583733,-0.011607514,6.5646105,70.79297,0.02633413,0.6723362,70.79297,1344,FC128,collect,0,1344,,,,
0.0,7.984375,0.0,0.31468818,0.0031784913,0.978893,-0.0037203752,-0.0154967895,6.5546885,71.484375,0.025553295,0.6728364,71.484375,1345,FC128,collect,0,1345,,,,
0.0,8.0,0.0,0.31725246,0.0031743958,0.98124707,-0.0064863106,-0.017590698,6.5927353,70.36328,0.024222944,0.6733367,70.36328,1346,FC128,collect,0,1346,,,,
0.0,8.0,0.0,0.3550863,0.0031703003,0.98136544,-0.012437781,-0.022930942,6.5066414,74.66797,0.023237783,0.67383695,74.66797,1347,FC128,collect,0,1347,,,,
0.0,7.984375,0.0,0.3809528,0.0031662048,0.98378444,-0.017988238,-0.027685624,6.4354696,77.44531,0.02180712,0.6743372,77.44531,1348,FC128,collect,0,1348,,,,
0.0,7.9960938,0.0,0.39009088,0.0031621093,0.98306566,-0.016440243,-0.026166989,6.4677353,76.41797,0.021920513,0.67483747,76.41797,1349,FC128,collect,0,1349,,,,
0.0,7.9804688,0.0,0.35894424,0.0031580138,0.9782607,-0.0063692853,-0.018753963,6.512345,73.40625,0.027036456,0.6753377,73.40625,1350,FC128,collect,0,1350,,,,
0.0,8.0,0.0,0.33471292,0.0031539183,0.97834826,0.0017515428,-0.009993642,6.6135945,69.32031,0.025601683,0.67583793,69.32031,1351,FC128,collect,0,1351,,,,
0.0,7.9804688,0.0,0.35991928,0.0031498224,0.9784298,-0.0034302385,-0.015204996,6.4999228,74.02734,0.025816878,0.6763382,74.02734,1352,FC128,collect,0,1352,,,,
0.0,7.96875,0.0,0.3504723,0.0031457269,0.97619766,-0.004005408,-0.017310511,6.514532,72.71094,0.028815188,0.67683846,72.71094,1353,FC128,collect,0,1353,,,,
0.0,7.9960938,0.0,0.35576427,0.0031416314,0.9804744,-0.0052067665,-0.01622093,6.538048,72.90234,0.024263686,0.6773387,72.90234,1354,FC128,collect,0,1354,,,,
0.0,7.9726562,0.0,0.34182322,0.0031375359,0.9763651,-0.00036617974,-0.01309596,6.5334387,71.96094,0.027604526,0.6778389,71.96094,1355,FC128,collect,0,1355,,,,
0.0,7.9609375,0.0,0.3418159,0.0031334404,0.97566867,-0.0009106329,-0.013472288,6.46797,74.64844,0.02726543,0.6783392,74.64844,1356,FC128,collect,0,1356,,,,
0.0,8.0,0.0,0.32819736,0.003129345,0.9785544,0.0008962734,-0.010145575,6.5760164,71.19922,0.024137782,0.67883945,71.19922,1357,FC128,collect,0,1357,,,,
0.0,7.9960938,0.0,0.33466282,0.0031252494,0.9787711,-0.0031424079,-0.014246658,6.5562506,71.99219,0.02430031,0.6793397,71.99219,1358,FC128,collect,0,1358,,,,
0.0,7.9921875,0.0,0.33004954,0.003121154,0.97857594,-0.0055939383,-0.016987965,6.5359383,72.8125,0.024848323,0.67983997,72.8125,1359,FC128,collect,0,1359,,,,
0.0,8.0,0.0,0.3198755,0.003117058,0.9792769,-0.0027882673,-0.013750894,6.5932827,70.33594,0.023919394,0.6803402,70.33594,1360,FC128,collect,0,1360,,,,
0.0,8.0,0.0,0.3225962,0.0031129625,0.9788702,-0.009173421,-0.020497521,6.508048,74.59766,0.02465666,0.68084043,74.59766,1361,FC128,collect,0,1361,,,,
0.0,7.984375,0.0,0.31371072,0.003108867,0.9787877,-0.010793426,-0.022580234,6.506485,73.89453,0.025524186,0.6813407,73.89453,1362,FC128,collect,0,1362,,,,
0.0,7.9882812,0.0,0.31919822,0.0031047715,0.9781427,-0.008727327,-0.02064622,6.497345,74.546875,0.025819862,0.68184096,74.546875,1363,FC128,collect,0,1363,,,,
0.0,7.9804688,0.0,0.31279978,0.003100676,0.9754117,-0.0038881267,-0.016618738,6.517501,73.14844,0.027401004,0.6823412,73.14844,1364,FC128,collect,0,1364,,,,
0.0,7.96875,0.0,0.31676552,0.0030965805,0.9726896,-0.0041829613,-0.018379414,6.5140634,72.734375,0.030354686,0.6828414,72.734375,1365,FC128,collect,0,1365,,,,
0.0,8.0,0.0,0.30469087,0.003092485,0.9747324,-9.589578e-05,-0.012304408,6.6081257,69.59375,0.026301527,0.6833417,69.59375,1366,FC128,collect,0,1366,,,,
0.0,7.9960938,0.0,0.31706667,0.003088389,0.97563314,-0.0021962747,-0.014178189,6.5462513,72.49219,0.02592228,0.68384194,72.49219,1367,FC128,collect,0,1367,,,,
0.0,8.0,0.0,0.30916935,0.0030842936,0.9780287,-0.0023638075,-0.014068188,6.584845,70.75781,0.0253159,0.6843422,70.75781,1368,FC128,collect,0,1368,,,,
0.0,8.0,0.0,0.2918387,0.003080198,0.97709584,-0.0063872086,-0.018769866,6.5803914,70.98047,0.026563156,0.68484247,70.98047,1369,FC128,collect,0,1369,,,,
0.0,7.9726562,0.0,0.2962346,0.0030761026,0.97638386,-0.007634232,-0.021786952,6.5960946,68.828125,0.030127937,0.68534267,68.828125,1370,FC128,collect,0,1370,,,,
0.0,8.0,0.0,0.2958824,0.003072007,0.9815851,-0.0079218345,-0.019152133,6.6202354,68.98828,0.024278503,0.68584293,68.98828,1371,FC128,collect,0,1371,,,,
0.0,7.9765625,0.0,0.2998897,0.0030679116,0.9794064,-0.010905034,-0.023113877,6.5377355,71.94141,0.026257755,0.6863432,71.94141,1372,FC128,collect,0,1372,,,,
0.0,8.0,0.0,0.2938187,0.003063816,0.98191035,-0.009835858,-0.020647211,6.613204,69.33984,0.023423119,0.68684345,69.33984,1373,FC128,collect,0,1373,,,,
0.0,7.9882812,0.0,0.3062107,0.0030597206,0.98218125,-0.0097334925,-0.020314107,6.5807037,70.37891,0.023035066,0.6873437,70.37891,1374,FC128,collect,0,1374,,,,
0.0,8.0,0.0,0.30247447,0.0030556247,0.9817076,-0.005280968,-0.015710186,6.591485,70.42578,0.022706933,0.6878439,70.42578,1375,FC128,collect,0,1375,,,,
0.0,7.984375,0.0,0.30900472,0.0030515292,0.98113656,-0.0066439845,-0.01739446,6.61547,68.44531,0.023386827,0.6883442,68.44531,1376,FC128,collect,0,1376,,,,
0.0,8.0,0.0,0.32543427,0.0030474337,0.9822784,-0.005841079,-0.015864547,6.572579,71.37109,0.022030415,0.68884444,71.37109,1377,FC128,collect,0,1377,,,,
0.0,8.0,0.0,0.3214697,0.0030433382,0.9824482,-0.003568076,-0.013272423,6.588751,70.5625,0.021365376,0.6893447,70.5625,1378,FC128,collect,0,1378,,,,
0.0,7.9726562,0.0,0.32481518,0.0030392427,0.97987366,-0.0054433723,-0.01802183,6.557579,70.75391,0.027131299,0.68984497,70.75391,1379,FC128,collect,0,1379,,,,
0.0,7.9960938,0.0,0.3648007,0.0030351472,0.98426354,-0.016304214,-0.025373932,6.481642,75.72266,0.020353885,0.69034517,75.72266,1380,FC128,collect,0,1380,,,,
0.0,7.9921875,0.0,0.3859525,0.0030310517,0.9846759,-0.018270703,-0.027479444,6.4417973,77.51953,0.020757165,0.69084543,77.51953,1381,FC128,collect,0,1381,,,,
0.0,8.0,0.0,0.33479917,0.0030269558,0.9813235,-0.005459005,-0.016052483,6.611563,69.421875,0.0232138,0.6913457,69.421875,1382,FC128,collect,0,1382,,,,
0.0,7.9804688,0.0,0.34227172,0.0030228603,0.98127574,-0.007147898,-0.018303858,6.533829,72.33203,0.0243812,0.69184595,72.33203,1383,FC128,collect,0,1383,,,,
0.0,7.9804688,0.0,0.32133207,0.0030187648,0.97972614,-0.0046837456,-0.01639592,6.5996885,69.03906,0.025364403,0.6923462,69.03906,1384,FC128,collect,0,1384,,,,
0.0,7.9921875,0.0,0.3502258,0.0030146693,0.9828491,-0.008537026,-0.01882078,6.558673,71.67578,0.022679137,0.6928464,71.67578,1385,FC128,collect,0,1385,,,,
0.0,7.9726562,0.0,0.35406318,0.0030105738,0.9791108,-0.008626042,-0.021059267,6.5182037,72.72266,0.026998317,0.6933467,72.72266,1386,FC128,collect,0,1386,,,,
0.0,7.984375,0.0,0.35344496,0.0030064783,0.9796004,-0.010516554,-0.022320384,6.530704,72.68359,0.025732908,0.69384694,72.68359,1387,FC128,collect,0,1387,,,,
0.0,7.9726562,0.0,0.35111204,0.0030023828,0.97862536,-0.005903861,-0.018196596,6.5028133,73.49219,0.026693815,0.6943472,73.49219,1388,FC128,collect,0,1388,,,,
0.0,7.9960938,0.0,0.343347,0.0029982873,0.97981036,-0.0041250866,-0.015410753,6.575157,71.046875,0.02463024,0.69484746,71.046875,1389,FC128,collect,0,1389,,,,
0.0,7.9765625,0.0,0.3288236,0.0029941914,0.97624475,-2.9306975e-05,-0.0128831,6.571642,70.24609,0.027676707,0.6953477,70.24609,1390,FC128,collect,0,1390,,,,
0.0,8.0,0.0,0.33441606,0.0029900959,0.9778883,-0.0019096762,-0.013235868,6.5860167,70.69922,0.024652256,0.6958479,70.69922,1391,FC128,collect,0,1391,,,,
0.0,7.9648438,0.0,0.32920936,0.0029860004,0.97707134,-0.0024051964,-0.01445821,6.5453916,70.97266,0.026072066,0.6963482,70.97266,1392,FC128,collect,0,1392,,,,
0.0,7.9609375,0.0,0.31801492,0.002981905,0.9738137,-0.002863233,-0.016417697,6.529376,71.578125,0.029005509,0.69684845,71.578125,1393,FC128,collect,0,1393,,,,
0.0,8.0,0.0,0.2975937,0.0029778094,0.9776655,-0.0012387752,-0.012644224,6.616798,69.16016,0.024583252,0.6973487,69.16016,1394,FC128,collect,0,1394,,,,
0.0,7.984375,0.0,0.3124854,0.002973714,0.9783172,-0.0039457353,-0.015095391,6.5941415,69.51172,0.024157796,0.697849,69.51172,1395,FC128,collect,0,1395,,,,
0.0,8.0,0.0,0.30409315,0.0029696184,0.9783615,-0.0059375367,-0.017314084,6.6249228,68.75391,0.024559176,0.6983492,68.75391,1396,FC128,collect,0,1396,,,,
0.0,8.0,0.0,0.3003606,0.0029655225,0.9782852,-0.005914567,-0.0173261,6.633048,68.34766,0.024604518,0.69884944,68.34766,1397,FC128,collect,0,1397,,,,
0.0,7.9765625,0.0,0.3103784,0.002961427,0.97690666,-0.008828653,-0.021210892,6.522501,72.703125,0.026602805,0.6993497,72.703125,1398,FC128,collect,0,1398,,,,
0.0,7.9882812,0.0,0.32481962,0.0029573315,0.9786892,-0.013455043,-0.025233693,6.5077353,74.02734,0.0254785,0.69984996,74.02734,1399,FC128,collect,0,1399,,,,
0.0,7.9960938,0.0,0.30129313,0.002953236,0.97653854,-0.01085201,-0.023433508,6.5429697,72.65625,0.026942575,0.7003502,72.65625,1400,FC128,collect,0,1400,,,,
0.0,8.0,0.0,0.2875371,0.0029491405,0.97526336,0.00020365656,-0.012550434,6.6403913,67.98047,0.027204156,0.7008504,67.98047,1401,FC128,collect,0,1401,,,,
0.0,8.0,0.0,0.288972,0.002945045,0.97544175,-0.0017184825,-0.014267333,6.6170325,69.14844,0.026799772,0.7013507,69.14844,1402,FC128,collect,0,1402,,,,
0.0,7.9921875,0.0,0.28938043,0.0029409495,0.9776919,-0.0062398384,-0.01844427,6.5645323,71.38281,0.02611097,0.70185095,71.38281,1403,FC128,collect,0,1403,,,,
0.0,7.9960938,0.0,0.27732182,0.002936854,0.9787562,-0.00538567,-0.017527908,6.6002355,69.79297,0.025913384,0.7023512,69.79297,1404,FC128,collect,0,1404,,,,
0.0,7.9804688,0.0,0.29928616,0.002932758,0.98141265,-0.014401258,-0.025570426,6.524376,72.80469,0.024093805,0.7028515,72.80469,1405,FC128,collect,0,1405,,,,
0.0,7.9882812,0.0,0.2916101,0.0029286626,0.98199743,-0.012119865,-0.023031337,6.5571885,71.55469,0.023531,0.7033517,71.55469,1406,FC128,collect,0,1406,,,,
0.0,7.9960938,0.0,0.29713106,0.002924567,0.98257565,-0.012139225,-0.022654627,6.571251,71.24219,0.022768762,0.70385194,71.24219,1407,FC128,collect,0,1407,,,,
0.0,7.9960938,0.0,0.29554087,0.0029204716,0.98397154,-0.0132819535,-0.023058666,6.581954,70.70703,0.021279663,0.7043522,70.70703,1408,FC128,collect,0,1408,,,,
0.0,7.9921875,0.0,0.28608754,0.002916376,0.9818536,-0.0073312954,-0.017806195,6.6153135,68.84375,0.022618476,0.70485246,68.84375,1409,FC128,collect,0,1409,,,,
0.0,8.0,0.0,0.29545262,0.0029122806,0.98328,-0.006187011,-0.01611168,6.6045322,69.77344,0.021570219,0.7053527,69.77344,1410,FC128,collect,0,1410,,,,
0.0,7.984375,0.0,0.2831137,0.0029081851,0.9804776,-0.0021178788,-0.013446056,6.574454,70.49609,0.024303049,0.7058529,70.49609,1411,FC128,collect,0,1411,,,,
0.0,8.0,0.0,0.28041992,0.0029040892,0.98272854,-0.00077687966,-0.011014636,6.655235,67.23828,0.022104241,0.7063532,67.23828,1412,FC128,collect,0,1412,,,,
0.0,8.0,0.0,0.28974342,0.0028999937,0.9822796,-0.0012107156,-0.011270409,6.630079,68.49609,0.021799896,0.70685345,68.49609,1413,FC128,collect,0,1413,,,,
0.0,8.0,0.0,0.3046931,0.0028958982,0.9834313,-0.004961783,-0.014801076,6.636251,68.1875,0.021443306,0.7073537,68.1875,1414,FC128,collect,0,1414,,,,
0.0,8.0,0.0,0.30249703,0.0028918027,0.9836349,-0.0013850166,-0.011149622,6.635236,68.23828,0.021278733,0.707854,68.23828,1415,FC128,collect,0,1415,,,,
0.0,8.0,0.0,0.2932872,0.0028877072,0.98295623,-0.0029252511,-0.013192748,6.6571884,67.140625,0.022228848,0.7083542,67.140625,1416,FC128,collect,0,1416,,,,
0.0,8.0,0.0,0.29767504,0.0028836117,0.9834299,-0.0044427314,-0.014303024,6.6572666,67.13672,0.021437343,0.70885444,67.13672,1417,FC128,collect,0,1417,,,,
0.0,7.9921875,0.0,0.32286233,0.0028795162,0.9858975,-0.010728644,-0.01978475,6.6172667,68.74609,0.019971587,0.7093547,68.74609,1418,FC128,collect,0,1418,,,,
0.0,7.9960938,0.0,0.34432963,0.0028754207,0.98566294,-0.01610512,-0.024761366,6.5261726,73.49609,0.019292677,0.70985496,73.49609,1419,FC128,collect,0,1419,,,,
0.0,8.0,0.0,0.33371106,0.0028713248,0.98511815,-0.008791135,-0.017660262,6.617501,69.125,0.01965464,0.7103552,69.125,1420,FC128,collect,0,1420,,,,
0.0,7.9726562,0.0,0.3272979,0.0028672293,0.9801611,-0.0010387844,-0.012929286,6.5912504,69.07031,0.02565788,0.7108554,69.07031,1421,FC128,collect,0,1421,,,,
0.0,7.96875,0.0,0.33180314,0.0028631338,0.9785786,0.00036119268,-0.011640027,6.565001,70.1875,0.025902433,0.7113557,70.1875,1422,FC128,collect,0,1422,,,,
0.0,8.0,0.0,0.3365258,0.0028590383,0.9812734,-0.00071761117,-0.011064455,6.609845,69.50781,0.022617968,0.71185595,69.50781,1423,FC128,collect,0,1423,,,,
0.0,7.9765625,0.0,0.33401325,0.0028549428,0.978583,-0.00096802146,-0.012822785,6.6100006,68.328125,0.025616705,0.7123562,68.328125,1424,FC128,collect,0,1424,,,,
0.0,8.0,0.0,0.3396141,0.0028508473,0.98331904,-0.0035549998,-0.01259649,6.6046104,69.76953,0.020019356,0.7128565,69.76953,1425,FC128,collect,0,1425,,,,
0.0,8.0,0.0,0.3397482,0.0028467518,0.9847976,-0.007841802,-0.016440803,6.613204,69.33984,0.019132359,0.7133567,69.33984,1426,FC128,collect,0,1426,,,,
0.0,8.0,0.0,0.33925587,0.0028426559,0.98387647,-0.0101102935,-0.019120954,6.591407,70.42969,0.019950096,0.71385694,70.42969,1427,FC128,collect,0,1427,,,,
0.0,8.0,0.0,0.3354411,0.0028385604,0.9837815,-0.013491402,-0.02266744,6.5572667,72.13672,0.020256415,0.7143572,72.13672,1428,FC128,collect,0,1428,,,,
0.0,8.0,0.0,0.31947938,0.002834465,0.9841041,-0.011654176,-0.020851761,6.618673,69.06641,0.020206276,0.71485746,69.06641,1429,FC128,collect,0,1429,,,,
0.0,8.0,0.0,0.30975887,0.0028303694,0.9831752,-0.0044338843,-0.013694245,6.6608605,66.95703,0.020274187,0.7153577,66.95703,1430,FC128,collect,0,1430,,,,
0.0,7.9960938,0.0,0.308816,0.002826274,0.9819914,-0.0050232657,-0.014700586,6.628907,68.359375,0.021100238,0.715858,68.359375,1431,FC128,collect,0,1431,,,,
0.0,7.9960938,0.0,0.31276596,0.0028221784,0.98006016,-0.0035227789,-0.013625841,6.6175003,68.92969,0.021971487,0.7163582,68.92969,1432,FC128,collect,0,1432,,,,
0.0,7.9726562,0.0,0.3013009,0.002818083,0.9776942,-0.0026697642,-0.014900121,6.6396103,66.65234,0.026158895,0.71685845,66.65234,1433,FC128,collect,0,1433,,,,
0.0,8.0,0.0,0.3020962,0.0028139874,0.98042554,-0.0038547055,-0.014167615,6.6239853,68.80078,0.02232601,0.7173587,68.80078,1434,FC128,collect,0,1434,,,,
0.0,8.0,0.0,0.29408646,0.0028098915,0.9815212,-0.0027830729,-0.012850667,6.647501,67.625,0.021787891,0.71785897,67.625,1435,FC128,collect,0,1435,,,,
0.0,8.0,0.0,0.29374138,0.002805796,0.98197544,-0.006653268,-0.016482215,6.6286726,68.56641,0.021306252,0.71835923,68.56641,1436,FC128,collect,0,1436,,,,
0.0,7.9726562,0.0,0.29465684,0.0028017005,0.9775256,-0.009415384,-0.022029325,6.5628138,70.49219,0.026878962,0.71885943,70.49219,1437,FC128,collect,0,1437,,,,
0.0,8.0,0.0,0.29091606,0.002797605,0.98277915,-0.0077519114,-0.01792492,6.6484385,67.578125,0.021973753,0.7193597,67.578125,1438,FC128,collect,0,1438,,,,
0.0,8.0,0.0,0.28493595,0.0027935095,0.9829252,-0.0056073875,-0.015803736,6.625079,68.74609,0.021984639,0.71985996,68.74609,1439,FC128,collect,0,1439,,,,
0.0,7.9804688,0.0,0.27745375,0.002789414,0.9792844,-0.0053035584,-0.017094165,6.638751,67.08594,0.02512908,0.7203602,67.08594,1440,FC128,collect,0,1440,,,,
0.0,8.0,0.0,0.26424187,0.0027853185,0.9809884,-0.0028819176,-0.013773314,6.6978135,65.109375,0.023254788,0.7208605,65.109375,1441,FC128,collect,0,1441,,,,
0.0,8.0,0.0,0.2914363,0.0027812226,0.9819247,-0.009764999,-0.020309187,6.5935946,70.32031,0.022709476,0.7213607,70.32031,1442,FC128,collect,0,1442,,,,
0.0,7.9960938,0.0,0.2881681,0.002777127,0.98075587,-0.0077926344,-0.01887341,6.586329,70.48828,0.02376211,0.72186095,70.48828,1443,FC128,collect,0,1443,,,,
0.0,7.9921875,0.0,0.28715163,0.0027730316,0.98150736,-0.005496229,-0.016330028,6.633751,67.921875,0.02326016,0.7223612,67.921875,1444,FC128,collect,0,1444,,,,
0.0,8.0,0.0,0.27950191,0.002768936,0.98129386,-0.00470857,-0.015521445,6.6415634,67.921875,0.023173597,0.72286147,67.921875,1445,FC128,collect,0,1445,,,,
0.0,7.9960938,0.0,0.28526914,0.0027648406,0.9827471,-0.0051405127,-0.015087924,6.6602354,66.79297,0.02147227,0.72336173,66.79297,1446,FC128,collect,0,1446,,,,
0.0,7.9960938,0.0,0.3033786,0.0027607451,0.9839962,-0.008036571,-0.017652724,6.623907,68.609375,0.02090741,0.72386193,68.609375,1447,FC128,collect,0,1447,,,,
0.0,7.9960938,0.0,0.29320815,0.0027566496,0.9847299,-0.007324968,-0.016774734,6.622735,68.66797,0.020516077,0.7243622,68.66797,1448,FC128,collect,0,1448,,,,
0.0,7.9960938,0.0,0.2998233,0.0027525541,0.98510075,-0.011183819,-0.020492505,6.5867977,70.46484,0.020267934,0.72486246,70.46484,1449,FC128,collect,0,1449,,,,
0.0,7.9921875,0.0,0.27249047,0.0027484582,0.9831239,-0.008729728,-0.018807458,6.65086,67.06641,0.021653317,0.7253627,67.06641,1450,FC128,collect,0,1450,,,,
0.0,7.9960938,0.0,0.28050634,0.0027443627,0.9846186,-0.0064478065,-0.015937258,6.670157,66.296875,0.020518525,0.725863,66.296875,1451,FC128,collect,0,1451,,,,
0.0,7.9726562,0.0,0.30849037,0.0027402672,0.9829968,-0.0069795777,-0.01765853,6.5940638,68.92969,0.023048596,0.7263632,68.92969,1452,FC128,collect,0,1452,,,,
0.0,8.0,0.0,0.29468444,0.0027361717,0.98412615,-0.0021571496,-0.011437944,6.6647663,66.76172,0.020174203,0.72686344,66.76172,1453,FC128,collect,0,1453,,,,
0.0,8.0,0.0,0.3005227,0.0027320762,0.98441285,-0.0056448868,-0.014914839,6.6483603,67.58203,0.020182006,0.7273637,67.58203,1454,FC128,collect,0,1454,,,,
0.0,8.0,0.0,0.28808188,0.0027279807,0.9830242,-0.0035349869,-0.013623848,6.639923,68.00391,0.021749485,0.72786397,68.00391,1455,FC128,collect,0,1455,,,,
0.0,7.953125,0.0,0.30401796,0.0027238852,0.98017657,-0.0037212758,-0.015920544,6.5822663,68.54297,0.026054757,0.7283642,68.54297,1456,FC128,collect,0,1456,,,,
0.0,8.0,0.0,0.29868636,0.0027197893,0.98421156,-0.0051116226,-0.014812216,6.668126,66.59375,0.021025915,0.72886443,66.59375,1457,FC128,collect,0,1457,,,,
0.0,7.9648438,0.0,0.33395392,0.0027156938,0.98115766,-0.01285698,-0.024362098,6.5628133,70.10156,0.02482407,0.7293647,70.10156,1458,FC128,collect,0,1458,,,,
0.0,7.9453125,0.0,0.41863307,0.0027115983,0.98604655,-0.027234191,-0.035813566,6.310079,81.76172,0.019429082,0.72986495,81.76172,1459,FC128,collect,0,1459,,,,
0.0,7.9140625,0.0,0.44275457,0.0027075028,0.9867877,-0.02656794,-0.034515128,6.222579,84.57422,0.018291894,0.7303652,84.57422,1460,FC128,collect,0,1460,,,,
0.0,7.9960938,0.0,0.35802266,0.0027034073,0.98325753,-0.0073291105,-0.016853385,6.5882826,70.390625,0.02098431,0.7308655,70.390625,1461,FC128,collect,0,1461,,,,
0.0,7.953125,0.0,0.3255434,0.0026993118,0.97571343,-0.001852466,-0.015386446,6.5650005,69.40625,0.028825447,0.7313657,69.40625,1462,FC128,collect,0,1462,,,,
0.0,8.0,0.0,0.32060033,0.0026952163,0.9800161,-0.0006878121,-0.011535505,6.637423,68.12891,0.02342356,0.73186594,68.12891,1463,FC128,collect,0,1463,,,,
0.0,8.0,0.0,0.31292784,0.0026911208,0.9817214,-0.00058903877,-0.011022318,6.677579,66.12109,0.022550812,0.7323662,66.12109,1464,FC128,collect,0,1464,,,,
0.0,8.0,0.0,0.32116407,0.002687025,0.98361117,-0.0060148714,-0.015866397,6.6267195,68.66406,0.021429002,0.73286647,68.66406,1465,FC128,collect,0,1465,,,,
0.0,8.0,0.0,0.31434864,0.0026829294,0.9835977,-0.007448091,-0.017151631,6.6743755,66.28125,0.02109383,0.7333667,66.28125,1466,FC128,collect,0,1466,,,,
0.0,8.0,0.0,0.30988663,0.002678834,0.98454285,-0.008569801,-0.0178907,6.658595,67.07031,0.020302065,0.73386693,67.07031,1467,FC128,collect,0,1467,,,,
0.0,8.0,0.0,0.31703258,0.0026747384,0.98560256,-0.011294312,-0.019771276,6.6253915,68.73047,0.018649887,0.7343672,68.73047,1468,FC128,collect,0,1468,,,,
0.0,8.0,0.0,0.29007488,0.002670643,0.9831322,-0.004313535,-0.013761768,6.672423,66.37891,0.020445839,0.73486745,66.37891,1469,FC128,collect,0,1469,,,,
0.0,7.9726562,0.0,0.2950741,0.0026665474,0.9817507,-0.0038863283,-0.014541152,6.6336727,66.94922,0.022883305,0.7353677,66.94922,1470,FC128,collect,0,1470,,,,
0.0,7.9726562,0.0,0.30234987,0.002662452,0.9792967,0.00046603143,-0.011176886,6.6235948,67.453125,0.024895819,0.735868,67.453125,1471,FC128,collect,0,1471,,,,
0.0,8.0,0.0,0.28731433,0.002658356,0.98053145,0.0011557904,-0.0091241365,6.6772666,66.13672,0.022087421,0.7363682,66.13672,1472,FC128,collect,0,1472,,,,
0.0,8.0,0.0,0.27901718,0.0026542605,0.9803844,0.0016564203,-0.008577241,6.647579,67.62109,0.02194849,0.73686844,67.62109,1473,FC128,collect,0,1473,,,,
0.0,7.9648438,0.0,0.29493794,0.002650165,0.97780025,-0.0019720609,-0.014595248,6.588829,68.80078,0.026809642,0.7373687,68.80078,1474,FC128,collect,0,1474,,,,
0.0,8.0,0.0,0.28838012,0.0026460695,0.98087054,-0.0026098082,-0.012828126,6.5935946,70.32031,0.021962782,0.73786896,70.32031,1475,FC128,collect,0,1475,,,,
0.0,8.0,0.0,0.2790522,0.002641974,0.9812489,-0.00468203,-0.014813277,6.6760945,66.19531,0.02173699,0.7383692,66.19531,1476,FC128,collect,0,1476,,,,
0.0,7.9765625,0.0,0.28428957,0.0026378785,0.9799051,-0.0067907237,-0.018280976,6.6367197,66.99219,0.024480347,0.7388695,66.99219,1477,FC128,collect,0,1477,,,,
0.0,7.9492188,0.0,0.27315974,0.002633783,0.97758025,-0.002132813,-0.015419852,6.6016417,67.37891,0.028012965,0.7393697,67.37891,1478,FC128,collect,0,1478,,,,
0.0,7.96875,0.0,0.2683778,0.0026296875,0.97776324,-0.004384852,-0.017279314,6.653985,65.73828,0.027200423,0.73986995,65.73828,1479,FC128,collect,0,1479,,,,
0.0,7.9960938,0.0,0.27858585,0.0026255916,0.9815279,-0.00558399,-0.016095819,6.648829,67.36328,0.022486564,0.7403702,67.36328,1480,FC128,collect,0,1480,,,,
0.0,8.0,0.0,0.28097665,0.002621496,0.98107713,-0.0052360054,-0.015945595,6.6278915,68.60547,0.022892337,0.7408705,68.60547,1481,FC128,collect,0,1481,,,,
0.0,8.0,0.0,0.27325216,0.0026174006,0.9793419,-0.002416731,-0.014057226,6.666095,66.69531,0.02471141,0.74137074,66.69531,1482,FC128,collect,0,1482,,,,
0.0,7.9726562,0.0,0.2574255,0.002613305,0.97696537,-0.000461051,-0.013334811,6.6572666,65.76953,0.027092982,0.74187094,65.76953,1483,FC128,collect,0,1483,,,,
0.0,8.0,0.0,0.27199578,0.0026092096,0.9817284,-0.0035746489,-0.014409035,6.702813,64.859375,0.02308816,0.7423712,64.859375,1484,FC128,collect,0,1484,,,,
0.0,8.0,0.0,0.27917182,0.0026051141,0.98260355,-0.0089327935,-0.019562976,6.65047,67.47656,0.022714915,0.74287146,67.47656,1485,FC128,collect,0,1485,,,,
0.0,8.0,0.0,0.2732545,0.0026010186,0.9834422,-0.0074870302,-0.018066179,6.6667194,66.66406,0.022579778,0.7433717,66.66406,1486,FC128,collect,0,1486,,,,
0.0,8.0,0.0,0.26368648,0.0025969232,0.98318803,-0.00370372,-0.014368545,6.7007823,64.96094,0.022699198,0.743872,64.96094,1487,FC128,collect,0,1487,,,,
0.0,7.9726562,0.0,0.27086744,0.0025928272,0.98137414,-0.008240389,-0.01988855,6.650782,66.09375,0.024700947,0.7443722,66.09375,1488,FC128,collect,0,1488,,,,
0.0,8.0,0.0,0.2723883,0.0025887317,0.98277754,-0.006219016,-0.016671488,6.700704,64.96484,0.022315225,0.74487245,64.96484,1489,FC128,collect,0,1489,,,,
0.0,8.0,0.0,0.27576375,0.0025846362,0.9840452,-0.0030836868,-0.012360303,6.68336,65.83203,0.01997873,0.7453727,65.83203,1490,FC128,collect,0,1490,,,,
0.0,8.0,0.0,0.28628498,0.0025805407,0.9832942,-0.0018872425,-0.011720378,6.712735,64.36328,0.02114381,0.745873,64.36328,1491,FC128,collect,0,1491,,,,
0.0,8.0,0.0,0.2839629,0.0025764452,0.9843652,-0.003715048,-0.012802433,6.7140636,64.296875,0.019638,0.74637324,64.296875,1492,FC128,collect,0,1492,,,,
0.0,7.9765625,0.0,0.29737008,0.0025723497,0.98381335,-0.007708367,-0.017461656,6.641876,66.734375,0.021036457,0.74687344,66.734375,1493,FC128,collect,0,1493,,,,
0.0,8.0,0.0,0.29875997,0.0025682542,0.9838776,-0.0074248603,-0.017075064,6.69211,65.39453,0.02083499,0.7473737,65.39453,1494,FC128,collect,0,1494,,,,
0.0,8.0,0.0,0.2840987,0.0025641583,0.984603,-0.0051512,-0.014832928,6.75086,62.45703,0.020820403,0.74787396,62.45703,1495,FC128,collect,0,1495,,,,
0.0,8.0,0.0,0.30444807,0.0025600628,0.9844302,-0.009436275,-0.019170256,6.669298,66.53516,0.021026775,0.7483742,66.53516,1496,FC128,collect,0,1496,,,,
0.0,7.9414062,0.0,0.2990985,0.0025559673,0.9789773,-0.0061847228,-0.02025269,6.599532,67.09375,0.029664906,0.7488745,67.09375,1497,FC128,collect,0,1497,,,,
0.0,8.0,0.0,0.3286317,0.0025518718,0.98424846,-0.012579198,-0.022208555,6.631798,68.41016,0.020935966,0.7493747,68.41016,1498,FC128,collect,0,1498,,,,
0.0,7.9648438,0.0,0.35691312,0.0025477763,0.98156154,-0.011829119,-0.023393786,6.520548,72.21484,0.024948003,0.74987495,72.21484,1499,FC128,collect,0,1499,,,,
0.0,7.984375,0.0,0.34444135,0.0025436808,0.98355114,-0.009324253,-0.018733077,6.608907,68.77344,0.020569947,0.7503752,68.77344,1500,FC128,collect,0,1500,,,,
0.0,7.9648438,0.0,0.3236165,0.0025395853,0.97901213,-0.0023882543,-0.014607896,6.60672,67.90625,0.026082987,0.7508755,67.90625,1501,FC128,collect,0,1501,,,,
0.0,7.9726562,0.0,0.33323103,0.0025354899,0.97897875,-0.0041915304,-0.016194364,6.5952353,68.87109,0.025695475,0.75137573,68.87109,1502,FC128,collect,0,1502,,,,
0.0,7.9921875,0.0,0.35908386,0.002531394,0.98169875,-0.008094853,-0.018268023,6.557501,71.734375,0.022164306,0.75187594,71.734375,1503,FC128,collect,0,1503,,,,
0.0,7.9570312,0.0,0.37072808,0.0025272984,0.9818689,-0.011907775,-0.02262679,6.4932823,73.1875,0.02331191,0.7523762,73.1875,1504,FC128,collect,0,1504,,,,
0.0,8.0,0.0,0.329826,0.002523203,0.9817602,-0.003607659,-0.013866408,6.6530476,67.34766,0.022181934,0.75287646,67.34766,1505,FC128,collect,0,1505,,,,
0.0,8.0,0.0,0.30749503,0.0025191074,0.98309684,-0.003282867,-0.012989939,6.666173,66.69141,0.02096337,0.7533767,66.69141,1506,FC128,collect,0,1506,,,,
0.0,7.9921875,0.0,0.30252427,0.002515012,0.98325056,-0.007054846,-0.017005019,6.646407,67.28906,0.02142205,0.753877,67.28906,1507,FC128,collect,0,1507,,,,
0.0,8.0,0.0,0.2795076,0.0025109164,0.9835504,-0.00281231,-0.012740712,6.739689,63.015625,0.021260444,0.7543772,63.015625,1508,FC128,collect,0,1508,,,,
0.0,8.0,0.0,0.29740253,0.002506821,0.98407376,-0.009493245,-0.019404523,6.670001,66.5,0.021313626,0.75487745,66.5,1509,FC128,collect,0,1509,,,,
0.0,7.9960938,0.0,0.27807677,0.002502725,0.9826032,-0.0027806081,-0.01313232,6.708439,64.38281,0.022095323,0.7553777,64.38281,1510,FC128,collect,0,1510,,,,
0.0,7.9726562,0.0,0.27654582,0.0024986295,0.97890574,-0.0031634923,-0.015079766,6.6204696,67.609375,0.025214517,0.755878,67.609375,1511,FC128,collect,0,1511,,,,
0.0,8.0,0.0,0.27385095,0.002494534,0.9809096,-0.0019683025,-0.012355434,6.686251,65.6875,0.022140523,0.75637823,65.6875,1512,FC128,collect,0,1512,,,,
0.0,7.9960938,0.0,0.28913906,0.0024904385,0.98144567,-0.002736319,-0.012968644,6.622735,68.66797,0.021904815,0.75687844,68.66797,1513,FC128,collect,0,1513,,,,
0.0,7.9921875,0.0,0.27497306,0.002486343,0.97987574,-0.0031462274,-0.0144613385,6.641798,67.51953,0.023997577,0.7573787,67.51953,1514,FC128,collect,0,1514,,,,
0.0,8.0,0.0,0.25603858,0.0024822475,0.98025286,-0.0025904428,-0.013520296,6.6810946,65.94531,0.023130808,0.75787896,65.94531,1515,FC128,collect,0,1515,,,,
0.0,7.96875,0.0,0.25639117,0.002478152,0.9755694,4.5601162e-05,-0.013287093,6.6121883,67.828125,0.02793614,0.7583792,67.828125,1516,FC128,collect,0,1516,,,,
0.0,7.9765625,0.0,0.28620252,0.0024740566,0.97999257,-0.007503968,-0.01874783,6.5790634,69.875,0.023903888,0.7588795,69.875,1517,FC128,collect,0,1517,,,,
0.0,7.9648438,0.0,0.27281246,0.0024699606,0.9776087,-0.004618489,-0.017956588,6.609767,67.75391,0.02802387,0.75937974,67.75391,1518,FC128,collect,0,1518,,,,
0.0,7.9960938,0.0,0.2632643,0.002465865,0.98038054,-0.0028553172,-0.014461623,6.658985,66.85547,0.02451096,0.75987995,66.85547,1519,FC128,collect,0,1519,,,,
0.0,7.96875,0.0,0.2589683,0.0024617696,0.9755625,-0.001459921,-0.015189,6.6643763,65.21875,0.0287332,0.7603802,65.21875,1520,FC128,collect,0,1520,,,,
0.0,8.0,0.0,0.26266912,0.0024576741,0.9800152,-0.0026160716,-0.014442461,6.7298446,63.507812,0.024943888,0.7608805,63.507812,1521,FC128,collect,0,1521,,,,
0.0,8.0,0.0,0.26996428,0.0024535786,0.9812152,-0.0058703753,-0.017181775,6.6925793,65.37109,0.023947556,0.76138073,65.37109,1522,FC128,collect,0,1522,,,,
0.0,7.984375,0.0,0.2643761,0.0024494831,0.9798701,-0.007124601,-0.019580634,6.6210165,68.16797,0.026207237,0.761881,68.16797,1523,FC128,collect,0,1523,,,,
0.0,7.9921875,0.0,0.2936231,0.0024453877,0.9818721,-0.010675346,-0.021721091,6.611642,69.02734,0.023527537,0.7623812,69.02734,1524,FC128,collect,0,1524,,,,
0.0,7.9882812,0.0,0.27877456,0.0024412917,0.9804536,-0.0068460978,-0.018648997,6.6215634,68.33594,0.024966938,0.76288146,68.33594,1525,FC128,collect,0,1525,,,,
0.0,8.0,0.0,0.27579236,0.0024371962,0.98188126,-0.00472099,-0.015320483,6.685157,65.74219,0.022543306,0.7633817,65.74219,1526,FC128,collect,0,1526,,,,
0.0,8.0,0.0,0.27859116,0.0024331007,0.98275006,-0.0041285097,-0.014631878,6.692814,65.359375,0.022362417,0.763882,65.359375,1527,FC128,collect,0,1527,,,,
0.0,8.0,0.0,0.27370068,0.0024290052,0.98335236,-0.00444511,-0.0146899875,6.708829,64.55859,0.021819396,0.76438224,64.55859,1528,FC128,collect,0,1528,,,,
0.0,8.0,0.0,0.27391398,0.0024249097,0.9835061,-0.006159884,-0.016370246,6.6948447,65.25781,0.021749157,0.76488245,65.25781,1529,FC128,collect,0,1529,,,,
0.0,8.0,0.0,0.26902822,0.0024208142,0.9847896,-0.005955995,-0.015915662,6.710704,64.46484,0.021221869,0.7653827,64.46484,1530,FC128,collect,0,1530,,,,
0.0,7.9414062,0.0,0.24638861,0.0024167188,0.9769084,0.0021821365,-0.012622848,6.682345,62.953125,0.030800873,0.76588297,62.953125,1531,FC128,collect,0,1531,,,,
0.0,8.0,0.0,0.26873165,0.0024126233,0.98358357,-0.004200718,-0.014200216,6.7239857,63.80078,0.021295693,0.76638323,63.80078,1532,FC128,collect,0,1532,,,,
0.0,8.0,0.0,0.29171914,0.0024085273,0.9852413,-0.007174784,-0.016411634,6.6835947,65.82031,0.019878928,0.7668835,65.82031,1533,FC128,collect,0,1533,,,,
0.0,7.9726562,0.0,0.29801387,0.0024044318,0.98292315,-0.0043944316,-0.015174847,6.6353917,66.86328,0.022993939,0.7673837,66.86328,1534,FC128,collect,0,1534,,,,
0.0,8.0,0.0,0.29072407,0.0024003363,0.98311484,-0.004686811,-0.014494732,6.652032,67.39844,0.021011513,0.76788396,67.39844,1535,FC128,collect,0,1535,,,,
0.0,8.0,0.0,0.2844844,0.0023962408,0.982307,-0.0020229262,-0.012784217,6.6838293,65.80859,0.022885967,0.7683842,65.80859,1536,FC128,collect,0,1536,,,,
0.0,8.0,0.0,0.28579554,0.0023921453,0.9831688,-0.004026355,-0.014299175,6.704611,64.76953,0.021912968,0.7688845,64.76953,1537,FC128,collect,0,1537,,,,
0.0,8.0,0.0,0.29725727,0.0023880498,0.9844897,-0.005273097,-0.014815475,6.6759386,66.203125,0.020504486,0.76938474,66.203125,1538,FC128,collect,0,1538,,,,
0.0,7.9804688,0.0,0.36469367,0.0023839544,0.98569727,-0.020721504,-0.029522495,6.507266,73.66016,0.01934081,0.76988494,73.66016,1539,FC128,collect,0,1539,,,,
0.0,7.9023438,0.0,0.40830174,0.0023798584,0.984537,-0.026211452,-0.036403876,6.296329,80.30078,0.022328252,0.7703852,80.30078,1540,FC128,collect,0,1540,,,,
0.0,7.9882812,0.0,0.35186467,0.002375763,0.9852483,-0.015040991,-0.024444953,6.5870323,70.0625,0.020479817,0.77088547,70.0625,1541,FC128,collect,0,1541,,,,
0.0,7.9570312,0.0,0.2983258,0.0023716674,0.9786065,-0.002697926,-0.015365603,6.6399226,65.85547,0.026750414,0.7713857,65.85547,1542,FC128,collect,0,1542,,,,
0.0,8.0,0.0,0.2960507,0.002367572,0.98273164,-0.004531872,-0.01495735,6.6777353,66.11328,0.022252798,0.771886,66.11328,1543,FC128,collect,0,1543,,,,
0.0,8.0,0.0,0.30129656,0.0023634764,0.9833645,-0.0060692024,-0.015969673,6.670001,66.5,0.021225156,0.7723862,66.5,1544,FC128,collect,0,1544,,,,
0.0,7.9726562,0.0,0.32324094,0.002359381,0.9800498,-0.002541401,-0.014924433,6.6251574,67.375,0.026291361,0.77288646,67.375,1545,FC128,collect,0,1545,,,,
0.0,7.9921875,0.0,0.33894998,0.0023552855,0.9843109,-0.007958557,-0.017732633,6.6189075,68.66406,0.0211448,0.7733867,68.66406,1546,FC128,collect,0,1546,,,,
0.0,7.9921875,0.0,0.34512338,0.00235119,0.98496413,-0.011240711,-0.020445658,6.572501,70.984375,0.020032793,0.773887,70.984375,1547,FC128,collect,0,1547,,,,
0.0,7.9726562,0.0,0.2995834,0.002347094,0.9796645,-0.0035103988,-0.016068786,6.636485,66.80859,0.026523076,0.77438724,66.80859,1548,FC128,collect,0,1548,,,,
0.0,8.0,0.0,0.29044998,0.0023429985,0.98233455,-0.0012476556,-0.01135202,6.713751,64.3125,0.021569777,0.77488744,64.3125,1549,FC128,collect,0,1549,,,,
0.0,7.9804688,0.0,0.29834127,0.002338903,0.9809046,-0.0011819962,-0.012422038,6.6622663,65.91016,0.023875667,0.7753877,65.91016,1550,FC128,collect,0,1550,,,,
0.0,7.953125,0.0,0.28758192,0.0023348075,0.97830397,-0.001450673,-0.014145229,6.632579,66.02734,0.026732009,0.77588797,66.02734,1551,FC128,collect,0,1551,,,,
0.0,8.0,0.0,0.29380918,0.002330712,0.9828731,-0.003276443,-0.012868622,6.683673,65.81641,0.020553928,0.7763882,65.81641,1552,FC128,collect,0,1552,,,,
0.0,8.0,0.0,0.29168624,0.0023266166,0.98301125,-0.0009969624,-0.010830419,6.7060947,64.69531,0.021024197,0.7768885,64.69531,1553,FC128,collect,0,1553,,,,
0.0,8.0,0.0,0.27719432,0.002322521,0.9824132,0.0002456737,-0.009520332,6.7067194,64.66406,0.020819591,0.7773887,64.66406,1554,FC128,collect,0,1554,,,,
0.0,8.0,0.0,0.2795232,0.002318425,0.9823346,-0.003094895,-0.013584327,6.716954,64.15234,0.022274971,0.77788895,64.15234,1555,FC128,collect,0,1555,,,,
0.0,8.0,0.0,0.29203373,0.0023143296,0.98311615,-0.008083686,-0.018085191,6.6692195,66.53906,0.021354735,0.7783892,66.53906,1556,FC128,collect,0,1556,,,,
0.0,8.0,0.0,0.26036513,0.0023102341,0.98342264,-0.0012140409,-0.011460148,6.760001,62.0,0.021695223,0.7788895,62.0,1557,FC128,collect,0,1557,,,,
0.0,7.984375,0.0,0.2589811,0.0023061386,0.98158264,-0.00394987,-0.0151322745,6.7098446,63.726562,0.023559302,0.77938974,63.726562,1558,FC128,collect,0,1558,,,,
0.0,8.0,0.0,0.25403884,0.0023020431,0.9829527,-0.005058756,-0.015274189,6.7597666,62.01172,0.021600483,0.77989,62.01172,1559,FC128,collect,0,1559,,,,
0.0,7.9765625,0.0,0.25694177,0.0022979476,0.98038477,-0.004360386,-0.016324451,6.7121105,63.222656,0.025109008,0.7803902,63.222656,1560,FC128,collect,0,1560,,,,
0.0,7.9765625,0.0,0.26603183,0.0022938522,0.9799475,-0.0046772426,-0.016692346,6.6700006,65.328125,0.025250683,0.78089046,65.328125,1561,FC128,collect,0,1561,,,,
0.0,8.0,0.0,0.27307817,0.0022897567,0.9817963,-0.006729694,-0.01722956,6.68086,65.95703,0.022250298,0.7813907,65.95703,1562,FC128,collect,0,1562,,,,
0.0,8.0,0.0,0.27901775,0.0022856607,0.9818317,-0.006059898,-0.016231377,6.6760163,66.19922,0.021618437,0.781891,66.19922,1563,FC128,collect,0,1563,,,,
0.0,7.9882812,0.0,0.26657873,0.0022815652,0.98007756,-0.0049435506,-0.015930474,6.637501,67.53906,0.02319028,0.78239125,67.53906,1564,FC128,collect,0,1564,,,,
0.0,7.9882812,0.0,0.27410614,0.0022774697,0.98013294,-0.0035719834,-0.014982012,6.671095,65.859375,0.024068594,0.78289145,65.859375,1565,FC128,collect,0,1565,,,,
0.0,7.96875,0.0,0.26828396,0.0022733742,0.9790101,-0.0015071619,-0.014275709,6.659454,65.46484,0.026756914,0.7833917,65.46484,1566,FC128,collect,0,1566,,,,
0.0,7.9960938,0.0,0.27858397,0.0022692787,0.98314303,-0.006312888,-0.016297994,6.629376,68.33594,0.021234581,0.783892,68.33594,1567,FC128,collect,0,1567,,,,
0.0,8.0,0.0,0.26000175,0.0022651833,0.9825667,-0.0028498601,-0.012776221,6.7071104,64.64453,0.021030625,0.78439224,64.64453,1568,FC128,collect,0,1568,,,,
0.0,8.0,0.0,0.26359835,0.0022610878,0.9837551,-0.0026928768,-0.012158033,6.737423,63.128906,0.020122351,0.7848925,63.128906,1569,FC128,collect,0,1569,,,,
0.0,7.96875,0.0,0.25606936,0.0022569918,0.9811309,-0.003615523,-0.015366505,6.687501,64.0625,0.024657857,0.7853927,64.0625,1570,FC128,collect,0,1570,,,,
0.0,7.984375,0.0,0.26745817,0.0022528963,0.9834471,-0.010569818,-0.020984976,6.6678133,65.828125,0.022035426,0.78589296,65.828125,1571,FC128,collect,0,1571,,,,
0.0,8.0,0.0,0.26788428,0.0022488008,0.98498607,-0.007723176,-0.01730011,6.71297,64.35156,0.020358706,0.7863932,64.35156,1572,FC128,collect,0,1572,,,,
0.0,7.9960938,0.0,0.27045602,0.0022447053,0.9855309,-0.0069013485,-0.01655989,6.713126,64.14844,0.02053127,0.7868935,64.14844,1573,FC128,collect,0,1573,,,,
0.0,7.9726562,0.0,0.2679786,0.0022406098,0.98210585,-0.0048631816,-0.016073098,6.703204,63.472656,0.023620704,0.78739375,63.472656,1574,FC128,collect,0,1574,,,,
0.0,8.0,0.0,0.26961803,0.0022365144,0.98479694,-0.0035757108,-0.012732803,6.726407,63.679688,0.019520193,0.78789395,63.679688,1575,FC128,collect,0,1575,,,,
0.0,8.0,0.0,0.26109263,0.0022324189,0.98357296,0.00031957135,-0.0092558265,6.755313,62.234375,0.020316532,0.7883942,62.234375,1576,FC128,collect,0,1576,,,,
0.0,7.96875,0.0,0.26496348,0.0022283234,0.9796545,-0.00013474491,-0.012699586,6.695157,63.679688,0.026310531,0.7888945,63.679688,1577,FC128,collect,0,1577,,,,
0.0,7.9960938,0.0,0.26385814,0.0022242274,0.983608,-0.003565468,-0.013634228,6.731642,63.222656,0.021311281,0.78939474,63.222656,1578,FC128,collect,0,1578,,,,
0.0,8.0,0.0,0.26598468,0.002220132,0.9848268,-0.0032811204,-0.012962949,6.728516,63.57422,0.0205447,0.789895,63.57422,1579,FC128,collect,0,1579,,,,
0.0,7.9882812,0.0,0.34428293,0.0022160364,0.9871861,-0.0174023,-0.026045194,6.560235,71.40234,0.018811673,0.7903952,71.40234,1580,FC128,collect,0,1580,,,,
0.0,7.984375,0.0,0.36601213,0.002211941,0.9882714,-0.020105366,-0.027879143,6.5376573,72.33594,0.017166749,0.79089546,72.33594,1581,FC128,collect,0,1581,,,,
0.0,8.0,0.0,0.30634215,0.0022078454,0.9864053,-0.009730246,-0.018369684,6.668751,66.5625,0.018631589,0.7913957,66.5625,1582,FC128,collect,0,1582,,,,
0.0,8.0,0.0,0.2768821,0.00220375,0.98463535,-0.004651305,-0.014115026,6.72422,63.789062,0.0201478,0.791896,63.789062,1583,FC128,collect,0,1583,,,,
0.0,7.9882812,0.0,0.27976722,0.0021996545,0.98352677,-0.0018462243,-0.012228095,6.69547,64.640625,0.021994524,0.79239625,64.640625,1584,FC128,collect,0,1584,,,,
0.0,8.0,0.0,0.2829264,0.0021955585,0.98505205,-0.004617641,-0.014320011,6.7108603,64.45703,0.020647103,0.79289645,64.45703,1585,FC128,collect,0,1585,,,,
0.0,8.0,0.0,0.2824015,0.002191463,0.98526657,-0.006328039,-0.015536162,6.7250004,63.75,0.01965399,0.7933967,63.75,1586,FC128,collect,0,1586,,,,
0.0,7.9960938,0.0,0.3067161,0.0021873675,0.98660576,-0.010203901,-0.01869567,6.681798,65.71484,0.018325338,0.793897,65.71484,1587,FC128,collect,0,1587,,,,
0.0,8.0,0.0,0.2919606,0.002183272,0.9859419,-0.006769746,-0.015616206,6.72547,63.726562,0.01896778,0.79439723,63.726562,1588,FC128,collect,0,1588,,,,
0.0,7.9765625,0.0,0.28102654,0.0021791765,0.9819903,-0.0020731366,-0.013296194,6.7032824,63.664062,0.023670929,0.7948975,63.664062,1589,FC128,collect,0,1589,,,,
0.0,8.0,0.0,0.30025735,0.002175081,0.985424,-0.0060432577,-0.014663797,6.7114854,64.42578,0.018547246,0.7953977,64.42578,1590,FC128,collect,0,1590,,,,
0.0,8.0,0.0,0.30162066,0.0021709856,0.98537046,-0.0061122947,-0.015130473,6.6809387,65.953125,0.019345986,0.79589796,65.953125,1591,FC128,collect,0,1591,,,,
0.0,8.0,0.0,0.28527036,0.00216689,0.9846224,-0.005883309,-0.015109488,6.7247667,63.76172,0.019688657,0.7963982,63.76172,1592,FC128,collect,0,1592,,,,
0.0,7.9960938,0.0,0.3090381,0.0021627941,0.98626786,-0.008664949,-0.016835237,6.6371884,67.94531,0.017677348,0.7968985,67.94531,1593,FC128,collect,0,1593,,,,
0.0,7.96875,0.0,0.30637044,0.0021586986,0.98431635,-0.0053899786,-0.015245543,6.6392198,66.47656,0.021033851,0.79739875,66.47656,1594,FC128,collect,0,1594,,,,
0.0,8.0,0.0,0.28417325,0.0021546031,0.9864213,-0.005227469,-0.013485659,6.716876,64.15625,0.01774094,0.79789895,64.15625,1595,FC128,collect,0,1595,,,,
0.0,8.0,0.0,0.27647835,0.0021505076,0.9848379,-0.0031526913,-0.011930924,6.7143755,64.28125,0.018745603,0.7983992,64.28125,1596,FC128,collect,0,1596,,,,
0.0,7.96875,0.0,0.26747355,0.0021464122,0.9810738,-0.001674291,-0.0132974945,6.7091417,62.98047,0.024394624,0.7988995,62.98047,1597,FC128,collect,0,1597,,,,
0.0,8.0,0.0,0.26137525,0.0021423167,0.98530185,-0.004962898,-0.014170843,6.7322664,63.38672,0.019535787,0.79939973,63.38672,1598,FC128,collect,0,1598,,,,
0.0,8.0,0.0,0.25619948,0.0021382212,0.9841742,-0.003981361,-0.013191022,6.769532,61.523438,0.019514944,0.7999,61.523438,1599,FC128,collect,0,1599,,,,
0.0,7.9882812,0.0,0.25401312,0.0021341257,0.9831982,-0.006260502,-0.016320106,6.7234383,63.242188,0.021203399,0.80040026,63.242188,1600,FC128,collect,0,1600,,,,
0.0,8.0,0.0,0.2591429,0.0021300297,0.98457813,-0.0042780032,-0.013577529,6.754923,62.253906,0.019703016,0.80090046,62.253906,1601,FC128,collect,0,1601,,,,
0.0,7.9765625,0.0,0.25316438,0.0021259342,0.9800595,-0.0023406562,-0.014146957,6.714063,63.125,0.024689022,0.8014007,63.125,1602,FC128,collect,0,1602,,,,
0.0,7.984375,0.0,0.27238637,0.0021218387,0.9816214,-0.0042929146,-0.014906853,6.688048,64.81641,0.022383798,0.801901,64.81641,1603,FC128,collect,0,1603,,,,
0.0,8.0,0.0,0.2654113,0.0021177432,0.98320264,-0.0025992517,-0.0121345995,6.7623444,61.882812,0.020194842,0.80240124,61.882812,1604,FC128,collect,0,1604,,,,
0.0,8.0,0.0,0.26527387,0.0021136478,0.98348755,-0.0031384511,-0.012442195,6.7311726,63.441406,0.019728879,0.8029015,63.441406,1605,FC128,collect,0,1605,,,,
0.0,7.96875,0.0,0.2701894,0.0021095523,0.9799099,-0.0054621687,-0.017165447,6.671563,64.859375,0.024546513,0.8034017,64.859375,1606,FC128,collect,0,1606,,,,
0.0,7.96875,0.0,0.2706412,0.0021054568,0.9799154,-0.006833842,-0.018953353,6.6646104,65.20703,0.025378669,0.803902,65.20703,1607,FC128,collect,0,1607,,,,
0.0,8.0,0.0,0.2528261,0.0021013608,0.9839907,-0.002908191,-0.0125293,6.764923,61.753906,0.020304775,0.80440223,61.753906,1608,FC128,collect,0,1608,,,,
0.0,8.0,0.0,0.26413095,0.0020972653,0.9840126,-0.008972831,-0.018489372,6.7076573,64.61719,0.020140987,0.8049025,64.61719,1609,FC128,collect,0,1609,,,,
0.0,8.0,0.0,0.2661783,0.0020931698,0.98400897,-0.006820197,-0.016355503,6.7124233,64.37891,0.020184925,0.80540276,64.37891,1610,FC128,collect,0,1610,,,,
0.0,7.9960938,0.0,0.25444713,0.0020890743,0.98395336,-0.0047749616,-0.0144204935,6.7364073,62.984375,0.020354182,0.80590296,62.984375,1611,FC128,collect,0,1611,,,,
0.0,7.96875,0.0,0.253355,0.0020849789,0.98168665,-0.0056690695,-0.017322542,6.7136726,62.753906,0.024363425,0.8064032,62.753906,1612,FC128,collect,0,1612,,,,
0.0,7.9960938,0.0,0.24861988,0.0020808834,0.9844881,-0.004740158,-0.014327408,6.7521887,62.195312,0.020209197,0.8069035,62.195312,1613,FC128,collect,0,1613,,,,
0.0,7.9921875,0.0,0.25863248,0.0020767879,0.98452705,-0.0061628777,-0.015744133,6.723282,63.445312,0.02023676,0.80740374,63.445312,1614,FC128,collect,0,1614,,,,
0.0,8.0,0.0,0.2523693,0.0020726924,0.98606795,-0.008184839,-0.016889498,6.742032,62.898438,0.018455485,0.807904,62.898438,1615,FC128,collect,0,1615,,,,
0.0,7.984375,0.0,0.2593497,0.0020685964,0.98428595,-0.0049866014,-0.014801441,6.6919537,64.62109,0.020702658,0.8084042,64.62109,1616,FC128,collect,0,1616,,,,
0.0,8.0,0.0,0.2593425,0.002064501,0.9854064,-0.0042258427,-0.01333255,6.7552357,62.23828,0.01928424,0.80890447,62.23828,1617,FC128,collect,0,1617,,,,
0.0,7.9960938,0.0,0.25694358,0.0020604054,0.9860164,-0.0035726181,-0.011917569,6.704376,64.58594,0.017748717,0.80940473,64.58594,1618,FC128,collect,0,1618,,,,
0.0,8.0,0.0,0.2393171,0.00205631,0.9849648,0.00083787716,-0.008222201,6.7853136,60.734375,0.019104376,0.809905,60.734375,1619,FC128,collect,0,1619,,,,
0.0,7.984375,0.0,0.26841936,0.0020522145,0.9859301,-0.0033735232,-0.012554695,6.6953135,64.453125,0.019464051,0.81040525,64.453125,1620,FC128,collect,0,1620,,,,
0.0,8.0,0.0,0.25161052,0.002048119,0.9860065,-0.0049809064,-0.014063153,6.74086,62.95703,0.01919515,0.81090546,62.95703,1621,FC128,collect,0,1621,,,,
0.0,8.0,0.0,0.24833551,0.0020440235,0.9868147,-0.0028881945,-0.0114518665,6.7742195,61.289062,0.018142551,0.8114057,61.289062,1622,FC128,collect,0,1622,,,,
0.0,7.9804688,0.0,0.25302732,0.0020399275,0.9842686,-0.005248199,-0.015292008,6.7181253,63.117188,0.021119934,0.811906,63.117188,1623,FC128,collect,0,1623,,,,
0.0,8.0,0.0,0.25259793,0.002035832,0.98704827,-0.0067264237,-0.015190096,6.775939,61.203125,0.017955838,0.81240624,61.203125,1624,FC128,collect,0,1624,,,,
0.0,8.0,0.0,0.26045322,0.0020317365,0.98606986,-0.0053880434,-0.014105396,6.746407,62.679688,0.01849305,0.8129065,62.679688,1625,FC128,collect,0,1625,,,,
0.0,8.0,0.0,0.25940722,0.002027641,0.98595655,-0.004756703,-0.01359114,6.7739854,61.30078,0.018720843,0.8134067,61.30078,1626,FC128,collect,0,1626,,,,
0.0,7.9882812,0.0,0.2791625,0.0020235456,0.98549694,-0.008346049,-0.017456997,6.685704,65.12891,0.019351693,0.81390697,65.12891,1627,FC128,collect,0,1627,,,,
0.0,7.9804688,0.0,0.26613295,0.00201945,0.98321456,-0.0041203657,-0.014180892,6.7297664,62.535156,0.021195937,0.8144072,62.535156,1628,FC128,collect,0,1628,,,,
0.0,8.0,0.0,0.27638963,0.0020153546,0.98394924,-0.005605191,-0.014917713,6.6991415,65.04297,0.01973909,0.8149075,65.04297,1629,FC128,collect,0,1629,,,,
0.0,8.0,0.0,0.26956517,0.002011259,0.98491555,-0.0053976583,-0.014225915,6.746954,62.652344,0.018740844,0.81540775,62.652344,1630,FC128,collect,0,1630,,,,
0.0,8.0,0.0,0.29741612,0.0020071631,0.9864673,-0.008681929,-0.017355721,6.693204,65.33984,0.018541511,0.81590796,65.33984,1631,FC128,collect,0,1631,,,,
0.0,8.0,0.0,0.29593608,0.0020030676,0.98597646,-0.008736358,-0.017431496,6.6945324,65.27344,0.018575836,0.8164082,65.27344,1632,FC128,collect,0,1632,,,,
0.0,8.0,0.0,0.2671909,0.0019989721,0.985804,-0.0036306486,-0.0121787535,6.75422,62.289062,0.018164424,0.8169085,62.289062,1633,FC128,collect,0,1633,,,,
0.0,7.9335938,0.0,0.27167585,0.0019948767,0.9789368,-0.00451087,-0.017272541,6.6271105,65.32422,0.026607262,0.81740874,65.32422,1634,FC128,collect,0,1634,,,,
0.0,8.0,0.0,0.27644664,0.0019907812,0.98555535,-0.0059013283,-0.014628917,6.7291417,63.54297,0.018555867,0.817909,63.54297,1635,FC128,collect,0,1635,,,,
0.0,8.0,0.0,0.26213577,0.0019866857,0.98614305,-0.0025969974,-0.01088836,6.77172,61.414062,0.017624289,0.8184092,61.414062,1636,FC128,collect,0,1636,,,,
0.0,8.0,0.0,0.2634679,0.0019825902,0.9863361,-0.004591616,-0.01274968,6.7570324,62.148438,0.017360827,0.81890947,62.148438,1637,FC128,collect,0,1637,,,,
0.0,7.9960938,0.0,0.25856242,0.0019784942,0.98506224,-0.0038908068,-0.012738535,6.765626,61.523438,0.018718585,0.8194097,61.523438,1638,FC128,collect,0,1638,,,,
0.0,8.0,0.0,0.25411335,0.0019743987,0.9853766,-0.002312989,-0.010906524,6.7764072,61.179688,0.018190512,0.81991,61.179688,1639,FC128,collect,0,1639,,,,
0.0,8.0,0.0,0.26043892,0.0019703032,0.98607594,-0.004517299,-0.013039743,6.751251,62.4375,0.018071175,0.82041025,62.4375,1640,FC128,collect,0,1640,,,,
0.0,8.0,0.0,0.25707266,0.0019662078,0.9852158,-0.0068264375,-0.015922865,6.781251,60.9375,0.01920377,0.82091045,60.9375,1641,FC128,collect,0,1641,,,,
0.0,7.9765625,0.0,0.2467732,0.0019621123,0.98266697,-0.002959679,-0.013703388,6.7467203,61.492188,0.022455812,0.8214107,61.492188,1642,FC128,collect,0,1642,,,,
0.0,8.0,0.0,0.2606386,0.0019580168,0.9867054,-0.0064996555,-0.014805139,6.745704,62.714844,0.017631637,0.821911,62.714844,1643,FC128,collect,0,1643,,,,
0.0,8.0,0.0,0.25651926,0.0019539213,0.98669153,-0.004441891,-0.012584707,6.763204,61.839844,0.017288068,0.82241124,61.839844,1644,FC128,collect,0,1644,,,,
0.0,7.9726562,0.0,0.2544454,0.0019498258,0.9831562,-0.0038949756,-0.014529205,6.6832037,64.47266,0.022260707,0.8229115,64.47266,1645,FC128,collect,0,1645,,,,
0.0,8.0,0.0,0.24846636,0.0019457298,0.9849019,-0.0008841108,-0.009909339,6.773126,61.34375,0.019017354,0.82341176,61.34375,1646,FC128,collect,0,1646,,,,
0.0,8.0,0.0,0.25136483,0.0019416343,0.9848434,-0.0007409424,-0.009852336,6.7710943,61.445312,0.019198904,0.82391196,61.445312,1647,FC128,collect,0,1647,,,,
0.0,8.0,0.0,0.2543542,0.0019375389,0.9852052,-0.0051985686,-0.014034628,6.7433605,62.83203,0.01865776,0.8244122,62.83203,1648,FC128,collect,0,1648,,,,
0.0,8.0,0.0,0.2437138,0.0019334434,0.9850031,-0.0026228395,-0.011495517,6.7917194,60.414062,0.018687768,0.8249125,60.414062,1649,FC128,collect,0,1649,,,,
0.0,7.9570312,0.0,0.25176555,0.0019293479,0.98167926,-0.0046153506,-0.016282728,6.7005477,62.82422,0.024306241,0.82541275,62.82422,1650,FC128,collect,0,1650,,,,
0.0,8.0,0.0,0.23881188,0.0019252524,0.9860929,-0.006805168,-0.015606911,6.8078914,59.60547,0.018523032,0.825913,59.60547,1651,FC128,collect,0,1651,,,,
0.0,8.0,0.0,0.25311843,0.0019211569,0.98660237,-0.008236533,-0.016744258,6.769923,61.503906,0.01798801,0.8264132,61.503906,1652,FC128,collect,0,1652,,,,
0.0,8.0,0.0,0.25399888,0.0019170609,0.9858761,-0.009150058,-0.018251128,6.7647667,61.76172,0.019176004,0.8269135,61.76172,1653,FC128,collect,0,1653,,,,
0.0,7.9726562,0.0,0.23852085,0.0019129654,0.9834109,-0.003497761,-0.0138157075,6.7407823,61.59375,0.021548457,0.82741374,61.59375,1654,FC128,collect,0,1654,,,,
0.0,8.0,0.0,0.24696597,0.00190887,0.9855979,-0.0060162954,-0.014707678,6.762579,61.871094,0.018325618,0.827914,61.871094,1655,FC128,collect,0,1655,,,,
0.0,7.9726562,0.0,0.25929245,0.0019047745,0.9824634,-0.004331312,-0.01508562,6.677266,64.76953,0.022496402,0.82841426,64.76953,1656,FC128,collect,0,1656,,,,
0.0,8.0,0.0,0.2315015,0.001900679,0.9838635,0.00013396872,-0.009257941,6.7967196,60.164062,0.019663839,0.82891446,60.164062,1657,FC128,collect,0,1657,,,,
0.0,7.9765625,0.0,0.24839804,0.0018965835,0.9818564,0.0014162371,-0.009613002,6.730469,62.304688,0.023000693,0.8294147,62.304688,1658,FC128,collect,0,1658,,,,
0.0,8.0,0.0,0.23678961,0.001892488,0.9845189,-0.0024326637,-0.011768223,6.7756257,61.21875,0.019567361,0.829915,61.21875,1659,FC128,collect,0,1659,,,,
0.0,8.0,0.0,0.23672593,0.0018883925,0.98564696,-0.0010245632,-0.01017004,6.783204,60.839844,0.019185016,0.83041525,60.839844,1660,FC128,collect,0,1660,,,,
0.0,8.0,0.0,0.23923117,0.0018842965,0.98477757,-0.004277384,-0.0139948055,6.7964854,60.17578,0.020336408,0.8309155,60.17578,1661,FC128,collect,0,1661,,,,
0.0,8.0,0.0,0.2323803,0.001880201,0.9856572,-0.005861465,-0.015123288,6.7967196,60.164062,0.01939749,0.8314157,60.164062,1662,FC128,collect,0,1662,,,,
0.0,7.9921875,0.0,0.23359053,0.0018761056,0.9846164,-0.0047368957,-0.014586631,6.769454,61.13672,0.020575952,0.831916,61.13672,1663,FC128,collect,0,1663,,,,
0.0,8.0,0.0,0.23234878,0.0018720101,0.985441,-0.0052322773,-0.014533815,6.7898445,60.507812,0.019472994,0.83241624,60.507812,1664,FC128,collect,0,1664,,,,
0.0,8.0,0.0,0.24586052,0.0018679146,0.98568994,-0.005842517,-0.014746217,6.7838287,60.808594,0.018725893,0.8329165,60.808594,1665,FC128,collect,0,1665,,,,
0.0,8.0,0.0,0.2472011,0.0018638191,0.98370844,-0.0037819303,-0.013363259,6.7722664,61.38672,0.020084133,0.83341676,61.38672,1666,FC128,collect,0,1666,,,,
0.0,8.0,0.0,0.25618783,0.0018597236,0.98475945,-0.0025640614,-0.0118282875,6.770079,61.496094,0.01948133,0.83391696,61.496094,1667,FC128,collect,0,1667,,,,
0.0,8.0,0.0,0.2622773,0.0018556276,0.9858245,-0.0030298291,-0.011914114,6.7612505,61.9375,0.018741947,0.8344172,61.9375,1668,FC128,collect,0,1668,,,,
0.0,8.0,0.0,0.24885714,0.0018515321,0.9857754,-0.0046529537,-0.013519732,6.799532,60.023438,0.018655092,0.8349175,60.023438,1669,FC128,collect,0,1669,,,,
0.0,8.0,0.0,0.24779508,0.0018474367,0.98533535,-0.0050282744,-0.0143824015,6.8046103,59.76953,0.019623825,0.83541775,59.76953,1670,FC128,collect,0,1670,,,,
0.0,8.0,0.0,0.24093756,0.0018433412,0.9857955,-0.0041367365,-0.013304665,6.7898445,60.507812,0.019224117,0.835918,60.507812,1671,FC128,collect,0,1671,,,,
0.0,7.984375,0.0,0.24933395,0.0018392457,0.98498255,-0.007634116,-0.01782016,6.7323446,62.601562,0.021289263,0.8364182,62.601562,1672,FC128,collect,0,1672,,,,
0.0,8.0,0.0,0.24798636,0.0018351502,0.98629487,-0.004480746,-0.013142733,6.7860165,60.69922,0.018234158,0.8369185,60.69922,1673,FC128,collect,0,1673,,,,
0.0,8.0,0.0,0.24117298,0.0018310547,0.9858616,-0.0032610516,-0.012406539,6.80711,59.64453,0.019174177,0.83741874,59.64453,1674,FC128,collect,0,1674,,,,
0.0,7.96875,0.0,0.24658158,0.0018269592,0.98201364,0.0004310014,-0.0113443425,6.7310944,61.882812,0.024451677,0.837919,61.882812,1675,FC128,collect,0,1675,,,,
0.0,8.0,0.0,0.2515256,0.0018228632,0.98445076,-0.0030560617,-0.012373218,6.7603135,61.984375,0.019551307,0.83841926,61.984375,1676,FC128,collect,0,1676,,,,
0.0,8.0,0.0,0.24520151,0.0018187677,0.9860167,-0.0023614762,-0.011039517,6.7691417,61.54297,0.01824801,0.83891946,61.54297,1677,FC128,collect,0,1677,,,,
0.0,8.0,0.0,0.24593747,0.0018146723,0.9863222,-0.0022154083,-0.011071296,6.787657,60.617188,0.018604368,0.8394197,60.617188,1678,FC128,collect,0,1678,,,,
0.0,8.0,0.0,0.2441681,0.0018105768,0.98609,-0.0012865069,-0.010051621,6.7767196,61.164062,0.018414399,0.83992,61.164062,1679,FC128,collect,0,1679,,,,
0.0,7.9765625,0.0,0.24825129,0.0018064813,0.98407304,-0.004291924,-0.014540187,6.7315636,62.25,0.021393448,0.84042025,62.25,1680,FC128,collect,0,1680,,,,
0.0,8.0,0.0,0.24118291,0.0018023858,0.9867524,-0.004345544,-0.012907038,6.7746105,61.26953,0.017992398,0.8409205,61.26953,1681,FC128,collect,0,1681,,,,
0.0,7.9414062,0.0,0.23835371,0.0017982903,0.97897416,-0.0010769516,-0.015152493,6.7029696,61.921875,0.02900834,0.8414207,61.921875,1682,FC128,collect,0,1682,,,,
0.0,8.0,0.0,0.24717405,0.0017941943,0.98597956,-0.0054017417,-0.0141245,6.767501,61.625,0.018332472,0.841921,61.625,1683,FC128,collect,0,1683,,,,
0.0,7.9414062,0.0,0.24953862,0.0017900988,0.9771809,0.00032939095,-0.013738843,6.7061725,61.76172,0.029029865,0.84242123,61.76172,1684,FC128,collect,0,1684,,,,
0.0,8.0,0.0,0.24354346,0.0017860034,0.98454535,0.0021178764,-0.006776123,6.79086,60.45703,0.018657938,0.8429215,60.45703,1685,FC128,collect,0,1685,,,,
0.0,8.0,0.0,0.24527016,0.0017819079,0.9830559,0.00091178005,-0.0088132275,6.812579,59.371094,0.020324113,0.84342176,59.371094,1686,FC128,collect,0,1686,,,,
0.0,7.9804688,0.0,0.2501472,0.0017778124,0.9821304,-0.0011403401,-0.011499829,6.740704,61.98828,0.021608407,0.843922,61.98828,1687,FC128,collect,0,1687,,,,
0.0,7.9492188,0.0,0.24054469,0.0017737169,0.97848725,-0.00023019288,-0.013008357,6.715626,61.679688,0.026409645,0.8444222,61.679688,1688,FC128,collect,0,1688,,,,
0.0,7.9804688,0.0,0.2526389,0.0017696214,0.98243016,-0.006561817,-0.017147131,6.7299232,62.527344,0.022064779,0.8449225,62.527344,1689,FC128,collect,0,1689,,,,
0.0,7.9804688,0.0,0.2403573,0.0017655259,0.98319584,-0.0051805396,-0.015639033,6.7285166,62.597656,0.021765701,0.84542274,62.597656,1690,FC128,collect,0,1690,,,,
0.0,8.0,0.0,0.24216792,0.00176143,0.98535365,-0.007984145,-0.01712453,6.7655478,61.722656,0.019133894,0.845923,61.722656,1691,FC128,collect,0,1691,,,,
0.0,8.0,0.0,0.24240373,0.0017573345,0.9864797,-0.0051676393,-0.013660162,6.7885947,60.570312,0.017837014,0.84642327,60.570312,1692,FC128,collect,0,1692,,,,
0.0,8.0,0.0,0.25552356,0.001753239,0.9857262,-0.006615469,-0.015421234,6.7555475,62.222656,0.018507518,0.8469235,62.222656,1693,FC128,collect,0,1693,,,,
0.0,7.9804688,0.0,0.24183953,0.0017491435,0.9839868,-0.0034812351,-0.013280567,6.760235,61.01172,0.020444687,0.84742373,61.01172,1694,FC128,collect,0,1694,,,,
0.0,8.0,0.0,0.2368448,0.001745048,0.98482054,-0.0024283533,-0.011569192,6.8148446,59.257812,0.019108288,0.847924,59.257812,1695,FC128,collect,0,1695,,,,
0.0,8.0,0.0,0.24558981,0.0017409525,0.98504543,-0.0058604656,-0.0149551295,6.7778134,61.109375,0.019044448,0.84842426,61.109375,1696,FC128,collect,0,1696,,,,
0.0,8.0,0.0,0.24682821,0.001736857,0.9851079,-0.005898116,-0.015086774,6.775626,61.21875,0.019234726,0.8489245,61.21875,1697,FC128,collect,0,1697,,,,
0.0,8.0,0.0,0.24387307,0.001732761,0.9856396,-0.006611648,-0.015193956,6.7734385,61.328125,0.018009763,0.8494247,61.328125,1698,FC128,collect,0,1698,,,,
0.0,8.0,0.0,0.23503053,0.0017286655,0.9860265,-0.0036761628,-0.012128148,6.807111,59.64453,0.01771655,0.849925,59.64453,1699,FC128,collect,0,1699,,,,
0.0,7.9726562,0.0,0.24194929,0.0017245701,0.9834365,-0.0020536147,-0.012922294,6.76211,60.527344,0.022571877,0.85042524,60.527344,1700,FC128,collect,0,1700,,,,
0.0,8.0,0.0,0.253562,0.0017204746,0.98613876,-0.006521395,-0.015211247,6.7575006,62.125,0.018252198,0.8509255,62.125,1701,FC128,collect,0,1701,,,,
0.0,8.0,0.0,0.23877874,0.0017163791,0.98546916,-0.0031027754,-0.011804855,6.762657,61.867188,0.01822383,0.85142577,61.867188,1702,FC128,collect,0,1702,,,,
0.0,8.0,0.0,0.24361023,0.0017122836,0.9860354,-0.0040108548,-0.012470239,6.784298,60.785156,0.017753027,0.85192597,60.785156,1703,FC128,collect,0,1703,,,,
0.0,8.0,0.0,0.23151165,0.0017081881,0.986377,-0.0014611136,-0.009829938,6.801407,59.929688,0.01752858,0.85242623,59.929688,1704,FC128,collect,0,1704,,,,
0.0,7.9804688,0.0,0.2414409,0.0017040926,0.9841733,-0.0020313289,-0.012033896,6.771407,60.453125,0.020828009,0.8529265,60.453125,1705,FC128,collect,0,1705,,,,
0.0,8.0,0.0,0.23881061,0.0016999966,0.9866458,-0.0040408587,-0.01258271,6.805626,59.71875,0.017895658,0.85342675,59.71875,1706,FC128,collect,0,1706,,,,
0.0,8.0,0.0,0.23571683,0.0016959012,0.9862834,-0.004651285,-0.013422828,6.7789073,61.054688,0.018342592,0.853927,61.054688,1707,FC128,collect,0,1707,,,,
0.0,8.0,0.0,0.2394498,0.0016918057,0.98654157,-0.006785949,-0.015430441,6.7990637,60.046875,0.018099189,0.8544272,60.046875,1708,FC128,collect,0,1708,,,,
0.0,8.0,0.0,0.2372659,0.0016877102,0.98646903,-0.0065009696,-0.015243647,6.791095,60.445312,0.018286226,0.8549275,60.445312,1709,FC128,collect,0,1709,,,,
0.0,8.0,0.0,0.24942072,0.0016836147,0.9869057,-0.006007413,-0.014618199,6.7709384,61.453125,0.01806143,0.85542774,61.453125,1710,FC128,collect,0,1710,,,,
0.0,7.9804688,0.0,0.25123638,0.0016795192,0.9845831,-0.007877888,-0.01763901,6.7372665,62.160156,0.020366155,0.855928,62.160156,1711,FC128,collect,0,1711,,,,
0.0,7.9765625,0.0,0.2605796,0.0016754237,0.98452765,-0.0052129994,-0.0147813205,6.7205477,62.80078,0.020009805,0.85642827,62.80078,1712,FC128,collect,0,1712,,,,
0.0,7.9140625,0.0,0.2627318,0.0016713277,0.9775965,-0.002948648,-0.017328506,6.6199226,64.70703,0.029637938,0.85692847,64.70703,1713,FC128,collect,0,1713,,,,
0.0,8.0,0.0,0.24290541,0.0016672323,0.98367107,0.002194985,-0.007256451,6.804845,59.757812,0.019712832,0.8574287,59.757812,1714,FC128,collect,0,1714,,,,
0.0,7.9726562,0.0,0.2446861,0.0016631368,0.97950214,0.0049772896,-0.006866262,6.7385163,61.70703,0.024500996,0.857929,61.70703,1715,FC128,collect,0,1715,,,,
0.0,7.9726562,0.0,0.24008672,0.0016590413,0.980441,0.0065710256,-0.0050038407,6.7542977,60.91797,0.02394636,0.85842925,60.91797,1716,FC128,collect,0,1716,,,,
0.0,8.0,0.0,0.24109286,0.0016549458,0.9841559,0.003276922,-0.0058864816,6.7817197,60.914062,0.019124798,0.8589295,60.914062,1717,FC128,collect,0,1717,,,,
0.0,7.9765625,0.0,0.22500263,0.0016508503,0.98292166,0.0012590794,-0.00921801,6.792657,59.195312,0.02169707,0.8594297,59.195312,1718,FC128,collect,0,1718,,,,
0.0,7.953125,0.0,0.23807088,0.0016467548,0.98079264,-0.0019353316,-0.014845948,6.7030478,62.503906,0.026605321,0.85993,62.503906,1719,FC128,collect,0,1719,,,,
0.0,7.9765625,0.0,0.24353312,0.0016426593,0.98459005,-0.0058876043,-0.016161835,6.739532,61.851562,0.021348545,0.86043024,61.851562,1720,FC128,collect,0,1720,,,,
0.0,8.0,0.0,0.22727728,0.0016385633,0.98778254,-0.0042754696,-0.01210165,6.801095,59.945312,0.016397178,0.8609305,59.945312,1721,FC128,collect,0,1721,,,,
0.0,8.0,0.0,0.22522111,0.0016344679,0.98727614,-0.0030651337,-0.011184336,6.8104696,59.476562,0.016974637,0.86143076,59.476562,1722,FC128,collect,0,1722,,,,
0.0,8.0,0.0,0.23175591,0.0016303724,0.9867366,-0.0031555414,-0.01148421,6.8139853,59.30078,0.017413035,0.86193097,59.30078,1723,FC128,collect,0,1723,,,,
0.0,8.0,0.0,0.22206429,0.0016262769,0.9868349,-0.0011906326,-0.009339496,6.8164854,59.17578,0.017020002,0.8624312,59.17578,1724,FC128,collect,0,1724,,,,
0.0,8.0,0.0,0.22273189,0.0016221814,0.98683536,6.4555294e-05,-0.008029564,6.84211,57.89453,0.016910862,0.8629315,57.89453,1725,FC128,collect,0,1725,,,,
0.0,8.0,0.0,0.2369646,0.0016180859,0.98737794,-0.0040411595,-0.012011845,6.7841415,60.79297,0.016708229,0.86343175,60.79297,1726,FC128,collect,0,1726,,,,
0.0,8.0,0.0,0.22769284,0.0016139904,0.9880292,-0.0036587107,-0.011103214,6.823204,58.839844,0.015623994,0.863932,58.839844,1727,FC128,collect,0,1727,,,,
0.0,8.0,0.0,0.22566523,0.0016098944,0.9876771,-0.0028242725,-0.010760343,6.803204,59.839844,0.016598735,0.8644322,59.839844,1728,FC128,collect,0,1728,,,,
0.0,8.0,0.0,0.2299652,0.001605799,0.9869299,-0.0071264496,-0.015295775,6.8008604,59.95703,0.017077206,0.8649325,59.95703,1729,FC128,collect,0,1729,,,,
0.0,8.0,0.0,0.22437957,0.0016017035,0.98742926,-0.0029982901,-0.01090222,6.801017,59.94922,0.01652664,0.86543274,59.94922,1730,FC128,collect,0,1730,,,,
0.0,8.0,0.0,0.22213696,0.001597608,0.9873086,-0.0030991582,-0.010817323,6.810001,59.5,0.016146105,0.865933,59.5,1731,FC128,collect,0,1731,,,,
0.0,8.0,0.0,0.23433119,0.0015935125,0.98782116,-0.004269376,-0.011847649,6.799454,60.027344,0.015903365,0.86643326,60.027344,1732,FC128,collect,0,1732,,,,
0.0,8.0,0.0,0.2336469,0.001589417,0.9876285,-0.004855558,-0.012464663,6.7970324,60.148438,0.015960936,0.8669335,60.148438,1733,FC128,collect,0,1733,,,,
0.0,8.0,0.0,0.23372956,0.0015853215,0.98747826,-0.0043662176,-0.012121351,6.7903137,60.484375,0.01625134,0.8674337,60.484375,1734,FC128,collect,0,1734,,,,
0.0,8.0,0.0,0.22488002,0.001581226,0.98580945,-0.0023522151,-0.010696101,6.7795324,61.023438,0.017398944,0.867934,61.023438,1735,FC128,collect,0,1735,,,,
0.0,7.96875,0.0,0.22932932,0.00157713,0.98247105,-0.003111116,-0.014133309,6.754454,60.714844,0.02276775,0.86843425,60.714844,1736,FC128,collect,0,1736,,,,
0.0,8.0,0.0,0.22017232,0.0015730346,0.9860513,-0.0015599534,-0.009905154,6.8101573,59.492188,0.017383078,0.8689345,59.492188,1737,FC128,collect,0,1737,,,,
0.0,8.0,0.0,0.22890045,0.0015689391,0.9859147,-0.0033845368,-0.011881729,6.7927356,60.36328,0.017712645,0.8694348,60.36328,1738,FC128,collect,0,1738,,,,
0.0,8.0,0.0,0.2266706,0.0015648436,0.98637927,-0.004098954,-0.012345367,6.7982817,60.085938,0.017202234,0.869935,60.085938,1739,FC128,collect,0,1739,,,,
0.0,8.0,0.0,0.23213503,0.0015607481,0.9864111,-0.0014889997,-0.0099309115,6.8060946,59.695312,0.017608432,0.87043524,59.695312,1740,FC128,collect,0,1740,,,,
0.0,7.9804688,0.0,0.21472864,0.0015566526,0.9833932,-0.0008184888,-0.011003778,6.783204,59.86328,0.021039095,0.8709355,59.86328,1741,FC128,collect,0,1741,,,,
0.0,8.0,0.0,0.22571069,0.0015525571,0.98693275,-0.004196562,-0.012484311,6.798829,60.058594,0.017276356,0.87143576,60.058594,1742,FC128,collect,0,1742,,,,
0.0,8.0,0.0,0.22628441,0.0015484616,0.98734426,-0.005866123,-0.013864112,6.811329,59.433594,0.016696764,0.871936,59.433594,1743,FC128,collect,0,1743,,,,
0.0,8.0,0.0,0.22289675,0.0015443657,0.98624736,-0.0033417917,-0.012057695,6.820938,58.953125,0.018120274,0.8724362,58.953125,1744,FC128,collect,0,1744,,,,
0.0,8.0,0.0,0.21451297,0.0015402702,0.98655885,-0.002106061,-0.010502466,6.8255477,58.722656,0.017453626,0.8729365,58.722656,1745,FC128,collect,0,1745,,,,
0.0,7.9765625,0.0,0.21933079,0.0015361747,0.98297364,-0.0032896048,-0.013807241,6.7710943,60.273438,0.021709133,0.87343675,60.273438,1746,FC128,collect,0,1746,,,,
0.0,7.9570312,0.0,0.22775827,0.0015320792,0.9820301,-0.0041435636,-0.015585852,6.730235,61.339844,0.023582464,0.873937,61.339844,1747,FC128,collect,0,1747,,,,
0.0,8.0,0.0,0.20975673,0.0015279837,0.9872915,0.00073070405,-0.0070657134,6.8591413,57.04297,0.016233845,0.8744373,57.04297,1748,FC128,collect,0,1748,,,,
0.0,8.0,0.0,0.21916825,0.0015238882,0.98741156,-0.0008915148,-0.008948874,6.81336,59.33203,0.016782694,0.8749375,59.33203,1749,FC128,collect,0,1749,,,,
0.0,8.0,0.0,0.21470892,0.0015197927,0.98686725,0.00016246273,-0.007989556,6.854767,57.26172,0.016956663,0.87543774,57.26172,1750,FC128,collect,0,1750,,,,
0.0,8.0,0.0,0.21702887,0.0015156968,0.98681617,-0.0022531666,-0.010426776,6.816407,59.179688,0.017005118,0.875938,59.179688,1751,FC128,collect,0,1751,,,,
0.0,7.9765625,0.0,0.23790397,0.0015116013,0.98518234,-0.005328012,-0.014962924,6.7434382,61.65625,0.019989055,0.87643826,61.65625,1752,FC128,collect,0,1752,,,,
0.0,7.9453125,0.0,0.22259906,0.0015075058,0.9814541,-0.0013923597,-0.013911223,6.741563,60.1875,0.025708865,0.8769385,60.1875,1753,FC128,collect,0,1753,,,,
0.0,7.984375,0.0,0.21893905,0.0015034103,0.986601,-0.0044026687,-0.0127790375,6.8138294,58.527344,0.017411048,0.8774387,58.527344,1754,FC128,collect,0,1754,,,,
0.0,8.0,0.0,0.25125566,0.0014993148,0.9888776,-0.0067288717,-0.013895294,6.798438,60.078125,0.015086266,0.877939,60.078125,1755,FC128,collect,0,1755,,,,
0.0,8.0,0.0,0.23423158,0.0014952193,0.9870932,-0.0026521767,-0.010512167,6.7996883,60.015625,0.016420435,0.87843925,60.015625,1756,FC128,collect,0,1756,,,,
0.0,8.0,0.0,0.23223959,0.0014911238,0.9881123,-0.004358412,-0.011778211,6.7971883,60.140625,0.015532194,0.8789395,60.140625,1757,FC128,collect,0,1757,,,,
0.0,8.0,0.0,0.24038224,0.0014870283,0.9875994,-0.003991526,-0.011809528,6.8229694,58.851562,0.016350914,0.8794398,58.851562,1758,FC128,collect,0,1758,,,,
0.0,8.0,0.0,0.2401293,0.0014829324,0.9872874,-0.004682735,-0.012863835,6.758048,62.097656,0.017074391,0.87994,62.097656,1759,FC128,collect,0,1759,,,,
0.0,7.96875,0.0,0.25386798,0.0014788369,0.986279,-0.0061446046,-0.015037816,6.740938,61.390625,0.018537281,0.88044024,61.390625,1760,FC128,collect,0,1760,,,,
0.0,7.984375,0.0,0.25365725,0.0014747414,0.987071,-0.0072061205,-0.015697682,6.7503133,61.703125,0.017731281,0.8809405,61.703125,1761,FC128,collect,0,1761,,,,
0.0,7.9570312,0.0,0.23466991,0.0014706459,0.98433435,-0.0036300912,-0.013962712,6.748907,60.40625,0.021355474,0.88144076,60.40625,1762,FC128,collect,0,1762,,,,
0.0,7.9726562,0.0,0.2290777,0.0014665504,0.98506206,-0.0004240571,-0.010292935,6.7825794,59.503906,0.020409664,0.881941,59.503906,1763,FC128,collect,0,1763,,,,
0.0,8.0,0.0,0.23200102,0.0014624549,0.987008,-0.0012704832,-0.009294535,6.8188295,59.058594,0.016726686,0.8824412,59.058594,1764,FC128,collect,0,1764,,,,
0.0,7.9765625,0.0,0.23190229,0.0014583594,0.9848072,-0.0040040845,-0.01357966,6.794532,59.101562,0.019827545,0.8829415,59.101562,1765,FC128,collect,0,1765,,,,
0.0,8.0,0.0,0.2313438,0.0014542635,0.98809236,-0.0037219052,-0.011327812,6.811798,59.410156,0.015884684,0.88344175,59.410156,1766,FC128,collect,0,1766,,,,
0.0,8.0,0.0,0.22930884,0.001450168,0.9887929,-0.004573681,-0.011713377,6.8290634,58.546875,0.014944465,0.883942,58.546875,1767,FC128,collect,0,1767,,,,
0.0,8.0,0.0,0.22753006,0.0014460725,0.98805296,-0.0032038,-0.010742838,6.8178134,59.109375,0.015736125,0.88444227,59.109375,1768,FC128,collect,0,1768,,,,
0.0,8.0,0.0,0.21750537,0.001441977,0.9888239,-0.0034470498,-0.010758273,6.85086,57.45703,0.015249723,0.8849425,57.45703,1769,FC128,collect,0,1769,,,,
0.0,8.0,0.0,0.22044736,0.0014378815,0.98782235,-0.005194505,-0.013031196,6.8342977,58.285156,0.016307335,0.88544273,58.285156,1770,FC128,collect,0,1770,,,,
0.0,8.0,0.0,0.26993707,0.001433786,0.9897498,-0.010902995,-0.017706798,6.7617197,61.914062,0.014381669,0.885943,61.914062,1771,FC128,collect,0,1771,,,,
0.0,8.0,0.0,0.23519835,0.0014296905,0.9886343,-0.005539252,-0.012629,6.804923,59.753906,0.014852017,0.88644326,59.753906,1772,FC128,collect,0,1772,,,,
0.0,7.9882812,0.0,0.22422116,0.001425595,0.98753136,-0.003064558,-0.010962265,6.8098445,58.921875,0.01643471,0.8869435,58.921875,1773,FC128,collect,0,1773,,,,
0.0,7.9453125,0.0,0.22455932,0.0014214991,0.9816657,-0.000786027,-0.012719833,6.7453914,59.996094,0.024506034,0.8874438,59.996094,1774,FC128,collect,0,1774,,,,
0.0,8.0,0.0,0.22911583,0.0014174036,0.9875287,-0.002507048,-0.010108941,6.8035946,59.820312,0.015853286,0.887944,59.820312,1775,FC128,collect,0,1775,,,,
0.0,8.0,0.0,0.23110195,0.0014133081,0.98670995,-0.0032065918,-0.011068333,6.7929697,60.351562,0.016376719,0.88844424,60.351562,1776,FC128,collect,0,1776,,,,
0.0,8.0,0.0,0.24793288,0.0014092126,0.98704296,-0.0050583743,-0.012854311,6.7676573,61.617188,0.016290653,0.8889445,61.617188,1777,FC128,collect,0,1777,,,,
0.0,7.9765625,0.0,0.22994627,0.0014051171,0.9841972,-0.003204362,-0.0124470815,6.7631254,60.671875,0.019131642,0.88944477,60.671875,1778,FC128,collect,0,1778,,,,
0.0,8.0,0.0,0.22089337,0.0014010216,0.9871953,-0.0043993974,-0.012459635,6.8535166,57.32422,0.016739428,0.88994503,57.32422,1779,FC128,collect,0,1779,,,,
0.0,8.0,0.0,0.2256756,0.0013969261,0.98780924,-0.004103664,-0.011943982,6.8403134,57.984375,0.01631114,0.89044523,57.984375,1780,FC128,collect,0,1780,,,,
0.0,7.9765625,0.0,0.23048395,0.0013928302,0.9852383,-0.007081734,-0.016595796,6.763673,60.64453,0.019670174,0.8909455,60.64453,1781,FC128,collect,0,1781,,,,
0.0,8.0,0.0,0.24641192,0.0013887347,0.98818386,-0.009261104,-0.017018883,6.7848444,60.757812,0.016199958,0.89144576,60.757812,1782,FC128,collect,0,1782,,,,
0.0,8.0,0.0,0.22648601,0.0013846392,0.9873696,-0.0068589672,-0.015036687,6.815782,59.210938,0.016982643,0.891946,59.210938,1783,FC128,collect,0,1783,,,,
0.0,8.0,0.0,0.2495527,0.0013805437,0.9875886,-0.008587442,-0.016436221,6.7451572,62.742188,0.016386595,0.8924463,62.742188,1784,FC128,collect,0,1784,,,,
0.0,8.0,0.0,0.24998578,0.0013764482,0.98772687,-0.0071551553,-0.014883321,6.7311726,63.441406,0.016144516,0.8929465,63.441406,1785,FC128,collect,0,1785,,,,
0.0,8.0,0.0,0.21469893,0.0013723527,0.9868992,-0.0008774932,-0.008828842,6.83336,58.33203,0.016491983,0.89344674,58.33203,1786,FC128,collect,0,1786,,,,
0.0,8.0,0.0,0.24146742,0.0013682572,0.98736227,-0.0028053839,-0.010493472,6.7875786,60.621094,0.016036956,0.893947,60.621094,1787,FC128,collect,0,1787,,,,
0.0,7.9726562,0.0,0.23761748,0.0013641617,0.9847495,-0.00218759,-0.012066553,6.7407036,61.597656,0.020406224,0.89444727,61.597656,1788,FC128,collect,0,1788,,,,
0.0,7.9609375,0.0,0.2141157,0.0013600658,0.9821133,-0.00018275424,-0.011064109,6.7521105,60.441406,0.022345133,0.8949475,60.441406,1789,FC128,collect,0,1789,,,,
0.0,7.9257812,0.0,0.20887898,0.0013559703,0.9792681,0.002730082,-0.010616121,6.729063,59.835938,0.027258873,0.89544773,59.835938,1790,FC128,collect,0,1790,,,,
0.0,8.0,0.0,0.20668456,0.0013518748,0.9882115,0.00014645935,-0.0074100965,6.877735,56.11328,0.015671935,0.895948,56.11328,1791,FC128,collect,0,1791,,,,
0.0,7.9765625,0.0,0.2130994,0.0013477793,0.9849225,-0.0014684177,-0.0112281805,6.795314,59.0625,0.020093948,0.89644825,59.0625,1792,FC128,collect,0,1792,,,,
0.0,7.9804688,0.0,0.20963608,0.0013436838,0.9861171,-0.0030316724,-0.011754973,6.8088293,58.58203,0.01800997,0.8969485,58.58203,1793,FC128,collect,0,1793,,,,
0.0,8.0,0.0,0.21461682,0.0013395883,0.9886137,-0.0046550515,-0.011808148,6.82297,58.851562,0.014881189,0.8974488,58.851562,1794,FC128,collect,0,1794,,,,
0.0,8.0,0.0,0.21699435,0.0013354928,0.9883259,-0.004728631,-0.0120074665,6.8247666,58.76172,0.01513726,0.897949,58.76172,1795,FC128,collect,0,1795,,,,
0.0,8.0,0.0,0.21146393,0.0013313969,0.9883913,-0.0039322665,-0.011537576,6.811641,59.41797,0.015773704,0.89844924,59.41797,1796,FC128,collect,0,1796,,,,
0.0,7.9804688,0.0,0.21883032,0.0013273014,0.9862479,-0.0039027338,-0.012839105,6.793282,59.359375,0.01845365,0.8989495,59.359375,1797,FC128,collect,0,1797,,,,
0.0,8.0,0.0,0.22700486,0.0013232059,0.9894357,-0.0037412925,-0.010651799,6.8096104,59.51953,0.014421761,0.89944977,59.51953,1798,FC128,collect,0,1798,,,,
0.0,8.0,0.0,0.2159786,0.0013191104,0.9886299,-0.0009134599,-0.008076666,6.8648443,56.757812,0.014896211,0.89995,56.757812,1799,FC128,collect,0,1799,,,,
0.0,8.0,0.0,0.2119322,0.0013150149,0.98786527,-0.0010444693,-0.008570536,6.8471103,57.64453,0.015609521,0.9004502,57.64453,1800,FC128,collect,0,1800,,,,
0.0,8.0,0.0,0.21906675,0.0013109194,0.9897201,-0.0012708423,-0.007906017,6.860782,56.960938,0.013844707,0.9009505,56.960938,1801,FC128,collect,0,1801,,,,
0.0,8.0,0.0,0.22085617,0.0013068239,0.9901024,-0.006680747,-0.013163763,6.8279696,58.601562,0.013543272,0.90145075,58.601562,1802,FC128,collect,0,1802,,,,
0.0,8.0,0.0,0.23120607,0.0013027284,0.99007094,-0.00763353,-0.014535422,6.823595,58.820312,0.014406182,0.901951,58.820312,1803,FC128,collect,0,1803,,,,
0.0,8.0,0.0,0.24234737,0.0012986325,0.9901984,-0.009403722,-0.01595967,6.7742977,61.285156,0.013741338,0.9024513,61.285156,1804,FC128,collect,0,1804,,,,
0.0,8.0,0.0,0.2182199,0.001294537,0.9893537,-0.0043100794,-0.011417211,6.8424225,57.878906,0.014779251,0.9029515,57.878906,1805,FC128,collect,0,1805,,,,
0.0,7.984375,0.0,0.2183683,0.0012904415,0.987542,-0.0017342878,-0.009835385,6.7956257,59.4375,0.016765777,0.90345174,59.4375,1806,FC128,collect,0,1806,,,,
0.0,7.9921875,0.0,0.2117892,0.001286346,0.988733,0.00097943,-0.0062498967,6.835782,57.820312,0.015003522,0.903952,57.820312,1807,FC128,collect,0,1807,,,,
0.0,8.0,0.0,0.2168739,0.0012822505,0.9881915,-0.0019502498,-0.009474863,6.7998447,60.007812,0.0156054,0.90445226,60.007812,1808,FC128,collect,0,1808,,,,
0.0,8.0,0.0,0.22230011,0.001278155,0.98882,-0.0018328051,-0.008952889,6.823517,58.82422,0.014808435,0.9049525,58.82422,1809,FC128,collect,0,1809,,,,
0.0,8.0,0.0,0.21481422,0.0012740595,0.98865044,-0.0010824662,-0.008310269,6.8496885,57.515625,0.015002977,0.9054527,57.515625,1810,FC128,collect,0,1810,,,,
0.0,8.0,0.0,0.21921669,0.0012699636,0.989444,-0.0019800735,-0.008899875,6.8603134,56.984375,0.014396397,0.905953,56.984375,1811,FC128,collect,0,1811,,,,
0.0,8.0,0.0,0.22110553,0.0012658681,0.9896982,-0.0033175107,-0.010114361,6.8435163,57.82422,0.0141534805,0.90645325,57.82422,1812,FC128,collect,0,1812,,,,
0.0,7.9375,0.0,0.21050902,0.0012617726,0.98054093,0.0007482205,-0.012735886,6.7665634,58.546875,0.027499441,0.9069535,58.546875,1813,FC128,collect,0,1813,,,,
0.0,7.9765625,0.0,0.23217477,0.0012576771,0.9879314,-0.0061388244,-0.014224303,6.7755475,60.05078,0.016754959,0.9074538,60.05078,1814,FC128,collect,0,1814,,,,
0.0,8.0,0.0,0.22111768,0.0012535816,0.988638,-0.006679472,-0.013906409,6.820626,58.96875,0.015008252,0.90795404,58.96875,1815,FC128,collect,0,1815,,,,
0.0,8.0,0.0,0.2233204,0.0012494861,0.988303,-0.003586509,-0.010981868,6.834376,58.28125,0.015348789,0.90845424,58.28125,1816,FC128,collect,0,1816,,,,
0.0,7.9960938,0.0,0.20864996,0.0012453906,0.98768866,-0.00058812794,-0.008168723,6.8431263,57.648438,0.015680892,0.9089545,57.648438,1817,FC128,collect,0,1817,,,,
0.0,7.9804688,0.0,0.20563823,0.0012412951,0.98546344,-0.0001228693,-0.009095451,6.813751,58.335938,0.018455679,0.90945476,58.335938,1818,FC128,collect,0,1818,,,,
0.0,8.0,0.0,0.21253474,0.0012371992,0.98785776,-0.0042779013,-0.01177323,6.8235164,58.82422,0.015516552,0.909955,58.82422,1819,FC128,collect,0,1819,,,,
0.0,8.0,0.0,0.2131576,0.0012331037,0.9880634,-0.0039306427,-0.011356159,6.8224225,58.878906,0.015376723,0.9104553,58.878906,1820,FC128,collect,0,1820,,,,
0.0,7.9960938,0.0,0.20809527,0.0012290082,0.9878952,-0.004165278,-0.011673249,6.829376,58.335938,0.015527445,0.9109555,58.335938,1821,FC128,collect,0,1821,,,,
0.0,8.0,0.0,0.2061808,0.0012249127,0.98677534,-0.0029014612,-0.010965918,6.8376575,58.117188,0.016634021,0.91145575,58.117188,1822,FC128,collect,0,1822,,,,
0.0,7.9765625,0.0,0.20393172,0.0012208172,0.98491156,0.0004903596,-0.008920875,6.832579,57.19922,0.019320397,0.911956,57.19922,1823,FC128,collect,0,1823,,,,
0.0,7.9726562,0.0,0.20571065,0.0012167217,0.9840063,-0.0012927192,-0.011114719,6.7843757,59.414062,0.020144586,0.9124563,59.414062,1824,FC128,collect,0,1824,,,,
0.0,8.0,0.0,0.20605338,0.0012126262,0.9872299,-0.0011319567,-0.008808325,6.850626,57.46875,0.015852468,0.91295654,57.46875,1825,FC128,collect,0,1825,,,,
0.0,7.9765625,0.0,0.20020935,0.0012085303,0.98356056,0.0020150817,-0.008028783,6.840782,56.789062,0.020571647,0.91345674,56.789062,1826,FC128,collect,0,1826,,,,
0.0,7.96875,0.0,0.20751095,0.0012044348,0.9826125,0.00035989383,-0.0106578255,6.8146105,57.70703,0.022535305,0.913957,57.70703,1827,FC128,collect,0,1827,,,,
0.0,7.9726562,0.0,0.19756044,0.0012003393,0.9830832,-0.00066522666,-0.011382596,6.823907,57.4375,0.021909017,0.91445726,57.4375,1828,FC128,collect,0,1828,,,,
0.0,8.0,0.0,0.2089671,0.0011962438,0.9881219,-0.004694175,-0.012540222,6.83922,58.039062,0.016192045,0.9149575,58.039062,1829,FC128,collect,0,1829,,,,
0.0,7.953125,0.0,0.21154904,0.0011921483,0.9825848,-0.0016585229,-0.013001079,6.7562513,59.84375,0.023189507,0.9154578,59.84375,1830,FC128,collect,0,1830,,,,
0.0,8.0,0.0,0.19831897,0.0011880528,0.98822814,-0.0019977558,-0.009665151,6.853829,57.308594,0.015806017,0.915958,57.308594,1831,FC128,collect,0,1831,,,,
0.0,8.0,0.0,0.2029916,0.0011839573,0.98825526,-0.0004747454,-0.008175041,6.814767,59.26172,0.015881257,0.91645825,59.26172,1832,FC128,collect,0,1832,,,,
0.0,7.9765625,0.0,0.21108058,0.0011798618,0.9847441,-0.0032796143,-0.013002886,6.7678914,60.433594,0.019944636,0.9169585,60.433594,1833,FC128,collect,0,1833,,,,
0.0,8.0,0.0,0.20055765,0.0011757659,0.98760974,-0.00065694266,-0.00856513,6.8564854,57.17578,0.016287992,0.9174588,57.17578,1834,FC128,collect,0,1834,,,,
0.0,8.0,0.0,0.2032103,0.0011716704,0.9883441,-0.0014633426,-0.008989407,6.8578916,57.10547,0.015528319,0.91795903,57.10547,1835,FC128,collect,0,1835,,,,
0.0,8.0,0.0,0.19197117,0.0011675749,0.98817635,0.0007235764,-0.0069213924,6.8715634,56.421875,0.015738219,0.91845924,56.421875,1836,FC128,collect,0,1836,,,,
0.0,7.9882812,0.0,0.19880973,0.0011634794,0.9885862,-0.00021995541,-0.00781949,6.846407,57.09375,0.01566169,0.9189595,57.09375,1837,FC128,collect,0,1837,,,,
0.0,7.9804688,0.0,0.19011302,0.0011593839,0.98641294,0.0004358043,-0.008569974,6.8465633,56.695312,0.018452385,0.91945976,56.695312,1838,FC128,collect,0,1838,,,,
0.0,8.0,0.0,0.1969648,0.0011552884,0.98947537,-0.0018627124,-0.009072548,6.8703914,56.48047,0.014874773,0.91996,56.48047,1839,FC128,collect,0,1839,,,,
0.0,8.0,0.0,0.1999456,0.0011511929,0.9894396,-0.0019021598,-0.008817139,6.8621883,56.890625,0.01429031,0.9204603,56.890625,1840,FC128,collect,0,1840,,,,
0.0,8.0,0.0,0.20957755,0.001147097,0.9897268,-0.0035197714,-0.010301533,6.826251,58.6875,0.014044335,0.9209605,58.6875,1841,FC128,collect,0,1841,,,,
0.0,8.0,0.0,0.21386707,0.0011430015,0.9891865,-0.003708092,-0.010950514,6.8400006,58.0,0.014973745,0.92146075,58.0,1842,FC128,collect,0,1842,,,,
0.0,8.0,0.0,0.20672719,0.001138906,0.9894889,-0.002690831,-0.0094831735,6.8643756,56.78125,0.014055571,0.921961,56.78125,1843,FC128,collect,0,1843,,,,
0.0,7.96875,0.0,0.20269588,0.0011348105,0.985737,0.0004154764,-0.008836914,6.796954,58.589844,0.018964823,0.9224613,58.589844,1844,FC128,collect,0,1844,,,,
0.0,8.0,0.0,0.21598996,0.001130715,0.9895331,-0.00036421843,-0.007132989,6.8272667,58.63672,0.014025987,0.92296153,58.63672,1845,FC128,collect,0,1845,,,,
0.0,8.0,0.0,0.21217816,0.0011266195,0.9893475,-0.00096404704,-0.008097369,6.8510942,57.445312,0.0147447325,0.92346174,57.445312,1846,FC128,collect,0,1846,,,,
0.0,7.9414062,0.0,0.21692772,0.001122524,0.9833045,-5.7337995e-05,-0.011661857,6.752657,59.4375,0.023696052,0.923962,59.4375,1847,FC128,collect,0,1847,,,,
0.0,8.0,0.0,0.22415797,0.0011184285,0.9903913,-0.00570653,-0.012284461,6.843985,57.80078,0.013657272,0.92446226,57.80078,1848,FC128,collect,0,1848,,,,
0.0,8.0,0.0,0.2098427,0.0011143326,0.9893951,-0.0029494162,-0.009784867,6.8507824,57.460938,0.014138571,0.9249625,57.460938,1849,FC128,collect,0,1849,,,,
0.0,8.0,0.0,0.20718403,0.0011102371,0.98913467,-0.0018103959,-0.0089628985,6.8741417,56.29297,0.014765052,0.9254628,56.29297,1850,FC128,collect,0,1850,,,,
0.0,8.0,0.0,0.21703413,0.0011061416,0.9892313,-0.0052048634,-0.012199257,6.846407,57.679688,0.014468927,0.925963,57.679688,1851,FC128,collect,0,1851,,,,
0.0,8.0,0.0,0.21136472,0.0011020461,0.99033195,-0.0032335175,-0.009690056,6.8488293,57.558594,0.013378943,0.92646325,57.558594,1852,FC128,collect,0,1852,,,,
0.0,7.9804688,0.0,0.21049868,0.0010979506,0.98745453,-0.0024218487,-0.010677063,6.800391,59.003906,0.016972663,0.9269635,59.003906,1853,FC128,collect,0,1853,,,,
0.0,8.0,0.0,0.21717165,0.0010938551,0.990054,-0.0048458055,-0.011487721,6.835001,58.25,0.013758941,0.92746377,58.25,1854,FC128,collect,0,1854,,,,
0.0,8.0,0.0,0.24564254,0.0010897596,0.9894014,-0.009601413,-0.016430635,6.7866416,60.66797,0.0141938245,0.92796403,60.66797,1855,FC128,collect,0,1855,,,,
0.0,8.0,0.0,0.2223135,0.0010856641,0.990011,-0.0038613481,-0.010253758,6.8271885,58.640625,0.013267536,0.9284643,58.640625,1856,FC128,collect,0,1856,,,,
0.0,7.9765625,0.0,0.20873359,0.0010815682,0.985984,-0.00058980053,-0.009430209,6.8465633,56.5,0.018132336,0.9289645,56.5,1857,FC128,collect,0,1857,,,,
0.0,7.9921875,0.0,0.20016815,0.0010774727,0.98721355,-0.0016478729,-0.009568441,6.844532,57.382812,0.016272487,0.92946476,57.382812,1858,FC128,collect,0,1858,,,,
0.0,7.9960938,0.0,0.21684147,0.0010733772,0.98814905,-0.004697736,-0.012124158,6.807032,59.453125,0.015318351,0.929965,59.453125,1859,FC128,collect,0,1859,,,,
0.0,8.0,0.0,0.20265473,0.0010692817,0.9892649,-0.0029900498,-0.009973578,6.865626,56.71875,0.014400447,0.9304653,56.71875,1860,FC128,collect,0,1860,,,,
0.0,8.0,0.0,0.23023988,0.0010651862,0.9895083,-0.006597451,-0.013580516,6.8035164,59.82422,0.014456627,0.93096554,59.82422,1861,FC128,collect,0,1861,,,,
0.0,8.0,0.0,0.2227157,0.0010610907,0.9890918,-0.007429551,-0.014457099,6.8004694,59.976562,0.01452774,0.93146574,59.976562,1862,FC128,collect,0,1862,,,,
0.0,7.9726562,0.0,0.19308609,0.0010569952,0.98507184,0.0011192699,-0.0084429225,6.8491416,56.17578,0.019532567,0.931966,56.17578,1863,FC128,collect,0,1863,,,,
0.0,8.0,0.0,0.21101065,0.0010528993,0.98690236,-0.004560267,-0.012553427,6.8340635,58.296875,0.016430667,0.93246627,58.296875,1864,FC128,collect,0,1864,,,,
0.0,8.0,0.0,0.21709895,0.0010488038,0.9879404,-0.0028150107,-0.010296126,6.8367977,58.160156,0.015417619,0.93296653,58.160156,1865,FC128,collect,0,1865,,,,
0.0,7.9765625,0.0,0.18873638,0.0010447083,0.9851202,0.00046242264,-0.008692555,6.8653917,55.558594,0.018704304,0.9334668,55.558594,1866,FC128,collect,0,1866,,,,
0.0,7.9570312,0.0,0.21544932,0.0010406128,0.98409176,-0.001367437,-0.011815711,6.744064,60.648438,0.021344947,0.933967,60.648438,1867,FC128,collect,0,1867,,,,
0.0,7.984375,0.0,0.22290953,0.0010365173,0.98691,-0.0048224158,-0.01331914,6.7843757,60.0,0.017455548,0.93446726,60.0,1868,FC128,collect,0,1868,,,,
0.0,8.0,0.0,0.19807926,0.0010324218,0.9876211,-0.0021886814,-0.009892557,6.838516,58.07422,0.015816754,0.9349675,58.07422,1869,FC128,collect,0,1869,,,,
0.0,7.9960938,0.0,0.19425525,0.0010283263,0.9872957,-0.0010644759,-0.008872811,6.8386726,57.871094,0.016016185,0.9354678,57.871094,1870,FC128,collect,0,1870,,,,
0.0,7.9921875,0.0,0.22787046,0.0010242308,0.98709923,-0.005876872,-0.013961737,6.775626,60.828125,0.016636513,0.93596804,60.828125,1871,FC128,collect,0,1871,,,,
0.0,7.9882812,0.0,0.2786338,0.0010201349,0.9889776,-0.0150482645,-0.02227754,6.661251,66.35156,0.01502704,0.93646824,66.35156,1872,FC128,collect,0,1872,,,,
0.0,7.9960938,0.0,0.2635311,0.0010160394,0.9895845,-0.011174449,-0.018349616,6.7367196,62.96875,0.01488585,0.9369685,62.96875,1873,FC128,collect,0,1873,,,,
0.0,8.0,0.0,0.20525795,0.0010119439,0.98827666,-0.0011062188,-0.008750795,6.855626,57.21875,0.015704572,0.93746877,57.21875,1874,FC128,collect,0,1874,,,,
0.0,7.9804688,0.0,0.18895571,0.0010078484,0.9854568,-0.0006026961,-0.009884449,6.858985,56.07422,0.018944383,0.937969,56.07422,1875,FC128,collect,0,1875,,,,
0.0,8.0,0.0,0.1968979,0.0010037529,0.9892883,-0.003479092,-0.010718915,6.848204,57.589844,0.014874919,0.9384693,57.589844,1876,FC128,collect,0,1876,,,,
0.0,8.0,0.0,0.19257608,0.0009996574,0.98892164,-0.0021585736,-0.009677617,6.8685164,56.57422,0.015423107,0.9389695,56.57422,1877,FC128,collect,0,1877,,,,
0.0,7.9765625,0.0,0.19081733,0.000995562,0.9862589,0.0005335219,-0.008925791,6.817501,57.953125,0.019298567,0.93946975,57.953125,1878,FC128,collect,0,1878,,,,
0.0,8.0,0.0,0.21420753,0.000991466,0.9888863,-0.0060899504,-0.013761992,6.79836,60.08203,0.01576884,0.93997,60.08203,1879,FC128,collect,0,1879,,,,
0.0,8.0,0.0,0.21795103,0.0009873705,0.9892096,-0.0055228835,-0.012811979,6.8046103,59.76953,0.015008588,0.9404703,59.76953,1880,FC128,collect,0,1880,,,,
0.0,8.0,0.0,0.19972295,0.000983275,0.98877937,-0.00037908478,-0.007688773,6.8397665,58.01172,0.015012141,0.94097054,58.01172,1881,FC128,collect,0,1881,,,,
0.0,8.0,0.0,0.18763329,0.0009791795,0.98937654,0.0015846146,-0.005411068,6.8885946,55.570312,0.0143588185,0.94147074,55.570312,1882,FC128,collect,0,1882,,,,
0.0,8.0,0.0,0.22097383,0.000975084,0.9896595,-0.005480968,-0.012161532,6.792345,60.382812,0.013792065,0.941971,60.382812,1883,FC128,collect,0,1883,,,,
0.0,8.0,0.0,0.2124859,0.00097098853,0.9896742,-0.004712166,-0.011601514,6.8065634,59.671875,0.01419134,0.94247127,59.671875,1884,FC128,collect,0,1884,,,,
0.0,8.0,0.0,0.19814202,0.00096689304,0.9899369,-0.0021054277,-0.009020622,6.845626,57.71875,0.014213553,0.9429715,57.71875,1885,FC128,collect,0,1885,,,,
0.0,8.0,0.0,0.20273505,0.00096279755,0.9899089,-0.0003211067,-0.006986789,6.847735,57.61328,0.01372175,0.9434718,57.61328,1886,FC128,collect,0,1886,,,,
0.0,8.0,0.0,0.20158015,0.0009587016,0.98945606,-0.0024451304,-0.009433115,6.856642,57.16797,0.01436248,0.943972,57.16797,1887,FC128,collect,0,1887,,,,
0.0,8.0,0.0,0.19086514,0.0009546061,0.9900591,-0.0024121203,-0.009221936,6.867892,56.60547,0.013984033,0.94447225,56.60547,1888,FC128,collect,0,1888,,,,
0.0,8.0,0.0,0.19936517,0.0009505106,0.98982024,-0.0049675275,-0.012002261,6.836407,58.179688,0.014448465,0.9449725,58.179688,1889,FC128,collect,0,1889,,,,
0.0,7.9960938,0.0,0.23566635,0.0009464151,0.99147147,-0.010794987,-0.016692286,6.8167977,58.964844,0.012240673,0.9454728,58.964844,1890,FC128,collect,0,1890,,,,
0.0,8.0,0.0,0.2395039,0.00094231963,0.99017155,-0.0074619246,-0.014104771,6.800079,59.996094,0.013737072,0.94597304,59.996094,1891,FC128,collect,0,1891,,,,
0.0,8.0,0.0,0.19895673,0.00093822414,0.98916495,-0.0008587778,-0.007853902,6.848282,57.585938,0.01436358,0.94647324,57.585938,1892,FC128,collect,0,1892,,,,
0.0,8.0,0.0,0.19490457,0.00093412865,0.98842734,0.0019991111,-0.0052794702,6.8641415,56.79297,0.0149212945,0.9469735,56.79297,1893,FC128,collect,0,1893,,,,
0.0,7.9921875,0.0,0.2017595,0.0009300327,0.9890803,-0.0017642849,-0.008827251,6.8071103,59.253906,0.014501219,0.94747376,59.253906,1894,FC128,collect,0,1894,,,,
0.0,7.9335938,0.0,0.20157786,0.0009259372,0.9821316,0.0012148654,-0.010489553,6.7619543,58.58203,0.023782134,0.947974,58.58203,1895,FC128,collect,0,1895,,,,
0.0,8.0,0.0,0.21186881,0.0009218417,0.98938096,-0.0037440076,-0.010524181,6.838985,58.05078,0.013950965,0.9484743,58.05078,1896,FC128,collect,0,1896,,,,
0.0,8.0,0.0,0.2110329,0.0009177462,0.9896903,-0.0034327297,-0.010198998,6.836407,58.179688,0.013919886,0.9489745,58.179688,1897,FC128,collect,0,1897,,,,
0.0,8.0,0.0,0.20149864,0.0009136507,0.99004287,-0.0021967485,-0.00882409,6.866173,56.691406,0.013622881,0.94947475,56.691406,1898,FC128,collect,0,1898,,,,
0.0,8.0,0.0,0.20686674,0.00090955524,0.9900967,-0.004258871,-0.010835035,6.8598447,57.007812,0.01352864,0.949975,57.007812,1899,FC128,collect,0,1899,,,,
0.0,7.96875,0.0,0.19416757,0.00090545975,0.9844174,0.0005711741,-0.0096513955,6.823907,57.242188,0.02079676,0.9504753,57.242188,1900,FC128,collect,0,1900,,,,
0.0,8.0,0.0,0.19544323,0.00090136426,0.9893592,-0.0013933263,-0.008249083,6.8713293,56.433594,0.0140638435,0.95097554,56.433594,1901,FC128,collect,0,1901,,,,
0.0,7.9765625,0.0,0.1988137,0.0008972683,0.98718065,-0.00061322283,-0.008933727,6.824845,57.585938,0.016997786,0.9514758,57.585938,1902,FC128,collect,0,1902,,,,
0.0,7.984375,0.0,0.19617751,0.0008931728,0.988869,-0.0005978858,-0.007773907,6.8603134,56.203125,0.014702483,0.951976,56.203125,1903,FC128,collect,0,1903,,,,
0.0,8.0,0.0,0.20438825,0.0008890773,0.989534,-0.0028132442,-0.009681108,6.8565636,57.171875,0.014099162,0.95247626,57.171875,1904,FC128,collect,0,1904,,,,
0.0,8.0,0.0,0.1955353,0.0008849818,0.9892287,-0.0020449322,-0.008991121,6.899767,55.01172,0.014238468,0.9529765,55.01172,1905,FC128,collect,0,1905,,,,
0.0,7.9960938,0.0,0.19396521,0.00088088633,0.9890757,-0.0043892637,-0.0114553785,6.8540635,57.101562,0.014473952,0.9534768,57.101562,1906,FC128,collect,0,1906,,,,
0.0,8.0,0.0,0.20850562,0.00087679084,0.988754,-0.0051207994,-0.012277581,6.8443756,57.78125,0.014679194,0.95397705,57.78125,1907,FC128,collect,0,1907,,,,
0.0,7.984375,0.0,0.200547,0.0008726949,0.987597,-0.002959166,-0.010918917,6.8304696,57.695312,0.016269535,0.95447725,57.695312,1908,FC128,collect,0,1908,,,,
0.0,8.0,0.0,0.19414619,0.00086859986,0.9884478,-0.002474909,-0.00956013,6.8597665,57.01172,0.014507712,0.9549775,57.01172,1909,FC128,collect,0,1909,,,,
0.0,8.0,0.0,0.20484689,0.0008645039,0.98878384,-0.0018243319,-0.00904336,6.8511724,57.441406,0.014792238,0.9554778,57.441406,1910,FC128,collect,0,1910,,,,
0.0,7.9960938,0.0,0.20386934,0.0008604089,0.98871714,-0.0031350008,-0.010113095,6.836173,57.996094,0.01430701,0.95597804,57.996094,1911,FC128,collect,0,1911,,,,
0.0,8.0,0.0,0.19431445,0.0008563129,0.98856854,-0.0021965855,-0.009270096,6.8671103,56.64453,0.014479809,0.9564783,56.64453,1912,FC128,collect,0,1912,,,,
0.0,7.9726562,0.0,0.23471694,0.00085221697,0.9856741,-0.008086753,-0.017308794,6.7254696,62.359375,0.01884414,0.9569785,62.359375,1913,FC128,collect,0,1913,,,,
0.0,8.0,0.0,0.26395038,0.00084812194,0.98931646,-0.013788236,-0.020774454,6.693282,65.33594,0.01442016,0.95747876,65.33594,1914,FC128,collect,0,1914,,,,
0.0,8.0,0.0,0.2048542,0.000844026,0.9888603,-0.0053956183,-0.012532772,6.8432827,57.835938,0.014620111,0.957979,57.835938,1915,FC128,collect,0,1915,,,,
0.0,7.9726562,0.0,0.18417956,0.00083993096,0.9850806,-6.0046863e-05,-0.009625184,6.8441415,56.42578,0.019439671,0.9584793,56.42578,1916,FC128,collect,0,1916,,,,
0.0,7.9726562,0.0,0.1955572,0.000835835,0.9855562,-0.0019425544,-0.011298782,6.8158603,57.839844,0.019039363,0.95897955,57.839844,1917,FC128,collect,0,1917,,,,
0.0,7.9804688,0.0,0.18755658,0.00083174,0.98682296,0.0002467773,-0.008046026,6.8453918,56.753906,0.016897604,0.95947975,56.753906,1918,FC128,collect,0,1918,,,,
0.0,8.0,0.0,0.18757932,0.000827644,0.98887753,-0.00043698004,-0.007321277,6.8685946,56.570312,0.014079092,0.95998,56.570312,1919,FC128,collect,0,1919,,,,
0.0,7.9726562,0.0,0.19742198,0.00082354806,0.98647076,0.00018161636,-0.008866129,6.811329,58.066406,0.018420665,0.9604803,58.066406,1920,FC128,collect,0,1920,,,,
0.0,8.0,0.0,0.19095108,0.00081945304,0.98938054,-0.003688094,-0.010473069,6.8740635,56.296875,0.013882901,0.96098053,56.296875,1921,FC128,collect,0,1921,,,,
0.0,7.9765625,0.0,0.19717719,0.0008153571,0.98765063,-0.0042514526,-0.0125969825,6.8179693,57.929688,0.0170126,0.9614808,57.929688,1922,FC128,collect,0,1922,,,,
0.0,8.0,0.0,0.18299918,0.00081126206,0.9900459,-0.0017319457,-0.008261144,6.86547,56.726562,0.0133553175,0.961981,56.726562,1923,FC128,collect,0,1923,,,,
0.0,8.0,0.0,0.1936763,0.0008071661,0.9907553,-0.0052290023,-0.011653098,6.871798,56.410156,0.01316085,0.96248126,56.410156,1924,FC128,collect,0,1924,,,,
0.0,7.9765625,0.0,0.19301915,0.0008030711,0.9881056,-0.0024406107,-0.010407223,6.803673,58.64453,0.016243242,0.9629815,58.64453,1925,FC128,collect,0,1925,,,,
0.0,8.0,0.0,0.19573358,0.0007989751,0.9900624,-0.002859647,-0.009350268,6.8489857,57.55078,0.013294015,0.9634818,57.55078,1926,FC128,collect,0,1926,,,,
0.0,8.0,0.0,0.20504361,0.0007948801,0.99032444,-0.0032371175,-0.009680022,6.836251,58.1875,0.013211778,0.96398205,58.1875,1927,FC128,collect,0,1927,,,,
0.0,8.0,0.0,0.19329204,0.00079078414,0.989947,-0.00064547954,-0.0071815294,6.834688,58.265625,0.013377804,0.96448225,58.265625,1928,FC128,collect,0,1928,,,,
0.0,7.96875,0.0,0.19053888,0.0007866882,0.98565054,0.0006887399,-0.008885042,6.821251,57.375,0.019447353,0.9649825,57.375,1929,FC128,collect,0,1929,,,,
0.0,7.9960938,0.0,0.22412492,0.00078259315,0.9911221,-0.006808979,-0.013066957,6.8217196,58.71875,0.012866753,0.9654828,58.71875,1930,FC128,collect,0,1930,,,,
0.0,7.984375,0.0,0.20676325,0.0007784972,0.98921293,-0.0032115835,-0.010524936,6.8057823,58.929688,0.014948634,0.96598303,58.929688,1931,FC128,collect,0,1931,,,,
0.0,8.0,0.0,0.18692449,0.0007744022,0.9900353,0.0006598046,-0.005856526,6.866329,56.683594,0.013322171,0.9664833,56.683594,1932,FC128,collect,0,1932,,,,
0.0,7.96875,0.0,0.18368505,0.0007703062,0.9857236,0.0022833815,-0.0074560503,6.837501,56.5625,0.019761851,0.9669835,56.5625,1933,FC128,collect,0,1933,,,,
0.0,7.9960938,0.0,0.1901662,0.0007662112,0.9892516,-0.0018845887,-0.009144308,6.835079,58.05078,0.014810854,0.96748376,58.05078,1934,FC128,collect,0,1934,,,,
0.0,8.0,0.0,0.19806133,0.00076211523,0.9899863,-0.0033323532,-0.010063165,6.856329,57.183594,0.013763514,0.967984,57.183594,1935,FC128,collect,0,1935,,,,
0.0,7.9804688,0.0,0.25710967,0.0007580193,0.99168974,-0.012729868,-0.018843286,6.737891,62.128906,0.012616623,0.9684843,62.128906,1936,FC128,collect,0,1936,,,,
0.0,7.9921875,0.0,0.22898492,0.00075392425,0.9910102,-0.006608578,-0.013077894,6.80336,59.441406,0.013283907,0.96898454,59.441406,1937,FC128,collect,0,1937,,,,
0.0,7.9726562,0.0,0.18757832,0.0007498283,0.9852454,0.0015683747,-0.00825526,6.8131256,57.976562,0.019928573,0.96948475,57.976562,1938,FC128,collect,0,1938,,,,
0.0,8.0,0.0,0.19312672,0.00074573327,0.9888057,-4.0406725e-05,-0.0071901088,6.845001,57.75,0.014587446,0.969985,57.75,1939,FC128,collect,0,1939,,,,
0.0,8.0,0.0,0.18585733,0.0007416373,0.98836285,0.0013596101,-0.0061109345,6.86586,56.70703,0.015216767,0.97048527,56.70703,1940,FC128,collect,0,1940,,,,
0.0,7.96875,0.0,0.18277308,0.0007375423,0.9851943,0.0029244954,-0.0069042235,6.837345,56.570312,0.019927043,0.97098553,56.570312,1941,FC128,collect,0,1941,,,,
0.0,7.9414062,0.0,0.194483,0.00073344633,0.9842703,0.0012385262,-0.009032225,6.771797,58.48047,0.020826789,0.9714858,58.48047,1942,FC128,collect,0,1942,,,,
0.0,8.0,0.0,0.2005565,0.0007293504,0.9893417,-0.00053498114,-0.0075902697,6.8696103,56.51953,0.014403129,0.97198606,56.51953,1943,FC128,collect,0,1943,,,,
0.0,8.0,0.0,0.19697963,0.00072525535,0.9897378,-0.0017803669,-0.0085109165,6.8667192,56.664062,0.01374682,0.97248626,56.664062,1944,FC128,collect,0,1944,,,,
0.0,8.0,0.0,0.18781543,0.0007211594,0.9887999,-0.0011063928,-0.008272593,6.856407,57.179688,0.01460329,0.9729865,57.179688,1945,FC128,collect,0,1945,,,,
0.0,7.9726562,0.0,0.1904772,0.00071706437,0.9856178,-9.433404e-05,-0.009689051,6.8073444,58.265625,0.019462602,0.9734868,58.265625,1946,FC128,collect,0,1946,,,,
0.0,7.9570312,0.0,0.1889014,0.0007129684,0.9838322,-0.0006444541,-0.0110555,6.78086,58.808594,0.021091454,0.97398704,58.808594,1947,FC128,collect,0,1947,,,,
0.0,7.96875,0.0,0.17183949,0.0007088734,0.9840047,0.00440333,-0.006221418,6.867657,55.054688,0.02149312,0.9744873,55.054688,1948,FC128,collect,0,1948,,,,
0.0,7.9765625,0.0,0.18565314,0.0007047774,0.9855068,5.8972437e-05,-0.009095718,6.8225007,57.703125,0.01857107,0.9749875,57.703125,1949,FC128,collect,0,1949,,,,
0.0,7.9453125,0.0,0.18718761,0.0007006824,0.9817672,0.0042106686,-0.007392551,6.8082037,56.85547,0.023468757,0.97548777,56.85547,1950,FC128,collect,0,1950,,,,
0.0,7.9765625,0.0,0.19459283,0.00069658644,0.9833218,-0.00095689343,-0.01073662,6.7978916,58.933594,0.019830555,0.97598803,58.933594,1951,FC128,collect,0,1951,,,,
0.0,8.0,0.0,0.19015579,0.0006924905,0.98750246,1.5071608e-05,-0.007735687,6.867032,56.648438,0.015764879,0.9764883,56.648438,1952,FC128,collect,0,1952,,,,
0.0,7.9453125,0.0,0.18319434,0.00068839546,0.9798041,0.0051716818,-0.0076789195,6.7853913,57.996094,0.025953423,0.97698855,57.996094,1953,FC128,collect,0,1953,,,,
0.0,7.953125,0.0,0.18406995,0.0006842995,0.982153,0.0011064658,-0.00990526,6.804766,57.41797,0.02227537,0.97748876,57.41797,1954,FC128,collect,0,1954,,,,
0.0,8.0,0.0,0.18902467,0.0006802045,0.9880746,-0.0012697054,-0.009113754,6.8924227,55.378906,0.015945248,0.977989,55.378906,1955,FC128,collect,0,1955,,,,
0.0,7.9921875,0.0,0.19281116,0.0006761085,0.9875397,-0.0019122254,-0.009986862,6.8606257,56.578125,0.016409995,0.9784893,56.578125,1956,FC128,collect,0,1956,,,,
0.0,8.0,0.0,0.19297905,0.0006720135,0.9889617,-0.004496599,-0.011996301,6.8814073,55.929688,0.015258772,0.97898954,55.929688,1957,FC128,collect,0,1957,,,,
0.0,8.0,0.0,0.19221573,0.00066791754,0.98885345,-0.005636057,-0.013181141,6.864298,56.785156,0.015346936,0.9794898,56.785156,1958,FC128,collect,0,1958,,,,
0.0,7.9726562,0.0,0.19721171,0.0006638216,0.98648554,-0.0041250205,-0.013408649,6.8473444,56.265625,0.018829083,0.97999,56.265625,1959,FC128,collect,0,1959,,,,
0.0,8.0,0.0,0.19924401,0.00065972656,0.99016577,-0.0047945688,-0.011312768,6.856329,57.183594,0.013299291,0.98049027,57.183594,1960,FC128,collect,0,1960,,,,
0.0,7.9765625,0.0,0.19184653,0.0006556306,0.98733014,-0.0020655242,-0.010475432,6.8439074,56.632812,0.017071376,0.9809905,56.632812,1961,FC128,collect,0,1961,,,,
0.0,7.9960938,0.0,0.1838577,0.0006515356,0.98912716,-0.0009786192,-0.007876012,6.8671885,56.445312,0.014034364,0.9814908,56.445312,1962,FC128,collect,0,1962,,,,
0.0,8.0,0.0,0.18830061,0.0006474396,0.98991084,-0.0018623722,-0.008404005,6.875392,56.23047,0.013327093,0.98199105,56.23047,1963,FC128,collect,0,1963,,,,
0.0,8.0,0.0,0.18881607,0.0006433446,0.99066806,-0.00033727707,-0.0065922323,6.879923,56.003906,0.012752858,0.98249125,56.003906,1964,FC128,collect,0,1964,,,,
0.0,7.9804688,0.0,0.1863171,0.00063924864,0.9889702,-0.0019659686,-0.0095521845,6.8427353,56.88672,0.0154106375,0.9829915,56.88672,1965,FC128,collect,0,1965,,,,
0.0,8.0,0.0,0.18482079,0.0006351527,0.98948324,-0.004315985,-0.011374578,6.880079,55.996094,0.014351965,0.9834918,55.996094,1966,FC128,collect,0,1966,,,,
0.0,8.0,0.0,0.18945523,0.00063105766,0.99105346,-0.0041368697,-0.010431005,6.8965635,55.171875,0.012827384,0.98399204,55.171875,1967,FC128,collect,0,1967,,,,
0.0,8.0,0.0,0.19886309,0.0006269617,0.99080944,-0.005131416,-0.011529834,6.858985,57.05078,0.013046195,0.9844923,57.05078,1968,FC128,collect,0,1968,,,,
0.0,8.0,0.0,0.19353706,0.0006228667,0.99087906,-0.0019934971,-0.008346133,6.883829,55.808594,0.012946367,0.9849925,55.808594,1969,FC128,collect,0,1969,,,,
0.0,7.9882812,0.0,0.19739124,0.0006187707,0.9886864,-0.002343756,-0.009788805,6.8371887,57.554688,0.015134377,0.98549277,57.554688,1970,FC128,collect,0,1970,,,,
0.0,8.0,0.0,0.1970667,0.0006146757,0.99031234,-0.0021326342,-0.008506378,6.8630476,56.847656,0.012989752,0.985993,56.847656,1971,FC128,collect,0,1971,,,,
0.0,8.0,0.0,0.19527839,0.00061057974,0.99046737,-0.0020385901,-0.00851497,6.879923,56.003906,0.013191225,0.9864933,56.003906,1972,FC128,collect,0,1972,,,,
0.0,7.9804688,0.0,0.23744807,0.0006064838,0.99020416,-0.008498754,-0.01524017,6.768673,60.589844,0.013770849,0.98699355,60.589844,1973,FC128,collect,0,1973,,,,
0.0,8.0,0.0,0.20957369,0.00060238875,0.99099034,-0.0056777294,-0.01200684,6.851329,57.433594,0.012910711,0.98749375,57.433594,1974,FC128,collect,0,1974,,,,
0.0,8.0,0.0,0.19053458,0.0005982928,0.9900057,-0.00041075813,-0.007149534,6.8653135,56.734375,0.013705542,0.987994,56.734375,1975,FC128,collect,0,1975,,,,
0.0,8.0,0.0,0.18078908,0.0005941978,0.98975444,-0.00078669435,-0.0073370263,6.8832827,55.835938,0.013315513,0.9884943,55.835938,1976,FC128,collect,0,1976,,,,
0.0,8.0,0.0,0.19028902,0.0005901018,0.9902619,-0.0011894595,-0.007936558,6.885391,55.73047,0.013718776,0.98899454,55.73047,1977,FC128,collect,0,1977,,,,
0.0,8.0,0.0,0.1850218,0.0005860068,0.99038583,-0.0019049983,-0.008398325,6.86922,56.539062,0.013203502,0.9894948,56.539062,1978,FC128,collect,0,1978,,,,
0.0,8.0,0.0,0.19432107,0.00058191083,0.99127096,-0.0032595447,-0.009314197,6.863829,56.808594,0.01233546,0.989995,56.808594,1979,FC128,collect,0,1979,,,,
0.0,8.0,0.0,0.19331896,0.0005778158,0.9909815,-0.0040345965,-0.010303833,6.871173,56.441406,0.012761878,0.99049526,56.441406,1980,FC128,collect,0,1980,,,,
0.0,8.0,0.0,0.18251748,0.00057371985,0.9893388,-0.00093545037,-0.0079335375,6.8732038,56.339844,0.014205602,0.9909955,56.339844,1981,FC128,collect,0,1981,,,,
0.0,7.9765625,0.0,0.18830779,0.0005696239,0.9865506,-0.00031135185,-0.008829853,6.8337507,57.140625,0.01725153,0.9914958,57.140625,1982,FC128,collect,0,1982,,,,
0.0,8.0,0.0,0.18417843,0.00056552887,0.9894954,0.00080023427,-0.0060557346,6.8630476,56.847656,0.013920254,0.99199605,56.847656,1983,FC128,collect,0,1983,,,,
0.0,8.0,0.0,0.18653245,0.0005614329,0.989389,-0.0021226583,-0.009075044,6.8701572,56.492188,0.014114222,0.99249625,56.492188,1984,FC128,collect,0,1984,,,,
0.0,8.0,0.0,0.1735056,0.0005573379,0.9895332,0.00014266589,-0.006664059,6.912579,54.371094,0.0138068525,0.9929965,54.371094,1985,FC128,collect,0,1985,,,,
0.0,8.0,0.0,0.17863423,0.00055324193,0.9896789,-0.001181409,-0.008027963,6.8674226,56.628906,0.013890765,0.9934968,56.628906,1986,FC128,collect,0,1986,,,,
0.0,7.9765625,0.0,0.16910923,0.0005491469,0.98675096,0.0014350569,-0.0073335483,6.8559384,56.03125,0.017722942,0.99399704,56.03125,1987,FC128,collect,0,1987,,,,
0.0,7.96875,0.0,0.18548973,0.00054505095,0.98541677,-0.002235851,-0.011441937,6.8287506,57.0,0.018614374,0.9944973,57.0,1988,FC128,collect,0,1988,,,,
0.0,7.9335938,0.0,0.18553904,0.000540955,0.98162484,0.0010736393,-0.011208931,6.7572665,58.816406,0.024765877,0.99499756,58.816406,1989,FC128,collect,0,1989,,,,
0.0,8.0,0.0,0.17774278,0.00053685997,0.98916686,0.0006115887,-0.0063083423,6.8728914,56.35547,0.014030708,0.99549776,56.35547,1990,FC128,collect,0,1990,,,,
0.0,7.9804688,0.0,0.17161188,0.000532764,0.98590803,0.0010147525,-0.008125173,6.8823447,54.90625,0.018462708,0.995998,54.90625,1991,FC128,collect,0,1991,,,,
0.0,7.9804688,0.0,0.16824085,0.000528669,0.9864385,0.004019308,-0.0044692797,6.88336,54.85547,0.017155062,0.9964983,54.85547,1992,FC128,collect,0,1992,,,,
0.0,8.0,0.0,0.17133188,0.000524573,0.9895763,0.00040637076,-0.0063776127,6.885391,55.73047,0.013747719,0.99699855,55.73047,1993,FC128,collect,0,1993,,,,
0.0,7.953125,0.0,0.18595599,0.000520478,0.98454356,-0.0010408602,-0.011417649,6.814766,56.91797,0.020947149,0.9974988,56.91797,1994,FC128,collect,0,1994,,,,
0.0,7.9765625,0.0,0.23456345,0.00051638205,0.98767704,-0.010276852,-0.0188164,6.7430477,61.67578,0.017321344,0.997999,61.67578,1995,FC128,collect,0,1995,,,,
0.0,7.984375,0.0,0.24452057,0.0005122861,0.9888623,-0.013674678,-0.021637177,6.735157,62.460938,0.016175527,0.9984993,62.460938,1996,FC128,collect,0,1996,,,,
0.0,8.0,0.0,0.20230909,0.00050819106,0.9898769,-0.0048979544,-0.011691151,6.8540635,57.296875,0.013792017,0.99899954,57.296875,1997,FC128,collect,0,1997,,,,
0.0,8.0,0.0,0.17953485,0.0005040951,0.9897876,-0.0017342353,-0.008333033,6.8759384,56.203125,0.013378601,0.9994998,56.203125,1998,FC128,collect,0,1998,,,,
0.0,8.0,0.0,0.19050117,0.0005000001,0.9901749,-0.0028397422,-0.009329065,6.8605475,56.972656,0.013169146,1.0,56.972656,1999,FC128,collect,0,1999,,,,
1.1835938,0.0,1.0,0.029453818,0.00868701,-3.0134168,12248.967,2.8652534,-2.0645509,9.671875,24492.203,0.0,9.671875,0,FC128,crates,1,2000,,,,
1.1132812,0.0,0.99609375,0.08382985,0.008682914,-2.4754283,100.56349,0.613989,-2.0743752,11.558594,199.90045,0.00050025014,11.558594,1,FC128,crates,1,2001,,,,
1.1757812,0.0234375,0.98046875,0.15273988,0.008678819,-2.4787066,2237.3962,-5.188344,-2.140801,15.285156,4485.1714,0.0010005003,15.285156,2,FC128,crates,1,2002,,,,
1.375,0.02734375,0.97265625,0.1811811,0.008674723,-2.1350725,777.6321,-4.141849,-2.0684767,18.699219,1563.551,0.0015007504,18.699219,3,FC128,crates,1,2003,,,,
3.1054688,0.09765625,0.94140625,0.21744171,0.008670628,-2.0658238,25.359594,1.0418152,-2.2511718,38.67578,48.639328,0.0020010006,38.67578,4,FC128,crates,1,2004,,,,
1.625,0.07421875,1.0,0.30207866,0.008666532,-1.2783897,0.501709,-0.30632797,-1.9570117,18.957031,1.6213099,0.0025012507,18.957031,5,FC128,crates,1,2005,,,,
1.6328125,0.02734375,1.0,0.32869232,0.008662437,-1.4786999,1.3785481,0.15980463,-1.9620898,17.0625,2.4431818,0.0030015009,17.0625,6,FC128,crates,1,2006,,,,
1.8007812,0.04296875,0.9921875,0.38708207,0.008658341,-0.97414863,0.07058,-0.2546954,-1.9545703,20.6875,0.65725374,0.003501751,20.6875,7,FC128,crates,1,2007,,,,
2.4921875,0.07421875,0.97265625,0.38572118,0.008654245,-0.20175588,-0.018680941,-0.080553144,-2.1760936,33.289062,0.13042066,0.004002001,33.289062,8,FC128,crates,1,2008,,,,
4.984375,0.26171875,0.7890625,0.27583498,0.00865015,-0.6362426,0.024870075,-0.03468314,-2.1004882,75.63281,0.123878464,0.0045022513,75.63281,9,FC128,crates,1,2009,,,,
4.8085938,0.21875,0.78125,0.2779252,0.008646054,-1.1617346,0.17885952,0.043723006,-2.2506442,75.19141,0.27507895,0.0050025014,75.19141,10,FC128,crates,1,2010,,,,
1.8945312,0.09765625,0.9296875,0.43898466,0.008641959,-1.2034187,0.08259112,-0.036633518,-2.14125,46.578125,0.24603663,0.0055027516,46.578125,11,FC128,crates,1,2011,,,,
1.1054688,0.015625,0.96484375,0.30634892,0.008637863,-0.055024266,0.06036821,0.048371326,-2.372539,44.273438,0.029286169,0.0060030017,44.273438,12,FC128,crates,1,2012,,,,
1.6953125,0.046875,0.98046875,0.26520264,0.008633768,-1.0988734,0.071675144,-0.0025994552,-2.274609,37.347656,0.1531286,0.006503252,37.347656,13,FC128,crates,1,2013,,,,
3.203125,0.19140625,0.83203125,0.3624489,0.008629672,-0.22265601,0.018369863,-0.0107032955,-2.403203,70.52734,0.06440195,0.007003502,70.52734,14,FC128,crates,1,2014,,,,
4.6640625,0.359375,0.72265625,0.53800845,0.008625576,-0.44602358,-0.06334582,-0.12420051,-2.5635352,89.64453,0.13099064,0.007503752,89.64453,15,FC128,crates,1,2015,,,,
3.3789062,0.21875,0.8046875,0.6892055,0.008621481,-0.13681686,-0.08817402,-0.13626534,-2.4735155,65.40234,0.108066574,0.008004002,65.40234,16,FC128,crates,1,2016,,,,
5.3632812,0.38671875,0.61328125,0.58910435,0.008617385,-0.11082089,-0.044887643,-0.06828368,-2.7117968,109.3125,0.056945145,0.008504253,109.3125,17,FC128,crates,1,2017,,,,
6.609375,0.38671875,0.47265625,0.460099,0.00861329,-0.9471165,0.1597769,0.08775072,-2.8131053,128.58984,0.1519783,0.009004503,128.58984,18,FC128,crates,1,2018,,,,
6.8984375,0.41015625,0.39453125,0.39549935,0.008609194,-0.55394197,0.079928964,0.050312284,-2.733379,137.02344,0.06604322,0.009504752,137.02344,19,FC128,crates,1,2019,,,,
6.9648438,0.390625,0.38671875,0.35624763,0.008605099,-1.4375813,0.3064091,-0.21503527,-2.5813084,136.4961,1.0490198,0.010005003,136.4961,20,FC128,crates,1,2020,,,,
6.8945312,0.4453125,0.390625,0.32782766,0.008601003,-1.4545918,0.38652053,-0.22580776,-2.5003905,135.66406,1.2302959,0.010505253,135.66406,21,FC128,crates,1,2021,,,,
7.2226562,0.3984375,0.37890625,0.31182453,0.008596908,-0.81538844,0.034141276,-0.03974915,-2.4750195,139.33594,0.1531423,0.011005503,139.33594,22,FC128,crates,1,2022,,,,
6.921875,0.3515625,0.42578125,0.30382153,0.008592812,-1.6304157,0.54748344,0.2146799,-2.6822658,126.5625,0.6708285,0.011505753,126.5625,23,FC128,crates,1,2023,,,,
7.5078125,0.44921875,0.3984375,0.31033722,0.008588716,-1.6809175,0.7068403,0.24134846,-2.5093555,132.35938,0.9363144,0.012006003,132.35938,24,FC128,crates,1,2024,,,,
7.9414062,0.41796875,0.36328125,0.31468344,0.008584621,-1.4375541,0.32980552,0.15548168,-2.3668554,139.8711,0.35405052,0.012506254,139.8711,25,FC128,crates,1,2025,,,,
7.703125,0.44140625,0.39453125,0.32124907,0.008580525,-0.39252627,0.03194637,-0.000542611,-2.3939843,136.53125,0.070490934,0.013006504,136.53125,26,FC128,crates,1,2026,,,,
7.59375,0.38671875,0.4296875,0.33588213,0.00857643,-0.37063026,0.036339257,0.006581497,-2.7086327,127.36719,0.06527686,0.013506753,127.36719,27,FC128,crates,1,2027,,,,
8.558594,0.3671875,0.36328125,0.2633055,0.008572334,-0.2871095,0.02799077,0.0044348184,-2.5846484,136.42578,0.051626187,0.014007004,136.42578,28,FC128,crates,1,2028,,,,
8.234375,0.4453125,0.51171875,0.30296525,0.008568239,-1.0819812,0.112024136,0.03632567,-2.3934178,118.47656,0.15658869,0.014507255,118.47656,29,FC128,crates,1,2029,,,,
9.011719,0.43359375,0.4296875,0.2667815,0.008564143,-0.41133702,0.04471429,0.015903233,-2.9518945,127.26953,0.06219162,0.015007504,127.26953,30,FC128,crates,1,2030,,,,
8.167969,0.2890625,0.5078125,0.24680191,0.0085600475,-1.3217885,0.05196987,-0.096563555,-2.9741797,114.41016,0.30129212,0.015507754,114.41016,31,FC128,crates,1,2031,,,,
9.2890625,0.3359375,0.43359375,0.25646216,0.008555952,-1.2131245,0.016426094,-0.08799778,-3.2138085,129.05078,0.2132363,0.016008005,129.05078,32,FC128,crates,1,2032,,,,
8.9609375,0.40625,0.49609375,0.2735139,0.0085518565,-0.20422208,0.009911162,-0.012975297,-2.9551563,119.078125,0.05045102,0.016508255,119.078125,33,FC128,crates,1,2033,,,,
8.785156,0.4140625,0.52734375,0.26298437,0.0085477615,-0.23443818,0.010482261,-0.01588032,-3.1463866,114.31641,0.057221018,0.017008506,114.31641,34,FC128,crates,1,2034,,,,
8.984375,0.37109375,0.51953125,0.24308212,0.0085436655,-0.47290587,0.0024137085,-0.034864884,-2.3339648,114.43359,0.07871081,0.017508755,114.43359,35,FC128,crates,1,2035,,,,
9.546875,0.359375,0.49609375,0.23600571,0.0085395705,-0.3350432,0.00040292018,-0.02880078,-2.7174022,119.02344,0.062438175,0.018009005,119.02344,36,FC128,crates,1,2036,,,,
9.417969,0.359375,0.52734375,0.23565984,0.008535475,-0.44926763,0.026742687,-0.00571521,-2.937285,113.40625,0.06893873,0.018509256,113.40625,37,FC128,crates,1,2037,,,,
9.496094,0.359375,0.53515625,0.23014836,0.008531379,-0.47931528,0.025767338,-0.007591801,-3.0435352,111.71484,0.07064524,0.019009504,111.71484,38,FC128,crates,1,2038,,,,
9.167969,0.3359375,0.56640625,0.21170379,0.008527284,-0.08780372,0.0066141523,-0.015103142,-2.7825975,105.45703,0.047045104,0.019509755,105.45703,39,FC128,crates,1,2039,,,,
5.9296875,0.22265625,0.78125,0.23414585,0.008523188,-0.4114411,-0.0016299274,-0.0486117,-2.3915625,65.23047,0.097954884,0.020010006,65.23047,40,FC128,crates,1,2040,,,,
5.7695312,0.15625,0.8515625,0.279051,0.008519093,-0.15773857,-0.018357519,-0.048293997,-2.5311522,61.671875,0.064627476,0.020510256,61.671875,41,FC128,crates,1,2041,,,,
5.5625,0.21484375,0.89453125,0.30889842,0.008514997,-0.53369915,0.05806938,0.01292935,-2.550664,56.742188,0.09554059,0.021010507,56.742188,42,FC128,crates,1,2042,,,,
6.34375,0.265625,0.8515625,0.3279479,0.008510902,-0.8853365,0.10553532,0.042943273,-2.7162304,65.765625,0.13076636,0.021510756,65.765625,43,FC128,crates,1,2043,,,,
6.4960938,0.30078125,0.86328125,0.32182473,0.008506806,-0.4813999,0.07330208,0.03619553,-2.8634374,67.14844,0.079688504,0.022011006,67.14844,44,FC128,crates,1,2044,,,,
4.5625,0.109375,0.921875,0.31631356,0.008502711,-0.83751714,0.020653095,-0.04415793,-2.6550195,43.5625,0.1350011,0.022511257,43.5625,45,FC128,crates,1,2045,,,,
3.3398438,0.03515625,0.98828125,0.32019517,0.008498615,-1.6176975,0.02298539,-0.094842985,-2.4126759,28.027344,0.24109918,0.023011506,28.027344,46,FC128,crates,1,2046,,,,
2.1835938,0.00390625,1.0,0.28925744,0.008494519,-1.5685911,3.213249e-05,-0.048626073,-2.0949805,15.019531,0.102230616,0.023511756,15.019531,47,FC128,crates,1,2047,,,,
1.8789062,0.00390625,1.0,0.2293197,0.008490424,-0.8240248,0.06560077,0.043722678,-2.050332,11.667969,0.047650225,0.024012007,11.667969,48,FC128,crates,1,2048,,,,
1.8085938,0.00390625,1.0,0.2138336,0.008486328,-1.0569499,0.07899631,0.051060367,-2.061172,11.082031,0.05950121,0.024512257,11.082031,49,FC128,crates,1,2049,,,,
1.8398438,0.0,1.0,0.2220975,0.008482233,-0.7414973,0.029553492,0.016922297,-2.036172,11.394531,0.029030154,0.025012508,11.394531,50,FC128,crates,1,2050,,,,
1.8242188,0.0,1.0,0.26750496,0.008478137,-1.2771642,-0.029655378,-0.05096993,-2.0448437,11.480469,0.047164988,0.025512757,11.480469,51,FC128,crates,1,2051,,,,
1.8476562,0.00390625,1.0,0.30931675,0.008474042,-0.2718538,-0.028537938,-0.04254487,-2.020996,11.8984375,0.03325619,0.026013007,11.8984375,52,FC128,crates,1,2052,,,,
2.0664062,0.01171875,1.0,0.3641771,0.008469946,-0.7431743,0.11400307,0.063555054,-2.060039,13.859375,0.10706516,0.026513258,13.859375,53,FC128,crates,1,2053,,,,
2.0507812,0.0,1.0,0.4255144,0.00846585,-1.0490837,0.13883227,0.07587087,-2.125547,14.6484375,0.13312748,0.027013507,14.6484375,54,FC128,crates,1,2054,,,,
2.609375,0.0390625,1.0,0.48132083,0.008461755,-0.4267466,0.06876837,0.0398877,-2.139004,20.613281,0.06590696,0.027513757,20.613281,55,FC128,crates,1,2055,,,,
3.6796875,0.140625,0.98828125,0.5152892,0.008457659,-0.5434406,-0.042086504,-0.07468712,-2.3767772,34.28125,0.073917516,0.028014008,34.28125,56,FC128,crates,1,2056,,,,
5.5742188,0.30078125,0.8984375,0.48423374,0.008453564,-0.5283388,-0.0076205423,-0.0481912,-2.5729685,59.621094,0.08932832,0.028514259,59.621094,57,FC128,crates,1,2057,,,,
6.9570312,0.3828125,0.80078125,0.43003803,0.008449468,-0.06306386,0.026043512,0.006338448,-2.6810937,78.59766,0.046677314,0.02901451,78.59766,58,FC128,crates,1,2058,,,,
7.5078125,0.484375,0.734375,0.40652883,0.008445373,-0.3225577,0.048349522,0.017682442,-2.5459569,86.453125,0.06820073,0.029514758,86.453125,59,FC128,crates,1,2059,,,,
7.140625,0.484375,0.7578125,0.4359436,0.008441277,-0.08464837,0.028197449,0.005856571,-2.4942966,84.484375,0.052041598,0.030015009,84.484375,60,FC128,crates,1,2060,,,,
6.7421875,0.515625,0.75390625,0.536819,0.008437181,-0.26113737,-0.0053092698,-0.035608508,-2.5888085,85.23047,0.06965695,0.03051526,85.23047,61,FC128,crates,1,2061,,,,
6.390625,0.4453125,0.76953125,0.5848397,0.008433086,-0.24508452,-0.017285319,-0.04681316,-2.4777148,82.96484,0.06891969,0.031015508,82.96484,62,FC128,crates,1,2062,,,,
6.6210938,0.4765625,0.74609375,0.58727384,0.00842899,-0.034649372,-0.013204215,-0.03449042,-2.9114842,85.546875,0.052472662,0.03151576,85.546875,63,FC128,crates,1,2063,,,,
6.6757812,0.5078125,0.75,0.58962846,0.008424895,-0.100153804,0.012168057,-0.0094935205,-2.7524219,92.24219,0.05325827,0.03201601,92.24219,64,FC128,crates,1,2064,,,,
6.9023438,0.44140625,0.65625,0.58740145,0.008420799,-0.009795785,0.011377282,-0.00449308,-2.5338087,101.76172,0.041633505,0.03251626,101.76172,65,FC128,crates,1,2065,,,,
6.1289062,0.45703125,0.625,0.6300522,0.008416704,-0.07825947,-0.010911941,-0.029139437,-2.6382616,107.13672,0.047060918,0.03301651,107.13672,66,FC128,crates,1,2066,,,,
5.21875,0.39453125,0.59765625,0.6904409,0.008412608,-0.011613965,0.024730764,0.0121596055,-2.2874022,115.75391,0.036759134,0.03351676,115.75391,67,FC128,crates,1,2067,,,,
3.6289062,0.328125,0.59765625,0.8265264,0.008408513,-0.062761664,0.037671626,0.025705975,-2.7355857,116.20703,0.03783102,0.03401701,116.20703,68,FC128,crates,1,2068,,,,
3.4414062,0.26953125,0.703125,0.85211504,0.008404417,-0.06481099,0.029228164,0.017561644,-2.6357422,101.13281,0.037656102,0.03451726,101.13281,69,FC128,crates,1,2069,,,,
3.8242188,0.30859375,0.67578125,0.87993973,0.008400321,-0.004044652,0.0013068016,-0.009416602,-2.6873243,105.08203,0.03623036,0.03501751,105.08203,70,FC128,crates,1,2070,,,,
5.0078125,0.48046875,0.66015625,0.7987415,0.008396226,-0.05082369,-0.011128265,-0.025310542,-2.556992,110.55859,0.041777384,0.03551776,110.55859,71,FC128,crates,1,2071,,,,
6.1640625,0.50390625,0.640625,0.6523307,0.00839213,-0.04310167,-0.004856884,-0.021861315,-2.4607224,106.48828,0.04495775,0.03601801,106.48828,72,FC128,crates,1,2072,,,,
7.5585938,0.48046875,0.578125,0.58065635,0.008388035,-0.0059159994,0.0071884077,-0.0076258383,-2.6380663,117.91016,0.039369624,0.03651826,117.91016,73,FC128,crates,1,2073,,,,
7.9804688,0.51953125,0.6015625,0.51200557,0.008383939,-0.081211925,0.019926019,0.0021719448,-2.5757813,112.828125,0.044093397,0.03701851,112.828125,74,FC128,crates,1,2074,,,,
8.5625,0.46875,0.55078125,0.46390942,0.008379844,-0.015844345,0.0148473615,-0.000528112,-2.4015234,115.17578,0.038525924,0.037518762,115.17578,75,FC128,crates,1,2075,,,,
8.140625,0.40625,0.6015625,0.42753133,0.008375748,-0.049327612,0.008250037,-0.010294652,-2.5039454,105.03906,0.044251166,0.03801901,105.03906,76,FC128,crates,1,2076,,,,
9.300781,0.49609375,0.5234375,0.41417965,0.008371652,-0.043474793,0.013125675,-0.0044923597,-2.452402,119.71875,0.042170804,0.03851926,119.71875,77,FC128,crates,1,2077,,,,
9.15625,0.4609375,0.52734375,0.39185318,0.008367557,-0.058181763,0.015915412,-0.0015354233,-2.5905664,118.07031,0.041459378,0.03901951,118.07031,78,FC128,crates,1,2078,,,,
8.9609375,0.546875,0.55078125,0.3854522,0.008363461,-0.048389196,0.016710289,-0.0017512536,-2.4456444,117.41016,0.043370515,0.03951976,117.41016,79,FC128,crates,1,2079,,,,
9.136719,0.51953125,0.53125,0.40132892,0.008359366,-0.039906025,0.011451019,-0.006227603,-2.6606445,120.84375,0.042066954,0.04002001,120.84375,80,FC128,crates,1,2080,,,,
8.765625,0.55078125,0.5859375,0.41096124,0.00835527,-0.05010128,0.005583615,-0.014110221,-2.7171092,116.08594,0.046255056,0.040520262,116.08594,81,FC128,crates,1,2081,,,,
9.183594,0.52734375,0.48828125,0.41025048,0.008351175,-0.012391806,0.013441803,-0.0032713762,-2.6198044,122.27344,0.040278506,0.041020513,122.27344,82,FC128,crates,1,2082,,,,
8.972656,0.54296875,0.5390625,0.41756955,0.008347079,-0.0467093,0.019567495,0.0025635236,-2.4071875,122.56641,0.040978916,0.041520763,122.56641,83,FC128,crates,1,2083,,,,
8.738281,0.4609375,0.51171875,0.43120646,0.008342983,0.0009938478,0.009586403,-0.0056899027,-2.7820702,122.15625,0.037747707,0.042021014,122.15625,84,FC128,crates,1,2084,,,,
9.191406,0.5234375,0.45703125,0.44509506,0.008338888,-0.044362426,0.0041925656,-0.012400175,-2.8151953,132.26953,0.040608678,0.04252126,132.26953,85,FC128,crates,1,2085,,,,
8.285156,0.5234375,0.515625,0.4626923,0.008334792,-0.007828236,0.018761737,0.0034024976,-2.243828,123.64844,0.03843137,0.04302151,123.64844,86,FC128,crates,1,2086,,,,
7.8125,0.44921875,0.51953125,0.49815297,0.008330697,-0.02688539,0.019693978,0.0045682127,-2.650527,121.24609,0.038551457,0.043521762,121.24609,87,FC128,crates,1,2087,,,,
7.0820312,0.4921875,0.5625,0.5196093,0.008326601,-0.032423615,0.01642792,0.00029382826,-2.6811328,113.265625,0.040921338,0.044022013,113.265625,88,FC128,crates,1,2088,,,,
7.6484375,0.5703125,0.49609375,0.5401662,0.008322506,0.003591597,0.007962778,-0.0067790747,-2.5541406,126.359375,0.03847478,0.044522263,126.359375,89,FC128,crates,1,2089,,,,
7.8789062,0.55078125,0.47265625,0.55912215,0.00831841,-0.027841449,0.0065394435,-0.007902318,-2.2375586,132.79297,0.038185537,0.045022514,132.79297,90,FC128,crates,1,2090,,,,
8.019531,0.52734375,0.39453125,0.5823761,0.008314314,-0.0075716972,0.0037285355,-0.008885353,-2.5389843,141.1875,0.034911893,0.045522764,141.1875,91,FC128,crates,1,2091,,,,
7.0,0.53515625,0.53125,0.59664017,0.008310219,-0.005715251,0.0124995895,-0.0014862178,-2.454707,126.55859,0.037888035,0.04602301,126.55859,92,FC128,crates,1,2092,,,,
6.90625,0.4375,0.46484375,0.61533725,0.008306123,-0.014712691,0.014591446,0.0020079485,-2.449863,131.08594,0.03538913,0.04652326,131.08594,93,FC128,crates,1,2093,,,,
6.5898438,0.46875,0.5390625,0.62542266,0.008302028,0.0038272738,0.0009300499,-0.0124194175,-2.6624022,124.26953,0.037083488,0.047023512,124.26953,94,FC128,crates,1,2094,,,,
6.84375,0.453125,0.52734375,0.5931046,0.008297932,0.00016397238,0.00022705598,-0.013077713,-2.584668,125.15625,0.03645262,0.047523763,125.15625,95,FC128,crates,1,2095,,,,
6.8476562,0.48046875,0.52734375,0.5388443,0.008293837,-0.004179597,0.0048705614,-0.00964257,-2.3302732,120.87891,0.037964437,0.048024014,120.87891,96,FC128,crates,1,2096,,,,
7.6210938,0.5,0.45703125,0.5213816,0.008289741,0.008080125,0.008498229,-0.004705097,-2.5071092,130.3086,0.03505089,0.048524264,130.3086,97,FC128,crates,1,2097,,,,
8.2265625,0.44140625,0.453125,0.50906485,0.008285645,-0.0049517155,0.018247806,0.0054007038,-2.3811913,134.34375,0.034130067,0.049024515,134.34375,98,FC128,crates,1,2098,,,,
8.8515625,0.59765625,0.390625,0.495483,0.00828155,0.00404495,0.017428642,0.0037558808,-2.2683983,141.23438,0.03555226,0.049524765,141.23438,99,FC128,crates,1,2099,,,,
8.644531,0.47265625,0.4453125,0.48500016,0.008277454,0.008662283,0.0074622,-0.0055522695,-2.4505076,134.53906,0.03405807,0.050025016,134.53906,100,FC128,crates,1,2100,,,,
8.097656,0.6015625,0.515625,0.48054063,0.008273359,0.0061196685,0.008591548,-0.007939516,-2.3413086,123.89453,0.041013498,0.050525263,123.89453,101,FC128,crates,1,2101,,,,
8.527344,0.45703125,0.45703125,0.46903983,0.008269263,0.00744766,0.010251796,-0.0031833146,-2.3092184,127.86328,0.03462745,0.051025514,127.86328,102,FC128,crates,1,2102,,,,
7.9882812,0.51171875,0.5390625,0.46192864,0.008265168,0.007847846,0.0031561747,-0.012516144,-2.5923438,119.79297,0.038980473,0.051525764,119.79297,103,FC128,crates,1,2103,,,,
8.878906,0.6171875,0.46875,0.44617334,0.008261072,0.008347094,0.009605489,-0.005801007,-2.427656,131.125,0.038184732,0.052026015,131.125,104,FC128,crates,1,2104,,,,
8.8515625,0.44140625,0.5,0.42146006,0.008256977,0.0053259134,0.008628487,-0.005593316,-2.515371,126.48047,0.03540358,0.052526265,126.48047,105,FC128,crates,1,2105,,,,
9.390625,0.453125,0.44140625,0.40699545,0.0082528815,0.012570858,0.011192178,-0.002290891,-2.544609,133.0664,0.03368391,0.053026516,133.0664,106,FC128,crates,1,2106,,,,
9.121094,0.51953125,0.46875,0.3984011,0.0082487855,0.014184356,0.008613474,-0.006825036,-2.5677733,128.32031,0.03744967,0.053526767,128.32031,107,FC128,crates,1,2107,,,,
9.3828125,0.58203125,0.4453125,0.3942066,0.0082446905,0.013307273,0.016320974,0.0013246196,-2.2765234,132.49219,0.03649293,0.054027013,132.49219,108,FC128,crates,1,2108,,,,
8.4453125,0.5234375,0.4765625,0.4160597,0.0082405945,0.0060417056,0.015934438,0.0015470828,-2.1783788,124.65234,0.03563187,0.054527264,124.65234,109,FC128,crates,1,2109,,,,
8.046875,0.5234375,0.5078125,0.44436958,0.0082364995,0.019384801,0.009066716,-0.005960212,-2.4210155,127.74609,0.037373956,0.055027515,127.74609,110,FC128,crates,1,2110,,,,
7.3710938,0.5703125,0.50390625,0.4895388,0.008232404,0.02159363,0.0110741705,-0.004260531,-2.3916795,126.41016,0.038729563,0.055527765,126.41016,111,FC128,crates,1,2111,,,,
6.765625,0.5703125,0.5546875,0.51319367,0.0082283085,0.019023418,0.010315441,-0.005714521,-2.4235156,121.109375,0.040505353,0.056028016,121.109375,112,FC128,crates,1,2112,,,,
6.7226562,0.54296875,0.484375,0.5541451,0.008224213,0.021706462,0.0037411856,-0.01139144,-2.7289062,130.89453,0.039380066,0.056528267,130.89453,113,FC128,crates,1,2113,,,,
6.3710938,0.55078125,0.46875,0.5798797,0.008220117,0.039879203,0.0067764684,-0.0073054074,-2.4977343,132.66406,0.03769711,0.057028517,132.66406,114,FC128,crates,1,2114,,,,
5.8359375,0.5546875,0.5546875,0.5825618,0.008216022,0.042940855,0.012496943,-0.0024336437,-2.2478123,122.13281,0.03943385,0.057528768,122.13281,115,FC128,crates,1,2115,,,,
5.6054688,0.60546875,0.546875,0.5945917,0.008211926,0.061162233,0.004038806,-0.011602545,-2.3808203,123.296875,0.041048188,0.05802902,123.296875,116,FC128,crates,1,2116,,,,
4.421875,0.4921875,0.52734375,0.6684825,0.008207831,0.10757792,0.005078203,-0.0087351,-2.5550976,124.85547,0.038600188,0.058529265,124.85547,117,FC128,crates,1,2117,,,,
3.5039062,0.4765625,0.46484375,0.704104,0.008203735,0.15645778,0.028408144,0.016160375,-2.4396875,139.88281,0.036048103,0.059029516,139.88281,118,FC128,crates,1,2118,,,,
3.7070312,0.4921875,0.55859375,0.7603428,0.00819964,0.09046751,-0.01663459,-0.031066542,-2.601113,120.93359,0.04133298,0.059529766,120.93359,119,FC128,crates,1,2119,,,,
3.6484375,0.51171875,0.59375,0.76922673,0.008195544,0.09033573,-0.00085052755,-0.015050726,-2.3667185,118.08594,0.04100886,0.060030017,118.08594,120,FC128,crates,1,2120,,,,
3.1640625,0.3984375,0.6484375,0.7799683,0.008191448,0.03708923,0.006348206,-0.0074683805,-2.3692772,109.53906,0.040411312,0.060530268,109.53906,121,FC128,crates,1,2121,,,,
2.9765625,0.41796875,0.60546875,0.77173597,0.008187353,0.08670014,-0.0002791877,-0.013180223,-2.5636132,119.53516,0.03843902,0.06103052,119.53516,122,FC128,crates,1,2122,,,,
2.4726562,0.3671875,0.57421875,0.75398,0.008183257,0.08878678,0.012235824,0.0018415784,-2.2627537,121.72266,0.033128515,0.06153077,121.72266,123,FC128,crates,1,2123,,,,
2.3203125,0.484375,0.4375,0.7144845,0.008179162,0.17327708,0.012809376,0.0006524743,-2.4913087,143.85547,0.036001574,0.062031016,143.85547,124,FC128,crates,1,2124,,,,
1.78125,0.37109375,0.375,0.6918402,0.008175066,0.25787032,0.013657183,0.002360295,-2.682578,152.79297,0.033905454,0.06253127,152.79297,125,FC128,crates,1,2125,,,,
1.515625,0.26171875,0.3671875,0.6519584,0.008170971,0.35540366,0.011725035,0.0023012632,-2.5675,151.23828,0.029501809,0.06303152,151.23828,126,FC128,crates,1,2126,,,,
1.4609375,0.2890625,0.3515625,0.59741396,0.008166875,0.30226195,0.0137346,0.003955711,-2.1811328,150.0664,0.029315786,0.06353177,150.0664,127,FC128,crates,1,2127,,,,
1.578125,0.27734375,0.328125,0.6060846,0.00816278,0.45481014,-0.0013256478,-0.009792556,-2.1393747,152.82031,0.026828486,0.06403202,152.82031,128,FC128,crates,1,2128,,,,
1.640625,0.2578125,0.27734375,0.60895216,0.008158684,0.52347314,-0.0060470365,-0.014692814,-2.3150392,164.04688,0.027228052,0.064532265,164.04688,129,FC128,crates,1,2129,,,,
1.4414062,0.2734375,0.3671875,0.6598073,0.008154588,0.6381886,-0.003858333,-0.014400134,-2.5130467,150.16797,0.031844515,0.06503252,150.16797,130,FC128,crates,1,2130,,,,
1.25,0.3125,0.20703125,0.7215999,0.008150493,0.6406332,0.019991381,0.007664189,-2.1877537,171.82422,0.036417175,0.06553277,171.82422,131,FC128,crates,1,2131,,,,
1.6679688,0.296875,0.32421875,0.7132848,0.008146397,0.563114,-0.010766152,-0.019427354,-2.1673827,157.16016,0.028943805,0.06603302,157.16016,132,FC128,crates,1,2132,,,,
1.4570312,0.28125,0.28515625,0.6792463,0.008142302,0.5477808,-0.012610945,-0.019726759,-2.1527147,160.44922,0.025292885,0.06653327,160.44922,133,FC128,crates,1,2133,,,,
1.09375,0.2421875,0.203125,0.6584749,0.008138206,0.38267487,-0.0005737357,-0.0049983314,-1.9689451,170.22266,0.0195668,0.06703352,170.22266,134,FC128,crates,1,2134,,,,
0.859375,0.171875,0.19140625,0.64911604,0.008134111,0.52798605,-0.0017842981,-0.0062600365,-2.3063865,169.39453,0.01951144,0.06753377,169.39453,135,FC128,crates,1,2135,,,,
1.0195312,0.296875,0.15234375,0.7940461,0.008130015,0.61802816,0.008481996,0.0045956383,-1.9646678,177.07812,0.02068393,0.06803402,177.07812,136,FC128,crates,1,2136,,,,
1.1757812,0.31640625,0.140625,0.77838075,0.008125919,0.7158061,0.0063887998,-2.1141628e-05,-2.3588278,179.83203,0.025470002,0.06853427,179.83203,137,FC128,crates,1,2137,,,,
1.4882812,0.36328125,0.234375,0.8425544,0.008121824,0.7866843,0.0060554077,-0.003234819,-2.4745507,166.50781,0.03226661,0.06903452,166.50781,138,FC128,crates,1,2138,,,,
3.09375,0.45703125,0.34375,0.7844348,0.008117728,0.70042,0.008558216,-0.007948017,-2.2624805,150.48828,0.045748122,0.06953477,150.48828,139,FC128,crates,1,2139,,,,
5.3515625,0.35546875,0.3515625,0.6264694,0.008113633,0.8364037,0.028859407,-0.004824358,-2.5391405,147.33203,0.07753342,0.07003502,147.33203,140,FC128,crates,1,2140,,,,
8.4296875,0.515625,0.390625,0.47176144,0.008109537,0.68925333,0.05411962,0.012253146,-2.1580858,138.32812,0.09138448,0.07053527,138.32812,141,FC128,crates,1,2141,,,,
10.816406,0.42578125,0.34375,0.35734567,0.008105442,0.5354405,0.02234537,-0.0032483719,-2.4175196,143.92188,0.05698037,0.07103552,143.92188,142,FC128,crates,1,2142,,,,
11.6953125,0.49609375,0.33984375,0.23204188,0.008101346,-0.04846406,0.013902717,-0.022795584,-2.5030665,143.54688,0.077156305,0.07153577,143.54688,143,FC128,crates,1,2143,,,,
12.265625,0.4375,0.32421875,0.16778523,0.00809725,-0.22679353,0.021817543,-0.011582312,-2.674375,144.14844,0.069516905,0.07203602,144.14844,144,FC128,crates,1,2144,,,,
11.4609375,0.3984375,0.390625,0.1366872,0.008093155,0.041926503,0.010474043,-0.00632871,-2.5426366,133.60938,0.035817966,0.07253627,133.60938,145,FC128,crates,1,2145,,,,
11.3671875,0.46484375,0.421875,0.13457756,0.008089059,-0.4908675,0.012805643,-0.016136596,-2.254922,130.36719,0.06006169,0.07303652,130.36719,146,FC128,crates,1,2146,,,,
11.8671875,0.390625,0.3828125,0.1529607,0.008084964,-0.5954641,0.008446167,-0.020997973,-2.5102735,135.64844,0.061361644,0.07353677,135.64844,147,FC128,crates,1,2147,,,,
11.542969,0.41796875,0.41015625,0.15608788,0.008080868,-0.05680585,0.010850314,-0.006027732,-2.3660545,132.875,0.036278743,0.07403702,132.875,148,FC128,crates,1,2148,,,,
11.5078125,0.40234375,0.421875,0.17570592,0.008076773,-0.40425515,0.048895847,0.019498533,-2.2246094,130.5586,0.0616329,0.07453727,130.5586,149,FC128,crates,1,2149,,,,
12.3984375,0.46484375,0.34765625,0.15107085,0.008072677,-0.6002344,0.05199686,0.0149070565,-2.6588864,141.42188,0.0766187,0.075037524,141.42188,150,FC128,crates,1,2150,,,,
13.0,0.44921875,0.29296875,0.13197848,0.008068582,-0.19213939,0.024949333,0.0059005837,-2.7726758,148.95703,0.040227257,0.07553777,148.95703,151,FC128,crates,1,2151,,,,
11.984375,0.375,0.359375,0.1141605,0.008064486,-0.4670943,0.012962689,-0.012387085,-2.6318164,135.91406,0.05254084,0.07603802,135.91406,152,FC128,crates,1,2152,,,,
12.308594,0.4375,0.34375,0.12212334,0.00806039,-0.76277566,0.016448407,-0.01718948,-2.3398438,139.85547,0.0692445,0.07653827,139.85547,153,FC128,crates,1,2153,,,,
11.332031,0.5,0.4453125,0.16779697,0.008056295,-0.19710612,0.0073867366,-0.013708271,-2.2946093,129.14453,0.04489366,0.07703852,129.14453,154,FC128,crates,1,2154,,,,
10.5859375,0.5,0.53515625,0.18851393,0.008052199,-0.18503022,0.028876893,0.004952169,-2.4215624,120.69922,0.05088535,0.07753877,120.69922,155,FC128,crates,1,2155,,,,
10.910156,0.4921875,0.48046875,0.2025322,0.008048104,-0.25623465,0.039715227,0.014355663,-2.1874218,122.46484,0.05397913,0.07803902,122.46484,156,FC128,crates,1,2156,,,,
11.015625,0.5625,0.48828125,0.19824842,0.008044008,-0.020408392,0.019953614,0.0015487466,-2.2641993,125.16016,0.039999157,0.078539275,125.16016,157,FC128,crates,1,2157,,,,
11.2265625,0.49609375,0.44140625,0.15329228,0.008039912,-0.14014673,0.011349316,-0.008266832,-2.4547071,129.53516,0.041697208,0.07903952,129.53516,158,FC128,crates,1,2158,,,,
11.527344,0.45703125,0.390625,0.15918322,0.008035817,-0.03627217,0.015500254,-0.0011250564,-2.4792967,133.125,0.035808954,0.079539776,133.125,159,FC128,crates,1,2159,,,,
10.871094,0.4765625,0.42578125,0.21474022,0.008031721,-0.26217782,0.024028156,-0.0012596246,-2.4758008,131.41406,0.054025028,0.08004002,131.41406,160,FC128,crates,1,2160,,,,
10.2734375,0.47265625,0.4453125,0.24210604,0.008027626,-0.22648108,0.026115606,0.002019103,-2.4345508,127.21094,0.052080076,0.08054027,127.21094,161,FC128,crates,1,2161,,,,
10.160156,0.57421875,0.44921875,0.25871328,0.00802353,-0.027320027,0.010146968,-0.0076625003,-2.557715,126.58203,0.039770525,0.081040524,126.58203,162,FC128,crates,1,2162,,,,
10.2421875,0.4765625,0.44921875,0.262791,0.008019435,-0.033909917,0.010009086,-0.007052474,-2.6544728,127.859375,0.03833799,0.08154077,127.859375,163,FC128,crates,1,2163,,,,
10.109375,0.53125,0.46484375,0.23670074,0.008015339,-0.113530874,0.016353931,-0.0050345324,-2.7470312,127.66797,0.0465714,0.082041025,127.66797,164,FC128,crates,1,2164,,,,
10.6953125,0.453125,0.421875,0.22989231,0.008011244,0.00620085,0.0159965,-0.0008439301,-2.5815039,132.09766,0.03736431,0.08254127,132.09766,165,FC128,crates,1,2165,,,,
11.863281,0.52734375,0.3671875,0.23733234,0.008007148,-0.20605028,0.018311432,-0.0034746425,-2.5920897,144.3125,0.047372855,0.08304153,144.3125,166,FC128,crates,1,2166,,,,
10.9765625,0.4765625,0.390625,0.25050205,0.008003052,-0.04000461,0.015085847,-0.0027428388,-2.8425584,135.73047,0.039666932,0.08354177,135.73047,167,FC128,crates,1,2167,,,,
9.746094,0.4140625,0.48828125,0.27461427,0.007998957,-0.24099016,0.012550899,-0.014633261,-2.7436717,121.92578,0.058761574,0.08404203,121.92578,168,FC128,crates,1,2168,,,,
10.234375,0.44140625,0.4453125,0.30243844,0.007994861,-0.29423714,0.014399139,-0.012955786,-2.6285157,130.73828,0.05954576,0.084542274,130.73828,169,FC128,crates,1,2169,,,,
8.953125,0.44921875,0.546875,0.3363437,0.007990766,0.02130425,0.017122328,-0.00027549648,-2.1536717,112.57422,0.040170938,0.08504252,112.57422,170,FC128,crates,1,2170,,,,
9.4921875,0.52734375,0.53125,0.36310753,0.00798667,-0.23603046,0.021692567,-0.0016203648,-2.4350195,120.21484,0.052425902,0.085542776,120.21484,171,FC128,crates,1,2171,,,,
9.339844,0.56640625,0.52734375,0.39046493,0.007982575,-0.14151049,0.024451422,0.0028632765,-2.1869922,121.74609,0.04941012,0.08604302,121.74609,172,FC128,crates,1,2172,,,,
9.636719,0.62890625,0.484375,0.4205424,0.007978479,0.03173846,0.009417661,-0.007534295,-2.745508,130.5039,0.04061449,0.08654328,130.5039,173,FC128,crates,1,2173,,,,
8.105469,0.51953125,0.52734375,0.45499954,0.007974383,-0.033994913,-0.006369441,-0.026035124,-2.4991992,119.63672,0.04658805,0.087043524,119.63672,174,FC128,crates,1,2174,,,,
7.796875,0.5234375,0.47265625,0.49398988,0.007970288,0.03877133,-0.0006598858,-0.016423726,-2.4927928,128.6875,0.039402165,0.08754378,128.6875,175,FC128,crates,1,2175,,,,
5.9570312,0.46484375,0.4140625,0.5813511,0.007966192,-0.08803296,0.063430734,0.042129032,-2.2543163,138.14062,0.051865708,0.088044025,138.14062,176,FC128,crates,1,2176,,,,
7.2070312,0.54296875,0.43359375,0.55985385,0.007962097,0.04572016,0.026554842,0.011820539,-2.340742,134.74219,0.038383827,0.08854427,134.74219,177,FC128,crates,1,2177,,,,
7.125,0.48828125,0.59375,0.52450246,0.007958001,0.0155828,-0.01041457,-0.028266275,-2.465879,112.75781,0.044051394,0.089044526,112.75781,178,FC128,crates,1,2178,,,,
8.5390625,0.59375,0.50390625,0.47947538,0.007953906,0.0074876547,-0.004867073,-0.021859374,-2.445332,128.32812,0.041612007,0.08954477,128.32812,179,FC128,crates,1,2179,,,,
7.9179688,0.44921875,0.546875,0.46288842,0.0079498105,0.014956653,0.012769261,-0.0037105936,-2.3113866,115.77734,0.04031946,0.09004503,115.77734,180,FC128,crates,1,2180,,,,
8.589844,0.63671875,0.48828125,0.4811309,0.0079457145,0.021347582,0.014388135,-0.0025642547,-2.5807421,127.390625,0.041550636,0.090545274,127.390625,181,FC128,crates,1,2181,,,,
8.035156,0.60546875,0.5234375,0.5270366,0.0079416195,0.04524541,0.002583209,-0.0139491595,-2.3642187,123.35156,0.041435786,0.09104553,123.35156,182,FC128,crates,1,2182,,,,
7.7382812,0.6640625,0.51953125,0.5672424,0.007937524,0.04809761,0.0067050583,-0.010025332,-2.3150194,122.01172,0.04246578,0.091545776,122.01172,183,FC128,crates,1,2183,,,,
7.1484375,0.6171875,0.49609375,0.63263035,0.0079334285,0.05761653,0.016858164,0.0025414778,-2.1258593,125.03516,0.038671225,0.09204602,125.03516,184,FC128,crates,1,2184,,,,
5.8632812,0.546875,0.55078125,0.7327778,0.007929333,0.07518232,0.0130602,-0.00044310978,-2.3484373,123.36328,0.038627498,0.09254628,123.36328,185,FC128,crates,1,2185,,,,
5.1210938,0.703125,0.50390625,0.8156733,0.0079252375,0.064959586,0.016802149,0.003604435,-2.2506835,134.50781,0.03932424,0.09304652,134.50781,186,FC128,crates,1,2186,,,,
4.0039062,0.59375,0.59765625,0.8307461,0.007921142,0.10006529,0.01828691,0.0041982005,-2.1441598,118.63672,0.041338332,0.09354678,118.63672,187,FC128,crates,1,2187,,,,
3.8476562,0.6796875,0.51953125,0.83240414,0.007917047,0.09082931,0.017985266,0.003465963,-1.9834373,125.03516,0.04221897,0.094047025,125.03516,188,FC128,crates,1,2188,,,,
3.6992188,0.59765625,0.53515625,0.8329185,0.007912951,0.17504567,0.0018274933,-0.012075201,-2.5175977,125.625,0.040987074,0.09454728,125.625,189,FC128,crates,1,2189,,,,
3.5820312,0.6796875,0.53125,0.8315961,0.007908855,0.17136842,0.016178386,0.0018202863,-2.0593162,128.73828,0.041870143,0.095047526,128.73828,190,FC128,crates,1,2190,,,,
3.171875,0.51953125,0.4921875,0.84427005,0.00790476,0.2837432,0.0128598865,-0.00043832045,-2.404863,131.1836,0.039943915,0.09554778,131.1836,191,FC128,crates,1,2191,,,,
3.203125,0.7265625,0.484375,0.83869165,0.007900664,0.31023198,0.02579418,0.011871251,-2.0469139,136.5039,0.041098297,0.09604803,136.5039,192,FC128,crates,1,2192,,,,
3.6171875,0.71875,0.546875,0.82728934,0.007896569,0.26295954,0.018010713,0.0028308511,-1.8825192,126.13281,0.043425217,0.096548274,126.13281,193,FC128,crates,1,2193,,,,
3.8789062,0.78515625,0.56640625,0.82623327,0.007892473,0.25764757,0.01114179,-0.005207405,-1.9037304,125.30469,0.045740437,0.09704853,125.30469,194,FC128,crates,1,2194,,,,
3.828125,0.69140625,0.703125,0.77545434,0.007888378,0.09347361,0.005559071,-0.015691405,-1.8451171,102.01172,0.054735105,0.097548775,102.01172,195,FC128,crates,1,2195,,,,
4.3398438,0.64453125,0.63671875,0.7432658,0.007884282,0.20602667,0.0069037196,-0.013688513,-1.8759766,112.0625,0.0529047,0.09804903,112.0625,196,FC128,crates,1,2196,,,,
4.1640625,0.6640625,0.59375,0.7565603,0.007880186,0.28296804,0.0026329546,-0.015777154,-2.0124412,121.125,0.04874389,0.09854928,121.125,197,FC128,crates,1,2197,,,,
3.65625,0.6875,0.4765625,0.7259152,0.007876091,0.3394482,0.004042542,-0.0108782835,-1.8159764,137.42578,0.0412764,0.09904953,137.42578,198,FC128,crates,1,2198,,,,
2.5625,0.58203125,0.3359375,0.7367681,0.007871995,0.41948974,0.011634997,0.0009101694,-1.9207616,157.53906,0.033049326,0.09954978,157.53906,199,FC128,crates,1,2199,,,,
1.9921875,0.48828125,0.296875,0.72121555,0.0078679,0.5119782,0.016594121,0.0072931987,-1.7110155,157.7461,0.029950747,0.10005003,157.7461,200,FC128,crates,1,2200,,,,
1.8085938,0.50390625,0.23046875,0.66387546,0.007863804,0.34044087,0.012069866,0.004503762,-1.5171872,167.1836,0.02557338,0.10055028,167.1836,201,FC128,crates,1,2201,,,,
2.0351562,0.52734375,0.21484375,0.6922469,0.007859709,0.40715063,-0.0060096374,-0.012853418,-1.5348825,167.51172,0.024569279,0.101050526,167.51172,202,FC128,crates,1,2202,,,,
2.1367188,0.5,0.22265625,0.71308404,0.007855613,0.25281107,-0.012191512,-0.018693652,-1.4782615,170.34375,0.024207706,0.10155078,170.34375,203,FC128,crates,1,2203,,,,
2.140625,0.5625,0.24609375,0.6916806,0.007851517,0.44743347,-0.0071949186,-0.016462624,-1.4665623,166.29688,0.029396895,0.10205103,166.29688,204,FC128,crates,1,2204,,,,
1.6054688,0.51953125,0.20703125,0.6866692,0.007847422,0.40698695,0.00079095317,-0.0084162345,-1.6721091,167.20312,0.02919154,0.10255128,167.20312,205,FC128,crates,1,2205,,,,
1.7148438,0.51953125,0.2265625,0.693286,0.007843326,0.47239268,0.010404117,-0.00071323273,-1.6739842,165.02734,0.033110037,0.10305153,165.02734,206,FC128,crates,1,2206,,,,
1.96875,0.5390625,0.1875,0.73947346,0.007839231,0.4462369,0.020679908,0.009402892,-1.5582421,173.66797,0.03414784,0.10355178,173.66797,207,FC128,crates,1,2207,,,,
2.5078125,0.59375,0.25390625,0.69526637,0.007835135,0.38405108,0.020589426,0.009935077,-1.4354296,166.82422,0.03220371,0.10405203,166.82422,208,FC128,crates,1,2208,,,,
3.4726562,0.73046875,0.30859375,0.6829805,0.00783104,0.30609906,0.016325137,0.0045530717,-1.1973436,159.86719,0.034241024,0.10455228,159.86719,209,FC128,crates,1,2209,,,,
4.4179688,0.75390625,0.34765625,0.61852896,0.007826944,0.3056239,0.002773554,-0.010140176,-1.418535,156.3125,0.035509843,0.10505253,156.3125,210,FC128,crates,1,2210,,,,
5.0078125,0.65625,0.41796875,0.5791475,0.007822849,0.24583209,-0.004250736,-0.018435348,-1.3134568,142.10547,0.03743039,0.10555278,142.10547,211,FC128,crates,1,2211,,,,
4.2226562,0.54296875,0.39453125,0.56494933,0.007818753,0.3017292,-0.006850233,-0.019704496,-1.7089452,150.70312,0.034542926,0.10605303,150.70312,212,FC128,crates,1,2212,,,,
2.2695312,0.3515625,0.41796875,0.46917558,0.007814657,0.26640344,-0.00896064,-0.021152949,-1.9383202,144.34766,0.03171751,0.10655328,144.34766,213,FC128,crates,1,2213,,,,
1.296875,0.18359375,0.40625,0.4100756,0.007810562,0.325634,-0.009579563,-0.020170467,-2.1088476,143.48828,0.02758765,0.10705353,143.48828,214,FC128,crates,1,2214,,,,
0.57421875,0.0625,0.19140625,0.3120153,0.007806466,0.47502106,-0.0060468568,-0.010777354,-2.1231246,176.29297,0.014332469,0.10755378,176.29297,215,FC128,crates,1,2215,,,,
0.16015625,0.03125,0.0703125,0.22063048,0.0078023705,0.57398283,0.003134902,-0.0019262539,-2.1091795,192.08203,0.013565194,0.10805403,192.08203,216,FC128,crates,1,2216,,,,
0.0859375,0.01953125,0.0078125,0.20707986,0.007798275,0.59280694,0.0046275593,-0.0005672276,-2.0554686,198.54297,0.013619305,0.10855428,198.54297,217,FC128,crates,1,2217,,,,
0.04296875,0.0078125,0.0,0.26574168,0.0077941795,0.61295354,0.004759996,0.0019057316,-2.0261717,200.0,0.009851006,0.10905453,200.0,218,FC128,crates,1,2218,,,,
0.0234375,0.0078125,0.00390625,0.24969226,0.007790084,0.5542893,0.002818937,0.0016685415,-1.9906638,199.79297,0.006191038,0.10955478,199.79297,219,FC128,crates,1,2219,,,,
0.046875,0.01171875,0.0,0.19368267,0.0077859885,0.6468407,0.0025882996,0.0009950962,-2.0091796,200.0,0.0062024286,0.11005503,200.0,220,FC128,crates,1,2220,,,,
0.046875,0.015625,0.0,0.24939542,0.007781893,0.52778864,0.0035552497,0.001288049,-2.011328,200.0,0.008415938,0.11055528,200.0,221,FC128,crates,1,2221,,,,
0.05078125,0.015625,0.0,0.21775866,0.007777797,0.5725827,0.0022116126,0.00076220377,-1.9874997,200.0,0.0062861834,0.11105553,200.0,222,FC128,crates,1,2222,,,,
0.01953125,0.0,0.0,0.21349318,0.0077737016,0.55826175,0.0010804635,-0.00029914803,-1.9929686,200.0,0.0060784877,0.111555785,200.0,223,FC128,crates,1,2223,,,,
0.04296875,0.01953125,0.00390625,0.21873675,0.007769606,0.51844823,0.0022396203,0.00015280068,-2.0120115,199.30078,0.0075726365,0.11205603,199.30078,224,FC128,crates,1,2224,,,,
0.0703125,0.03515625,0.0,0.23159531,0.0077655106,0.45643663,0.0025524667,0.0004319708,-1.9830076,200.0,0.007837904,0.11255628,200.0,225,FC128,crates,1,2225,,,,
0.02734375,0.01171875,0.0,0.22993289,0.007761415,0.37953353,0.002843372,0.0010296085,-2.0496092,200.0,0.007196736,0.11305653,200.0,226,FC128,crates,1,2226,,,,
0.05078125,0.0234375,0.00390625,0.24681605,0.0077573196,0.19179612,0.0042341123,0.0024820925,-1.9749998,199.57422,0.0073333015,0.11355678,199.57422,227,FC128,crates,1,2227,,,,
0.046875,0.01953125,0.0,0.24042329,0.007753224,0.28483343,0.0031384835,0.0014356881,-1.9943357,200.0,0.007133702,0.114057034,200.0,228,FC128,crates,1,2228,,,,
0.08203125,0.015625,0.00390625,0.26746303,0.0077491286,0.19410849,0.00173266,0.00046467033,-1.9633591,199.54297,0.00668119,0.11455728,199.54297,229,FC128,crates,1,2229,,,,
0.14453125,0.046875,0.0078125,0.33149505,0.007745033,0.284706,0.00011665351,-0.0009102125,-1.9477341,198.6875,0.007188612,0.115057535,198.6875,230,FC128,crates,1,2230,,,,
0.359375,0.12109375,0.0234375,0.44912803,0.007740937,0.39018744,-0.00046313065,-0.0021225128,-1.9385154,197.97656,0.010272108,0.11555778,197.97656,231,FC128,crates,1,2231,,,,
0.59375,0.1484375,0.0625,0.5159313,0.0077368417,0.6906483,-0.0019129538,-0.00466251,-2.1879492,192.8125,0.01348247,0.11605804,192.8125,232,FC128,crates,1,2232,,,,
1.7226562,0.234375,0.203125,0.6665042,0.007732746,0.54577184,0.004226129,-0.004613351,-2.4224217,173.36328,0.027986776,0.11655828,173.36328,233,FC128,crates,1,2233,,,,
1.8515625,0.31640625,0.16015625,0.74111134,0.0077286507,0.56867903,0.0071004652,-0.0017484833,-2.1804295,178.90625,0.02915348,0.11705853,178.90625,234,FC128,crates,1,2234,,,,
1.4101562,0.31640625,0.15625,0.7232655,0.007724555,0.5467478,0.0020427695,-0.012810154,-2.0437305,179.08984,0.040879656,0.117558785,179.08984,235,FC128,crates,1,2235,,,,
1.3554688,0.3046875,0.17578125,0.6951436,0.0077204597,0.56880105,-0.0005680518,-0.006391751,-1.9930663,177.05078,0.022381054,0.11805903,177.05078,236,FC128,crates,1,2236,,,,
1.1796875,0.265625,0.1484375,0.66300404,0.007716364,0.47691965,0.0007064226,-0.0035985212,-2.0133007,182.5039,0.01884185,0.118559286,182.5039,237,FC128,crates,1,2237,,,,
1.3320312,0.27734375,0.11328125,0.6736759,0.0077122683,0.4828626,0.00395217,-0.0007651867,-1.989043,187.15234,0.019825852,0.11905953,187.15234,238,FC128,crates,1,2238,,,,
1.6992188,0.3984375,0.15234375,0.68949795,0.007708173,0.6661245,0.0047072945,-0.0033184856,-2.1156836,180.4414,0.0266811,0.11955979,180.4414,239,FC128,crates,1,2239,,,,
1.7382812,0.37890625,0.22265625,0.77744824,0.0077040773,0.44868624,0.0012047747,-0.004528876,-1.9975195,168.63672,0.023446344,0.120060034,168.63672,240,FC128,crates,1,2240,,,,
2.2890625,0.421875,0.234375,0.79638976,0.007699982,0.5956007,0.0013982989,-0.0054042735,-2.2222853,170.98828,0.025869519,0.12056028,170.98828,241,FC128,crates,1,2241,,,,
1.9375,0.3359375,0.23828125,0.76519233,0.0076958863,0.65505016,-0.00457733,-0.010386906,-2.1368358,170.46484,0.023396818,0.121060535,170.46484,242,FC128,crates,1,2242,,,,
1.4179688,0.38671875,0.1875,0.6835765,0.007691791,0.4875555,-0.001676864,-0.009830048,-1.8995311,177.3086,0.026822224,0.12156078,177.3086,243,FC128,crates,1,2243,,,,
0.6015625,0.2109375,0.078125,0.57995754,0.0076876953,0.30821687,0.00037696818,-0.0012521767,-1.838281,190.48828,0.0121753635,0.12206104,190.48828,244,FC128,crates,1,2244,,,,
0.6171875,0.16796875,0.09375,0.5933908,0.0076835994,0.25821918,0.00058861356,-0.0011966295,-1.9315819,188.24219,0.01268924,0.12256128,188.24219,245,FC128,crates,1,2245,,,,
0.8671875,0.2578125,0.109375,0.6549617,0.007679504,0.33115613,-0.002406071,-0.0045315702,-1.842656,186.99219,0.01431056,0.12306154,186.99219,246,FC128,crates,1,2246,,,,
1.5546875,0.35546875,0.14453125,0.69531655,0.0076754084,0.47860366,0.0010962482,-0.004282848,-1.9451561,179.5625,0.021431869,0.123561785,179.5625,247,FC128,crates,1,2247,,,,
1.9765625,0.453125,0.21875,0.6925536,0.007671313,0.58307284,0.00031356514,-0.0067301947,-1.9308593,166.82031,0.02471311,0.12406203,166.82031,248,FC128,crates,1,2248,,,,
2.2460938,0.58203125,0.1796875,0.7376257,0.0076672174,0.60847425,0.004111218,-0.0015155646,-1.610996,175.52734,0.022564638,0.124562286,175.52734,249,FC128,crates,1,2249,,,,
2.5234375,0.52734375,0.2109375,0.7097145,0.007663122,0.6610527,0.0032809163,-0.0038064057,-1.7601366,173.8711,0.025051901,0.12506254,173.8711,250,FC128,crates,1,2250,,,,
2.4960938,0.546875,0.24609375,0.6487324,0.0076590264,0.6059112,0.0043385434,-0.003994443,-1.780996,166.69531,0.02660329,0.12556279,166.69531,251,FC128,crates,1,2251,,,,
2.5859375,0.46875,0.2421875,0.6414569,0.0076549305,0.4976163,0.004503375,-0.0026263185,-1.6333787,167.84766,0.024080003,0.12606303,167.84766,252,FC128,crates,1,2252,,,,
2.2539062,0.4375,0.234375,0.6473129,0.0076508354,0.51135457,0.0041433037,-0.0018010157,-1.6657615,167.13281,0.021793608,0.12656328,167.13281,253,FC128,crates,1,2253,,,,
2.4296875,0.5078125,0.30078125,0.64388126,0.0076467395,0.31870645,-0.001989793,-0.009944572,-1.8635936,163.59375,0.025756743,0.12706354,163.59375,254,FC128,crates,1,2254,,,,
2.3476562,0.48046875,0.2109375,0.62460214,0.007642644,0.50470704,-0.005098333,-0.01169357,-1.8359373,172.76953,0.022737697,0.12756379,172.76953,255,FC128,crates,1,2255,,,,
1.8632812,0.4765625,0.234375,0.6403183,0.0076385485,0.4905699,0.004545777,-0.00163615,-1.5404295,168.75,0.02214606,0.12806404,168.75,256,FC128,crates,1,2256,,,,
1.6210938,0.4921875,0.16796875,0.6992881,0.007634453,0.69098645,0.0057748137,0.00017150641,-1.583613,176.35156,0.021883978,0.12856428,176.35156,257,FC128,crates,1,2257,,,,
1.5,0.45703125,0.1484375,0.73514074,0.0076303575,0.6397526,0.0027215509,-0.002268409,-1.6683006,176.7539,0.021198692,0.12906453,176.7539,258,FC128,crates,1,2258,,,,
1.2773438,0.3984375,0.0859375,0.76032215,0.0076262616,0.7526844,0.0029721544,-0.00037694187,-1.7332811,189.46875,0.018295024,0.12956479,189.46875,259,FC128,crates,1,2259,,,,
1.1523438,0.41796875,0.06640625,0.7640338,0.0076221665,0.7878321,0.002268564,-0.0013841126,-1.7541599,190.08203,0.01895254,0.13006504,190.08203,260,FC128,crates,1,2260,,,,
1.1875,0.453125,0.07421875,0.80812967,0.0076180706,0.8010547,0.0032007769,-0.002219713,-1.7183788,189.46094,0.023153758,0.13056529,189.46094,261,FC128,crates,1,2261,,,,
1.2539062,0.3828125,0.046875,0.78215456,0.007613975,0.8664772,0.0078566335,-0.0013168318,-1.9002929,193.48438,0.03025754,0.13106553,193.48438,262,FC128,crates,1,2262,,,,
1.2421875,0.51953125,0.08203125,0.8263049,0.0076098796,0.838547,0.008403631,-0.00077492197,-1.6591403,186.85547,0.030933267,0.1315658,186.85547,263,FC128,crates,1,2263,,,,
1.4023438,0.5078125,0.12109375,0.83303165,0.007605784,0.8486563,0.010431623,-0.004330702,-1.7795898,181.76172,0.042196367,0.13206604,181.76172,264,FC128,crates,1,2264,,,,
1.34375,0.52734375,0.06640625,0.8334073,0.0076016886,0.68908155,0.009314805,0.003064748,-1.4673827,190.26172,0.02517072,0.13256629,190.26172,265,FC128,crates,1,2265,,,,
1.40625,0.52734375,0.0703125,0.8344633,0.007597593,0.5907568,0.013539018,0.0055326843,-1.3627342,189.19531,0.028692493,0.13306653,189.19531,266,FC128,crates,1,2266,,,,
1.2460938,0.55859375,0.1015625,0.8521412,0.0075934976,0.3276196,0.0022891266,-0.0010668768,-1.2655661,186.35547,0.019653471,0.13356678,186.35547,267,FC128,crates,1,2267,,,,
1.3554688,0.53515625,0.1015625,0.8668219,0.0075894017,0.5777774,-0.0034814281,-0.0058441153,-1.3779294,185.47266,0.017882694,0.13406704,185.47266,268,FC128,crates,1,2268,,,,
1.1679688,0.4921875,0.08203125,0.8040663,0.007585306,0.48946202,-0.007024995,-0.008905926,-1.4414256,188.9414,0.01596004,0.13456729,188.9414,269,FC128,crates,1,2269,,,,
1.1679688,0.46484375,0.0859375,0.7711577,0.0075812107,0.52640903,-0.0053501767,-0.0074032964,-1.5367771,189.6914,0.015798857,0.13506754,189.6914,270,FC128,crates,1,2270,,,,
1.3867188,0.5703125,0.07421875,0.80333287,0.007577115,0.49502265,0.007051721,0.0024038064,-1.3870506,188.8086,0.021469722,0.13556778,188.8086,271,FC128,crates,1,2271,,,,
1.3945312,0.58984375,0.0703125,0.8930975,0.0075730197,0.54483265,0.011539016,0.006750601,-1.366035,190.33594,0.023103721,0.13606805,190.33594,272,FC128,crates,1,2272,,,,
1.7304688,0.63671875,0.109375,0.8185763,0.007568924,0.572441,0.003934251,-0.00045584442,-1.3137889,185.0625,0.021171674,0.1365683,185.0625,273,FC128,crates,1,2273,,,,
2.2421875,0.5625,0.203125,0.7681655,0.0075648287,0.6109581,-0.001927162,-0.009964659,-1.7461717,174.48828,0.027697075,0.13706854,174.48828,274,FC128,crates,1,2274,,,,
2.0507812,0.6796875,0.125,0.8277138,0.007560733,0.75959593,0.0069127735,-0.0026793578,-1.4301951,182.63672,0.031700507,0.13756879,182.63672,275,FC128,crates,1,2275,,,,
1.78125,0.5390625,0.12109375,0.9059864,0.0075566373,0.7862546,0.006473182,-0.0022740809,-1.6587108,184.3125,0.031186948,0.13806903,184.3125,276,FC128,crates,1,2276,,,,
1.7226562,0.54296875,0.140625,0.90440786,0.007552542,0.6408268,0.0032708836,-0.0022037192,-1.3844529,181.65234,0.024610363,0.1385693,181.65234,277,FC128,crates,1,2277,,,,
1.7382812,0.6796875,0.1640625,0.7597082,0.0075484463,0.72127527,0.007279882,-0.0032068063,-1.4264647,180.10547,0.03244261,0.13906954,180.10547,278,FC128,crates,1,2278,,,,
1.5664062,0.50390625,0.1484375,0.7392179,0.007544351,0.7344217,0.001705402,-0.0073039173,-1.635039,179.58984,0.029172476,0.13956979,179.58984,279,FC128,crates,1,2279,,,,
1.6679688,0.69921875,0.15625,0.7965296,0.0075402553,0.7061336,0.0029633292,-0.0076331077,-1.3687303,180.4375,0.033204947,0.14007004,180.4375,280,FC128,crates,1,2280,,,,
1.8828125,0.66015625,0.15625,0.85034174,0.00753616,0.750708,0.0065769767,-0.0021466038,-1.244492,181.77344,0.030263783,0.14057028,181.77344,281,FC128,crates,1,2281,,,,
1.9492188,0.62890625,0.140625,0.89763725,0.007532064,0.6590473,0.0072401566,0.0005833413,-1.2653904,179.64844,0.026835753,0.14107054,179.64844,282,FC128,crates,1,2282,,,,
2.0195312,0.640625,0.140625,0.8499094,0.007527969,0.64487267,0.00942968,0.0012064377,-1.3977733,182.63281,0.029242668,0.14157079,182.63281,283,FC128,crates,1,2283,,,,
2.171875,0.63671875,0.1953125,0.870871,0.007523873,0.6560811,0.009765656,0.001227178,-1.3975779,173.80078,0.0301816,0.14207104,173.80078,284,FC128,crates,1,2284,,,,
2.6640625,0.7890625,0.2265625,0.82224554,0.0075197774,0.5211983,0.0076003424,-0.0006943056,-1.2753514,172.82031,0.028955502,0.14257129,172.82031,285,FC128,crates,1,2285,,,,
3.1992188,0.703125,0.27734375,0.7683793,0.007515682,0.4399954,0.00439271,-0.004387731,-1.2342185,166.92188,0.029110672,0.14307155,166.92188,286,FC128,crates,1,2286,,,,
2.9882812,0.65625,0.24609375,0.6895233,0.0075115864,0.24806637,-0.0059545105,-0.012420518,-1.312578,173.20312,0.023290843,0.1435718,173.20312,287,FC128,crates,1,2287,,,,
2.6992188,0.5703125,0.234375,0.6345775,0.007507491,0.19168419,-0.009496239,-0.01600928,-1.6128514,174.72266,0.022554252,0.14407204,174.72266,288,FC128,crates,1,2288,,,,
2.9960938,0.44921875,0.140625,0.60755223,0.007503395,0.21188033,-0.004146761,-0.007952369,-1.6209959,181.64453,0.016728625,0.14457229,181.64453,289,FC128,crates,1,2289,,,,
4.0664062,0.44140625,0.16796875,0.55982554,0.0074993,0.2484479,0.00012158416,-0.004646941,-1.5190428,178.44922,0.01793365,0.14507253,178.44922,290,FC128,crates,1,2290,,,,
4.5546875,0.5,0.17578125,0.6211895,0.007495204,0.265145,0.00044650957,-0.0048734616,-1.4902147,177.39062,0.019951826,0.1455728,177.39062,291,FC128,crates,1,2291,,,,
5.5429688,0.71484375,0.22265625,0.5421669,0.0074911085,0.26968145,0.006395914,-0.0029316153,-1.2503514,169.78906,0.026777921,0.14607304,169.78906,292,FC128,crates,1,2292,,,,
7.09375,0.71875,0.29296875,0.54375136,0.007487013,0.25060773,0.015339695,0.0026739372,-1.2413476,162.71875,0.033473663,0.14657329,162.71875,293,FC128,crates,1,2293,,,,
6.8398438,0.84375,0.3125,0.5143457,0.0074829175,0.31392497,0.0045711077,-0.011775877,-1.6409373,157.41406,0.040391583,0.14707354,157.41406,294,FC128,crates,1,2294,,,,
8.035156,0.88671875,0.3046875,0.48688784,0.007478822,0.31056428,0.0146030625,0.0008013269,-1.1865819,160.6914,0.034886166,0.1475738,160.6914,295,FC128,crates,1,2295,,,,
7.6445312,0.828125,0.31640625,0.45740908,0.0074747265,0.35851085,0.026272269,0.00825051,-1.542031,160.84766,0.042881534,0.14807405,160.84766,296,FC128,crates,1,2296,,,,
7.4257812,0.76171875,0.26171875,0.47886696,0.007470631,0.3856514,0.015017058,0.0038294895,-1.2971482,164.91797,0.029530011,0.1485743,164.91797,297,FC128,crates,1,2297,,,,
7.8359375,0.8203125,0.28515625,0.48507175,0.007466535,0.22927618,0.0028494357,-0.009260897,-1.1754684,166.5625,0.031464275,0.14907454,166.5625,298,FC128,crates,1,2298,,,,
6.7695312,0.67578125,0.22265625,0.46668783,0.0074624396,0.34695262,0.008301233,0.00015141231,-1.2802145,173.0586,0.0232649,0.14957479,173.0586,299,FC128,crates,1,2299,,,,
6.703125,0.6484375,0.28515625,0.5162434,0.007458344,0.256837,0.007733878,-0.0018571928,-1.4092968,162.07422,0.026882784,0.15007505,162.07422,300,FC128,crates,1,2300,,,,
4.9492188,0.76171875,0.22265625,0.5816203,0.0074542486,0.2976483,-0.0055634147,-0.0137636205,-1.3710349,172.4336,0.025071496,0.1505753,172.4336,301,FC128,crates,1,2301,,,,
2.8476562,0.52734375,0.2421875,0.6642617,0.007450153,0.3104272,-0.015763968,-0.022695843,-1.5671678,170.09375,0.023761453,0.15107554,170.09375,302,FC128,crates,1,2302,,,,
1.5585938,0.328125,0.26953125,0.6267436,0.0074460576,0.343332,-0.011483728,-0.01747107,-1.8516991,171.46484,0.02130822,0.15157579,171.46484,303,FC128,crates,1,2303,,,,
1.5390625,0.44140625,0.1796875,0.67466944,0.007441962,0.369672,-0.006209299,-0.010188352,-1.722539,181.39844,0.017999835,0.15207604,181.39844,304,FC128,crates,1,2304,,,,
1.703125,0.46484375,0.22265625,0.63654613,0.007437866,0.25699246,0.0054997327,-5.3943077e-05,-1.5598826,176.9336,0.020576442,0.1525763,176.9336,305,FC128,crates,1,2305,,,,
1.7226562,0.5,0.25390625,0.6128007,0.0074337707,0.22850144,0.007444092,-0.00035087095,-1.5408788,168.49219,0.024700766,0.15307654,168.49219,306,FC128,crates,1,2306,,,,
1.8710938,0.59375,0.1875,0.6145155,0.007429675,0.26395357,0.015805373,0.006518553,-1.383574,177.98828,0.027704943,0.15357679,177.98828,307,FC128,crates,1,2307,,,,
1.9882812,0.60546875,0.25,0.57569015,0.0074255797,0.4776976,0.016271599,0.0060069137,-1.5389842,172.21484,0.029079035,0.15407704,172.21484,308,FC128,crates,1,2308,,,,
2.453125,0.6484375,0.20703125,0.5925999,0.007421484,0.45675975,0.01938575,0.009112222,-1.4296092,174.61328,0.029342996,0.1545773,174.61328,309,FC128,crates,1,2309,,,,
3.2773438,0.61328125,0.24609375,0.56508577,0.0074173887,0.4438539,0.02050206,0.009007958,-1.5852342,170.64453,0.03137113,0.15507755,170.64453,310,FC128,crates,1,2310,,,,
5.453125,0.8984375,0.3515625,0.5384295,0.0074132932,0.36595023,0.025644053,0.008500104,-1.2776561,159.52344,0.042270973,0.1555778,159.52344,311,FC128,crates,1,2311,,,,
6.5507812,0.81640625,0.328125,0.5030113,0.0074091973,0.41357547,0.014632163,0.00019636199,-1.3084569,162.86328,0.03632542,0.15607804,162.86328,312,FC128,crates,1,2312,,,,
4.953125,0.87890625,0.27734375,0.5295121,0.0074051023,0.43098533,0.0111800805,-0.0011249598,-0.98718727,164.73828,0.032452263,0.15657829,164.73828,313,FC128,crates,1,2313,,,,
3.6601562,0.78125,0.22265625,0.5864149,0.0074010063,0.36979783,0.0047411174,-0.0048721326,-1.225195,176.82422,0.02790662,0.15707855,176.82422,314,FC128,crates,1,2314,,,,
2.3320312,0.72265625,0.19140625,0.6174065,0.007396911,0.4498554,0.0048066485,-0.0028283244,-1.2149802,176.91406,0.024403747,0.1575788,176.91406,315,FC128,crates,1,2315,,,,
1.9023438,0.6796875,0.1015625,0.5891497,0.0073928153,0.47341168,0.0041687773,-0.0015243889,-1.2141209,188.88672,0.020097282,0.15807904,188.88672,316,FC128,crates,1,2316,,,,
1.9453125,0.69140625,0.125,0.6021279,0.00738872,0.45738375,0.0060611884,-0.0007870475,-1.2191404,185.26172,0.022594381,0.15857929,185.26172,317,FC128,crates,1,2317,,,,
2.2773438,0.8046875,0.125,0.6607447,0.0073846243,0.6102495,0.01135695,0.0029891722,-1.191406,185.16406,0.026494259,0.15907955,185.16406,318,FC128,crates,1,2318,,,,
2.8007812,0.82421875,0.1640625,0.6833274,0.007380529,0.41244417,0.016284872,0.0072432854,-0.95226544,180.13672,0.02816981,0.1595798,180.13672,319,FC128,crates,1,2319,,,,
3.7578125,0.84765625,0.203125,0.6820666,0.0073764334,0.5609984,0.015066456,0.0038681808,-1.1773827,176.3789,0.032458987,0.16008005,176.3789,320,FC128,crates,1,2320,,,,
6.0390625,0.953125,0.31640625,0.62202436,0.0073723374,0.45979822,0.031760897,0.011338137,-1.0439646,159.85938,0.050017066,0.16058029,159.85938,321,FC128,crates,1,2321,,,,
7.0195312,0.890625,0.37109375,0.62513787,0.007368242,0.40117097,0.021797964,0.002530253,-1.1967186,151.48828,0.047747757,0.16108054,151.48828,322,FC128,crates,1,2322,,,,
7.3242188,0.91796875,0.29296875,0.62607026,0.0073641464,0.58905256,0.006951416,-0.011397226,-1.2527928,163.3164,0.04591823,0.1615808,163.3164,323,FC128,crates,1,2323,,,,
6.9648438,0.88671875,0.34765625,0.6306056,0.007360051,0.40554696,-0.0024272283,-0.01858456,-1.1071873,159.28906,0.041597243,0.16208105,159.28906,324,FC128,crates,1,2324,,,,
6.2539062,0.79296875,0.3359375,0.65614545,0.0073559554,0.2796504,-0.005552647,-0.019039132,-1.1826952,162.53125,0.036626123,0.1625813,162.53125,325,FC128,crates,1,2325,,,,
5.3789062,0.80078125,0.33984375,0.6991683,0.00735186,0.32796,-0.0023167902,-0.016086647,-1.2875974,160.35938,0.03782009,0.16308154,160.35938,326,FC128,crates,1,2326,,,,
4.7226562,0.76953125,0.24609375,0.72019404,0.0073477644,0.20055598,0.0020594578,-0.006972686,-1.1858006,171.64844,0.02864792,0.1635818,171.64844,327,FC128,crates,1,2327,,,,
4.703125,0.62890625,0.203125,0.71457183,0.0073436685,0.19600904,0.008237066,0.0021499826,-1.2369139,173.38672,0.022669325,0.16408205,173.38672,328,FC128,crates,1,2328,,,,
6.0742188,0.66796875,0.2578125,0.66120154,0.007339573,0.25831026,0.010711124,0.0022008081,-1.3708396,174.32422,0.026726505,0.1645823,174.32422,329,FC128,crates,1,2329,,,,
7.1640625,0.8359375,0.5078125,0.6001744,0.0073354775,0.17699867,0.008212997,-0.010708655,-1.1666209,132.27734,0.046648435,0.16508254,132.27734,330,FC128,crates,1,2330,,,,
7.28125,0.7109375,0.56640625,0.49836546,0.007331382,0.3544268,-0.004042317,-0.026811367,-1.5792186,121.73047,0.052845515,0.16558279,121.73047,331,FC128,crates,1,2331,,,,
7.1445312,0.7265625,0.4375,0.4891245,0.0073272865,0.35351872,0.013371213,-0.0040119546,-1.4745896,141.5586,0.041934248,0.16608305,141.5586,332,FC128,crates,1,2332,,,,
7.7851562,0.78515625,0.3515625,0.44901332,0.007323191,0.30803978,-0.0010113539,-0.01591161,-1.2922459,159.03906,0.036376934,0.1665833,159.03906,333,FC128,crates,1,2333,,,,
7.9492188,0.6953125,0.3671875,0.37612307,0.0073190955,0.27056426,0.020246692,0.004015219,-1.1987693,150.13672,0.03796871,0.16708355,150.13672,334,FC128,crates,1,2334,,,,
9.839844,0.74609375,0.30078125,0.35956952,0.0073149996,0.21913588,-0.00019779569,-0.014524364,-1.1890233,159.88672,0.03391364,0.1675838,159.88672,335,FC128,crates,1,2335,,,,
10.839844,0.7421875,0.1796875,0.31179595,0.0073109046,0.33821088,0.008771445,-0.0013277536,-1.0447654,176.58984,0.024757419,0.16808406,176.58984,336,FC128,crates,1,2336,,,,
10.5078125,0.625,0.19921875,0.3129754,0.0073068086,0.25701863,0.014253149,0.0029825754,-1.2290623,173.82812,0.02711485,0.1685843,173.82812,337,FC128,crates,1,2337,,,,
9.636719,0.5703125,0.1484375,0.3602214,0.007302713,0.3502099,0.00081557105,-0.007770177,-1.305781,179.45703,0.022432683,0.16908455,179.45703,338,FC128,crates,1,2338,,,,
10.847656,0.61328125,0.13671875,0.36103442,0.0072986176,0.28687763,-0.000981082,-0.009148793,-1.2245505,180.82422,0.021605527,0.1695848,180.82422,339,FC128,crates,1,2339,,,,
9.621094,0.625,0.265625,0.31679544,0.007294522,0.2391876,0.0096979365,-0.0018420032,-1.2379099,165.66797,0.027701622,0.17008504,165.66797,340,FC128,crates,1,2340,,,,
10.5546875,0.6328125,0.234375,0.2996242,0.0072904266,0.26216573,0.006807412,-0.004321939,-1.3539256,168.58594,0.026627477,0.1705853,168.58594,341,FC128,crates,1,2341,,,,
10.390625,0.67578125,0.14453125,0.35547072,0.0072863307,0.36034918,0.0025680976,-0.004673118,-1.1204686,182.3086,0.019662585,0.17108555,182.3086,342,FC128,crates,1,2342,,,,
9.996094,0.83984375,0.12109375,0.34593776,0.0072822357,0.36587012,0.005168098,-0.0023009237,-0.9612107,185.03125,0.019976445,0.1715858,185.03125,343,FC128,crates,1,2343,,,,
9.097656,0.671875,0.16015625,0.3449893,0.0072781397,0.40542102,0.009533259,0.0020336325,-1.1575974,178.9375,0.020021014,0.17208605,178.9375,344,FC128,crates,1,2344,,,,
9.5859375,0.71484375,0.1328125,0.38318524,0.007274044,0.35906416,0.007836312,0.0005774295,-0.9688865,183.71094,0.02009238,0.17258629,183.71094,345,FC128,crates,1,2345,,,,
9.378906,0.671875,0.20703125,0.43082702,0.0072699487,0.3399682,0.0022251536,-0.00656755,-1.2356833,175.09375,0.023849588,0.17308655,175.09375,346,FC128,crates,1,2346,,,,
8.949219,0.83984375,0.16796875,0.48995915,0.007265853,0.3389116,0.005404912,-0.0028387452,-0.8979099,177.66406,0.023607256,0.1735868,177.66406,347,FC128,crates,1,2347,,,,
8.910156,0.7578125,0.1875,0.4782004,0.0072617577,0.30674255,0.0003265771,-0.008001876,-1.0968161,177.20312,0.023602057,0.17408705,177.20312,348,FC128,crates,1,2348,,,,
10.5078125,0.87890625,0.19921875,0.4713496,0.0072576622,0.37560517,0.0014198485,-0.008061309,-1.0265818,172.92578,0.025804108,0.1745873,172.92578,349,FC128,crates,1,2349,,,,
9.03125,0.796875,0.20703125,0.5147713,0.0072535668,0.3168524,0.0024320032,-0.005890716,-1.0338669,170.9961,0.024113294,0.17508756,170.9961,350,FC128,crates,1,2350,,,,
9.3984375,0.8671875,0.21875,0.47292942,0.007249471,0.33066207,0.0038370593,-0.005430408,-0.9759177,170.59375,0.02539191,0.1755878,170.59375,351,FC128,crates,1,2351,,,,
8.578125,0.62890625,0.1640625,0.50728834,0.0072453753,0.35008085,0.0011746036,-0.0050755274,-1.3204296,177.8125,0.01985125,0.17608805,177.8125,352,FC128,crates,1,2352,,,,
9.136719,0.79296875,0.21484375,0.4914726,0.00724128,0.3490464,0.0041904403,-0.005048942,-1.0740232,169.27734,0.025596546,0.1765883,169.27734,353,FC128,crates,1,2353,,,,
10.011719,0.6953125,0.1484375,0.47065938,0.0072371843,0.34702176,0.0022324508,-0.004609371,-1.2381053,178.59766,0.020496141,0.17708854,178.59766,354,FC128,crates,1,2354,,,,
9.464844,0.8671875,0.140625,0.48468968,0.007233089,0.39430904,0.0041707675,-0.0024876292,-0.92937475,183.33203,0.0203284,0.1775888,183.33203,355,FC128,crates,1,2355,,,,
8.375,0.69921875,0.203125,0.50157315,0.0072289933,0.3140465,0.0069574807,-0.0011211752,-1.2162888,174.01953,0.02340905,0.17808905,174.01953,356,FC128,crates,1,2356,,,,
5.3867188,0.65234375,0.11328125,0.5957821,0.007224898,0.40549177,-0.009558409,-0.014200692,-1.1828318,183.07422,0.017893495,0.1785893,183.07422,357,FC128,crates,1,2357,,,,
3.3554688,0.57421875,0.07421875,0.6459831,0.007220802,0.4428141,-0.008614394,-0.011188756,-1.2508787,192.30078,0.014477756,0.17908955,192.30078,358,FC128,crates,1,2358,,,,
4.2578125,0.70703125,0.140625,0.65032095,0.0072167064,0.43176258,0.0018781913,-0.002997406,-1.0374411,180.73047,0.019137545,0.17958981,180.73047,359,FC128,crates,1,2359,,,,
6.375,0.7734375,0.17578125,0.5788274,0.007212611,0.23694587,0.020325454,0.009872037,-1.0888865,179.21094,0.029256547,0.18009005,179.21094,360,FC128,crates,1,2360,,,,
6.984375,0.8125,0.26171875,0.5452867,0.0072085154,0.35362017,0.00023687212,-0.011370193,-1.1588473,164.51562,0.031075547,0.1805903,164.51562,361,FC128,crates,1,2361,,,,
6.5625,0.8046875,0.265625,0.5915087,0.00720442,0.2904489,-0.010100892,-0.02177799,-1.0462499,167.95703,0.03187715,0.18109055,167.95703,362,FC128,crates,1,2362,,,,
6.4023438,0.77734375,0.234375,0.6464433,0.0072003244,0.28690434,-0.0033569816,-0.012177335,-0.91279274,171.79688,0.02694991,0.1815908,171.79688,363,FC128,crates,1,2363,,,,
4.0429688,0.73046875,0.21484375,0.69816947,0.007196229,0.38176715,0.00546044,-0.003156062,-1.2391014,171.11719,0.02728138,0.18209106,171.11719,364,FC128,crates,1,2364,,,,
4.7773438,0.99609375,0.26171875,0.7080874,0.007192133,0.23466557,0.02196887,0.009694779,-0.6510349,167.3086,0.034733497,0.1825913,167.3086,365,FC128,crates,1,2365,,,,
6.3125,0.8359375,0.22265625,0.67101467,0.007188038,0.30509126,0.014917929,0.006580796,-0.8179099,174.26953,0.026320823,0.18309155,174.26953,366,FC128,crates,1,2366,,,,
5.5664062,0.96875,0.27734375,0.64639956,0.007183942,0.3130991,0.0046017948,-0.008196258,-0.9147849,166.96094,0.0348835,0.1835918,166.96094,367,FC128,crates,1,2367,,,,
6.9882812,1.0351562,0.42578125,0.5693324,0.0071798465,0.3095808,0.023979923,0.0039769486,-0.8359763,148.33984,0.04818139,0.18409204,148.33984,368,FC128,crates,1,2368,,,,
6.7226562,0.96484375,0.29296875,0.59314513,0.007175751,0.29360986,0.0016246033,-0.012688992,-0.90810525,162.05078,0.037139714,0.1845923,162.05078,369,FC128,crates,1,2369,,,,
7.46875,1.0898438,0.3046875,0.53212154,0.0071716555,0.374259,0.019548563,0.0032399062,-0.88511693,159.96875,0.0402497,0.18509255,159.96875,370,FC128,crates,1,2370,,,,
8.734375,1.0429688,0.4140625,0.44065064,0.00716756,0.2727245,0.027877029,0.0055040047,-1.062285,149.11328,0.05106283,0.1855928,149.11328,371,FC128,crates,1,2371,,,,
8.136719,1.1132812,0.32421875,0.50645053,0.007163464,0.3859589,-0.0031307538,-0.021372018,-0.856367,155.41406,0.04373841,0.18609305,155.41406,372,FC128,crates,1,2372,,,,
9.433594,1.0546875,0.40625,0.43373936,0.007159369,0.27197504,0.000751124,-0.019194527,-0.88871074,147.8711,0.0461019,0.18659331,147.8711,373,FC128,crates,1,2373,,,,
8.09375,1.078125,0.421875,0.45598212,0.007155273,0.4131375,0.015683716,-0.006305409,-0.9498631,147.44922,0.050503604,0.18709356,147.44922,374,FC128,crates,1,2374,,,,
6.9648438,1.0195312,0.33203125,0.56191725,0.0071511776,0.4619605,0.006674542,-0.010611069,-1.0584178,157.17969,0.042607963,0.1875938,157.17969,375,FC128,crates,1,2375,,,,
4.1914062,0.875,0.21875,0.6975898,0.007147082,0.35852927,-0.008139059,-0.017793601,-1.0354881,172.44922,0.029280549,0.18809405,172.44922,376,FC128,crates,1,2376,,,,
1.5664062,0.55859375,0.05859375,0.71264726,0.0071429866,0.49393302,-0.01186393,-0.015927905,-1.2931833,191.86719,0.018308809,0.1885943,191.86719,377,FC128,crates,1,2377,,,,
2.4296875,0.921875,0.11328125,0.73779166,0.007138891,0.46504694,-0.002531269,-0.010677247,-0.7603904,185.29297,0.026825985,0.18909456,185.29297,378,FC128,crates,1,2378,,,,
5.6914062,1.1171875,0.328125,0.65166897,0.0071347957,0.62606215,0.016881308,-0.0035657312,-0.85345685,158.35938,0.050193127,0.1895948,158.35938,379,FC128,crates,1,2379,,,,
8.488281,1.2304688,0.35546875,0.51622957,0.0071307,0.6482333,0.020636566,-0.0034897763,-1.094238,156.70312,0.05561484,0.19009505,156.70312,380,FC128,crates,1,2380,,,,
5.2304688,1.1640625,0.27734375,0.73921514,0.007126604,0.3342905,0.0027436768,-0.010960671,-0.48175758,167.10547,0.037944883,0.1905953,167.10547,381,FC128,crates,1,2381,,,,
2.5390625,0.86328125,0.1484375,0.7916119,0.0071225087,0.41147542,-0.010273647,-0.017540203,-0.9271482,180.59766,0.025809638,0.19109556,180.59766,382,FC128,crates,1,2382,,,,
2.1835938,0.734375,0.140625,0.7658705,0.007118413,0.23773682,-0.012915759,-0.01850071,-1.1067185,183.52734,0.022073466,0.19159581,183.52734,383,FC128,crates,1,2383,,,,
2.96875,0.953125,0.18359375,0.7402321,0.0071143177,0.32783008,-0.0077583008,-0.016574362,-1.3037302,177.85156,0.028164616,0.19209605,177.85156,384,FC128,crates,1,2384,,,,
6.3164062,1.1875,0.29296875,0.6700628,0.0071102222,0.30908078,0.022297248,0.007852818,-0.5553513,161.92188,0.03841745,0.1925963,161.92188,385,FC128,crates,1,2385,,,,
7.6210938,1.0195312,0.46875,0.55491537,0.0071061268,0.26580477,0.03473655,0.009186937,-0.8067771,133.59766,0.058985826,0.19309655,133.59766,386,FC128,crates,1,2386,,,,
6.4804688,1.1796875,0.328125,0.7122655,0.0071020313,0.40363193,0.00934589,-0.00564866,-0.4651755,157.96875,0.040106162,0.19359681,157.96875,387,FC128,crates,1,2387,,,,
4.8359375,0.97265625,0.2265625,0.7397765,0.0070979353,0.40132952,-0.002921361,-0.013150895,-0.7645701,171.44922,0.03096084,0.19409706,171.44922,388,FC128,crates,1,2388,,,,
3.9375,0.8984375,0.1953125,0.7147064,0.00709384,0.33133537,-0.00039233733,-0.0104044415,-0.7944138,175.90625,0.030164234,0.1945973,175.90625,389,FC128,crates,1,2389,,,,
3.4492188,0.8203125,0.125,0.70761293,0.0070897443,0.35390133,0.0007797228,-0.006072285,-0.88259745,185.91406,0.023737606,0.19509755,185.91406,390,FC128,crates,1,2390,,,,
4.7539062,1.0117188,0.23828125,0.68522197,0.007085649,0.36925465,0.01165078,-0.00011161435,-0.70187473,167.4961,0.03323527,0.19559781,167.4961,391,FC128,crates,1,2391,,,,
6.5664062,1.2695312,0.3125,0.63838464,0.0070815533,0.41248745,0.03280204,0.014198131,-0.38412082,161.35156,0.046249334,0.19609806,161.35156,392,FC128,crates,1,2392,,,,
8.199219,1.2421875,0.33984375,0.58360267,0.007077458,0.2922461,0.045627207,0.023029167,-0.4099412,156.94922,0.053456925,0.1965983,156.94922,393,FC128,crates,1,2393,,,,
8.796875,1.53125,0.3828125,0.57706046,0.0070733624,0.36476433,0.028080853,0.003461825,-0.3490232,155.83203,0.057401568,0.19709855,155.83203,394,FC128,crates,1,2394,,,,
5.1171875,1.6484375,0.25,0.7334428,0.0070692664,0.39249086,0.011771714,-0.0066483608,0.14849636,169.3164,0.047209952,0.1975988,169.3164,395,FC128,crates,1,2395,,,,
4.5742188,1.6601562,0.23828125,0.7375122,0.0070651714,0.3332786,0.0071686036,-0.010778608,0.31841826,168.40625,0.046315722,0.19809906,168.40625,396,FC128,crates,1,2396,,,,
6.6757812,1.9765625,0.3515625,0.64000946,0.0070610754,0.3488319,0.033439793,0.007880832,0.5022268,155.46094,0.060156234,0.19859931,155.46094,397,FC128,crates,1,2397,,,,
7.7226562,1.8945312,0.44921875,0.58277607,0.00705698,0.20208031,0.060384393,0.023119846,0.41531277,145.07031,0.082754366,0.19909956,145.07031,398,FC128,crates,1,2398,,,,
3.3125,1.3398438,0.3125,0.6942729,0.0070528844,0.2849965,0.013941184,-0.00844545,-0.19496065,158.2461,0.054566517,0.1995998,158.2461,399,FC128,crates,1,2399,,,,
4.1132812,1.4921875,0.3984375,0.6693578,0.007048789,0.26160586,0.015273761,-0.013974625,-0.18054663,147.88672,0.0679331,0.20010006,147.88672,400,FC128,crates,1,2400,,,,
7.0429688,1.7148438,0.48046875,0.5801333,0.0070446935,0.26129705,0.032529294,-0.003029035,0.12265654,139.69922,0.079290375,0.20060031,139.69922,401,FC128,crates,1,2401,,,,
3.3710938,1.5273438,0.2421875,0.68738663,0.0070405975,0.34261954,0.00042040972,-0.018085822,-0.07710912,169.16406,0.04669169,0.20110056,169.16406,402,FC128,crates,1,2402,,,,
3.734375,1.4960938,0.2890625,0.69256145,0.0070365025,0.37010145,0.0071709836,-0.012558819,-0.10287086,163.84766,0.049206026,0.2016008,163.84766,403,FC128,crates,1,2403,,,,
5.4921875,1.828125,0.28515625,0.6691072,0.0070324065,0.34259397,0.036907125,0.009644814,0.38044947,162.8164,0.06393549,0.20210105,162.8164,404,FC128,crates,1,2404,,,,
6.6875,1.8085938,0.41015625,0.5955134,0.007028311,0.22135967,0.044971738,0.009105275,0.041035406,149.48047,0.08010383,0.20260131,149.48047,405,FC128,crates,1,2405,,,,
4.234375,1.453125,0.23828125,0.68706673,0.0070242155,0.3992514,-0.004507,-0.021754768,-0.12574193,169.0625,0.044147745,0.20310156,169.0625,406,FC128,crates,1,2406,,,,
4.6171875,1.578125,0.15234375,0.7000216,0.00702012,0.4320982,-0.014951972,-0.028961124,0.058984637,182.16406,0.037846774,0.2036018,182.16406,407,FC128,crates,1,2407,,,,
7.3632812,1.3164062,0.37109375,0.5775542,0.0070160246,0.29792017,-0.0047016745,-0.0307376,-0.4305662,152.4414,0.06017612,0.20410205,152.4414,408,FC128,crates,1,2408,,,,
8.9140625,1.203125,0.34765625,0.55714923,0.007011929,0.31651044,0.011790283,-0.015419524,-0.64347637,156.17969,0.062232997,0.2046023,156.17969,409,FC128,crates,1,2409,,,,
8.6640625,1.4765625,0.24609375,0.59354657,0.0070078336,0.42734283,0.0101848245,-0.010690295,0.007871348,167.8086,0.05006919,0.20510256,167.8086,410,FC128,crates,1,2410,,,,
7.1992188,1.421875,0.265625,0.61538315,0.0070037376,0.38620996,0.0072094267,-0.0117075285,-0.22882786,165.375,0.046453875,0.20560281,165.375,411,FC128,crates,1,2411,,,,
8.5703125,1.4179688,0.25390625,0.59228486,0.006999642,0.54909194,0.010252073,-0.008748833,0.067324474,163.04297,0.046293378,0.20610306,163.04297,412,FC128,crates,1,2412,,,,
9.953125,1.6132812,0.34765625,0.4831145,0.0069955466,0.43802488,0.018275777,-0.009334309,-0.068261474,154.97656,0.061979473,0.2066033,154.97656,413,FC128,crates,1,2413,,,,
10.265625,1.7226562,0.296875,0.5015914,0.006991451,0.35206223,0.022698717,-0.0011605695,0.26039094,161.6211,0.054732278,0.20710357,161.6211,414,FC128,crates,1,2414,,,,
9.9453125,1.7578125,0.234375,0.55441606,0.0069873556,0.3870178,0.024467565,0.004673146,0.38824248,171.625,0.04733664,0.20760381,171.625,415,FC128,crates,1,2415,,,,
9.625,1.6171875,0.21875,0.5588748,0.00698326,0.37437522,0.023487657,0.0047781565,0.47062534,167.88281,0.04522454,0.20810406,167.88281,416,FC128,crates,1,2416,,,,
9.28125,2.03125,0.3203125,0.5285343,0.0069791647,0.37100184,0.02160667,-0.0058776257,0.58472687,154.99219,0.06234605,0.2086043,154.99219,417,FC128,crates,1,2417,,,,
10.359375,1.8515625,0.4140625,0.4825245,0.0069750687,0.23423338,0.03629417,0.0017831419,0.3623831,145.69922,0.07575334,0.20910455,145.69922,418,FC128,crates,1,2418,,,,
8.59375,1.78125,0.35546875,0.609021,0.006970973,0.31738597,0.020649958,-0.0057393294,0.59107447,149.83203,0.061269514,0.20960481,149.83203,419,FC128,crates,1,2419,,,,
5.359375,1.9570312,0.28125,0.73775166,0.0069668777,0.39666426,0.00396495,-0.019502204,0.90845734,162.49219,0.05721396,0.21010506,162.49219,420,FC128,crates,1,2420,,,,
4.8203125,2.1015625,0.2265625,0.7196289,0.0069627822,0.41133553,0.0047859796,-0.017661583,0.92476594,170.73828,0.054916363,0.21060531,170.73828,421,FC128,crates,1,2421,,,,
7.328125,2.3828125,0.203125,0.6753547,0.0069586867,0.44205916,0.02218468,-0.0011212103,1.4356449,173.3086,0.056010943,0.21110556,173.3086,422,FC128,crates,1,2422,,,,
7.4257812,1.2382812,0.51953125,0.54638046,0.0069545913,-0.056815505,0.13132459,0.040009502,-0.66261697,124.30078,0.19022988,0.21160582,124.30078,423,FC128,crates,1,2423,,,,
10.9296875,1.5546875,0.3984375,0.3738233,0.0069504958,-0.27237332,0.15578601,0.06095181,-0.15087867,143.07422,0.19486491,0.21210606,143.07422,424,FC128,crates,1,2424,,,,
9.640625,1.4726562,0.4921875,0.40289807,0.0069464,-0.15470207,0.13165008,0.04275736,-0.3872263,132.78906,0.18338282,0.21260631,132.78906,425,FC128,crates,1,2425,,,,
8.0,1.796875,0.421875,0.5737875,0.006942305,0.29384863,0.03175299,-0.0119839115,0.48177764,143.52344,0.09544062,0.21310656,143.52344,426,FC128,crates,1,2426,,,,
3.015625,1.0585938,0.53515625,0.74698234,0.006938209,0.23268086,0.01913756,-0.021651603,-0.60492164,117.86328,0.09194376,0.2136068,117.86328,427,FC128,crates,1,2427,,,,
2.2070312,1.09375,0.40234375,0.7105903,0.0069341133,0.29496062,0.0011273036,-0.031510364,-0.5858787,137.57422,0.07512996,0.21410707,137.57422,428,FC128,crates,1,2428,,,,
1.1523438,0.5546875,0.1328125,0.6678508,0.006930018,0.3015831,-0.01881725,-0.030734586,-1.2048631,181.15625,0.03309111,0.21460731,181.15625,429,FC128,crates,1,2429,,,,
1.2617188,0.671875,0.18359375,0.6725113,0.0069259224,0.2969635,-0.018383289,-0.03196683,-1.0541012,175.3789,0.036482606,0.21510756,175.3789,430,FC128,crates,1,2430,,,,
2.359375,1.1523438,0.18359375,0.7038623,0.006921827,0.33821577,-0.018047959,-0.034893107,-0.34722632,174.65234,0.043434322,0.2156078,174.65234,431,FC128,crates,1,2431,,,,
4.0429688,1.8164062,0.29296875,0.72022957,0.006917731,0.2307964,-0.013711462,-0.039057694,0.12560572,161.0625,0.060657173,0.21610805,161.0625,432,FC128,crates,1,2432,,,,
4.4765625,1.4375,0.3828125,0.6739638,0.006913636,0.3608423,-0.004341659,-0.030863428,-0.4483982,151.3164,0.06236262,0.21660832,151.3164,433,FC128,crates,1,2433,,,,
2.9296875,1.3359375,0.265625,0.7160061,0.00690954,0.2647767,0.0015540016,-0.01564722,-0.3412693,167.2539,0.044296987,0.21710856,167.2539,434,FC128,crates,1,2434,,,,
1.9804688,1.0195312,0.1484375,0.75285846,0.0069054444,0.3243997,-0.0048910594,-0.013896964,-0.7302146,181.10938,0.028409453,0.21760881,181.10938,435,FC128,crates,1,2435,,,,
1.890625,0.8828125,0.1328125,0.7391472,0.006901349,0.37065685,-0.0022177882,-0.010101075,-0.75828105,183.53906,0.0259688,0.21810906,183.53906,436,FC128,crates,1,2436,,,,
2.4375,1.1132812,0.16796875,0.7401156,0.0068972535,0.34077257,0.005569278,-0.006401431,-0.6709373,178.39453,0.034150947,0.21860932,178.39453,437,FC128,crates,1,2437,,,,
5.0742188,1.8007812,0.3203125,0.6947275,0.006893158,0.23107684,0.03810683,0.010414155,0.17796901,156.625,0.06496308,0.21910957,156.625,438,FC128,crates,1,2438,,,,
9.066406,1.3125,0.4375,0.44425845,0.0068890625,0.2141447,0.034916323,0.0024563288,-0.5908396,139.70703,0.07104103,0.21960981,139.70703,439,FC128,crates,1,2439,,,,
8.6953125,0.9140625,0.484375,0.4000008,0.006884967,0.28342658,-0.0034982793,-0.034481443,-1.3419725,128.26562,0.06747431,0.22011006,128.26562,440,FC128,crates,1,2440,,,,
9.5234375,1.4296875,0.33203125,0.5062532,0.006880871,0.28727996,-0.013174536,-0.040834796,-0.24546853,157.26172,0.062287446,0.2206103,157.26172,441,FC128,crates,1,2441,,,,
5.0351562,1.328125,0.46484375,0.6534396,0.0068767755,0.22483003,-0.002548641,-0.030377759,-0.338906,135.09766,0.06464535,0.22111057,135.09766,442,FC128,crates,1,2442,,,,
4.0039062,1.7421875,0.1328125,0.73512125,0.00687268,0.34705192,-0.0013213153,-0.018103758,0.43279323,184.07031,0.04366939,0.22161081,184.07031,443,FC128,crates,1,2443,,,,
4.7148438,1.9570312,0.171875,0.7145374,0.0068685845,0.33373457,0.0071381154,-0.010839174,0.6757034,178.71484,0.0457703,0.22211106,178.71484,444,FC128,crates,1,2444,,,,
8.921875,1.5859375,0.26171875,0.52621955,0.006864489,0.3534773,0.02873696,0.008435579,0.16916041,167.73047,0.047827218,0.22261131,167.73047,445,FC128,crates,1,2445,,,,
10.222656,1.0742188,0.5234375,0.3451884,0.0068603936,0.16246027,0.06460429,0.022302844,-0.867031,124.82422,0.08933916,0.22311157,124.82422,446,FC128,crates,1,2446,,,,
8.136719,0.69921875,0.6640625,0.3404707,0.006856298,0.14796185,0.06023134,0.0045967284,-1.5873241,97.43359,0.115937956,0.22361182,97.43359,447,FC128,crates,1,2447,,,,
8.621094,0.625,0.6484375,0.33340517,0.006852202,0.17137045,0.026902808,-0.017710967,-1.599746,98.328125,0.09379667,0.22411206,98.328125,448,FC128,crates,1,2448,,,,
8.605469,0.76171875,0.66796875,0.3541344,0.0068481066,0.17411155,0.0073132543,-0.037185997,-1.232324,98.44141,0.0938488,0.22461231,98.44141,449,FC128,crates,1,2449,,,,
9.128906,1.4101562,0.47265625,0.48835418,0.006844011,0.34106475,0.00032794778,-0.03235165,-0.52037084,142.28516,0.0720438,0.22511256,142.28516,450,FC128,crates,1,2450,,,,
5.0507812,1.7890625,0.1640625,0.6950406,0.0068399156,0.35295528,0.0036727441,-0.012354398,0.5061331,178.84766,0.041562323,0.22561282,178.84766,451,FC128,crates,1,2451,,,,
4.3945312,1.765625,0.12109375,0.6819836,0.00683582,0.32957965,0.0046802717,-0.010113082,0.35916042,184.2539,0.03891054,0.22611307,184.2539,452,FC128,crates,1,2452,,,,
8.113281,1.7148438,0.3046875,0.5414333,0.0068317247,0.36752784,0.008175662,-0.012562082,0.17566435,165.70703,0.048873335,0.22661331,165.70703,453,FC128,crates,1,2453,,,,
10.667969,1.3710938,0.4140625,0.35623378,0.006827629,0.48525125,0.026887199,-0.0029637024,-0.44681615,147.2539,0.06456627,0.22711356,147.2539,454,FC128,crates,1,2454,,,,
10.921875,1.109375,0.4296875,0.32433754,0.006823533,0.4896546,0.030382287,-0.0019319801,-0.8843553,141.1211,0.06905479,0.22761382,141.1211,455,FC128,crates,1,2455,,,,
12.0078125,1.4140625,0.3671875,0.36124521,0.006819438,0.29675055,0.02171907,-0.0028649862,-0.322949,152.4375,0.054095093,0.22811407,152.4375,456,FC128,crates,1,2456,,,,
12.0859375,1.4335938,0.3671875,0.36737964,0.006815342,0.25867003,0.015009897,-0.008120238,-0.10589817,151.89453,0.051267907,0.22861432,151.89453,457,FC128,crates,1,2457,,,,
11.550781,1.53125,0.30078125,0.4223651,0.0068112467,0.27385163,0.009288459,-0.01222326,-0.015585706,160.90234,0.048777103,0.22911456,160.90234,458,FC128,crates,1,2458,,,,
10.8984375,1.5507812,0.2890625,0.44083,0.0068071513,0.29055297,0.016310647,-0.008459059,-0.054999765,160.8086,0.055541005,0.22961481,160.8086,459,FC128,crates,1,2459,,,,
11.078125,1.7148438,0.1640625,0.48437536,0.0068030558,0.33210766,0.022672549,3.905025e-05,0.04001975,180.8789,0.051857464,0.23011507,180.8789,460,FC128,crates,1,2460,,,,
10.8203125,1.4804688,0.31640625,0.47766522,0.0067989603,0.17149127,0.041847322,0.014264221,-0.2252537,159.49219,0.061661456,0.23061532,159.49219,461,FC128,crates,1,2461,,,,
12.488281,1.546875,0.19921875,0.41621962,0.006794865,0.09369844,0.051199984,0.026144892,-0.14433573,173.22656,0.055766493,0.23111556,173.22656,462,FC128,crates,1,2462,,,,
12.4609375,1.1679688,0.35546875,0.37902486,0.0067907693,-0.46354294,0.1299741,0.06706882,-0.55790997,151.11719,0.1309583,0.23161581,151.11719,463,FC128,crates,1,2463,,,,
13.105469,1.3164062,0.28515625,0.39414254,0.0067866733,0.04606825,0.038698852,0.015965639,-0.46160132,159.25781,0.050816257,0.23211607,159.25781,464,FC128,crates,1,2464,,,,
10.394531,0.96484375,0.51953125,0.41640148,0.006782578,0.045797408,0.03128928,0.00011435619,-1.1251171,124.515625,0.0679984,0.23261632,124.515625,465,FC128,crates,1,2465,,,,
9.7265625,0.98046875,0.5625,0.4267801,0.0067784823,0.09386182,0.010508801,-0.019997658,-1.1641405,120.51172,0.06679876,0.23311657,120.51172,466,FC128,crates,1,2466,,,,
13.871094,1.6523438,0.21484375,0.40142283,0.006774387,0.11889559,-0.0097112395,-0.027766885,-0.04703103,175.1914,0.041550077,0.23361681,175.1914,467,FC128,crates,1,2467,,,,
11.332031,1.28125,0.43359375,0.37305915,0.0067702914,0.07183576,-0.0043036137,-0.03041048,-0.536699,138.95703,0.05726517,0.23411706,138.95703,468,FC128,crates,1,2468,,,,
11.78125,1.9375,0.2890625,0.46330956,0.006766196,0.16830909,-0.0043923073,-0.025530593,0.63095737,164.2539,0.04854626,0.23461732,164.2539,469,FC128,crates,1,2469,,,,
12.332031,1.96875,0.2265625,0.5078572,0.0067621004,0.22253418,-0.0063673463,-0.025071131,0.82162136,175.6914,0.044275932,0.23511757,175.6914,470,FC128,crates,1,2470,,,,
10.847656,1.9257812,0.2890625,0.5529147,0.0067580044,0.30605894,0.009254102,-0.009490998,0.5456449,169.79688,0.0449634,0.23561782,169.79688,471,FC128,crates,1,2471,,,,
11.4453125,2.453125,0.08203125,0.58900815,0.006753909,0.33649665,0.03522853,0.018049425,1.7478518,188.85156,0.042314425,0.23611806,188.85156,472,FC128,crates,1,2472,,,,
9.269531,2.1679688,0.1875,0.6502397,0.0067498134,0.29158884,0.05469556,0.030655153,1.1742777,176.63672,0.056858808,0.23661831,176.63672,473,FC128,crates,1,2473,,,,
8.6171875,2.5273438,0.09765625,0.7169643,0.006745718,0.32906765,0.06719123,0.04046233,1.8998246,187.52734,0.063130684,0.23711857,187.52734,474,FC128,crates,1,2474,,,,
9.355469,2.4140625,0.17578125,0.65256673,0.0067416225,0.22836775,0.10027818,0.054662302,1.5044535,178.53906,0.10003047,0.23761882,178.53906,475,FC128,crates,1,2475,,,,
9.4609375,2.7578125,0.08984375,0.65612686,0.006737527,0.3659672,0.06310285,0.027070042,2.0809965,188.6211,0.080906965,0.23811907,188.6211,476,FC128,crates,1,2476,,,,
6.8671875,2.9101562,0.08203125,0.7440965,0.0067334315,0.47027302,0.018608442,-0.0073040673,2.3719926,189.5039,0.061845664,0.23861931,189.5039,477,FC128,crates,1,2477,,,,
8.042969,3.0625,0.12109375,0.68352187,0.0067293355,0.43313247,0.04433089,0.015458662,2.5472465,182.63281,0.06694376,0.23911957,182.63281,478,FC128,crates,1,2478,,,,
8.0859375,1.6796875,0.53515625,0.51403856,0.0067252405,-0.25273108,0.19948632,0.068633296,0.06392607,127.0625,0.26862013,0.23961982,127.0625,479,FC128,crates,1,2479,,,,
10.222656,1.7617188,0.4921875,0.42390105,0.0067211445,-0.34217477,0.19736844,0.06870071,0.26570344,136.57812,0.26303366,0.24012007,136.57812,480,FC128,crates,1,2480,,,,
11.964844,2.234375,0.296875,0.3840082,0.006717049,0.24701178,0.03593186,-0.00897425,0.83896506,158.38281,0.09497102,0.24062032,158.38281,481,FC128,crates,1,2481,,,,
8.25,2.4726562,0.4765625,0.40873998,0.0067129536,0.0099365115,0.0042587696,-0.07364982,1.1062894,133.1875,0.16130489,0.24112056,133.1875,482,FC128,crates,1,2482,,,,
6.4453125,2.359375,0.328125,0.54364574,0.006708858,0.05145973,-0.024504658,-0.07968391,0.9896878,155.92969,0.11765298,0.24162082,155.92969,483,FC128,crates,1,2483,,,,
4.0117188,1.8828125,0.1640625,0.68416655,0.0067047626,0.21624005,-0.036540203,-0.061994053,0.37369165,179.21094,0.060082044,0.24212107,179.21094,484,FC128,crates,1,2484,,,,
3.25,1.7421875,0.0546875,0.677426,0.0067006666,0.4550478,-0.02171854,-0.03580563,0.13334006,193.46875,0.037252598,0.24262132,193.46875,485,FC128,crates,1,2485,,,,
2.3632812,0.89453125,0.4453125,0.68890256,0.0066965716,0.14115435,0.04225296,-0.01339178,-1.1464646,128.36328,0.120516054,0.24312156,128.36328,486,FC128,crates,1,2486,,,,
2.5507812,0.9609375,0.5859375,0.6587733,0.0066924756,-0.015082836,0.09068239,0.010131603,-1.1287498,114.359375,0.16991921,0.24362183,114.359375,487,FC128,crates,1,2487,,,,
3.0039062,1.3945312,0.4140625,0.69935507,0.00668838,0.21766502,0.05065884,-0.0019689836,-0.453906,140.23828,0.114610754,0.24412207,140.23828,488,FC128,crates,1,2488,,,,
3.765625,1.9609375,0.16796875,0.7075373,0.0066842847,0.43367845,0.01567472,-0.013451657,0.78732455,178.51562,0.06771152,0.24462232,178.51562,489,FC128,crates,1,2489,,,,
4.8085938,2.0234375,0.51953125,0.65202147,0.006680189,0.0018620491,0.036560725,-0.013713419,0.848555,135.27344,0.109259546,0.24512257,135.27344,490,FC128,crates,1,2490,,,,
7.7851562,2.1523438,0.34375,0.5917782,0.0066760937,0.12500632,0.036952477,-0.00484389,1.0013089,157.01953,0.09149427,0.24562281,157.01953,491,FC128,crates,1,2491,,,,
9.1640625,2.6835938,0.203125,0.57333595,0.0066719977,0.27279043,0.022033425,-0.0056592287,1.9868168,173.07422,0.0630359,0.24612308,173.07422,492,FC128,crates,1,2492,,,,
5.40625,2.171875,0.40234375,0.6612023,0.0066679027,0.24266207,0.016361304,-0.0149969,1.2208792,145.19922,0.071534075,0.24662332,145.19922,493,FC128,crates,1,2493,,,,
4.1757812,1.9570312,0.19140625,0.68652564,0.0066638067,0.3367135,-0.0036513396,-0.022454495,0.8360355,174.76172,0.04675606,0.24712357,174.76172,494,FC128,crates,1,2494,,,,
4.3046875,2.125,0.125,0.6995981,0.0066597117,0.3315776,0.0014683236,-0.021068202,1.0931058,184.30078,0.054391295,0.24762382,184.30078,495,FC128,crates,1,2495,,,,
5.859375,2.2890625,0.26171875,0.62209153,0.0066556158,0.29022402,0.021152224,-0.012450029,0.69736356,165.92578,0.07548531,0.24812406,165.92578,496,FC128,crates,1,2496,,,,
9.90625,1.6484375,0.3359375,0.45877853,0.0066515203,0.20515394,0.034955107,0.0014699448,-0.063593514,154.89844,0.07307348,0.24862432,154.89844,497,FC128,crates,1,2497,,,,
10.65625,1.25,0.3359375,0.38895923,0.006647425,0.034841895,0.048933744,0.014424478,-0.6092381,149.6875,0.07418969,0.24912457,149.6875,498,FC128,crates,1,2498,,,,
9.640625,1.2929688,0.4375,0.41940394,0.006643329,0.054282844,0.053453017,0.01171298,-0.4244138,135.59375,0.08905255,0.24962482,135.59375,499,FC128,crates,1,2499,,,,
10.097656,1.5429688,0.28515625,0.4567671,0.006639234,0.25959378,0.02238917,-0.0011611381,0.012597911,162.45312,0.053165782,0.25012508,162.45312,500,FC128,crates,1,2500,,,,
6.3085938,2.4726562,0.078125,0.6515826,0.006635138,0.4355322,-0.010063667,-0.026838167,1.4827151,189.375,0.04219568,0.2506253,189.375,501,FC128,crates,1,2501,,,,
3.3398438,1.7265625,0.03125,0.6959911,0.006631043,0.39738387,-0.012309549,-0.02763957,0.35207057,195.82031,0.039890334,0.25112557,195.82031,502,FC128,crates,1,2502,,,,
3.734375,1.9296875,0.0703125,0.709671,0.006626947,0.41035253,-0.010642486,-0.02826618,0.7016995,191.92188,0.044653293,0.25162584,191.92188,503,FC128,crates,1,2503,,,,
7.4375,2.8515625,0.09765625,0.6296253,0.0066228514,0.4141721,0.00631384,-0.017600296,2.2655864,186.27344,0.0561681,0.25212607,186.27344,504,FC128,crates,1,2504,,,,
11.484375,1.9296875,0.19921875,0.4456301,0.006618756,0.34782016,0.017234525,-0.0059068855,0.81949246,174.10938,0.052181855,0.25262633,174.10938,505,FC128,crates,1,2505,,,,
11.84375,1.2734375,0.33203125,0.38383713,0.0066146604,0.18086946,0.02858603,-0.0018693588,-0.55832005,155.8125,0.06598868,0.25312656,155.8125,506,FC128,crates,1,2506,,,,
11.183594,1.4023438,0.37890625,0.3959569,0.006610565,0.20942622,0.030032394,-0.003168015,-0.18876927,149.8711,0.07163582,0.25362682,149.8711,507,FC128,crates,1,2507,,,,
10.0546875,2.3476562,0.19140625,0.5428905,0.006606469,0.3671943,0.02574989,-0.0018982245,1.1934378,172.70312,0.062469404,0.2541271,172.70312,508,FC128,crates,1,2508,,,,
6.6054688,2.5,0.125,0.67285764,0.006602374,0.4639718,0.021907885,-0.0003922493,1.8163674,182.39453,0.05348518,0.25462732,182.39453,509,FC128,crates,1,2509,,,,
6.53125,2.734375,0.0703125,0.6589022,0.006598278,0.52146614,0.028692933,0.009046576,2.298516,191.0,0.047987953,0.25512758,191.0,510,FC128,crates,1,2510,,,,
10.8359375,2.7304688,0.08203125,0.5219474,0.0065941825,0.40121758,0.057863504,0.031113029,2.3695707,189.45312,0.060384583,0.2556278,189.45312,511,FC128,crates,1,2511,,,,
12.3203125,2.6953125,0.09765625,0.4511736,0.006590087,0.31451184,0.064040035,0.029150914,2.1425395,188.36328,0.075724795,0.25612807,188.36328,512,FC128,crates,1,2512,,,,
7.7695312,2.5039062,0.07421875,0.62199706,0.0065859915,0.49596733,0.033321846,0.006872357,1.8466995,189.8086,0.06109191,0.25662833,189.8086,513,FC128,crates,1,2513,,,,
8.4921875,2.2148438,0.0625,0.5916017,0.006581896,0.4635871,0.036923934,0.0064021284,1.4339652,190.89453,0.06883133,0.25712857,190.89453,514,FC128,crates,1,2514,,,,
12.332031,2.5039062,0.140625,0.42663977,0.0065778,0.33701855,0.056327313,0.0134880785,1.682637,182.57031,0.09129117,0.25762883,182.57031,515,FC128,crates,1,2515,,,,
6.359375,1.9921875,0.07421875,0.63567686,0.006573705,0.5030689,0.017811723,-0.009210083,0.9297074,191.01953,0.062401116,0.25812906,191.01953,516,FC128,crates,1,2516,,,,
7.4921875,2.3984375,0.05078125,0.62270653,0.006569609,0.5265616,0.023616182,-0.002948837,1.6502934,193.58594,0.061311916,0.25862932,193.58594,517,FC128,crates,1,2517,,,,
12.2890625,2.640625,0.12890625,0.44725788,0.0065655136,0.2890265,0.06863929,0.025514772,2.0459576,184.58594,0.092121996,0.25912958,184.58594,518,FC128,crates,1,2518,,,,
11.042969,2.640625,0.16796875,0.44369653,0.006561418,0.41501594,0.033573344,-0.0043114745,1.9162308,176.64062,0.081592195,0.25962982,176.64062,519,FC128,crates,1,2519,,,,
5.6992188,2.4570312,0.0859375,0.64682686,0.0065573226,0.5558052,-0.015518344,-0.038128953,1.8067191,188.55469,0.053704124,0.26013008,188.55469,520,FC128,crates,1,2520,,,,
5.0039062,2.4804688,0.0625,0.64917487,0.006553227,0.57982856,-0.014832521,-0.035371315,1.7364848,192.83984,0.04958597,0.2606303,192.83984,521,FC128,crates,1,2521,,,,
4.296875,1.9648438,0.3046875,0.64004225,0.006549131,0.37707728,0.016371638,-0.025684012,0.6871683,157.71094,0.09249474,0.26113057,157.71094,522,FC128,crates,1,2522,,,,
7.03125,2.9570312,0.1640625,0.54538584,0.006545036,0.42362112,0.04060509,-0.0036901175,2.3751566,177.82422,0.09572955,0.26163083,177.82422,523,FC128,crates,1,2523,,,,
9.75,3.2890625,0.1171875,0.46486503,0.00654094,0.3796119,0.050007407,0.0059852656,2.9034185,184.45312,0.09412559,0.26213107,184.45312,524,FC128,crates,1,2524,,,,
11.5625,2.4609375,0.31640625,0.35957766,0.006536845,0.28858817,0.04979608,-0.007868142,1.1803519,159.89844,0.12002944,0.26263133,159.89844,525,FC128,crates,1,2525,,,,
13.003906,2.0546875,0.296875,0.28927717,0.006532749,0.21837014,0.018924618,-0.033532977,0.8903714,159.72656,0.10869474,0.2631316,159.72656,526,FC128,crates,1,2526,,,,
12.152344,2.6835938,0.20703125,0.33715266,0.0065286537,0.34529388,0.028057037,-0.018733624,1.6183206,171.71484,0.09798363,0.26363182,171.71484,527,FC128,crates,1,2527,,,,
6.9609375,2.6914062,0.1640625,0.56469285,0.006524558,0.48286986,0.0034292194,-0.02941515,2.128848,178.1875,0.07305748,0.26413208,178.1875,528,FC128,crates,1,2528,,,,
2.7851562,1.578125,0.015625,0.6281052,0.006520462,0.5305959,-0.01566501,-0.032366354,0.48101592,198.28125,0.04159376,0.2646323,198.28125,529,FC128,crates,1,2529,,,,
1.7148438,1.109375,0.015625,0.5827827,0.006516367,0.5297028,-0.00829727,-0.024638386,-0.4317576,198.52344,0.040277485,0.26513258,198.52344,530,FC128,crates,1,2530,,,,
2.3320312,1.46875,0.03515625,0.61869955,0.0065122712,0.5038993,0.009833774,-0.010943196,0.14373076,195.98438,0.049612217,0.26563284,195.98438,531,FC128,crates,1,2531,,,,
4.8828125,2.4453125,0.15234375,0.6292925,0.006508176,0.29021358,0.09715847,0.037375033,1.584688,181.0586,0.12775797,0.26613307,181.0586,532,FC128,crates,1,2532,,,,
9.0859375,2.9921875,0.1484375,0.5413932,0.0065040803,0.08291757,0.14472902,0.07335737,2.5200005,179.94531,0.1497858,0.26663333,179.94531,533,FC128,crates,1,2533,,,,
9.675781,2.1445312,0.38671875,0.4615954,0.006499985,0.18114293,0.07411192,0.018862184,0.98468786,150.08203,0.1165002,0.26713356,150.08203,534,FC128,crates,1,2534,,,,
8.3515625,1.5273438,0.5078125,0.4203048,0.0064958893,0.29253095,0.026846543,-0.023331128,-0.130781,125.40234,0.10581585,0.26763383,125.40234,535,FC128,crates,1,2535,,,,
8.2421875,1.578125,0.55859375,0.4380272,0.006491794,0.22970283,-0.00769581,-0.057237286,-0.004179433,122.71484,0.10477012,0.2681341,122.71484,536,FC128,crates,1,2536,,,,
6.6171875,1.6992188,0.48828125,0.5151327,0.0064876983,0.2785014,-0.0013604022,-0.043100044,0.33334014,130.99219,0.090163335,0.26863432,130.99219,537,FC128,crates,1,2537,,,,
5.3046875,2.28125,0.3515625,0.5854769,0.0064836023,0.33078337,0.0066569103,-0.024214214,1.2107816,152.59375,0.069334246,0.26913458,152.59375,538,FC128,crates,1,2538,,,,
4.5234375,2.2070312,0.25390625,0.5765219,0.0064795073,0.38128632,0.015189569,-0.011394182,0.96675813,165.27734,0.06063866,0.2696348,165.27734,539,FC128,crates,1,2539,,,,
4.8476562,2.0703125,0.28125,0.5814707,0.0064754114,0.35614908,0.03689426,0.006452561,0.8306253,162.51172,0.06841393,0.27013507,162.51172,540,FC128,crates,1,2540,,,,
7.1289062,2.546875,0.36328125,0.51707774,0.006471316,0.18669564,0.08174117,0.029862316,1.07543,156.98047,0.11045005,0.27063534,156.98047,541,FC128,crates,1,2541,,,,
8.808594,2.109375,0.4140625,0.45763692,0.0064672204,0.09254092,0.08450389,0.029629324,0.6574417,143.54688,0.1156684,0.27113557,143.54688,542,FC128,crates,1,2542,,,,
8.796875,1.4296875,0.546875,0.43382734,0.006463125,0.15087742,0.061374787,0.009308081,-0.2862302,122.20703,0.10974117,0.27163583,122.20703,543,FC128,crates,1,2543,,,,
9.527344,1.3945312,0.51171875,0.39947605,0.0064590294,0.23605573,0.026299423,-0.014092512,-0.40113258,128.24219,0.085944325,0.2721361,128.24219,544,FC128,crates,1,2544,,,,
9.105469,2.1015625,0.46875,0.4622507,0.0064549334,0.23836637,0.010529449,-0.030094763,0.7424222,136.36328,0.08721602,0.27263632,136.36328,545,FC128,crates,1,2545,,,,
8.7734375,2.7539062,0.20703125,0.51401275,0.0064508384,0.3579219,0.007216756,-0.023498315,1.5666215,175.91797,0.06806177,0.2731366,175.91797,546,FC128,crates,1,2546,,,,
6.5117188,2.6132812,0.16796875,0.566846,0.0064467425,0.40300685,0.0126548745,-0.012160597,1.6894729,176.73828,0.056939565,0.27363682,176.73828,547,FC128,crates,1,2547,,,,
4.90625,2.1484375,0.25,0.57828283,0.006442647,0.43993956,0.015333286,-0.007685205,1.0766215,169.84375,0.053488325,0.27413708,169.84375,548,FC128,crates,1,2548,,,,
5.0742188,2.4101562,0.078125,0.61682683,0.0064385515,0.5154688,0.011996717,-0.0043289955,1.538477,190.83984,0.04059437,0.27463734,190.83984,549,FC128,crates,1,2549,,,,
7.3007812,2.5664062,0.14453125,0.58130264,0.006434456,0.47575784,0.02410899,0.0038472663,1.9296292,180.08203,0.04800418,0.27513757,180.08203,550,FC128,crates,1,2550,,,,
10.503906,2.7929688,0.265625,0.493078,0.0064303605,0.33339173,0.049246795,0.017960161,2.1122856,168.05078,0.06891461,0.27563784,168.05078,551,FC128,crates,1,2551,,,,
11.199219,2.4609375,0.3203125,0.45589012,0.0064262645,0.28957897,0.06266594,0.021508547,1.5495511,159.4961,0.088174134,0.27613807,159.4961,552,FC128,crates,1,2552,,,,
11.671875,2.734375,0.2578125,0.44135955,0.0064221695,0.29501802,0.059947148,0.020925483,2.0216606,166.53906,0.083712295,0.27663833,166.53906,553,FC128,crates,1,2553,,,,
10.484375,3.015625,0.19140625,0.46337372,0.0064180735,0.40240884,0.050852768,0.012080379,2.588848,176.49219,0.08349271,0.2771386,176.49219,554,FC128,crates,1,2554,,,,
7.3164062,2.8203125,0.140625,0.5597691,0.0064139785,0.44167966,0.038910132,0.0014142095,2.2586918,183.8711,0.082172535,0.27763882,183.8711,555,FC128,crates,1,2555,,,,
7.4726562,2.8164062,0.1171875,0.535386,0.0064098826,0.43346292,0.05316221,0.015555506,2.405899,183.23828,0.08207694,0.27813908,183.23828,556,FC128,crates,1,2556,,,,
10.0390625,3.1640625,0.171875,0.44788963,0.006405787,0.28008485,0.092693835,0.039316464,2.7735357,175.44531,0.11249291,0.27863932,175.44531,557,FC128,crates,1,2557,,,,
12.238281,3.3242188,0.1875,0.360231,0.0064016916,0.2237606,0.0924883,0.03902037,2.8500981,176.0664,0.11154803,0.27913958,176.0664,558,FC128,crates,1,2558,,,,
10.316406,2.796875,0.35546875,0.36036292,0.006397596,0.33086354,0.054997712,0.0050517335,1.8158988,155.3086,0.10450287,0.27963984,155.3086,559,FC128,crates,1,2559,,,,
10.515625,3.0351562,0.34375,0.37411216,0.0063935006,0.3646506,0.034293596,-0.010929071,2.1494145,156.1836,0.095229104,0.28014007,156.1836,560,FC128,crates,1,2560,,,,
10.933594,3.453125,0.16015625,0.4194214,0.0063894046,0.44082427,0.017350962,-0.017402638,3.4517581,179.0664,0.074866906,0.28064033,179.0664,561,FC128,crates,1,2561,,,,
6.046875,2.5898438,0.30078125,0.5147427,0.0063853096,0.39809012,0.027610132,-0.02074977,1.7155278,156.23828,0.10329339,0.28114057,156.23828,562,FC128,crates,1,2562,,,,
4.6328125,2.3359375,0.2578125,0.5240331,0.0063812137,0.43158656,0.024729224,-0.018952154,1.2841411,164.42188,0.09405069,0.28164083,164.42188,563,FC128,crates,1,2563,,,,
3.9101562,2.25,0.05859375,0.52085906,0.006377118,0.5217449,0.0033049795,-0.023506388,1.386934,191.4336,0.060265895,0.2821411,191.4336,564,FC128,crates,1,2564,,,,
2.9882812,1.78125,0.01953125,0.5034422,0.0063730227,0.53791535,-0.0018268484,-0.022770766,0.7429886,198.23047,0.048304733,0.28264132,198.23047,565,FC128,crates,1,2565,,,,
3.390625,2.0703125,0.02734375,0.47955024,0.006368927,0.5535363,0.016154744,-0.010672664,1.1339848,196.58984,0.059763256,0.28314158,196.58984,566,FC128,crates,1,2566,,,,
4.2929688,2.4882812,0.0546875,0.4558506,0.0063648317,0.39073265,0.052029196,0.0009906375,1.4066997,191.5039,0.107879944,0.28364184,191.5039,567,FC128,crates,1,2567,,,,
5.6289062,2.875,0.09375,0.47348616,0.0063607357,0.34929925,0.07157584,0.01047754,2.205196,186.11719,0.12822004,0.28414208,186.11719,568,FC128,crates,1,2568,,,,
6.6914062,2.8671875,0.2109375,0.47713667,0.0063566407,0.39992458,0.050162815,-0.0026686892,2.1917973,170.21094,0.11172898,0.28464234,170.21094,569,FC128,crates,1,2569,,,,
8.746094,2.6445312,0.421875,0.38742486,0.0063525448,0.20247114,0.042478677,-0.024893995,1.5915824,140.02344,0.13966762,0.28514257,140.02344,570,FC128,crates,1,2570,,,,
11.855469,2.59375,0.32421875,0.33751413,0.0063484493,0.16314077,0.014861866,-0.04483466,1.8011332,154.41016,0.12367843,0.28564283,154.41016,571,FC128,crates,1,2571,,,,
9.90625,2.5390625,0.33984375,0.39223024,0.006344354,0.21785724,0.008354599,-0.053164236,1.5590434,152.35547,0.12801456,0.2861431,152.35547,572,FC128,crates,1,2572,,,,
7.6289062,2.7304688,0.3359375,0.45710102,0.0063402583,0.37818074,0.015960284,-0.03725368,1.9644339,153.375,0.11222421,0.28664333,153.375,573,FC128,crates,1,2573,,,,
5.3828125,2.4453125,0.25390625,0.50844395,0.006336163,0.45499396,0.017467517,-0.022185143,1.3962504,165.21875,0.085748486,0.2871436,165.21875,574,FC128,crates,1,2574,,,,
5.625,2.9375,0.09375,0.4866711,0.006332067,0.5305183,0.019829854,-0.010382775,2.245606,187.53516,0.06658853,0.28764382,187.53516,575,FC128,crates,1,2575,,,,
4.9726562,2.5664062,0.0546875,0.5354902,0.006327972,0.5573172,0.022578938,-0.0022155764,1.8688285,191.96094,0.05636616,0.28814408,191.96094,576,FC128,crates,1,2576,,,,
6.4570312,3.1679688,0.078125,0.5285825,0.006323876,0.44584674,0.051710643,0.015393627,2.6826763,190.72656,0.07931942,0.28864434,190.72656,577,FC128,crates,1,2577,,,,
9.058594,3.1796875,0.18359375,0.49053946,0.0063197804,0.24267763,0.097789384,0.041681062,2.9275591,174.64453,0.118416846,0.28914458,174.64453,578,FC128,crates,1,2578,,,,
12.484375,2.2539062,0.28125,0.3697294,0.006315685,0.1365022,0.0930042,0.031624056,1.3182034,160.6875,0.12743047,0.28964484,160.6875,579,FC128,crates,1,2579,,,,
11.546875,1.265625,0.42578125,0.29582462,0.0063115894,0.06488985,0.055659045,-0.0012341833,-0.29488254,136.33984,0.117520705,0.29014507,136.33984,580,FC128,crates,1,2580,,,,
10.8125,1.265625,0.5,0.2871436,0.006307494,0.08278012,0.014422739,-0.044617653,-0.5552342,127.87891,0.121703096,0.29064533,127.87891,581,FC128,crates,1,2581,,,,
10.1171875,1.2539062,0.5703125,0.3071677,0.006303398,0.03660673,0.0007030412,-0.06476073,-0.3340818,120.58984,0.13479994,0.2911456,120.58984,582,FC128,crates,1,2582,,,,
9.511719,1.7929688,0.5078125,0.3820478,0.006299303,0.111913085,-0.0065711555,-0.06021468,0.4459378,136.53906,0.11210032,0.29164582,136.53906,583,FC128,crates,1,2583,,,,
7.3242188,2.40625,0.36328125,0.4650353,0.006295207,0.337313,0.0036512315,-0.032642618,1.3720902,151.09375,0.078442685,0.2921461,151.09375,584,FC128,crates,1,2584,,,,
5.9023438,2.7226562,0.1328125,0.51421076,0.006291112,0.43741345,0.0058987997,-0.015607326,1.634258,184.34375,0.049482167,0.29264632,184.34375,585,FC128,crates,1,2585,,,,
4.9414062,2.421875,0.0390625,0.5172869,0.006287016,0.5487113,0.0060061556,-0.0075700353,1.3094729,195.17578,0.033656765,0.29314658,195.17578,586,FC128,crates,1,2586,,,,
5.125,2.3164062,0.31640625,0.54586405,0.0062829205,0.29451507,0.050524373,0.01369786,1.0647855,160.48828,0.08051227,0.29364684,160.48828,587,FC128,crates,1,2587,,,,
4.5273438,1.7109375,0.54296875,0.5291376,0.006278825,0.08054495,0.09495048,0.026968362,0.26929715,121.640625,0.14260897,0.29414707,121.640625,588,FC128,crates,1,2588,,,,
6.9726562,2.2929688,0.3125,0.5402322,0.0062747295,0.17740119,0.08566671,0.03574195,1.30918,160.0,0.10662913,0.29464734,160.0,589,FC128,crates,1,2589,,,,
9.5703125,3.3359375,0.08984375,0.5396886,0.006270634,0.27287275,0.07670751,0.04349257,3.0993557,189.30469,0.07319826,0.2951476,189.30469,590,FC128,crates,1,2590,,,,
7.9726562,3.0820312,0.19921875,0.53645056,0.006266538,0.40360928,0.05272924,0.022010552,2.502676,174.45312,0.06816076,0.29564783,174.45312,591,FC128,crates,1,2591,,,,
7.8984375,2.9492188,0.2578125,0.53356105,0.006262443,0.4199502,0.04312818,0.013286866,2.1100395,170.79688,0.06636542,0.2961481,170.79688,592,FC128,crates,1,2592,,,,
8.988281,3.0976562,0.31640625,0.51879054,0.006258347,0.38488013,0.050597094,0.011614941,2.5984573,162.96094,0.084457844,0.29664832,162.96094,593,FC128,crates,1,2593,,,,
9.796875,3.0078125,0.2265625,0.50460565,0.0062542516,0.3804949,0.042792756,0.0034175587,2.167188,170.32422,0.08506226,0.2971486,170.32422,594,FC128,crates,1,2594,,,,
12.1015625,2.2109375,0.3203125,0.42115036,0.006250156,0.29553837,0.043694753,0.0053029475,1.2615824,158.35156,0.082048126,0.29764885,158.35156,595,FC128,crates,1,2595,,,,
10.628906,1.8554688,0.46484375,0.3978482,0.0062460606,0.19196683,0.052657757,0.0024738424,0.5974808,133.96875,0.1053378,0.29814908,133.96875,596,FC128,crates,1,2596,,,,
10.8828125,1.9140625,0.421875,0.4025547,0.006241965,0.20707583,0.038237773,-0.0067880624,0.73726594,140.5039,0.095077135,0.29864934,140.5039,597,FC128,crates,1,2597,,,,
10.910156,3.2226562,0.18359375,0.45102045,0.006237869,0.37913382,0.019624906,-0.014955839,2.6139457,176.03516,0.0747883,0.29914957,176.03516,598,FC128,crates,1,2598,,,,
10.8359375,3.3398438,0.12109375,0.43360016,0.006233774,0.3725797,0.023154523,-0.009231187,2.6573637,184.58984,0.070177354,0.29964983,184.58984,599,FC128,crates,1,2599,,,,
13.75,2.9726562,0.1171875,0.34918487,0.006229678,0.3078807,0.029632684,0.00097063853,2.4738674,183.98047,0.061674707,0.3001501,183.98047,600,FC128,crates,1,2600,,,,
12.8828125,2.53125,0.17578125,0.34464258,0.0062255827,0.30623764,0.036276042,0.0041693156,1.9118363,175.33984,0.068504654,0.30065033,175.33984,601,FC128,crates,1,2601,,,,
10.296875,3.6289062,0.10546875,0.48146796,0.006221487,0.42031068,0.021849776,-0.0069164876,3.7219343,187.08203,0.06352342,0.3011506,187.08203,602,FC128,crates,1,2602,,,,
6.7617188,3.2109375,0.03515625,0.56349385,0.0062173917,0.5863339,0.010880685,-0.01183951,2.9913092,196.14844,0.052447315,0.30165082,196.14844,603,FC128,crates,1,2603,,,,
5.8671875,3.0,0.14453125,0.5522292,0.006213296,0.3573702,0.078264244,0.024730515,2.5274417,180.47656,0.113929786,0.30215108,180.47656,604,FC128,crates,1,2604,,,,
5.609375,2.8476562,0.01953125,0.5600526,0.0062092002,0.5185573,0.03737332,0.005708574,2.3435745,197.95703,0.07028445,0.30265135,197.95703,605,FC128,crates,1,2605,,,,
6.8789062,3.1367188,0.05859375,0.5342341,0.006205105,0.52477026,0.036739804,0.00018392988,3.0145514,192.2461,0.07974171,0.30315158,192.2461,606,FC128,crates,1,2606,,,,
9.265625,3.6640625,0.12890625,0.47030956,0.0062010093,0.38239366,0.06688915,0.013595447,3.6269927,186.47266,0.11242021,0.30365184,186.47266,607,FC128,crates,1,2607,,,,
8.558594,3.515625,0.18359375,0.47422877,0.006196914,0.41363132,0.04057099,-0.008524819,3.328516,176.21875,0.10406913,0.30415207,176.21875,608,FC128,crates,1,2608,,,,
7.8046875,3.6289062,0.09765625,0.45432615,0.0061928183,0.5046524,0.024288451,-0.01573073,3.508067,188.5,0.08566548,0.30465233,188.5,609,FC128,crates,1,2609,,,,
6.4648438,3.2617188,0.0234375,0.42560446,0.006188723,0.53487384,0.031631477,-0.007453769,3.0293558,196.72656,0.08343839,0.3051526,196.72656,610,FC128,crates,1,2610,,,,
6.3945312,3.2578125,0.05078125,0.4057259,0.0061846273,0.4658711,0.047757104,-0.004493986,2.849395,195.3164,0.1095207,0.30565283,195.3164,611,FC128,crates,1,2611,,,,
6.5429688,3.3359375,0.046875,0.3978133,0.0061805313,0.50134116,0.034881763,-0.009354594,3.2050004,193.6289,0.093390115,0.3061531,193.6289,612,FC128,crates,1,2612,,,,
7.8476562,3.7890625,0.0625,0.38654712,0.0061764363,0.5260501,0.020136189,-0.022343857,3.925528,193.04688,0.08973506,0.30665335,193.04688,613,FC128,crates,1,2613,,,,
8.269531,3.7148438,0.05859375,0.40070918,0.0061723404,0.5365629,0.01514931,-0.025706906,3.8654885,192.34766,0.08665906,0.30715358,192.34766,614,FC128,crates,1,2614,,,,
7.2578125,3.28125,0.1015625,0.42319945,0.0061682453,0.50200087,0.026387598,-0.02160325,3.1560354,186.1875,0.101202495,0.30765384,186.1875,615,FC128,crates,1,2615,,,,
7.6210938,3.5234375,0.04296875,0.4488743,0.0061641494,0.5413984,0.028152896,-0.015406893,3.492012,195.61719,0.09265343,0.30815408,195.61719,616,FC128,crates,1,2616,,,,
8.214844,3.5625,0.08984375,0.44874024,0.006160054,0.49840516,0.036721684,-0.014500361,3.4315825,189.28516,0.10797262,0.30865434,189.28516,617,FC128,crates,1,2617,,,,
9.105469,3.4648438,0.109375,0.40502954,0.0061559584,0.47175777,0.040542983,-0.016923172,3.3495317,185.76172,0.119919,0.3091546,185.76172,618,FC128,crates,1,2618,,,,
8.59375,3.8632812,0.1015625,0.39360484,0.006151863,0.49895698,0.033809222,-0.017905803,3.9267192,188.36719,0.10827286,0.30965483,188.36719,619,FC128,crates,1,2619,,,,
8.046875,3.8085938,0.0625,0.37644354,0.0061477674,0.5234641,0.03718299,-0.011249946,3.7730668,192.04297,0.101494454,0.3101551,192.04297,620,FC128,crates,1,2620,,,,
6.8710938,3.3085938,0.0390625,0.39994612,0.0061436715,0.53402543,0.0385303,-0.005714761,3.2680473,194.07422,0.0934044,0.31065533,194.07422,621,FC128,crates,1,2621,,,,
7.4101562,3.65625,0.0546875,0.37729168,0.0061395764,0.5297346,0.03939781,-0.005158128,3.6135354,193.08594,0.0937447,0.3111556,193.08594,622,FC128,crates,1,2622,,,,
8.269531,3.6484375,0.09375,0.37707147,0.0061354805,0.5001297,0.02506672,-0.016718194,3.834024,187.0039,0.08819686,0.31165585,187.0039,623,FC128,crates,1,2623,,,,
8.625,3.8671875,0.08984375,0.36255106,0.006131385,0.49819058,0.018744621,-0.02237422,4.105606,188.66016,0.086683564,0.31215608,188.66016,624,FC128,crates,1,2624,,,,
8.6953125,3.9570312,0.08203125,0.35942003,0.0061272895,0.5108899,0.02647211,-0.01669996,4.3334575,188.25,0.09074868,0.31265634,188.25,625,FC128,crates,1,2625,,,,
9.457031,4.0625,0.10546875,0.35246494,0.006123194,0.44290477,0.05207999,-0.0029810057,4.3309574,186.55078,0.114438415,0.31315657,186.55078,626,FC128,crates,1,2626,,,,
10.527344,4.0585938,0.08203125,0.344368,0.0061190985,0.3996539,0.06919367,0.007562516,4.396055,190.02734,0.12747675,0.31365684,190.02734,627,FC128,crates,1,2627,,,,
10.808594,3.9726562,0.08984375,0.3331463,0.0061150026,0.40395486,0.047560837,-0.009681877,4.1601567,188.58594,0.11855981,0.3141571,188.58594,628,FC128,crates,1,2628,,,,
9.609375,3.9492188,0.08203125,0.33326855,0.0061109075,0.46286535,0.031815134,-0.024218237,4.2795124,190.42188,0.11613988,0.31465733,190.42188,629,FC128,crates,1,2629,,,,
8.886719,4.0429688,0.0390625,0.33672985,0.0061068116,0.5426382,0.036581405,-0.016413651,4.312559,196.91797,0.1101028,0.3151576,196.91797,630,FC128,crates,1,2630,,,,
8.4453125,4.0234375,0.04296875,0.34548342,0.006102716,0.56914544,0.061128408,0.0032843875,4.296172,193.84375,0.11990481,0.31565785,193.84375,631,FC128,crates,1,2631,,,,
9.421875,4.21875,0.05859375,0.33054647,0.0060986206,0.4321251,0.088682175,0.0114961555,4.3221292,192.25,0.1584038,0.3161581,192.25,632,FC128,crates,1,2632,,,,
9.546875,4.1210938,0.078125,0.3491996,0.006094525,0.46125805,0.06628771,-0.0014232709,4.4121294,189.38281,0.13967837,0.31665835,189.38281,633,FC128,crates,1,2633,,,,
8.9765625,3.921875,0.04296875,0.35542417,0.0060904296,0.5750341,0.022581628,-0.022137102,4.0705476,194.80469,0.09376683,0.31715858,194.80469,634,FC128,crates,1,2634,,,,
8.078125,3.8085938,0.03125,0.33747244,0.0060863337,0.5938345,0.02192936,-0.022574944,3.9907622,196.92188,0.09311655,0.31765884,196.92188,635,FC128,crates,1,2635,,,,
7.9921875,3.9492188,0.05078125,0.32574627,0.0060822386,0.5990979,0.03499314,-0.010087726,4.2544537,194.52734,0.09412426,0.3181591,194.52734,636,FC128,crates,1,2636,,,,
8.40625,3.8671875,0.0703125,0.32018465,0.0060781427,0.47175616,0.06511147,0.003149861,3.9643753,190.8789,0.12781549,0.31865934,190.8789,637,FC128,crates,1,2637,,,,
8.628906,3.984375,0.0625,0.30702963,0.0060740476,0.49051183,0.061290283,0.00014547117,4.117598,192.47266,0.12601945,0.3191596,192.47266,638,FC128,crates,1,2638,,,,
8.699219,4.1328125,0.09765625,0.3013645,0.0060699517,0.5093292,0.043367796,-0.0109113995,4.2240825,187.03516,0.11221692,0.31965983,187.03516,639,FC128,crates,1,2639,,,,
7.046875,3.5703125,0.0546875,0.30174613,0.006065856,0.5889917,0.019683138,-0.022853779,3.4787114,192.53516,0.08873453,0.3201601,192.53516,640,FC128,crates,1,2640,,,,
5.8320312,3.125,0.0390625,0.3057499,0.0060617607,0.60552466,0.020114735,-0.020655775,2.6646295,194.79688,0.085247785,0.32066035,194.79688,641,FC128,crates,1,2641,,,,
6.4492188,3.3515625,0.02734375,0.3047538,0.0060576648,0.6106007,0.03199495,-0.009532894,3.2480474,196.57031,0.086747885,0.32116058,196.57031,642,FC128,crates,1,2642,,,,
8.214844,3.6953125,0.0625,0.29525858,0.0060535697,0.47958934,0.07612561,0.010319904,3.7357817,192.65625,0.13518615,0.32166085,192.65625,643,FC128,crates,1,2643,,,,
10.519531,3.6796875,0.15625,0.30979726,0.006049474,0.22029406,0.11301855,0.017959958,3.4984574,181.0039,0.1938654,0.32216108,181.0039,644,FC128,crates,1,2644,,,,
12.5703125,2.9453125,0.1640625,0.30379233,0.0060453787,0.12510121,0.10540497,0.021500591,2.4649615,178.49219,0.17148183,0.32266134,178.49219,645,FC128,crates,1,2645,,,,
11.003906,3.8398438,0.1328125,0.3169679,0.006041283,0.43578017,0.036968656,-0.01284454,3.844805,184.22656,0.10345618,0.3231616,184.22656,646,FC128,crates,1,2646,,,,
8.796875,4.0,0.0703125,0.32455698,0.0060371873,0.55093527,0.0230692,-0.017094767,4.366192,191.60547,0.084246755,0.32366183,191.60547,647,FC128,crates,1,2647,,,,
7.3046875,3.4335938,0.0859375,0.32145602,0.006033092,0.563387,0.022940936,-0.017992381,3.4744146,188.25,0.08574538,0.3241621,188.25,648,FC128,crates,1,2648,,,,
8.355469,3.859375,0.08203125,0.30920106,0.0060289963,0.5447922,0.030469183,-0.011739582,4.0006256,189.16016,0.088145874,0.32466233,189.16016,649,FC128,crates,1,2649,,,,
10.261719,4.0898438,0.16015625,0.3193607,0.006024901,0.47548681,0.045716528,-0.004395472,4.3573246,179.73047,0.104072236,0.3251626,179.73047,650,FC128,crates,1,2650,,,,
11.355469,3.5625,0.1796875,0.31729227,0.006020805,0.34307945,0.06345458,0.0021446045,3.4590435,174.69531,0.12644066,0.32566285,174.69531,651,FC128,crates,1,2651,,,,
10.25,3.9492188,0.0859375,0.31539658,0.00601671,0.46102518,0.06202633,0.009796335,4.14211,189.89844,0.10825529,0.32616308,189.89844,652,FC128,crates,1,2652,,,,
8.1796875,3.9101562,0.05078125,0.2980284,0.006012614,0.58617014,0.050558418,0.006173059,4.3640823,193.30078,0.09235457,0.32666335,193.30078,653,FC128,crates,1,2653,,,,
7.0585938,3.5078125,0.03125,0.29571748,0.0060085184,0.6037743,0.039854936,-0.0026177196,3.488399,196.07422,0.088498965,0.3271636,196.07422,654,FC128,crates,1,2654,,,,
7.7304688,3.6484375,0.12890625,0.29612058,0.006004423,0.5441505,0.053582784,-0.003366747,4.006543,185.46094,0.117455125,0.32766384,185.46094,655,FC128,crates,1,2655,,,,
8.707031,4.1679688,0.10546875,0.28126323,0.0060003274,0.5436748,0.05861735,-0.00064230064,4.5862117,188.78906,0.12189464,0.3281641,188.78906,656,FC128,crates,1,2656,,,,
9.390625,4.4375,0.0625,0.288885,0.005996232,0.5808917,0.056005646,-0.002695505,4.8333015,192.07422,0.120866746,0.32866433,192.07422,657,FC128,crates,1,2657,,,,
10.550781,4.484375,0.13671875,0.28659624,0.005992136,0.4730292,0.068894535,-0.0019915137,5.117364,183.80078,0.14520673,0.3291646,183.80078,658,FC128,crates,1,2658,,,,
11.1875,4.6992188,0.1640625,0.2855045,0.005988041,0.43658888,0.061799925,-0.01496289,5.2485356,179.51953,0.15694486,0.32966486,179.51953,659,FC128,crates,1,2659,,,,
8.582031,4.1992188,0.05078125,0.31115332,0.005983945,0.58719337,0.035459988,-0.023788126,4.491504,193.89844,0.12222008,0.3301651,193.89844,660,FC128,crates,1,2660,,,,
5.5742188,3.0,0.0,0.3411431,0.0059798495,0.6160636,0.027002238,-0.02307257,2.7230473,200.0,0.104229584,0.33066535,200.0,661,FC128,crates,1,2661,,,,
5.6015625,2.9765625,0.01171875,0.3239082,0.005975754,0.60765356,0.04798389,-0.0098597035,2.8057036,198.60156,0.11955838,0.33116558,198.60156,662,FC128,crates,1,2662,,,,
8.410156,4.0898438,0.02734375,0.28265077,0.0059716585,0.53549117,0.07349756,0.0031769676,4.5133796,196.21875,0.14401698,0.33166584,196.21875,663,FC128,crates,1,2663,,,,
9.9140625,4.4414062,0.1015625,0.29056633,0.005967563,0.5177589,0.05445585,-0.008421081,4.9711924,187.07422,0.12922181,0.3321661,187.07422,664,FC128,crates,1,2664,,,,
10.9140625,4.890625,0.1484375,0.28404617,0.005963467,0.44581836,0.031677753,-0.029227603,5.646485,184.09375,0.12519851,0.33266634,184.09375,665,FC128,crates,1,2665,,,,
9.5703125,4.46875,0.13671875,0.30688745,0.005959372,0.44783503,0.03203017,-0.03163645,4.9535747,183.4414,0.13099095,0.3331666,183.4414,666,FC128,crates,1,2666,,,,
8.609375,4.2109375,0.07421875,0.32287335,0.005955276,0.5065228,0.031975918,-0.026597759,4.7571487,191.09766,0.12099296,0.33366683,191.09766,667,FC128,crates,1,2667,,,,
8.34375,4.0898438,0.10546875,0.32958558,0.005951181,0.533289,0.044227414,-0.012024796,4.5695124,188.30078,0.116427265,0.3341671,188.30078,668,FC128,crates,1,2668,,,,
9.5625,4.3554688,0.09765625,0.3072234,0.005947085,0.4389227,0.094466545,0.018890988,4.984239,187.54297,0.15480529,0.33466735,187.54297,669,FC128,crates,1,2669,,,,
10.0546875,4.4921875,0.125,0.29761377,0.0059429896,0.30729395,0.14072263,0.034807965,4.941895,187.60547,0.21536675,0.3351676,187.60547,670,FC128,crates,1,2670,,,,
10.332031,4.2773438,0.07421875,0.29306906,0.005938894,0.32459337,0.124855794,0.032369908,4.987442,190.32422,0.1884528,0.33566785,190.32422,671,FC128,crates,1,2671,,,,
10.011719,4.4960938,0.08203125,0.30181906,0.0059347986,0.50114846,0.0754168,0.012479719,5.087227,191.47656,0.12945664,0.3361681,191.47656,672,FC128,crates,1,2672,,,,
9.738281,4.2617188,0.06640625,0.29901063,0.005930703,0.5966576,0.03724111,-0.009390722,4.804942,191.4961,0.09681035,0.33666834,191.4961,673,FC128,crates,1,2673,,,,
9.6640625,4.2851562,0.125,0.28942055,0.005926607,0.5450921,0.03747183,-0.018402575,4.8672667,184.6875,0.11517937,0.3371686,184.6875,674,FC128,crates,1,2674,,,,
10.128906,3.9765625,0.171875,0.3126624,0.005922512,0.44795978,0.04103478,-0.02589363,4.3814263,178.97266,0.13756031,0.33766884,178.97266,675,FC128,crates,1,2675,,,,
10.5703125,4.4570312,0.11328125,0.30324847,0.005918416,0.5174313,0.043106854,-0.017847534,5.0976763,186.85938,0.12549828,0.3381691,186.85938,676,FC128,crates,1,2676,,,,
10.4453125,4.1484375,0.12109375,0.2865701,0.0059143207,0.5246618,0.050381836,-0.010745698,4.7309184,182.52734,0.1256448,0.33866936,182.52734,677,FC128,crates,1,2677,,,,
9.707031,3.9609375,0.125,0.3148454,0.005910225,0.46608508,0.065633535,-0.003818604,4.13459,181.57812,0.14262588,0.3391696,181.57812,678,FC128,crates,1,2678,,,,
9.15625,4.2226562,0.12109375,0.2983415,0.0059061297,0.50768125,0.06685844,-0.0019333813,4.8016806,185.1875,0.14110772,0.33966985,185.1875,679,FC128,crates,1,2679,,,,
9.0078125,4.3046875,0.05078125,0.29169878,0.005902034,0.59703505,0.05358043,-0.0020590993,4.877286,192.6836,0.11472229,0.3401701,192.6836,680,FC128,crates,1,2680,,,,
8.7890625,4.2421875,0.06640625,0.2873269,0.0058979383,0.6401328,0.034334645,-0.017164255,4.669903,193.28125,0.10638707,0.34067035,193.28125,681,FC128,crates,1,2681,,,,
9.449219,4.7109375,0.0390625,0.2816033,0.0058938432,0.6309356,0.037784617,-0.013191877,5.5551567,195.34375,0.10527244,0.3411706,195.34375,682,FC128,crates,1,2682,,,,
10.0,4.6171875,0.03515625,0.2730204,0.0058897473,0.5846827,0.046167977,-0.01053121,5.476563,195.23047,0.116614416,0.34167084,195.23047,683,FC128,crates,1,2683,,,,
9.855469,4.3085938,0.08203125,0.2833938,0.005885652,0.57817507,0.064406745,-0.005534959,4.7166214,187.88281,0.14321932,0.3421711,187.88281,684,FC128,crates,1,2684,,,,
10.09375,4.5078125,0.0859375,0.2872735,0.0058815563,0.5379467,0.068195835,-0.0050143125,5.24711,188.5586,0.14979953,0.34267133,188.5586,685,FC128,crates,1,2685,,,,
9.7265625,4.5507812,0.05078125,0.28571182,0.005877461,0.58270293,0.04966962,-0.011288049,5.3976374,193.08984,0.12527385,0.3431716,193.08984,686,FC128,crates,1,2686,,,,
9.472656,4.53125,0.05859375,0.28554758,0.0058733653,0.58393943,0.042201336,-0.01691639,5.28086,192.65625,0.121589705,0.34367186,192.65625,687,FC128,crates,1,2687,,,,
9.96875,4.7695312,0.07421875,0.28007612,0.0058692694,0.57388055,0.04562248,-0.01643626,5.577051,192.45703,0.12740517,0.3441721,192.45703,688,FC128,crates,1,2688,,,,
9.980469,4.8515625,0.05078125,0.2932824,0.0058651743,0.5649476,0.05674062,-0.0069989124,5.7742977,193.40234,0.13091937,0.34467235,193.40234,689,FC128,crates,1,2689,,,,
9.5625,4.5351562,0.12109375,0.27553827,0.0058610784,0.48707372,0.06948703,-0.0072596003,5.1694145,184.3711,0.15672316,0.34517258,184.3711,690,FC128,crates,1,2690,,,,
8.8046875,4.4296875,0.0390625,0.30465624,0.005856983,0.58947897,0.049515296,-0.012327514,5.2104106,194.71094,0.12725435,0.34567285,194.71094,691,FC128,crates,1,2691,,,,
10.121094,4.7617188,0.05859375,0.28659827,0.0058528874,0.5602524,0.052786514,-0.010962536,5.699239,191.45312,0.13085295,0.3461731,191.45312,692,FC128,crates,1,2692,,,,
11.347656,4.9921875,0.0703125,0.2815314,0.005848792,0.5491638,0.047932655,-0.015517349,5.953926,191.58203,0.13019325,0.34667334,191.58203,693,FC128,crates,1,2693,,,,
10.902344,4.9375,0.10546875,0.28707963,0.0058446964,0.5755788,0.04466255,-0.022399144,5.784571,188.15234,0.13747917,0.3471736,188.15234,694,FC128,crates,1,2694,,,,
10.550781,5.0390625,0.03515625,0.266296,0.0058406005,0.61203724,0.05609525,-0.00742041,5.9323635,196.88672,0.13014197,0.34767386,196.88672,695,FC128,crates,1,2695,,,,
10.7265625,4.9765625,0.05078125,0.27652314,0.0058365054,0.5513619,0.07495906,0.0013414206,5.9019537,193.27344,0.15046315,0.3481741,193.27344,696,FC128,crates,1,2696,,,,
10.894531,4.8242188,0.09765625,0.2820547,0.0058324095,0.5513317,0.06720207,-0.008453965,5.755372,187.94922,0.15460218,0.34867436,187.94922,697,FC128,crates,1,2697,,,,
9.2265625,4.4257812,0.046875,0.29721048,0.0058283145,0.6275514,0.040347036,-0.022684071,5.0527353,195.71094,0.12952669,0.3491746,195.71094,698,FC128,crates,1,2698,,,,
6.9804688,3.6523438,0.015625,0.34050092,0.0058242185,0.6172657,0.04043427,-0.018551249,3.6432037,199.09375,0.12193734,0.34967485,199.09375,699,FC128,crates,1,2699,,,,
7.9101562,4.0390625,0.015625,0.35566363,0.005820123,0.57908773,0.06990372,0.0050315205,4.495743,198.33203,0.13388442,0.3501751,198.33203,700,FC128,crates,1,2700,,,,
8.09375,3.9882812,0.0625,0.39337283,0.0058160275,0.5216571,0.068651885,0.0021109348,4.089317,191.98047,0.13765763,0.35067534,191.98047,701,FC128,crates,1,2701,,,,
9.921875,4.2734375,0.06640625,0.3945197,0.005811932,0.543437,0.049778644,-0.00610234,4.9067974,191.96484,0.116347805,0.3511756,191.96484,702,FC128,crates,1,2702,,,,
10.578125,5.1914062,0.0546875,0.3422846,0.0058078365,0.57895267,0.026728945,-0.02270059,6.2483406,192.30078,0.10283493,0.35167584,192.30078,703,FC128,crates,1,2703,,,,
9.5234375,4.6835938,0.0859375,0.3466366,0.0058037406,0.50320935,0.022602199,-0.036569074,5.479376,188.4961,0.12236612,0.3521761,188.4961,704,FC128,crates,1,2704,,,,
9.84375,4.59375,0.08984375,0.3444807,0.0057996456,0.4943819,0.021722842,-0.037215505,5.440508,190.82422,0.121872425,0.35267636,190.82422,705,FC128,crates,1,2705,,,,
11.015625,5.125,0.13671875,0.32176855,0.0057955496,0.4831984,0.037546117,-0.025629759,6.1318755,184.17578,0.1300814,0.3531766,184.17578,706,FC128,crates,1,2706,,,,
10.824219,4.4960938,0.1171875,0.33293143,0.005791454,0.559323,0.050854035,-0.0062213177,5.030547,187.23828,0.11800702,0.35367686,187.23828,707,FC128,crates,1,2707,,,,
12.261719,4.5117188,0.16015625,0.32484752,0.0057873586,0.35189104,0.101226434,0.020043286,5.1865044,179.0,0.16612633,0.3541771,179.0,708,FC128,crates,1,2708,,,,
12.953125,5.4179688,0.046875,0.30728668,0.005783263,0.36483872,0.09550792,0.023351371,6.547715,194.69922,0.14786734,0.35467735,194.69922,709,FC128,crates,1,2709,,,,
11.3125,5.171875,0.04296875,0.29329598,0.0057791676,0.5898969,0.061800443,0.0016354765,6.317813,195.19531,0.12371995,0.3551776,195.19531,710,FC128,crates,1,2710,,,,
11.3203125,5.2617188,0.0546875,0.27841786,0.0057750717,0.5184792,0.05313922,-0.016198285,6.482481,193.0664,0.14189078,0.35567784,193.0664,711,FC128,crates,1,2711,,,,
11.441406,5.109375,0.0390625,0.27834758,0.0057709767,0.5554245,0.046098404,-0.023312062,6.3641806,195.57422,0.1420336,0.3561781,195.57422,712,FC128,crates,1,2712,,,,
11.628906,5.3125,0.0625,0.258604,0.0057668807,0.50071865,0.06743954,-0.011338315,6.5784187,192.1914,0.16053839,0.35667834,192.1914,713,FC128,crates,1,2713,,,,
10.519531,4.9296875,0.05859375,0.2711249,0.005762785,0.5099896,0.09028662,-3.73764e-05,5.9540443,193.6875,0.18377286,0.3571786,193.6875,714,FC128,crates,1,2714,,,,
10.566406,5.03125,0.01171875,0.25947726,0.0057586897,0.5566679,0.07892328,0.0005352537,6.278399,198.92969,0.15976454,0.35767886,198.92969,715,FC128,crates,1,2715,,,,
10.636719,5.2148438,0.03125,0.25222293,0.005754594,0.60095125,0.056636397,-0.013596114,6.3918953,196.53516,0.1433679,0.3581791,196.53516,716,FC128,crates,1,2716,,,,
10.3046875,4.921875,0.05078125,0.24507944,0.0057504987,0.6067848,0.04944057,-0.020504316,5.94002,194.30078,0.14270844,0.35867935,194.30078,717,FC128,crates,1,2717,,,,
9.890625,4.671875,0.0234375,0.2526504,0.005746403,0.61724746,0.051232465,-0.011859757,5.69877,197.65625,0.1290881,0.35917962,197.65625,718,FC128,crates,1,2718,,,,
8.714844,4.4023438,0.015625,0.27048552,0.0057423078,0.6462264,0.05389576,-0.005499145,5.064942,197.24219,0.12189623,0.35967985,197.24219,719,FC128,crates,1,2719,,,,
9.433594,4.7929688,0.0390625,0.25631675,0.005738212,0.6300219,0.060722914,-0.0016096974,5.648321,195.34375,0.12760682,0.3601801,195.34375,720,FC128,crates,1,2720,,,,
10.300781,5.0625,0.05859375,0.25908977,0.0057341163,0.6027622,0.051371906,-0.0075569265,6.131192,193.84375,0.120828964,0.36068034,193.84375,721,FC128,crates,1,2721,,,,
11.167969,5.2109375,0.07421875,0.2579654,0.005730021,0.57601434,0.04736352,-0.013986009,6.386993,191.60938,0.12565535,0.3611806,191.60938,722,FC128,crates,1,2722,,,,
10.5625,5.0078125,0.109375,0.26045376,0.0057259253,0.5942784,0.04595563,-0.018526217,5.9288483,187.82031,0.13194637,0.36168087,187.82031,723,FC128,crates,1,2723,,,,
11.3203125,5.5078125,0.02734375,0.25475502,0.00572183,0.6548534,0.0573383,-0.006657159,7.082598,197.07031,0.13090625,0.3621811,197.07031,724,FC128,crates,1,2724,,,,
11.03125,5.1445312,0.0546875,0.24321759,0.005717734,0.5909028,0.081736885,-0.0022705684,6.3035355,194.30078,0.17079622,0.36268136,194.30078,725,FC128,crates,1,2725,,,,
12.472656,5.4023438,0.03515625,0.2241091,0.005713639,0.6401416,0.07266683,-0.0062068114,6.8386726,195.97266,0.16030824,0.3631816,195.97266,726,FC128,crates,1,2726,,,,
12.433594,5.4570312,0.05859375,0.21626325,0.005709543,0.5989561,0.0714982,-0.013326928,6.822735,192.72656,0.17211978,0.36368185,192.72656,727,FC128,crates,1,2727,,,,
10.949219,5.3867188,0.0234375,0.22840086,0.005705448,0.66877556,0.064348936,-0.012176908,6.6689262,198.16016,0.15565795,0.3641821,198.16016,728,FC128,crates,1,2728,,,,
9.855469,5.0390625,0.04296875,0.24047717,0.005701352,0.6011089,0.09278121,-0.0008028662,6.1579304,195.67578,0.18991025,0.36468235,195.67578,729,FC128,crates,1,2729,,,,
9.546875,4.9609375,0.05078125,0.27191493,0.0056972564,0.58985305,0.08609701,-0.006666249,6.061153,193.92578,0.18862486,0.3651826,193.92578,730,FC128,crates,1,2730,,,,
9.8984375,4.90625,0.0625,0.25935903,0.005693161,0.6627481,0.051343784,-0.022642804,5.8896885,193.04688,0.15092632,0.36568284,193.04688,731,FC128,crates,1,2731,,,,
11.574219,5.4960938,0.11328125,0.2355285,0.0056890654,0.5988877,0.059118018,-0.015839662,7.007657,188.33203,0.15259524,0.3661831,188.33203,732,FC128,crates,1,2732,,,,
12.597656,5.7226562,0.08203125,0.22967476,0.00568497,0.55877125,0.058675174,-0.011086493,7.36961,190.26953,0.14213473,0.36668336,190.26953,733,FC128,crates,1,2733,,,,
12.0859375,5.4492188,0.07421875,0.2307481,0.005680874,0.5894414,0.05904079,-0.011704983,6.7052546,194.2461,0.14411324,0.3671836,194.2461,734,FC128,crates,1,2734,,,,
12.3828125,5.8164062,0.01953125,0.23055387,0.005676779,0.62247217,0.059878964,-0.006226614,7.447071,197.63672,0.13482876,0.36768386,197.63672,735,FC128,crates,1,2735,,,,
11.597656,5.5507812,0.03125,0.2362236,0.005672683,0.6669502,0.05797439,-0.013136652,6.9831057,196.4961,0.14490213,0.3681841,196.4961,736,FC128,crates,1,2736,,,,
11.328125,5.5351562,0.03125,0.23717086,0.0056685875,0.6434951,0.06659396,-0.00902741,6.885411,196.53906,0.15393159,0.36868435,196.53906,737,FC128,crates,1,2737,,,,
10.78125,5.2695312,0.04296875,0.23949559,0.005664492,0.63822484,0.05835628,-0.0202382,6.292657,196.38281,0.1599022,0.3691846,196.38281,738,FC128,crates,1,2738,,,,
10.878906,5.15625,0.02734375,0.24944279,0.0056603965,0.65648687,0.07908852,-0.003343981,6.480157,196.73828,0.16768889,0.36968485,196.73828,739,FC128,crates,1,2739,,,,
10.964844,5.1445312,0.01171875,0.25371873,0.005656301,0.64650774,0.057688236,-0.013254524,6.3510165,198.67969,0.14475574,0.3701851,198.67969,740,FC128,crates,1,2740,,,,
11.1796875,5.2578125,0.0390625,0.2588606,0.005652205,0.6394284,0.036332462,-0.027601592,6.4739265,196.75781,0.13079438,0.37068537,196.75781,741,FC128,crates,1,2741,,,,
10.652344,5.2890625,0.04296875,0.25223482,0.00564811,0.6850877,0.050709527,-0.008519913,6.307911,196.09766,0.121308185,0.3711856,196.09766,742,FC128,crates,1,2742,,,,
11.574219,5.578125,0.0390625,0.25401127,0.005644014,0.58413243,0.07434463,0.005429558,7.053751,196.96875,0.14069742,0.37168586,196.96875,743,FC128,crates,1,2743,,,,
11.4609375,5.3476562,0.0625,0.2578619,0.0056399186,0.63759923,0.037545826,-0.017271856,6.712715,194.83594,0.112544,0.3721861,194.83594,744,FC128,crates,1,2744,,,,
10.277344,4.9179688,0.07421875,0.27421036,0.005635823,0.6500833,0.028330391,-0.030134745,5.7779894,191.9336,0.120021075,0.37268636,191.9336,745,FC128,crates,1,2745,,,,
10.2265625,5.1289062,0.04296875,0.27560547,0.0056317276,0.59105504,0.061824895,-0.006262538,5.9959383,193.82812,0.13927914,0.37318662,193.82812,746,FC128,crates,1,2746,,,,
10.980469,5.3398438,0.03515625,0.2602711,0.005627632,0.6747266,0.053219177,-0.006054842,6.663145,195.82031,0.121477455,0.37368685,195.82031,747,FC128,crates,1,2747,,,,
12.417969,5.5625,0.109375,0.2264971,0.005623536,0.5907732,0.04656662,-0.026354335,6.7079306,189.70703,0.14838934,0.3741871,189.70703,748,FC128,crates,1,2748,,,,
12.785156,5.15625,0.11328125,0.24328214,0.005619441,0.60659844,0.047503375,-0.02580877,6.1626177,186.5664,0.14935851,0.37468734,186.5664,749,FC128,crates,1,2749,,,,
12.3359375,5.3789062,0.0390625,0.25495332,0.005615345,0.60881233,0.10000259,0.013843388,6.6709385,196.51953,0.1751817,0.3751876,196.51953,750,FC128,crates,1,2750,,,,
11.121094,5.140625,0.04296875,0.268573,0.00561125,0.6552434,0.087020636,0.004049498,6.296993,195.51953,0.16895634,0.37568787,195.51953,751,FC128,crates,1,2751,,,,
10.65625,5.0039062,0.06640625,0.28548396,0.005607154,0.725181,0.04323606,-0.018056737,6.0252934,193.28906,0.1257871,0.3761881,193.28906,752,FC128,crates,1,2752,,,,
10.449219,4.8671875,0.08203125,0.27827767,0.0056030587,0.7280078,0.043170843,-0.021347474,5.779747,192.82031,0.13215505,0.37668836,192.82031,753,FC128,crates,1,2753,,,,
11.0390625,5.1601562,0.0390625,0.26587316,0.0055989632,0.6902445,0.0748196,-0.0011479899,6.429942,195.70703,0.15491241,0.3771886,195.70703,754,FC128,crates,1,2754,,,,
11.152344,5.09375,0.078125,0.2548333,0.0055948673,0.71487916,0.06256649,-0.010283761,6.1994147,192.5586,0.14855202,0.37768885,192.5586,755,FC128,crates,1,2755,,,,
11.519531,5.2109375,0.10546875,0.24487811,0.0055907723,0.6407856,0.04315226,-0.03395151,6.324493,187.1875,0.15694566,0.37818912,187.1875,756,FC128,crates,1,2756,,,,
11.996094,5.6171875,0.1171875,0.23056762,0.0055866763,0.6343868,0.046957143,-0.02879322,6.9686337,183.33203,0.15407693,0.37868935,183.33203,757,FC128,crates,1,2757,,,,
11.6015625,5.3359375,0.109375,0.22731802,0.0055825813,0.6237829,0.07612792,-0.0051358608,6.548848,185.625,0.1650656,0.3791896,185.625,758,FC128,crates,1,2758,,,,
10.90625,5.4414062,0.05078125,0.2441077,0.0055784853,0.63235646,0.06500639,-0.0088083,6.533223,193.30078,0.15035288,0.37968987,193.30078,759,FC128,crates,1,2759,,,,
10.6640625,5.2421875,0.05078125,0.24698639,0.00557439,0.69371533,0.031970598,-0.020885559,6.3669734,194.55469,0.10846591,0.3801901,194.55469,760,FC128,crates,1,2760,,,,
10.886719,5.4335938,0.046875,0.24962102,0.0055702943,0.69668615,0.033332866,-0.018911207,6.506095,194.24219,0.10726907,0.38069037,194.24219,761,FC128,crates,1,2761,,,,
10.542969,5.2734375,0.05078125,0.25717777,0.005566199,0.6630826,0.055552457,-0.0063886098,6.2788286,192.42188,0.12674513,0.3811906,192.42188,762,FC128,crates,1,2762,,,,
10.734375,5.4101562,0.02734375,0.25846714,0.0055621034,0.71221983,0.044801325,-0.00953191,6.7423835,195.33984,0.1115417,0.38169086,195.33984,763,FC128,crates,1,2763,,,,
11.4609375,5.5273438,0.0234375,0.23272789,0.0055580074,0.72719693,0.037116177,-0.021302968,7.1167974,196.74219,0.1194253,0.38219112,196.74219,764,FC128,crates,1,2764,,,,
11.609375,5.4570312,0.05859375,0.23331298,0.0055539124,0.74455225,0.044886112,-0.021976445,6.8350787,194.5586,0.13631672,0.38269135,194.5586,765,FC128,crates,1,2765,,,,
12.699219,6.0351562,0.0390625,0.22572127,0.0055498164,0.5937221,0.12481171,0.010867642,7.64711,196.1875,0.23039354,0.38319162,196.1875,766,FC128,crates,1,2766,,,,
12.0625,5.578125,0.0390625,0.22525166,0.005545721,0.62190014,0.14662094,0.01694491,7.1131845,194.72656,0.26185042,0.38369185,194.72656,767,FC128,crates,1,2767,,,,
12.511719,5.8867188,0.0390625,0.21805803,0.0055416254,0.67435145,0.086830415,-0.005663206,7.394845,195.53516,0.18740404,0.3841921,195.53516,768,FC128,crates,1,2768,,,,
12.0859375,5.3828125,0.12109375,0.21599051,0.00553753,0.5680595,0.076350555,-0.03373816,6.664473,188.23438,0.22256954,0.38469237,188.23438,769,FC128,crates,1,2769,,,,
12.113281,5.71875,0.06640625,0.2169144,0.0055334345,0.65028477,0.06652234,-0.031085825,7.113165,192.8125,0.19761689,0.3851926,192.8125,770,FC128,crates,1,2770,,,,
11.4765625,5.5273438,0.02734375,0.2359324,0.0055293385,0.71802926,0.06367582,-0.008309626,6.8590045,197.26172,0.14658,0.38569286,197.26172,771,FC128,crates,1,2771,,,,
9.8359375,4.8632812,0.015625,0.26574224,0.0055252435,0.5710168,0.13452937,0.017876066,5.981016,198.32031,0.23624316,0.3861931,198.32031,772,FC128,crates,1,2772,,,,
8.1640625,4.2578125,0.01171875,0.29285938,0.0055211475,0.5561106,0.13996227,0.015344433,4.781739,198.97656,0.25246954,0.38669336,198.97656,773,FC128,crates,1,2773,,,,
8.800781,4.59375,0.015625,0.27947733,0.005517052,0.5646769,0.09634384,0.005322852,5.296563,198.32812,0.18512575,0.38719362,198.32812,774,FC128,crates,1,2774,,,,
10.535156,5.1367188,0.08984375,0.25630125,0.0055129565,0.6747289,0.046605792,-0.015973546,6.3677154,191.0625,0.12798463,0.38769385,191.0625,775,FC128,crates,1,2775,,,,
10.9296875,4.84375,0.2890625,0.24888757,0.005508861,0.55145776,0.046317644,-0.040286608,5.725079,168.1914,0.17595068,0.3881941,168.1914,776,FC128,crates,1,2776,,,,
13.558594,3.2851562,0.33203125,0.21849674,0.0055047655,0.41788554,0.051539477,-0.048855536,3.0230865,160.75781,0.20319557,0.38869435,160.75781,777,FC128,crates,1,2777,,,,
13.53125,4.8242188,0.26953125,0.23862877,0.0055006696,0.4482079,0.06597281,-0.015679438,5.5942583,171.42969,0.16592975,0.3891946,171.42969,778,FC128,crates,1,2778,,,,
11.511719,5.4726562,0.078125,0.25786433,0.0054965746,0.6966324,0.046073414,-0.0034288126,7.1619344,193.21094,0.10183919,0.38969487,193.21094,779,FC128,crates,1,2779,,,,
8.113281,4.3867188,0.01171875,0.3379309,0.0054924786,0.70204675,0.027151471,-0.018696921,5.1407824,198.72656,0.09540894,0.3901951,198.72656,780,FC128,crates,1,2780,,,,
8.871094,4.5664062,0.01171875,0.30972704,0.0054883836,0.6852515,0.050544973,-0.0053247525,5.4408207,198.6836,0.11513925,0.39069536,198.6836,781,FC128,crates,1,2781,,,,
11.894531,5.7734375,0.03515625,0.24639462,0.0054842876,0.64798117,0.06368868,0.0014486224,7.3953133,195.99219,0.1271827,0.39119563,195.99219,782,FC128,crates,1,2782,,,,
13.46875,5.359375,0.05859375,0.23701349,0.005480192,0.6474329,0.046643604,-0.017450636,6.390216,192.02344,0.13078624,0.39169586,192.02344,783,FC128,crates,1,2783,,,,
15.65625,2.4179688,0.16796875,0.18607335,0.0054760966,0.37029767,0.072010666,-0.026994724,1.7141409,177.11328,0.20004869,0.39219612,177.11328,784,FC128,crates,1,2784,,,,
15.839844,1.9960938,0.1953125,0.16977236,0.0054720007,0.19983304,0.06468959,-0.049073223,0.8527346,170.89844,0.22938362,0.39269635,170.89844,785,FC128,crates,1,2785,,,,
16.804688,2.0117188,0.12109375,0.16862012,0.0054679057,0.28549373,0.064164124,-0.035714753,1.157344,182.82422,0.20160176,0.3931966,182.82422,786,FC128,crates,1,2786,,,,
16.847656,1.796875,0.0703125,0.18461943,0.0054638097,0.31550092,0.07878578,0.0023716416,0.95628935,191.64844,0.15484573,0.39369687,191.64844,787,FC128,crates,1,2787,,,,
15.964844,2.0664062,0.08203125,0.20941079,0.0054597147,0.2704109,0.07386619,0.005194312,1.1138871,188.95703,0.13963039,0.3941971,188.95703,788,FC128,crates,1,2788,,,,
12.738281,1.8515625,0.33203125,0.2526572,0.0054556187,0.2625746,0.037389968,-0.038908076,0.7961136,151.19922,0.15535289,0.39469737,151.19922,789,FC128,crates,1,2789,,,,
11.902344,1.8320312,0.41796875,0.30643559,0.0054515232,0.25183237,0.015500414,-0.04949339,0.7199222,150.3789,0.13332869,0.3951976,150.3789,790,FC128,crates,1,2790,,,,
13.066406,2.4414062,0.25,0.34605977,0.0054474277,0.44611079,0.021367079,-0.021301715,1.8327543,174.3086,0.089107856,0.39569786,174.3086,791,FC128,crates,1,2791,,,,
13.003906,3.5585938,0.06640625,0.39853022,0.0054433323,0.5547712,0.04931224,0.013315243,3.6542583,193.3711,0.076332666,0.39619812,193.3711,792,FC128,crates,1,2792,,,,
10.050781,4.71875,0.08984375,0.39723605,0.0054392368,0.5646639,0.043406148,0.0046237223,5.654395,192.23828,0.08188617,0.39669836,192.23828,793,FC128,crates,1,2793,,,,
9.6015625,4.78125,0.04296875,0.3814489,0.005435141,0.53238153,0.0491004,0.007540358,5.649102,195.97266,0.08726654,0.39719862,195.97266,794,FC128,crates,1,2794,,,,
10.1328125,5.0351562,0.0546875,0.36770716,0.005431046,0.48778886,0.056964066,0.009994164,6.3385553,195.20312,0.09793387,0.39769885,195.20312,795,FC128,crates,1,2795,,,,
9.941406,4.7109375,0.15625,0.35895914,0.00542695,0.39551538,0.08157326,0.016406426,5.477735,181.75781,0.13422978,0.3981991,181.75781,796,FC128,crates,1,2796,,,,
9.996094,4.4179688,0.21875,0.32847175,0.0054228543,0.31958145,0.098188594,0.02162678,5.0700984,169.48828,0.15668614,0.39869937,169.48828,797,FC128,crates,1,2797,,,,
10.457031,4.3945312,0.27734375,0.30466613,0.005418759,0.25060344,0.11518182,0.025284901,4.5607624,163.82031,0.18309566,0.3991996,163.82031,798,FC128,crates,1,2798,,,,
10.074219,4.1171875,0.37890625,0.3010234,0.0054146633,0.25426787,0.09392189,0.0032109392,4.1525,151.51562,0.18468179,0.39969987,151.51562,799,FC128,crates,1,2799,,,,
10.3671875,4.125,0.32421875,0.31232727,0.005410568,0.31715804,0.07369824,-0.0028649305,4.2772074,157.63281,0.15650606,0.40020013,157.63281,800,FC128,crates,1,2800,,,,
10.265625,4.5,0.2265625,0.32801244,0.005406472,0.25292236,0.043386526,-0.038429018,4.9143753,169.14062,0.16717787,0.40070036,169.14062,801,FC128,crates,1,2801,,,,
9.203125,4.2382812,0.234375,0.3608208,0.005402377,0.35664868,0.047140997,-0.027560117,4.3545904,167.08984,0.1533008,0.40120062,167.08984,802,FC128,crates,1,2802,,,,
8.738281,4.3125,0.12109375,0.41035312,0.005398281,0.40448546,0.026840432,-0.035524577,4.6267385,187.02734,0.12916042,0.40170085,187.02734,803,FC128,crates,1,2803,,,,
7.4023438,3.9609375,0.109375,0.43529817,0.0053941854,0.46088976,0.040819034,-0.019162029,3.806348,184.25,0.12465829,0.40220112,184.25,804,FC128,crates,1,2804,,,,
8.0625,4.3359375,0.0390625,0.42371523,0.00539009,0.5295789,0.03031671,-0.020897968,4.4728327,195.30469,0.10699708,0.40270138,195.30469,805,FC128,crates,1,2805,,,,
9.953125,4.7773438,0.0703125,0.34732443,0.0053859944,0.47785378,0.053236708,-0.006693627,5.338907,190.82812,0.12360205,0.4032016,190.82812,806,FC128,crates,1,2806,,,,
11.808594,4.8632812,0.1015625,0.30883896,0.005381899,0.40635836,0.03146473,-0.025097167,5.5132427,187.21484,0.116448075,0.40370187,187.21484,807,FC128,crates,1,2807,,,,
12.1640625,4.8164062,0.078125,0.29430526,0.005377803,0.5022196,0.036742862,-0.020385286,5.651993,190.3086,0.11742173,0.4042021,190.3086,808,FC128,crates,1,2808,,,,
10.597656,5.0859375,0.03125,0.29644644,0.005373708,0.6072175,0.03810743,-0.014897232,6.0425596,196.2539,0.10919535,0.40470237,196.2539,809,FC128,crates,1,2809,,,,
8.847656,4.4648438,0.0078125,0.3193186,0.005369612,0.602546,0.055153906,-0.008451164,5.2524033,198.97656,0.13063937,0.40520263,198.97656,810,FC128,crates,1,2810,,,,
7.6328125,4.0117188,0.01953125,0.31445774,0.005365517,0.6092487,0.048605114,-0.015553712,4.475938,197.60156,0.13169211,0.40570286,197.60156,811,FC128,crates,1,2811,,,,
8.1875,4.2109375,0.03515625,0.31567264,0.005361421,0.62502307,0.059499234,-0.008608808,4.8883595,196.1211,0.13960099,0.40620312,196.1211,812,FC128,crates,1,2812,,,,
9.640625,5.0078125,0.01953125,0.26280373,0.0053573255,0.5423101,0.06934833,-0.0013572547,6.129786,197.46094,0.14422703,0.40670335,197.46094,813,FC128,crates,1,2813,,,,
10.5078125,5.3710938,0.05078125,0.24456374,0.00535323,0.62594146,0.0547902,-0.0071213893,6.8172274,195.94531,0.12644158,0.4072036,195.94531,814,FC128,crates,1,2814,,,,
10.328125,5.0976562,0.08984375,0.23702683,0.0053491346,0.55970687,0.059540283,-0.008707623,6.286407,191.0586,0.13903159,0.40770388,191.0586,815,FC128,crates,1,2815,,,,
10.4375,5.0546875,0.078125,0.24256343,0.005345039,0.5957804,0.05782172,-0.011987702,6.2865047,192.76562,0.14221187,0.4082041,192.76562,816,FC128,crates,1,2816,,,,
10.183594,5.1484375,0.07421875,0.24569781,0.005340943,0.563328,0.06419662,-0.013525579,6.1958604,190.95703,0.15806891,0.40870437,190.95703,817,FC128,crates,1,2817,,,,
9.863281,4.9570312,0.08203125,0.2583771,0.005336848,0.6040089,0.055889014,-0.021171948,6.038419,190.33203,0.15687977,0.4092046,190.33203,818,FC128,crates,1,2818,,,,
10.7890625,5.3085938,0.06640625,0.2334375,0.005332752,0.5161375,0.1115416,0.0040514073,6.655157,193.53516,0.21747011,0.40970486,193.53516,819,FC128,crates,1,2819,,,,
11.5078125,5.4453125,0.01953125,0.23553373,0.0053286566,0.5998521,0.085342675,-0.0010888657,6.9805474,197.88281,0.17537324,0.41020513,197.88281,820,FC128,crates,1,2820,,,,
10.566406,5.0703125,0.19140625,0.24823077,0.005324561,0.5346771,0.059000485,-0.03655717,6.0402155,182.01953,0.19375876,0.41070536,182.01953,821,FC128,crates,1,2821,,,,
10.777344,5.0898438,0.078125,0.23956598,0.0053204657,0.60735786,0.03757776,-0.04218156,6.0599422,193.2539,0.16206785,0.41120562,193.2539,822,FC128,crates,1,2822,,,,
9.910156,5.03125,0.015625,0.25002065,0.00531637,0.67579347,0.055089008,-0.017103098,5.879063,197.8125,0.14704262,0.41170588,197.8125,823,FC128,crates,1,2823,,,,
9.238281,4.7851562,0.03515625,0.268886,0.005312274,0.6628379,0.055529542,-0.019154327,5.6919146,194.75,0.15222453,0.4122061,194.75,824,FC128,crates,1,2824,,,,
9.2578125,4.7148438,0.00390625,0.28488022,0.005308179,0.65619624,0.03201271,-0.03533234,5.527208,199.2461,0.13771449,0.41270638,199.2461,825,FC128,crates,1,2825,,,,
9.828125,4.9609375,0.03515625,0.278845,0.005304083,0.7292196,0.043101445,-0.021528397,6.2311726,196.80078,0.13221772,0.4132066,196.80078,826,FC128,crates,1,2826,,,,
12.0,5.7460938,0.05859375,0.23846656,0.0052999877,0.60143924,0.08811693,0.004134205,7.1907816,192.3086,0.17049319,0.41370687,192.3086,827,FC128,crates,1,2827,,,,
12.453125,5.359375,0.13671875,0.23806158,0.0052958922,0.5366101,0.090646416,-0.0012667155,6.5018563,182.94922,0.18634777,0.41420713,182.94922,828,FC128,crates,1,2828,,,,
12.871094,4.78125,0.25390625,0.22306818,0.0052917968,0.45605248,0.07652386,-0.02391104,5.3967977,172.50781,0.20323066,0.41470736,172.50781,829,FC128,crates,1,2829,,,,
12.652344,4.890625,0.20703125,0.24763988,0.0052877013,0.5100044,0.06305731,-0.023671119,5.9320517,175.11719,0.17607576,0.41520762,175.11719,830,FC128,crates,1,2830,,,,
11.347656,5.4335938,0.06640625,0.29315746,0.0052836053,0.6126785,0.037563454,-0.021526335,6.5432234,193.13672,0.12127744,0.41570786,193.13672,831,FC128,crates,1,2831,,,,
8.988281,4.4960938,0.03125,0.34215888,0.0052795103,0.6587995,0.052316643,-0.012366826,5.412735,195.90625,0.1329798,0.41620812,195.90625,832,FC128,crates,1,2832,,,,
8.503906,4.21875,0.0234375,0.32685086,0.0052754143,0.6263895,0.06556418,-0.0043725213,4.969903,196.8125,0.14332195,0.41670838,196.8125,833,FC128,crates,1,2833,,,,
9.2265625,4.5820312,0.0546875,0.31105885,0.005271319,0.6377307,0.06445726,0.00033193108,5.767735,191.64062,0.13153005,0.4172086,191.64062,834,FC128,crates,1,2834,,,,
11.191406,5.53125,0.0546875,0.2420515,0.0052672233,0.65235126,0.053340893,-0.008903595,7.0529304,193.1211,0.12703885,0.41770887,193.1211,835,FC128,crates,1,2835,,,,
12.3203125,5.9023438,0.04296875,0.23557024,0.005263128,0.64462364,0.049363125,-0.010646041,7.6199226,195.23828,0.122498006,0.4182091,195.23828,836,FC128,crates,1,2836,,,,
13.636719,5.0625,0.16015625,0.20893314,0.0052590324,0.45705765,0.10210083,0.0031070407,6.011485,179.26562,0.20018515,0.41870937,179.26562,837,FC128,crates,1,2837,,,,
14.671875,4.8554688,0.1328125,0.19483615,0.0052549364,0.4306206,0.09443031,-0.0015139099,5.6012697,182.78906,0.19393615,0.41920963,182.78906,838,FC128,crates,1,2838,,,,
13.144531,5.2382812,0.09375,0.22478768,0.0052508414,0.5486325,0.052186634,-0.03175077,6.216251,187.7461,0.17023546,0.41970986,187.7461,839,FC128,crates,1,2839,,,,
12.394531,5.8789062,0.0546875,0.22841692,0.0052467454,0.66784966,0.04471208,-0.02438103,7.4650593,194.0664,0.14058311,0.42021012,194.0664,840,FC128,crates,1,2840,,,,
11.640625,5.8242188,0.03515625,0.22342916,0.0052426504,0.657236,0.07185264,-0.0035175101,7.2342196,195.98828,0.15308301,0.42071036,195.98828,841,FC128,crates,1,2841,,,,
11.464844,5.4570312,0.0078125,0.2401274,0.0052385544,0.65290093,0.07470049,0.0016147674,6.817071,199.0625,0.14868729,0.42121062,199.0625,842,FC128,crates,1,2842,,,,
11.660156,5.6640625,0.0078125,0.24459545,0.005234459,0.6766031,0.052488133,-0.010782833,7.4655285,199.01172,0.12910259,0.42171088,199.01172,843,FC128,crates,1,2843,,,,
11.984375,5.859375,0.04296875,0.21958412,0.0052303635,0.67687964,0.04695903,-0.018624403,7.5294538,194.5586,0.13346387,0.4222111,194.5586,844,FC128,crates,1,2844,,,,
12.3125,5.921875,0.0625,0.21593146,0.005226268,0.6683213,0.05584855,-0.0136423,7.6366024,193.4336,0.14123873,0.42271137,193.4336,845,FC128,crates,1,2845,,,,
11.6796875,5.8046875,0.0703125,0.2213297,0.0052221725,0.69572437,0.05223082,-0.019409144,7.301954,193.3711,0.14559157,0.42321163,193.3711,846,FC128,crates,1,2846,,,,
10.738281,5.4335938,0.03515625,0.24207953,0.0052180765,0.69424284,0.067495674,-0.008702814,7.0204105,195.71875,0.15492335,0.42371187,195.71875,847,FC128,crates,1,2847,,,,
9.769531,5.0507812,0.046875,0.26013866,0.0052139815,0.6699226,0.047948714,-0.026359856,6.2745514,193.07031,0.15132986,0.42421213,193.07031,848,FC128,crates,1,2848,,,,
10.484375,5.3398438,0.0546875,0.24627706,0.0052098855,0.6836797,0.059604898,-0.010040212,6.9198637,194.36719,0.14185637,0.42471236,194.36719,849,FC128,crates,1,2849,,,,
11.6640625,5.7382812,0.07421875,0.21950401,0.00520579,0.7131623,0.060965892,-0.0041753044,7.4764853,192.52344,0.13256778,0.42521262,192.52344,850,FC128,crates,1,2850,,,,
12.875,5.9726562,0.0859375,0.21940783,0.0052016946,0.7018237,0.062157925,-0.0068934136,7.6606064,192.27734,0.14038526,0.42571288,192.27734,851,FC128,crates,1,2851,,,,
13.6171875,5.6132812,0.078125,0.22072993,0.005197599,0.68233407,0.07335211,-0.0049964064,7.1995125,190.70312,0.15899156,0.42621312,190.70312,852,FC128,crates,1,2852,,,,
13.28125,5.6992188,0.05859375,0.23240402,0.0051935036,0.74476683,0.054001853,-0.017244112,7.36295,193.36328,0.14490591,0.42671338,193.36328,853,FC128,crates,1,2853,,,,
13.238281,5.8710938,0.0703125,0.22581926,0.0051894076,0.6505873,0.08404089,-0.010971591,7.420313,192.29688,0.19236869,0.4272136,192.29688,854,FC128,crates,1,2854,,,,
13.0859375,5.78125,0.0625,0.20375031,0.0051853126,0.72185993,0.062523946,-0.019389013,7.534532,193.79688,0.16593893,0.42771387,193.79688,855,FC128,crates,1,2855,,,,
13.386719,6.0976562,0.03125,0.20325257,0.0051812166,0.69209546,0.046084385,-0.031758707,8.01004,196.2539,0.15779237,0.42821413,196.2539,856,FC128,crates,1,2856,,,,
12.839844,6.0664062,0.03125,0.20797195,0.005177121,0.7064849,0.042454544,-0.026145995,7.666739,195.39844,0.13935447,0.42871436,195.39844,857,FC128,crates,1,2857,,,,
12.171875,5.8828125,0.046875,0.20818797,0.0051730257,0.6642802,0.10369023,0.002829076,7.282657,194.6914,0.20387623,0.42921463,194.6914,858,FC128,crates,1,2858,,,,
11.832031,5.7265625,0.0625,0.2171199,0.00516893,0.5721003,0.13755438,0.012656,7.275704,191.92578,0.2520413,0.42971486,191.92578,859,FC128,crates,1,2859,,,,
11.7265625,5.71875,0.01953125,0.22325009,0.0051648347,0.71488357,0.07366374,-0.0012061729,7.267911,197.82812,0.15204594,0.43021512,197.82812,860,FC128,crates,1,2860,,,,
11.03125,5.5,0.0390625,0.24271439,0.0051607387,0.6900239,0.03224002,-0.037310623,7.064766,195.92578,0.14160645,0.43071538,195.92578,861,FC128,crates,1,2861,,,,
11.261719,5.484375,0.01171875,0.24138638,0.0051566437,0.6214706,0.036131855,-0.04129999,7.034259,198.77344,0.15735318,0.4312156,198.77344,862,FC128,crates,1,2862,,,,
10.660156,5.3789062,0.015625,0.25047883,0.0051525477,0.7088984,0.031471215,-0.026071934,6.725938,198.47656,0.11766751,0.43171588,198.47656,863,FC128,crates,1,2863,,,,
11.324219,5.671875,0.00390625,0.24747433,0.0051484522,0.6292906,0.08960052,0.0048907753,7.2601376,199.64453,0.1719677,0.4322161,199.64453,864,FC128,crates,1,2864,,,,
11.691406,5.6835938,0.015625,0.24280706,0.0051443567,0.5674113,0.1297708,0.016255202,7.379415,198.10938,0.22952938,0.43271637,198.10938,865,FC128,crates,1,2865,,,,
11.921875,5.7304688,0.01953125,0.23638788,0.0051402613,0.7091181,0.082449615,0.0040298495,7.501329,197.75781,0.15926972,0.43321663,197.75781,866,FC128,crates,1,2866,,,,
12.234375,5.5625,0.10546875,0.24058364,0.005136166,0.72861814,0.042955846,-0.023281716,7.296622,190.14062,0.13494648,0.43371686,190.14062,867,FC128,crates,1,2867,,,,
12.21875,5.4414062,0.24609375,0.23873618,0.00513207,0.5836328,0.06572578,-0.034846473,6.8333597,170.28906,0.20359494,0.43421713,170.28906,868,FC128,crates,1,2868,,,,
13.566406,5.8164062,0.140625,0.22654173,0.005127975,0.6630303,0.05613486,-0.023236055,7.5141025,184.25781,0.16106524,0.4347174,184.25781,869,FC128,crates,1,2869,,,,
13.910156,5.5898438,0.1328125,0.2115405,0.005123879,0.5768255,0.11257646,0.0066252043,7.0983796,183.39062,0.21407034,0.43521762,183.39062,870,FC128,crates,1,2870,,,,
13.128906,5.640625,0.09765625,0.21492532,0.005119784,0.5841055,0.12699182,0.0116382,7.1966023,188.875,0.23290801,0.43571788,188.875,871,FC128,crates,1,2871,,,,
13.402344,6.0820312,0.07421875,0.20455211,0.005115688,0.65888304,0.090716384,0.0040328233,7.9606647,191.64453,0.17545998,0.4362181,191.64453,872,FC128,crates,1,2872,,,,
12.9609375,6.1484375,0.06640625,0.2096706,0.0051115924,0.6910525,0.051140577,-0.020412171,8.074024,192.2539,0.145249,0.43671837,192.2539,873,FC128,crates,1,2873,,,,
13.074219,6.1875,0.0234375,0.20340975,0.005107497,0.6783213,0.051330253,-0.025174364,8.20549,197.7461,0.15508707,0.43721864,197.7461,874,FC128,crates,1,2874,,,,
12.1796875,5.921875,0.0078125,0.2162656,0.0051034014,0.7252205,0.04003179,-0.022297585,7.7401767,199.22266,0.12686613,0.43771887,199.22266,875,FC128,crates,1,2875,,,,
12.105469,6.0117188,0.0078125,0.20922947,0.005099306,0.7132336,0.06836846,-0.002914925,7.8181453,199.0625,0.14470062,0.43821913,199.0625,876,FC128,crates,1,2876,,,,
12.378906,6.1796875,0.015625,0.1992792,0.00509521,0.69040394,0.08464403,0.0030241327,8.041076,198.00781,0.16527054,0.43871936,198.00781,877,FC128,crates,1,2877,,,,
12.691406,6.2226562,0.01171875,0.20318866,0.005091115,0.7149825,0.054368783,-0.01047047,8.144883,199.07812,0.13174742,0.43921962,199.07812,878,FC128,crates,1,2878,,,,
13.0859375,6.3242188,0.0234375,0.20024627,0.005087019,0.711046,0.04242304,-0.028618457,8.388575,197.54297,0.1441203,0.4397199,197.54297,879,FC128,crates,1,2879,,,,
13.472656,6.2304688,0.03515625,0.1937812,0.0050829235,0.66457224,0.0545583,-0.03177178,8.38127,197.03516,0.1746301,0.44022012,197.03516,880,FC128,crates,1,2880,,,,
13.410156,6.2773438,0.0546875,0.19681738,0.005078828,0.70242715,0.049854577,-0.029858906,8.285021,194.6289,0.16142617,0.44072038,194.6289,881,FC128,crates,1,2881,,,,
13.2109375,6.265625,0.0703125,0.2091962,0.0050747325,0.71978855,0.07006907,-0.010992407,8.410743,194.32812,0.16424619,0.4412206,194.32812,882,FC128,crates,1,2882,,,,
13.96875,6.4296875,0.0703125,0.20093973,0.005070637,0.6813737,0.08986444,-0.0027856904,8.940977,193.78516,0.18733804,0.44172087,193.78516,883,FC128,crates,1,2883,,,,
13.378906,6.1445312,0.12109375,0.19897975,0.005066541,0.7338372,0.05907818,-0.017563805,8.369043,189.16406,0.15530024,0.44222113,189.16406,884,FC128,crates,1,2884,,,,
13.0859375,6.1210938,0.12890625,0.20488393,0.005062446,0.69882023,0.051967103,-0.034086764,8.279317,190.78125,0.17418216,0.44272137,190.78125,885,FC128,crates,1,2885,,,,
13.066406,6.2265625,0.0625,0.20594287,0.00505835,0.7038327,0.047761228,-0.035962272,8.383125,196.10547,0.16953047,0.44322163,196.10547,886,FC128,crates,1,2886,,,,
12.515625,6.046875,0.03125,0.19965513,0.0050542546,0.7401491,0.0434793,-0.025757702,8.047228,196.92969,0.14049222,0.4437219,196.92969,887,FC128,crates,1,2887,,,,
11.984375,5.8203125,0.01953125,0.20548865,0.005050159,0.70477176,0.089711696,-0.0013825509,7.5440826,197.02734,0.18426399,0.44422212,197.02734,888,FC128,crates,1,2888,,,,
11.5078125,5.890625,0.01171875,0.21063043,0.0050460636,0.64584553,0.12307298,0.0094771655,7.57836,199.08984,0.22931734,0.44472238,199.08984,889,FC128,crates,1,2889,,,,
11.316406,5.6054688,0.0078125,0.20740707,0.005041968,0.7427083,0.08389615,-0.00079297833,7.0246296,199.33203,0.17146975,0.44522262,199.33203,890,FC128,crates,1,2890,,,,
12.0234375,5.8164062,0.01953125,0.21428438,0.005037872,0.766408,0.049388826,-0.013327392,7.623497,198.14844,0.1275915,0.44572288,198.14844,891,FC128,crates,1,2891,,,,
12.425781,5.8398438,0.05859375,0.21135381,0.005033777,0.7562334,0.050741103,-0.017499471,7.622383,193.23047,0.13860896,0.44622314,193.23047,892,FC128,crates,1,2892,,,,
13.019531,6.0273438,0.109375,0.21431257,0.005029681,0.7678179,0.06611934,-0.005069714,8.104434,188.36719,0.14453396,0.44672337,188.36719,893,FC128,crates,1,2893,,,,
13.574219,6.03125,0.07421875,0.21536975,0.005025586,0.7515137,0.08235841,-0.0010570746,7.934005,191.44922,0.1689957,0.44722363,191.44922,894,FC128,crates,1,2894,,,,
14.800781,6.0078125,0.09375,0.19829242,0.00502149,0.73936886,0.06783645,-0.013672191,7.8758407,190.9961,0.16500872,0.44772387,190.9961,895,FC128,crates,1,2895,,,,
13.925781,5.7734375,0.12109375,0.20193191,0.0050173947,0.7011715,0.053567793,-0.035450757,7.5930476,186.32422,0.18006344,0.44822413,186.32422,896,FC128,crates,1,2896,,,,
14.0546875,6.375,0.0390625,0.20245437,0.005013299,0.75347304,0.046841897,-0.027281173,8.623536,196.01562,0.15027606,0.4487244,196.01562,897,FC128,crates,1,2897,,,,
12.78125,6.1523438,0.03515625,0.2134753,0.005009203,0.7868259,0.043298017,-0.020565942,8.106699,197.22656,0.1298666,0.44922462,197.22656,898,FC128,crates,1,2898,,,,
12.308594,6.171875,0.0234375,0.2179204,0.005005108,0.7510092,0.091813356,0.00071898283,8.295509,197.03516,0.18437018,0.44972488,197.03516,899,FC128,crates,1,2899,,,,
11.878906,5.9960938,0.0078125,0.22945505,0.0050010122,0.6862081,0.109210886,0.008098813,7.827364,198.51172,0.20451917,0.4502251,198.51172,900,FC128,crates,1,2900,,,,
11.3828125,5.7148438,0.02734375,0.2338541,0.004996917,0.7930423,0.057893824,-0.008234191,7.6786923,197.07031,0.13459313,0.45072538,197.07031,901,FC128,crates,1,2901,,,,
12.0390625,5.9101562,0.08203125,0.22992666,0.0049928213,0.7749982,0.041756812,-0.025316643,7.87754,191.39062,0.13644287,0.45122564,191.39062,902,FC128,crates,1,2902,,,,
11.949219,5.640625,0.20703125,0.22927658,0.0049887258,0.7111415,0.055924166,-0.03293137,7.5114655,176.90234,0.17999867,0.45172587,176.90234,903,FC128,crates,1,2903,,,,
12.988281,5.8085938,0.12109375,0.22649743,0.0049846303,0.770597,0.050167564,-0.018540805,7.8009386,185.82812,0.13967475,0.45222613,185.82812,904,FC128,crates,1,2904,,,,
14.71875,6.1640625,0.0234375,0.20356674,0.004980535,0.69020057,0.116206735,0.018529486,8.313927,197.07812,0.19738224,0.45272636,197.07812,905,FC128,crates,1,2905,,,,
15.046875,5.5078125,0.08203125,0.19548254,0.0049764393,0.5884086,0.162234,0.026166623,7.0919147,188.33203,0.27408037,0.45322663,188.33203,906,FC128,crates,1,2906,,,,
16.164062,5.0117188,0.09765625,0.17618921,0.0049723433,0.61265033,0.10899443,0.0035632425,6.152794,187.23047,0.21261454,0.4537269,187.23047,907,FC128,crates,1,2907,,,,
14.78125,5.3125,0.1171875,0.19826064,0.0049682483,0.698875,0.063469,-0.0254895,6.5092783,184.0039,0.17988703,0.45422712,184.0039,908,FC128,crates,1,2908,,,,
13.527344,5.8476562,0.078125,0.2058553,0.0049641524,0.6882634,0.057721406,-0.02762245,7.674395,187.86328,0.1727315,0.45472738,187.86328,909,FC128,crates,1,2909,,,,
13.046875,6.1367188,0.0390625,0.2140575,0.004960057,0.7771043,0.047488492,-0.017218288,8.288575,195.07812,0.13153704,0.45522764,195.07812,910,FC128,crates,1,2910,,,,
12.796875,6.1679688,0.015625,0.22527422,0.0049559614,0.7565656,0.056174684,-0.0069251275,8.288165,198.6211,0.12843253,0.45572788,198.6211,911,FC128,crates,1,2911,,,,
12.828125,6.3515625,0.02734375,0.21273988,0.004951866,0.7623722,0.065685354,-0.0026341858,8.612442,198.5586,0.138746,0.45622814,198.5586,912,FC128,crates,1,2912,,,,
12.902344,6.2070312,0.046875,0.22155638,0.0049477704,0.76222795,0.04731568,-0.017521566,8.175703,195.85547,0.13186692,0.45672837,195.85547,913,FC128,crates,1,2913,,,,
14.144531,6.3632812,0.05078125,0.20314066,0.0049436744,0.7817024,0.032663476,-0.030141762,8.797286,194.0039,0.127619,0.45722863,194.0039,914,FC128,crates,1,2914,,,,
14.089844,5.9296875,0.1171875,0.20050512,0.0049395794,0.74264145,0.049973354,-0.033072617,7.673614,185.46094,0.16807276,0.4577289,185.46094,915,FC128,crates,1,2915,,,,
14.015625,6.0703125,0.0703125,0.19589023,0.0049354834,0.75784785,0.06734848,-0.012847992,8.045509,189.5039,0.16232656,0.45822912,189.5039,916,FC128,crates,1,2916,,,,
13.363281,6.2148438,0.05078125,0.19921143,0.004931388,0.789652,0.060383245,-0.012194708,8.372364,191.92578,0.14712068,0.4587294,191.92578,917,FC128,crates,1,2917,,,,
12.582031,5.8945312,0.06640625,0.2026149,0.0049272925,0.7801122,0.046689365,-0.026079513,8.027033,192.16797,0.14753444,0.45922962,192.16797,918,FC128,crates,1,2918,,,,
12.191406,6.0117188,0.03125,0.20997897,0.004923197,0.7960807,0.042006355,-0.023919616,8.153868,196.14844,0.13391948,0.45972988,196.14844,919,FC128,crates,1,2919,,,,
10.644531,5.5351562,0.015625,0.23632568,0.0049191015,0.78362197,0.06586053,-0.010129561,7.095704,198.16016,0.1543052,0.46023014,198.16016,920,FC128,crates,1,2920,,,,
10.644531,5.5351562,0.0234375,0.24539252,0.0049150055,0.7403487,0.08397168,-0.005870681,7.043087,197.51172,0.18209693,0.46073037,197.51172,921,FC128,crates,1,2921,,,,
10.921875,5.7617188,0.01171875,0.22628157,0.0049109105,0.8321664,0.047800817,-0.0131287975,7.3107624,199.49219,0.12408172,0.46123064,199.49219,922,FC128,crates,1,2922,,,,
12.738281,6.1953125,0.0234375,0.22284195,0.0049068145,0.8640068,0.045626204,-0.0071523124,8.279669,197.3789,0.10774392,0.46173087,197.3789,923,FC128,crates,1,2923,,,,
14.2265625,6.265625,0.0703125,0.21575302,0.0049027195,0.8363598,0.05327427,-0.0066512744,8.294122,190.80469,0.121966645,0.46223113,190.80469,924,FC128,crates,1,2924,,,,
15.6328125,5.4765625,0.0859375,0.20408802,0.0048986236,0.7554685,0.09219834,0.003930811,7.17586,188.20312,0.17853455,0.4627314,188.20312,925,FC128,crates,1,2925,,,,
16.484375,5.1132812,0.1484375,0.18677962,0.004894528,0.6963769,0.079197,-0.018745454,6.3603716,181.75781,0.1977133,0.46323162,181.75781,926,FC128,crates,1,2926,,,,
14.832031,5.734375,0.1484375,0.2012211,0.0048904326,0.7188455,0.057511337,-0.03785985,7.4662313,182.42188,0.19271049,0.46373188,182.42188,927,FC128,crates,1,2927,,,,
14.566406,6.2148438,0.05859375,0.22070654,0.004886337,0.78609586,0.04156618,-0.03044812,8.380782,191.88281,0.14618549,0.46423215,191.88281,928,FC128,crates,1,2928,,,,
13.5703125,6.1210938,0.02734375,0.2208593,0.0048822416,0.8127497,0.052817527,-0.008969626,8.310703,195.89062,0.12573089,0.46473238,195.89062,929,FC128,crates,1,2929,,,,
13.6875,6.5820312,0.01953125,0.2141885,0.0048781456,0.8371787,0.052037682,-0.005606188,9.107208,197.60938,0.11737743,0.46523264,197.60938,930,FC128,crates,1,2930,,,,
13.109375,6.390625,0.01953125,0.21807653,0.0048740506,0.85165584,0.03154109,-0.01984175,8.796993,197.97656,0.10489151,0.46573287,197.97656,931,FC128,crates,1,2931,,,,
12.625,6.1796875,0.0078125,0.22883011,0.0048699547,0.8457844,0.03557737,-0.01892276,8.380821,199.40625,0.11122905,0.46623313,199.40625,932,FC128,crates,1,2932,,,,
12.847656,6.2734375,0.01171875,0.22354855,0.004865859,0.80934674,0.082485154,-0.000289068,8.524239,198.24219,0.16772395,0.4667334,198.24219,933,FC128,crates,1,2933,,,,
13.390625,6.4296875,0.01953125,0.21410441,0.0048617637,0.80299604,0.09551406,0.007199777,8.8167,198.41797,0.17871042,0.46723363,198.41797,934,FC128,crates,1,2934,,,,
14.066406,6.6015625,0.01171875,0.21190219,0.004857668,0.89003927,0.048419673,-0.0031984136,9.338673,198.72266,0.105294876,0.4677339,198.72266,935,FC128,crates,1,2935,,,,
13.917969,6.5703125,0.05078125,0.22249123,0.0048535727,0.7695153,0.07605367,-0.038301226,9.071348,195.01562,0.23086955,0.46823412,195.01562,936,FC128,crates,1,2936,,,,
13.03125,5.9023438,0.18359375,0.22935979,0.0048494767,0.6947508,0.1232382,-0.050523162,8.000372,180.70312,0.34974727,0.46873438,180.70312,937,FC128,crates,1,2937,,,,
12.390625,5.53125,0.265625,0.22017367,0.0048453817,0.729342,0.10028564,-0.053372394,7.192442,172.39844,0.30944973,0.46923465,172.39844,938,FC128,crates,1,2938,,,,
13.1015625,6.015625,0.14453125,0.21170966,0.0048412858,0.84043086,0.07966219,-0.019035038,8.181778,181.76172,0.19944434,0.46973488,181.76172,939,FC128,crates,1,2939,,,,
12.953125,6.265625,0.01171875,0.20517798,0.0048371903,0.8579755,0.080857,0.002789058,8.562149,197.85938,0.15812086,0.47023514,197.85938,940,FC128,crates,1,2940,,,,
12.765625,6.3203125,0.00390625,0.20995273,0.004833095,0.873809,0.06363209,0.0008863428,8.451973,199.26953,0.12752095,0.47073537,199.26953,941,FC128,crates,1,2941,,,,
12.582031,6.1875,0.00390625,0.20592815,0.0048289993,0.8633719,0.048572835,-0.014990993,8.3925,199.46484,0.1291165,0.47123563,199.46484,942,FC128,crates,1,2942,,,,
11.769531,6.0195312,0.00390625,0.21156403,0.004824904,0.8717662,0.041014194,-0.016838962,7.754434,199.96094,0.11774786,0.4717359,199.96094,943,FC128,crates,1,2943,,,,
11.269531,5.796875,0.0,0.21332014,0.004820808,0.8980564,0.042578977,-0.0047764345,7.5448055,199.97266,0.09676757,0.47223613,199.97266,944,FC128,crates,1,2944,,,,
12.160156,6.0820312,0.015625,0.20687407,0.004816713,0.8958408,0.043657847,-0.0043822415,8.299161,197.80469,0.09807308,0.4727364,197.80469,945,FC128,crates,1,2945,,,,
13.1484375,6.4101562,0.0390625,0.20457065,0.004812617,0.8914374,0.03347233,-0.017742017,9.052521,195.83203,0.10439774,0.47323662,195.83203,946,FC128,crates,1,2946,,,,
12.902344,6.0078125,0.1328125,0.20222355,0.0048085214,0.8601575,0.04313061,-0.024677638,8.157833,189.30078,0.13756129,0.47373688,189.30078,947,FC128,crates,1,2947,,,,
13.519531,5.9414062,0.08984375,0.19027382,0.004804426,0.80128974,0.08531672,-0.007477316,7.9634385,189.3711,0.18741637,0.47423714,189.3711,948,FC128,crates,1,2948,,,,
14.703125,5.34375,0.1015625,0.18666403,0.0048003304,0.7863722,0.07185385,-0.01516071,6.7897077,187.15625,0.17582121,0.47473738,187.15625,949,FC128,crates,1,2949,,,,
15.792969,4.2851562,0.16796875,0.16239959,0.004796235,0.6498015,0.08228385,-0.031023564,5.267735,176.65625,0.22817263,0.47523764,176.65625,950,FC128,crates,1,2950,,,,
16.8125,4.578125,0.078125,0.17287615,0.004792139,0.6667742,0.049393736,-0.044612005,5.636798,189.73828,0.18966837,0.4757379,189.73828,951,FC128,crates,1,2951,,,,
15.988281,5.3242188,0.078125,0.1865517,0.004788044,0.767784,0.047987904,-0.023067517,6.854786,191.09375,0.14389728,0.47623813,191.09375,952,FC128,crates,1,2952,,,,
13.59375,6.2109375,0.02734375,0.21215613,0.004783948,0.81002504,0.06305661,0.00621383,8.287462,197.58984,0.115715444,0.4767384,197.58984,953,FC128,crates,1,2953,,,,
12.292969,6.0039062,0.015625,0.21608715,0.0047798525,0.8229993,0.06431273,0.0073568183,8.098946,197.85547,0.11597757,0.47723863,197.85547,954,FC128,crates,1,2954,,,,
11.328125,5.8945312,0.00390625,0.2179641,0.004775757,0.8335244,0.046447072,-0.0043952623,7.599005,199.64453,0.10376655,0.4777389,199.64453,955,FC128,crates,1,2955,,,,
11.953125,5.8476562,0.015625,0.2054825,0.0047716615,0.78082615,0.056179803,-0.003604975,7.7928915,198.36328,0.12153054,0.47823915,198.36328,956,FC128,crates,1,2956,,,,
13.140625,6.2265625,0.01171875,0.17569664,0.004767566,0.7873059,0.06619818,0.0032048577,8.687617,198.4961,0.12766193,0.47873938,198.4961,957,FC128,crates,1,2957,,,,
13.546875,6.3359375,0.0234375,0.18042879,0.0047634705,0.8097425,0.054033283,-0.0033964948,8.886095,197.72266,0.11657849,0.47923964,197.72266,958,FC128,crates,1,2958,,,,
13.707031,5.8828125,0.10546875,0.17212735,0.004759375,0.7652988,0.05549546,-0.01585987,7.7090826,184.73438,0.1443491,0.47973987,184.73438,959,FC128,crates,1,2959,,,,
13.324219,5.0585938,0.2109375,0.1710058,0.004755279,0.69480133,0.08458663,-0.01673837,6.561915,169.625,0.20427635,0.48024014,169.625,960,FC128,crates,1,2960,,,,
15.011719,6.2304688,0.109375,0.1776813,0.0047511836,0.7518865,0.050017767,-0.024665667,8.519337,185.63672,0.15105526,0.4807404,185.63672,961,FC128,crates,1,2961,,,,
14.0078125,6.4023438,0.046875,0.18509589,0.004747088,0.8061148,0.050589055,-0.017131355,8.479357,194.89453,0.13719815,0.48124063,194.89453,962,FC128,crates,1,2962,,,,
13.7421875,6.6523438,0.03125,0.19404083,0.0047429926,0.8527815,0.046912994,-0.010828122,9.255587,198.02734,0.1173229,0.4817409,198.02734,963,FC128,crates,1,2963,,,,
12.5,6.171875,0.03125,0.19768372,0.004738897,0.8682511,0.06188066,-0.005252446,8.4784775,198.39453,0.13613981,0.48224112,198.39453,964,FC128,crates,1,2964,,,,
11.28125,5.65625,0.0546875,0.20820098,0.0047348016,0.82339555,0.06267263,-0.02078825,7.448575,194.83594,0.16889335,0.4827414,194.83594,965,FC128,crates,1,2965,,,,
9.878906,5.0078125,0.01171875,0.22014092,0.004730706,0.7960186,0.056855667,-0.027287258,6.359356,199.02734,0.1703687,0.48324165,199.02734,966,FC128,crates,1,2966,,,,
10.0546875,5.1601562,0.02734375,0.22818783,0.0047266106,0.83580196,0.061700016,-0.01750837,6.561348,197.20312,0.16057388,0.48374188,197.20312,967,FC128,crates,1,2967,,,,
12.113281,6.15625,0.03125,0.22974789,0.0047225147,0.8567021,0.059641875,-0.005732206,8.19504,196.60156,0.13291813,0.48424214,196.60156,968,FC128,crates,1,2968,,,,
12.550781,6.125,0.0390625,0.23058075,0.004718419,0.84954584,0.0805775,0.012663931,8.253653,195.44531,0.1380031,0.48474237,195.44531,969,FC128,crates,1,2969,,,,
12.953125,6.2070312,0.08203125,0.24708657,0.0047143237,0.86369663,0.07062735,0.010172812,8.569864,192.5586,0.123238765,0.48524264,192.5586,970,FC128,crates,1,2970,,,,
13.03125,5.890625,0.05859375,0.2363319,0.004710228,0.86217666,0.06041806,0.004369765,7.9681067,192.63281,0.11432294,0.4857429,192.63281,971,FC128,crates,1,2971,,,,
13.964844,6.234375,0.03125,0.2358122,0.0047061327,0.8745936,0.050596595,-0.0039458587,8.586661,196.35547,0.11130443,0.48624313,196.35547,972,FC128,crates,1,2972,,,,
14.957031,5.7421875,0.0234375,0.20245415,0.004702037,0.8217035,0.040734015,-0.027955355,7.608321,197.1211,0.13928263,0.4867434,197.1211,973,FC128,crates,1,2973,,,,
16.152344,4.671875,0.0546875,0.19855149,0.0046979417,0.6614094,0.06683648,-0.038189147,5.635743,192.88672,0.2119168,0.48724365,192.88672,974,FC128,crates,1,2974,,,,
16.722656,3.46875,0.07421875,0.1925281,0.004693846,0.5648714,0.08050246,-0.052957095,3.406485,190.8125,0.2687265,0.48774388,190.8125,975,FC128,crates,1,2975,,,,
15.90625,2.9296875,0.1015625,0.20589039,0.0046897503,0.41259724,0.0693391,-0.077874534,2.1099224,186.1211,0.2963584,0.48824415,186.1211,976,FC128,crates,1,2976,,,,
15.042969,3.4492188,0.04296875,0.24312992,0.004685655,0.5998782,0.029469736,-0.08499641,2.9821682,194.51172,0.23121074,0.48874438,194.51172,977,FC128,crates,1,2977,,,,
13.46875,4.4296875,0.015625,0.2927851,0.0046815593,0.6343751,0.016934514,-0.070711225,4.2889066,198.54688,0.17803286,0.48924464,198.54688,978,FC128,crates,1,2978,,,,
10.925781,4.5429688,0.01171875,0.34082055,0.004677464,0.6178986,0.05010516,-0.025238333,4.7509575,199.35938,0.15387534,0.4897449,199.35938,979,FC128,crates,1,2979,,,,
9.6484375,4.5,0.0,0.3504711,0.0046733683,0.69930625,0.04791266,-0.015945153,4.8415046,200.0,0.13099138,0.49024513,200.0,980,FC128,crates,1,2980,,,,
10.769531,5.328125,0.00390625,0.335178,0.004669273,0.70768625,0.025956683,-0.0202543,6.9369535,199.53125,0.09555204,0.4907454,199.53125,981,FC128,crates,1,2981,,,,
11.25,5.6875,0.01171875,0.3245025,0.0046651773,0.73006326,0.033608682,-0.009562266,7.5110164,199.0664,0.08936962,0.49124563,199.0664,982,FC128,crates,1,2982,,,,
11.816406,5.8398438,0.01953125,0.31086364,0.0046610814,0.6914878,0.061058372,0.01217005,7.848263,197.48828,0.100674555,0.4917459,197.48828,983,FC128,crates,1,2983,,,,
12.511719,6.015625,0.03125,0.29635885,0.004656986,0.6618408,0.08265664,0.019174477,8.147208,196.84375,0.12972459,0.49224615,196.84375,984,FC128,crates,1,2984,,,,
12.6875,6.03125,0.04296875,0.29464093,0.0046528904,0.6373989,0.07675896,0.011202361,8.022072,195.14062,0.13385504,0.49274638,195.14062,985,FC128,crates,1,2985,,,,
12.8203125,5.7734375,0.06640625,0.29450285,0.004648795,0.62037456,0.07653791,0.0039914534,7.5050397,193.23438,0.14783107,0.49324664,193.23438,986,FC128,crates,1,2986,,,,
12.925781,5.4257812,0.109375,0.26815176,0.0046446994,0.5553754,0.10446483,0.011348021,6.821212,185.72266,0.18872458,0.49374688,185.72266,987,FC128,crates,1,2987,,,,
13.097656,5.2226562,0.109375,0.24387813,0.004640604,0.5683212,0.066949196,-0.019516239,5.9908404,186.6211,0.17519435,0.49424714,186.6211,988,FC128,crates,1,2988,,,,
14.238281,5.578125,0.09765625,0.21125858,0.0046365084,0.57840145,0.069096476,-0.010841948,6.619688,187.28906,0.16183586,0.4947474,187.28906,989,FC128,crates,1,2989,,,,
15.0234375,5.5585938,0.0859375,0.20143698,0.004632413,0.5776781,0.08148255,0.0011734931,6.898731,189.53906,0.16248439,0.49524763,189.53906,990,FC128,crates,1,2990,,,,
14.90625,5.5976562,0.0859375,0.18862607,0.004628317,0.61087626,0.07155801,-0.0033319783,7.068848,188.32812,0.15152603,0.4957479,188.32812,991,FC128,crates,1,2991,,,,
13.667969,5.4726562,0.08984375,0.19975594,0.0046242215,0.70790136,0.037705634,-0.026421998,6.734395,187.34375,0.1301027,0.49624813,187.34375,992,FC128,crates,1,2992,,,,
14.082031,6.3867188,0.0625,0.19121395,0.004620126,0.7042309,0.03562862,-0.023752216,8.529024,194.64062,0.12052854,0.4967484,194.64062,993,FC128,crates,1,2993,,,,
13.066406,6.2421875,0.01171875,0.21046126,0.0046160305,0.71956253,0.040297948,-0.021024263,8.082286,198.49219,0.12458742,0.49724865,198.49219,994,FC128,crates,1,2994,,,,
12.097656,5.8320312,0.0625,0.22293147,0.004611935,0.74072355,0.038641155,-0.028269526,7.4351373,194.97656,0.13587765,0.49774888,194.97656,995,FC128,crates,1,2995,,,,
11.972656,5.9414062,0.09375,0.23034589,0.0046078395,0.7204698,0.03620906,-0.037715536,8.038204,186.58594,0.14997199,0.49824914,186.58594,996,FC128,crates,1,2996,,,,
11.78125,5.9726562,0.109375,0.22347715,0.004603744,0.72409797,0.04919047,-0.032997485,7.879981,187.0625,0.16643357,0.4987494,187.0625,997,FC128,crates,1,2997,,,,
13.140625,6.4804688,0.0078125,0.20158456,0.004599648,0.7466223,0.059313647,-0.016639283,8.66504,198.67969,0.1537603,0.49924964,198.67969,998,FC128,crates,1,2998,,,,
13.15625,6.46875,0.01171875,0.20382956,0.0045955526,0.7893104,0.052328043,-0.019620627,8.8001375,198.6211,0.14577076,0.4997499,198.6211,999,FC128,crates,1,2999,,,,
13.03125,6.2851562,0.01953125,0.19415541,0.004591457,0.7788849,0.04566967,-0.03199784,8.466192,197.55078,0.15711793,0.50025016,197.55078,1000,FC128,crates,1,3000,,,,
13.515625,6.3632812,0.0234375,0.19735318,0.0045873616,0.75192,0.05720444,-0.031075548,8.733477,196.05078,0.17837064,0.50075036,196.05078,1001,FC128,crates,1,3001,,,,
12.7734375,6.1796875,0.02734375,0.19951479,0.004583266,0.7857162,0.06270619,-0.019002026,8.131954,196.20703,0.1652453,0.5012506,196.20703,1002,FC128,crates,1,3002,,,,
13.167969,6.1992188,0.01171875,0.22361815,0.0045791706,0.7490423,0.11308989,0.0041110115,8.20838,198.73438,0.22000572,0.5017509,198.73438,1003,FC128,crates,1,3003,,,,
13.1953125,5.8359375,0.0078125,0.23720337,0.004575075,0.7393596,0.13164623,0.013877719,7.731915,199.29688,0.23770748,0.50225115,199.29688,1004,FC128,crates,1,3004,,,,
13.46875,5.59375,0.015625,0.26179585,0.0045709796,0.80494624,0.087339066,0.0035948148,7.162872,198.48438,0.16988182,0.5027514,198.48438,1005,FC128,crates,1,3005,,,,
14.7890625,5.03125,0.0703125,0.24276154,0.0045668837,0.7517582,0.060440738,-0.032735355,6.4040437,193.44531,0.18856952,0.5032517,193.44531,1006,FC128,crates,1,3006,,,,
15.769531,4.6757812,0.1171875,0.21780565,0.004562788,0.66203535,0.0797717,-0.041283276,5.5843954,188.75781,0.24409755,0.5037519,188.75781,1007,FC128,crates,1,3007,,,,
17.25,4.546875,0.1015625,0.18561615,0.0045586927,0.6895561,0.07531369,-0.019973697,5.373419,191.73438,0.1922671,0.50425214,191.73438,1008,FC128,crates,1,3008,,,,
17.164062,4.5078125,0.07421875,0.18906635,0.004554597,0.66299385,0.11085376,0.014388153,5.3615437,192.875,0.19465347,0.5047524,192.875,1009,FC128,crates,1,3009,,,,
16.160156,5.2617188,0.04296875,0.2270824,0.0045505017,0.7009797,0.114998385,0.02767494,6.5595512,195.71875,0.17671357,0.50525266,195.71875,1010,FC128,crates,1,3010,,,,
12.4296875,5.734375,0.0546875,0.28069398,0.004546406,0.8088732,0.05590459,0.0016353921,7.6438875,195.8711,0.1110907,0.5057529,195.8711,1011,FC128,crates,1,3011,,,,
12.589844,6.0507812,0.05078125,0.2399887,0.0045423107,0.8333032,0.05393055,0.0037984217,8.292793,196.89453,0.10244446,0.5062531,196.89453,1012,FC128,crates,1,3012,,,,
12.527344,6.1992188,0.01171875,0.23660111,0.0045382148,0.82807875,0.06061438,0.0035594313,8.688107,198.76953,0.11625739,0.5067534,198.76953,1013,FC128,crates,1,3013,,,,
12.121094,5.9882812,0.04296875,0.23126382,0.0045341193,0.8087597,0.07922107,0.0044113747,8.382383,193.99219,0.15171655,0.50725365,193.99219,1014,FC128,crates,1,3014,,,,
12.285156,5.9609375,0.0625,0.21654303,0.004530024,0.82591546,0.06645928,-0.008148989,8.080606,191.05469,0.15117843,0.5077539,191.05469,1015,FC128,crates,1,3015,,,,
12.875,5.2851562,0.15234375,0.21667565,0.0045259283,0.7944757,0.060006805,-0.033291604,6.7653913,179.10156,0.18855813,0.5082542,179.10156,1016,FC128,crates,1,3016,,,,
14.4609375,5.3125,0.203125,0.18842572,0.004521833,0.73192394,0.083202206,-0.029604044,6.4732428,173.3086,0.22731654,0.5087544,173.3086,1017,FC128,crates,1,3017,,,,
14.824219,5.3007812,0.12109375,0.18153748,0.0045177373,0.7489693,0.080018304,-0.017241713,6.3726373,180.8164,0.1961603,0.50925463,180.8164,1018,FC128,crates,1,3018,,,,
15.21875,6.0234375,0.0234375,0.1960722,0.004513642,0.81435764,0.048960935,-0.012067908,7.886055,198.09766,0.12382769,0.5097549,198.09766,1019,FC128,crates,1,3019,,,,
13.667969,6.4570312,0.0078125,0.2274925,0.0045095463,0.85238194,0.02458152,-0.022531308,8.672032,199.79688,0.09627743,0.51025516,199.79688,1020,FC128,crates,1,3020,,,,
12.3046875,5.9257812,0.00390625,0.24342501,0.0045054504,0.8401839,0.026957981,-0.01962552,7.908614,199.79688,0.09536048,0.5107554,199.79688,1021,FC128,crates,1,3021,,,,
10.734375,5.2539062,0.0078125,0.25808614,0.004501355,0.79158694,0.045408286,-0.013956064,6.5558796,199.07812,0.12105218,0.5112556,199.07812,1022,FC128,crates,1,3022,,,,
12.527344,6.0585938,0.00390625,0.23337762,0.0044972594,0.81271225,0.049979042,-0.0057493057,8.398243,199.02734,0.11355581,0.5117559,199.02734,1023,FC128,crates,1,3023,,,,
12.6171875,6.1835938,0.01171875,0.22020891,0.004493164,0.83039236,0.03463054,-0.01621875,8.22172,199.16797,0.10367745,0.51225615,199.16797,1024,FC128,crates,1,3024,,,,
13.910156,6.765625,0.01171875,0.22353442,0.0044890684,0.84376806,0.03884344,-0.011415159,9.5417595,198.78516,0.102524124,0.5127564,198.78516,1025,FC128,crates,1,3025,,,,
13.453125,6.3867188,0.10546875,0.21595526,0.004484973,0.77395713,0.06155107,-0.01427507,8.672227,188.85938,0.1535894,0.51325667,188.85938,1026,FC128,crates,1,3026,,,,
12.96875,5.9492188,0.16015625,0.2326716,0.0044808774,0.7725708,0.059071697,-0.026736297,7.9533606,182.20703,0.17370114,0.5137569,182.20703,1027,FC128,crates,1,3027,,,,
13.5546875,5.953125,0.078125,0.22213107,0.0044767815,0.7990823,0.034152158,-0.03596014,8.113926,190.21875,0.14221346,0.51425713,190.21875,1028,FC128,crates,1,3028,,,,
12.855469,5.7929688,0.07421875,0.21826063,0.004472686,0.7931402,0.049221512,-0.027312715,7.747696,189.3086,0.15502088,0.5147574,189.3086,1029,FC128,crates,1,3029,,,,
13.265625,6.4414062,0.015625,0.20202735,0.0044685905,0.8469334,0.04484524,-0.01297117,8.797911,197.79297,0.11743837,0.51525766,197.79297,1030,FC128,crates,1,3030,,,,
13.042969,6.34375,0.0,0.20046449,0.004464495,0.8640679,0.039341804,-0.013444527,8.598008,199.96484,0.107362606,0.5157579,199.96484,1031,FC128,crates,1,3031,,,,
11.582031,5.7773438,0.01171875,0.22188419,0.0044603995,0.83537877,0.047938887,-0.013429034,7.65711,197.8164,0.124715224,0.5162581,197.8164,1032,FC128,crates,1,3032,,,,
9.4609375,5.0546875,0.0078125,0.24478672,0.004456304,0.8307782,0.043694433,-0.019642198,6.383477,198.55469,0.12885495,0.5167584,198.55469,1033,FC128,crates,1,3033,,,,
8.921875,4.875,0.01171875,0.25337377,0.0044522085,0.82257533,0.0348592,-0.025187967,6.3550787,198.19531,0.12235048,0.51725864,198.19531,1034,FC128,crates,1,3034,,,,
9.707031,5.09375,0.02734375,0.25339836,0.004448113,0.82267976,0.05312283,-0.0065859784,6.740059,195.79688,0.12167191,0.5177589,195.79688,1035,FC128,crates,1,3035,,,,
12.0625,6.0546875,0.02734375,0.23000649,0.004444017,0.8524046,0.05018536,-0.00050657877,8.413106,196.53906,0.103428185,0.51825917,196.53906,1036,FC128,crates,1,3036,,,,
12.652344,6.2539062,0.0390625,0.23565014,0.0044399216,0.85443085,0.058094103,0.0040982845,8.755079,193.78906,0.11008417,0.51875937,193.78906,1037,FC128,crates,1,3037,,,,
13.800781,6.2617188,0.08203125,0.21373872,0.004435826,0.8615492,0.053254344,-0.0024489025,8.910568,189.07422,0.11330271,0.51925963,189.07422,1038,FC128,crates,1,3038,,,,
13.753906,5.8867188,0.13671875,0.21219423,0.0044317306,0.790264,0.102874964,0.008008846,8.065783,179.82812,0.19161302,0.5197599,179.82812,1039,FC128,crates,1,3039,,,,
12.566406,4.9609375,0.21875,0.20019592,0.004427635,0.74913836,0.09654707,-0.016870022,6.0027933,170.88672,0.22860697,0.52026016,170.88672,1040,FC128,crates,1,3040,,,,
14.625,5.4609375,0.1953125,0.18984465,0.0044235396,0.7396556,0.08377464,-0.039360963,7.04084,174.26562,0.24795078,0.5207604,174.26562,1041,FC128,crates,1,3041,,,,
14.9140625,5.125,0.15234375,0.17876594,0.004419444,0.7561079,0.0740867,-0.03710179,6.394024,177.72266,0.22395708,0.5212606,177.72266,1042,FC128,crates,1,3042,,,,
15.9296875,5.21875,0.1328125,0.17044175,0.004415348,0.75398785,0.085606,-0.009809021,6.7124033,181.85156,0.19233517,0.5217609,181.85156,1043,FC128,crates,1,3043,,,,
16.171875,4.9257812,0.11328125,0.17582431,0.0044112527,0.748294,0.09086596,-0.00406731,6.2261724,184.625,0.19141775,0.52226114,184.625,1044,FC128,crates,1,3044,,,,
16.792969,4.984375,0.05859375,0.18177706,0.004407157,0.81005234,0.05392093,-0.015823895,6.30711,191.86719,0.14109188,0.5227614,191.86719,1045,FC128,crates,1,3045,,,,
15.4140625,5.6757812,0.078125,0.22638354,0.0044030617,0.8367497,0.036960762,-0.019804046,7.513946,193.89844,0.115523174,0.52326167,193.89844,1046,FC128,crates,1,3046,,,,
13.6484375,5.7734375,0.046875,0.27921754,0.004398966,0.86938906,0.039620593,-0.003705963,7.78877,195.39844,0.08910965,0.5237619,195.39844,1047,FC128,crates,1,3047,,,,
12.109375,5.7460938,0.0234375,0.28418612,0.0043948707,0.8146817,0.07771696,0.013428941,7.602091,196.77734,0.13107397,0.52426213,196.77734,1048,FC128,crates,1,3048,,,,
11.3984375,5.6640625,0.03515625,0.26717395,0.004390775,0.78680336,0.086529784,0.014609534,7.5254307,197.90234,0.1461867,0.5247624,197.90234,1049,FC128,crates,1,3049,,,,
9.175781,4.7773438,0.1015625,0.2704958,0.0043866797,0.80028987,0.06487369,-0.00085702736,5.713731,188.36719,0.13383459,0.52526265,188.36719,1050,FC128,crates,1,3050,,,,
9.0703125,4.828125,0.015625,0.26806676,0.004382584,0.81380546,0.03460958,-0.016338337,6.1297274,198.29297,0.104245484,0.5257629,198.29297,1051,FC128,crates,1,3051,,,,
9.234375,4.8867188,0.0078125,0.25811085,0.0043784883,0.8190907,0.030941641,-0.016923033,6.0841217,198.96875,0.09798962,0.5262632,198.96875,1052,FC128,crates,1,3052,,,,
10.613281,5.4140625,0.0234375,0.24201697,0.004374393,0.8150344,0.042073928,-0.005648355,7.0849423,197.61328,0.097561926,0.5267634,197.61328,1053,FC128,crates,1,3053,,,,
12.355469,6.0742188,0.01171875,0.23492695,0.0043702973,0.7913565,0.08377009,0.013640726,8.253516,198.80078,0.14231212,0.52726364,198.80078,1054,FC128,crates,1,3054,,,,
12.941406,6.03125,0.078125,0.22247468,0.004366202,0.72584075,0.1052676,0.010764072,8.237461,190.92188,0.1909498,0.5277639,190.92188,1055,FC128,crates,1,3055,,,,
13.0078125,5.71875,0.109375,0.21631014,0.0043621063,0.75801206,0.08532221,0.0045703994,7.5514855,187.57812,0.16339076,0.52826416,187.57812,1056,FC128,crates,1,3056,,,,
14.183594,5.7070312,0.12109375,0.21525782,0.004358011,0.79152286,0.05097526,-0.010423257,7.6588287,185.27344,0.124673225,0.5287644,185.27344,1057,FC128,crates,1,3057,,,,
15.074219,5.890625,0.12109375,0.19253805,0.004353915,0.75993264,0.047516935,-0.022310903,8.047794,182.91016,0.14133227,0.5292646,182.91016,1058,FC128,crates,1,3058,,,,
15.171875,5.7070312,0.0859375,0.18777543,0.0043498194,0.7639717,0.04843282,-0.01919021,7.5745125,188.48438,0.13687964,0.5297649,188.48438,1059,FC128,crates,1,3059,,,,
14.1875,5.296875,0.13671875,0.19026811,0.004345724,0.7435435,0.07754847,-0.006802711,6.8021297,179.69922,0.17035605,0.53026515,179.69922,1060,FC128,crates,1,3060,,,,
13.214844,5.7773438,0.12890625,0.18692747,0.0043416284,0.74977934,0.084130935,-5.4926663e-06,7.3696885,178.35547,0.16989599,0.5307654,178.35547,1061,FC128,crates,1,3061,,,,
13.7109375,6.1875,0.05078125,0.18719265,0.004337533,0.81435454,0.055108283,-0.0077803363,8.354395,192.70703,0.12740114,0.5312657,192.70703,1062,FC128,crates,1,3062,,,,
13.300781,6.0703125,0.04296875,0.18817873,0.0043334374,0.8186777,0.05481343,-0.011469248,8.257716,193.03125,0.13419628,0.5317659,193.03125,1063,FC128,crates,1,3063,,,,
13.691406,6.390625,0.015625,0.18384984,0.004329342,0.84924674,0.06254579,-0.00040429257,8.974962,197.46094,0.12749206,0.53226614,197.46094,1064,FC128,crates,1,3064,,,,
14.371094,6.7382812,0.01171875,0.168243,0.0043252464,0.85342574,0.055178296,-0.0017501976,9.507208,198.94922,0.11531237,0.5327664,198.94922,1065,FC128,crates,1,3065,,,,
14.125,6.8945312,0.015625,0.17721649,0.0043211505,0.8824185,0.041522957,-0.012687337,9.79459,197.36328,0.109952144,0.53326666,197.36328,1066,FC128,crates,1,3066,,,,
14.480469,6.8554688,0.0,0.1744664,0.004317055,0.87157303,0.042498797,-0.015848892,9.5432625,200.0,0.11820173,0.5337669,200.0,1067,FC128,crates,1,3067,,,,
13.734375,6.6679688,0.03125,0.17202413,0.0043129595,0.8481337,0.0786526,-0.004560579,9.415665,195.28125,0.16791023,0.5342671,195.28125,1068,FC128,crates,1,3068,,,,
12.613281,6.2109375,0.03125,0.18362466,0.004308864,0.8579608,0.06897119,-0.01441083,8.507637,194.7461,0.16834646,0.5347674,194.7461,1069,FC128,crates,1,3069,,,,
12.644531,6.203125,0.0234375,0.18800166,0.0043047685,0.85417277,0.042088196,-0.030696454,8.621935,196.82422,0.1471879,0.53526765,196.82422,1070,FC128,crates,1,3070,,,,
12.082031,6.0859375,0.03125,0.19212392,0.004300673,0.84413755,0.044931896,-0.03260713,8.093848,195.71484,0.15673058,0.5357679,195.71484,1071,FC128,crates,1,3071,,,,
11.410156,5.9570312,0.01171875,0.2179672,0.0042965775,0.8671739,0.04155538,-0.025523426,7.9141808,198.39844,0.13603063,0.5362682,198.39844,1072,FC128,crates,1,3072,,,,
11.425781,5.828125,0.00390625,0.21875685,0.0042924816,0.87014014,0.04235678,-0.018508669,7.7130084,199.54297,0.123608924,0.5367684,199.54297,1073,FC128,crates,1,3073,,,,
12.324219,6.140625,0.03125,0.21523973,0.004288386,0.8670415,0.03560848,-0.01961026,8.353907,197.1211,0.11228354,0.53726864,197.1211,1074,FC128,crates,1,3074,,,,
12.582031,6.328125,0.1015625,0.22484475,0.0042842906,0.8537871,0.04422546,-0.017614579,8.628458,192.05078,0.12560669,0.5377689,192.05078,1075,FC128,crates,1,3075,,,,
12.324219,6.0390625,0.03125,0.26313367,0.004280195,0.8925402,0.04603632,0.0011114884,8.5257225,197.54688,0.09210219,0.53826916,197.54688,1076,FC128,crates,1,3076,,,,
12.703125,6.0703125,0.03515625,0.24885578,0.0042760996,0.8774355,0.0647545,0.008740185,8.699844,196.51562,0.114156894,0.5387694,196.51562,1077,FC128,crates,1,3077,,,,
12.3515625,5.9921875,0.0546875,0.26375592,0.004272004,0.89117664,0.054332674,0.0041155433,8.362833,194.11328,0.10268779,0.5392696,194.11328,1078,FC128,crates,1,3078,,,,
13.1328125,6.0976562,0.08984375,0.22739176,0.0042679086,0.87304306,0.053228304,-0.0054686493,8.41461,188.375,0.11933488,0.5397699,188.375,1079,FC128,crates,1,3079,,,,
13.6796875,6.4375,0.0625,0.22398634,0.004263813,0.89097834,0.04993371,-0.007504938,9.093458,193.34375,0.116787374,0.54027015,193.34375,1080,FC128,crates,1,3080,,,,
14.078125,6.3476562,0.05859375,0.20479965,0.004259717,0.85737944,0.08834373,0.0077687777,8.9682045,190.95312,0.16289468,0.5407704,190.95312,1081,FC128,crates,1,3081,,,,
14.761719,6.5976562,0.04296875,0.19541587,0.0042556217,0.86982787,0.07969962,0.004278697,9.275763,194.46875,0.15250508,0.5412707,194.46875,1082,FC128,crates,1,3082,,,,
14.605469,6.2617188,0.04296875,0.19670035,0.004251526,0.8751917,0.05869829,-0.015843393,8.799181,195.20312,0.15075591,0.5417709,195.20312,1083,FC128,crates,1,3083,,,,
15.2265625,6.3125,0.0234375,0.19000839,0.0042474307,0.8805613,0.0508697,-0.013605383,8.951348,196.96875,0.13056426,0.54227114,196.96875,1084,FC128,crates,1,3084,,,,
14.777344,6.1601562,0.02734375,0.19966488,0.004243335,0.8466805,0.08519865,0.0004996561,8.3134575,195.35156,0.17109247,0.5427714,195.35156,1085,FC128,crates,1,3085,,,,
14.863281,6.1640625,0.0234375,0.2094181,0.0042392397,0.8546244,0.08141475,-0.0018701511,8.42418,197.70312,0.16834535,0.54327166,197.70312,1086,FC128,crates,1,3086,,,,
15.027344,6.2773438,0.015625,0.2086909,0.0042351442,0.8912608,0.044486668,-0.0109695075,8.726309,197.96094,0.112680025,0.5437719,197.96094,1087,FC128,crates,1,3087,,,,
14.78125,6.5507812,0.03515625,0.21477324,0.0042310487,0.8146606,0.05072777,-0.037188537,9.129826,197.33594,0.17765005,0.5442722,197.33594,1088,FC128,crates,1,3088,,,,
14.0234375,6.4726562,0.0859375,0.22106475,0.004226953,0.7741023,0.06698364,-0.041069873,9.043829,192.53906,0.21797588,0.5447724,192.53906,1089,FC128,crates,1,3089,,,,
13.6640625,6.484375,0.0625,0.23389633,0.0042228573,0.8329635,0.046021856,-0.030499648,8.879942,193.66016,0.15501843,0.54527265,193.66016,1090,FC128,crates,1,3090,,,,
13.3125,6.2773438,0.125,0.23013808,0.004218762,0.8668381,0.043264683,-0.019737003,8.562656,184.73828,0.12794517,0.5457729,184.73828,1091,FC128,crates,1,3091,,,,
13.691406,6.6484375,0.0078125,0.23294568,0.0042146663,0.85734344,0.07743579,0.00840728,9.406876,198.51953,0.1400206,0.5462732,198.51953,1092,FC128,crates,1,3092,,,,
13.46875,6.5898438,0.00390625,0.22995618,0.004210571,0.840357,0.0889132,0.011554596,9.224377,199.61719,0.1566537,0.54677343,199.61719,1093,FC128,crates,1,3093,,,,
12.9765625,6.4375,0.0,0.22830616,0.0042064753,0.87220037,0.06370169,0.0046092593,9.042286,200.0,0.12010559,0.54727364,200.0,1094,FC128,crates,1,3094,,,,
12.957031,6.5898438,0.0078125,0.22241244,0.00420238,0.87551093,0.033321362,-0.015595174,9.035625,198.67188,0.099702395,0.5477739,198.67188,1095,FC128,crates,1,3095,,,,
12.644531,6.390625,0.00390625,0.23977882,0.004198284,0.88282984,0.023772465,-0.024379356,8.911798,199.80078,0.09831696,0.54827416,199.80078,1096,FC128,crates,1,3096,,,,
12.8984375,6.3203125,0.01171875,0.22544995,0.0041941884,0.9055704,0.02922585,-0.013870111,8.836289,199.3125,0.08808308,0.5487744,199.3125,1097,FC128,crates,1,3097,,,,
13.828125,6.6132812,0.01171875,0.21742457,0.004190093,0.8736166,0.07503944,0.0089943465,9.545528,197.94922,0.13391224,0.5492747,197.94922,1098,FC128,crates,1,3098,,,,
14.308594,6.7304688,0.015625,0.2052944,0.0041859974,0.83145696,0.10331946,0.010591867,9.631505,198.71094,0.18717392,0.5497749,198.71094,1099,FC128,crates,1,3099,,,,
14.230469,6.734375,0.0390625,0.20378618,0.004181902,0.8755194,0.07593791,0.0022661001,9.428477,195.16016,0.14904805,0.55027515,195.16016,1100,FC128,crates,1,3100,,,,
15.058594,6.5,0.02734375,0.19988394,0.0041778064,0.89407355,0.042603526,-0.015221942,9.09252,195.82422,0.11732109,0.5507754,195.82422,1101,FC128,crates,1,3101,,,,
15.3203125,6.5820312,0.04296875,0.1955002,0.004173711,0.8905692,0.038726617,-0.01965482,9.389786,195.58594,0.1183948,0.5512757,195.58594,1102,FC128,crates,1,3102,,,,
15.3671875,6.5898438,0.02734375,0.19116953,0.0041696155,0.8925037,0.047416944,-0.00989052,9.350782,194.83203,0.116209134,0.55177593,194.83203,1103,FC128,crates,1,3103,,,,
14.3984375,6.6992188,0.01953125,0.2153658,0.0041655195,0.8956424,0.056686535,-0.002684029,9.463067,196.65234,0.12053535,0.55227613,196.65234,1104,FC128,crates,1,3104,,,,
14.285156,6.5664062,0.015625,0.21401054,0.004161424,0.90390223,0.046083707,-0.005066983,9.380352,198.40625,0.10408256,0.5527764,198.40625,1105,FC128,crates,1,3105,,,,
14.300781,6.8828125,0.00390625,0.19922051,0.0041573285,0.88402224,0.037491657,-0.022784006,9.853028,199.4375,0.122207776,0.55327666,199.4375,1106,FC128,crates,1,3106,,,,
13.199219,6.4140625,0.01953125,0.2197593,0.004153233,0.8588949,0.041464478,-0.030711867,9.0459385,198.47266,0.14617811,0.5537769,198.47266,1107,FC128,crates,1,3107,,,,
12.816406,6.5117188,0.0078125,0.2174585,0.0041491375,0.9027972,0.03218557,-0.01985306,9.152246,199.20703,0.10588179,0.5542772,199.20703,1108,FC128,crates,1,3108,,,,
12.097656,5.9765625,0.015625,0.21765341,0.004145042,0.8595058,0.06852634,-0.0030344892,8.350645,197.57812,0.14492603,0.5547774,197.57812,1109,FC128,crates,1,3109,,,,
11.4609375,5.8125,0.0078125,0.22371899,0.0041409465,0.8579724,0.07266668,-0.0015636085,8.03129,199.82812,0.15031339,0.55527765,199.82812,1110,FC128,crates,1,3110,,,,
11.300781,5.8476562,0.00390625,0.22753,0.0041368506,0.8780189,0.050172154,-0.007234027,8.089103,199.23828,0.116694875,0.5557779,199.23828,1111,FC128,crates,1,3111,,,,
12.21875,6.3320312,0.015625,0.22323489,0.004132755,0.9006245,0.026633017,-0.020831883,8.978868,198.10547,0.09677495,0.55627817,198.10547,1112,FC128,crates,1,3112,,,,
12.609375,6.2734375,0.0234375,0.2233942,0.0041286596,0.9017839,0.029488657,-0.02018546,8.807013,196.67578,0.10119287,0.55677843,196.67578,1113,FC128,crates,1,3113,,,,
13.082031,6.4414062,0.015625,0.2195441,0.004124564,0.91977584,0.030823102,-0.010192739,9.300802,198.46094,0.08384273,0.55727863,198.46094,1114,FC128,crates,1,3114,,,,
13.628906,6.8007812,0.0078125,0.2252733,0.0041204686,0.90694493,0.060478333,0.0055288174,9.670645,198.48047,0.11175549,0.5577789,198.48047,1115,FC128,crates,1,3115,,,,
14.308594,6.671875,0.0234375,0.19911772,0.004116373,0.889001,0.0752479,0.007899688,9.643165,197.34766,0.13633572,0.55827916,197.34766,1116,FC128,crates,1,3116,,,,
14.25,6.65625,0.03125,0.20725262,0.0041122776,0.91304564,0.057284914,0.0002324428,9.472696,195.65234,0.1158095,0.5587794,195.65234,1117,FC128,crates,1,3117,,,,
14.2890625,6.75,0.05078125,0.19869056,0.004108182,0.9070547,0.038894475,-0.02089453,9.606642,192.47266,0.12121052,0.5592797,192.47266,1118,FC128,crates,1,3118,,,,
14.441406,6.765625,0.05859375,0.19635473,0.004104086,0.88592005,0.054316003,-0.024642037,9.633244,190.99219,0.1595278,0.5597799,190.99219,1119,FC128,crates,1,3119,,,,
15.417969,6.5078125,0.02734375,0.18606699,0.0040999907,0.90031374,0.049888708,-0.02163273,9.243282,196.08984,0.14456862,0.56028014,196.08984,1120,FC128,crates,1,3120,,,,
15.3984375,6.375,0.03515625,0.18784098,0.004095895,0.88835317,0.07704705,-0.00313333,8.914122,194.78516,0.1618995,0.5607804,194.78516,1121,FC128,crates,1,3121,,,,
15.90625,6.5273438,0.046875,0.17800358,0.0040917997,0.85933614,0.09796475,0.0019473018,9.087051,193.16797,0.19349161,0.56128067,193.16797,1122,FC128,crates,1,3122,,,,
15.839844,6.4882812,0.01953125,0.18741263,0.0040877042,0.8879598,0.070184365,-0.0029213824,9.000275,197.27734,0.14774367,0.5617809,197.27734,1123,FC128,crates,1,3123,,,,
15.671875,6.7578125,0.015625,0.19175537,0.0040836087,0.91036785,0.03932264,-0.016441848,9.578145,197.07422,0.11309508,0.56228113,197.07422,1124,FC128,crates,1,3124,,,,
14.878906,6.703125,0.01171875,0.19534016,0.0040795133,0.9017726,0.03741036,-0.018726408,9.414942,198.01953,0.11386732,0.5627814,198.01953,1125,FC128,crates,1,3125,,,,
13.761719,6.3125,0.0078125,0.22609502,0.0040754173,0.9219398,0.035640657,-0.010465451,8.755568,198.9336,0.09405508,0.56328166,198.9336,1126,FC128,crates,1,3126,,,,
13.65625,6.765625,0.0078125,0.21495111,0.004071322,0.91051716,0.044652883,-0.0035750913,9.601388,198.6289,0.098206215,0.5637819,198.6289,1127,FC128,crates,1,3127,,,,
13.644531,6.7890625,0.015625,0.21414019,0.0040672263,0.9215627,0.03610246,-0.008397233,9.82711,197.89062,0.0907413,0.5642822,197.89062,1128,FC128,crates,1,3128,,,,
11.9765625,5.78125,0.10546875,0.20453404,0.004063131,0.8866668,0.059225734,-0.01046369,8.115665,185.375,0.14104095,0.5647824,185.375,1129,FC128,crates,1,3129,,,,
13.355469,6.5625,0.01953125,0.20874937,0.0040590353,0.90818894,0.0556124,-0.00024640758,9.37586,197.55078,0.11341226,0.56528264,197.55078,1130,FC128,crates,1,3130,,,,
13.3828125,6.4921875,0.01953125,0.20572387,0.00405494,0.9229659,0.04694686,-0.003538732,9.227989,197.1914,0.10263958,0.5657829,197.1914,1131,FC128,crates,1,3131,,,,
13.863281,6.640625,0.00390625,0.21153975,0.0040508443,0.93676424,0.029769663,-0.013761093,9.580645,199.66406,0.08877534,0.56628317,199.66406,1132,FC128,crates,1,3132,,,,
14.300781,6.6289062,0.0078125,0.196143,0.004046749,0.9224902,0.041620474,-0.010152582,9.210488,198.2461,0.10513359,0.5667834,198.2461,1133,FC128,crates,1,3133,,,,
13.730469,6.5117188,0.01953125,0.19988072,0.004042653,0.9224684,0.037451424,-0.01663218,9.033869,196.94531,0.10978331,0.5672837,196.94531,1134,FC128,crates,1,3134,,,,
13.832031,6.5234375,0.0234375,0.19376755,0.0040385574,0.9084328,0.05400702,-0.00646861,9.033517,196.45703,0.12251634,0.5677839,196.45703,1135,FC128,crates,1,3135,,,,
13.511719,6.4804688,0.03515625,0.19173275,0.004034462,0.9160894,0.043114603,-0.010905623,8.99547,195.0,0.10958753,0.56828415,195.0,1136,FC128,crates,1,3136,,,,
13.636719,6.8632812,0.015625,0.21068695,0.0040303664,0.9305674,0.033781257,-0.010166622,9.710411,198.41797,0.08959405,0.5687844,198.41797,1137,FC128,crates,1,3137,,,,
12.9296875,6.3046875,0.01953125,0.21753085,0.004026271,0.91881156,0.044955414,-0.0047103097,8.852072,197.15625,0.10108312,0.5692847,197.15625,1138,FC128,crates,1,3138,,,,
12.863281,6.4609375,0.01953125,0.21716596,0.0040221754,0.91260713,0.061634477,0.008056734,9.210157,197.03125,0.10890244,0.56978494,197.03125,1139,FC128,crates,1,3139,,,,
12.8984375,6.4296875,0.04296875,0.22215167,0.00401808,0.91573626,0.05574814,0.0032437139,9.135529,194.78125,0.1067941,0.57028514,194.78125,1140,FC128,crates,1,3140,,,,
13.675781,6.734375,0.078125,0.20248038,0.004013984,0.9146361,0.043838006,-0.010680185,9.676681,193.36719,0.11066189,0.5707854,193.36719,1141,FC128,crates,1,3141,,,,
13.667969,6.6914062,0.0546875,0.20056324,0.0040098885,0.91964096,0.0392128,-0.014341423,9.489864,194.32031,0.10871693,0.57128567,194.32031,1142,FC128,crates,1,3142,,,,
13.722656,6.5429688,0.01953125,0.20333968,0.004005793,0.9320648,0.038439672,-0.009912956,9.208067,197.6211,0.098334335,0.5717859,197.6211,1143,FC128,crates,1,3143,,,,
14.332031,6.6953125,0.01171875,0.1841863,0.0040016975,0.9185853,0.04595928,-0.008848976,9.545666,198.08203,0.11109062,0.5722862,198.08203,1144,FC128,crates,1,3144,,,,
14.613281,6.6132812,0.0234375,0.17517115,0.003997602,0.9086814,0.044544272,-0.02057906,9.3927355,196.04297,0.1316472,0.5727864,196.04297,1145,FC128,crates,1,3145,,,,
14.5703125,6.5,0.0390625,0.17086942,0.0039935065,0.9200195,0.046982877,-0.0147052,9.199708,194.08203,0.12474089,0.57328665,194.08203,1146,FC128,crates,1,3146,,,,
14.753906,6.7382812,0.01953125,0.17554748,0.003989411,0.9155081,0.0570962,-0.0043710233,9.64459,196.91797,0.12433511,0.5737869,196.91797,1147,FC128,crates,1,3147,,,,
15.074219,7.1679688,0.0,0.1773243,0.0039853156,0.9292622,0.050293453,-0.00048854796,10.323282,199.95703,0.102977395,0.5742872,199.95703,1148,FC128,crates,1,3148,,,,
14.6015625,6.75,0.0078125,0.18150704,0.0039812196,0.9302772,0.032801248,-0.013666467,9.641817,198.64844,0.09438067,0.57478744,198.64844,1149,FC128,crates,1,3149,,,,
13.996094,6.6875,0.0078125,0.19771686,0.003977124,0.926913,0.03079081,-0.01781861,9.521074,198.63281,0.098791525,0.57528764,198.63281,1150,FC128,crates,1,3150,,,,
13.515625,6.7109375,0.0078125,0.20800366,0.0039730286,0.9188269,0.04626942,-0.0085343225,9.537208,198.97266,0.111260295,0.5757879,198.97266,1151,FC128,crates,1,3151,,,,
12.8125,6.4179688,0.00390625,0.19856049,0.003968933,0.90404844,0.05301376,-0.009678715,9.112365,199.14844,0.1269611,0.57628816,199.14844,1152,FC128,crates,1,3152,,,,
13.4765625,6.6953125,0.01171875,0.19930361,0.0039648376,0.9236164,0.03049876,-0.01785136,9.613575,198.76172,0.09828065,0.5767884,198.76172,1153,FC128,crates,1,3153,,,,
13.140625,6.4648438,0.0078125,0.20908454,0.003960742,0.9189329,0.028101351,-0.019079158,9.151075,199.07031,0.09601728,0.5772887,199.07031,1154,FC128,crates,1,3154,,,,
13.1796875,6.2617188,0.01171875,0.22535397,0.0039566467,0.89775515,0.055289496,-0.006413645,8.806271,198.65234,0.12518957,0.5777889,198.65234,1155,FC128,crates,1,3155,,,,
13.707031,6.5195312,0.02734375,0.22643727,0.0039525507,0.8968549,0.06355617,-0.00014716375,9.39049,196.4961,0.12919669,0.57828915,196.4961,1156,FC128,crates,1,3156,,,,
13.3359375,5.9570312,0.05859375,0.23349246,0.003948455,0.8942545,0.04613817,-0.012163491,8.436329,190.95703,0.11844719,0.5787894,190.95703,1157,FC128,crates,1,3157,,,,
14.109375,6.46875,0.0546875,0.20993459,0.0039443597,0.8791248,0.04339456,-0.02377354,9.285782,192.19922,0.13599232,0.5792897,192.19922,1158,FC128,crates,1,3158,,,,
14.453125,6.7890625,0.01953125,0.213765,0.003940264,0.85084414,0.05674206,-0.02195739,9.832266,199.35156,0.15908349,0.57978994,199.35156,1159,FC128,crates,1,3159,,,,
14.2734375,6.65625,0.0234375,0.21063885,0.0039361687,0.8775093,0.047838617,-0.014741139,9.440802,197.02734,0.12681773,0.58029014,197.02734,1160,FC128,crates,1,3160,,,,
14.0234375,6.6953125,0.00390625,0.2017922,0.0039320732,0.92780566,0.039385438,0.0015909303,9.716173,199.28516,0.07717594,0.5807904,199.28516,1161,FC128,crates,1,3161,,,,
13.6171875,6.6679688,0.0078125,0.19763501,0.0039279778,0.87270504,0.091768906,0.017047258,9.256368,198.88281,0.15099591,0.58129066,198.88281,1162,FC128,crates,1,3162,,,,
13.964844,6.9179688,0.0,0.19412056,0.0039238823,0.83833635,0.1291688,0.026244365,9.974121,199.96094,0.20737228,0.5817909,199.96094,1163,FC128,crates,1,3163,,,,
13.6015625,6.734375,0.0,0.19810171,0.0039197863,0.866983,0.10917285,0.021212397,9.736017,199.875,0.17747393,0.5822912,199.875,1164,FC128,crates,1,3164,,,,
14.125,6.9765625,0.00390625,0.19755942,0.003915691,0.9109004,0.06268767,0.0058272895,10.149689,199.15625,0.11526792,0.5827914,199.15625,1165,FC128,crates,1,3165,,,,
15.0234375,6.765625,0.015625,0.18045881,0.0039115953,0.9001071,0.04800307,-0.015461751,9.878809,198.45312,0.1283414,0.58329165,198.45312,1166,FC128,crates,1,3166,,,,
15.0390625,6.65625,0.03515625,0.18420184,0.0039075,0.8783673,0.06287748,-0.023526251,9.458184,193.89453,0.17424701,0.5837919,193.89453,1167,FC128,crates,1,3167,,,,
15.917969,6.3203125,0.0625,0.16051716,0.0039034043,0.8772233,0.06120324,-0.024606355,8.892266,191.71484,0.17287232,0.5842922,191.71484,1168,FC128,crates,1,3168,,,,
15.761719,6.3984375,0.04296875,0.16608168,0.0038993089,0.90765995,0.053083554,-0.012903391,8.845509,193.57812,0.1332691,0.58479244,193.57812,1169,FC128,crates,1,3169,,,,
15.640625,6.8828125,0.015625,0.16901556,0.0038952134,0.91969067,0.057339802,0.001421481,10.085918,197.11719,0.113153346,0.58529264,197.11719,1170,FC128,crates,1,3170,,,,
14.7578125,6.8828125,0.01171875,0.17283435,0.0038911174,0.9263785,0.043038744,-0.004185006,9.938263,198.36328,0.09579254,0.5857929,198.36328,1171,FC128,crates,1,3171,,,,
13.7890625,6.8007812,0.00390625,0.17685734,0.003887022,0.9210425,0.03300862,-0.01354841,9.71459,199.02344,0.09448896,0.58629316,199.02344,1172,FC128,crates,1,3172,,,,
12.910156,6.5117188,0.0078125,0.19769002,0.0038829264,0.9011794,0.02768344,-0.02424297,9.157852,199.24219,0.10538805,0.5867934,199.24219,1173,FC128,crates,1,3173,,,,
12.644531,6.3828125,0.0,0.19818278,0.003878831,0.9037569,0.03468505,-0.015018558,9.00963,199.90625,0.10094465,0.5872937,199.90625,1174,FC128,crates,1,3174,,,,
13.5390625,6.7226562,0.0,0.18801233,0.0038747354,0.90369904,0.05904699,0.002961553,9.644318,199.95312,0.11362787,0.58779395,199.95312,1175,FC128,crates,1,3175,,,,
14.3203125,6.953125,0.015625,0.17699336,0.00387064,0.8844082,0.07360914,0.0048458204,9.970646,197.33594,0.13889681,0.58829415,197.33594,1176,FC128,crates,1,3176,,,,
14.472656,6.7695312,0.0234375,0.17632124,0.0038665445,0.9128536,0.057703003,0.002725655,9.676701,196.46484,0.11131821,0.5887944,196.46484,1177,FC128,crates,1,3177,,,,
14.847656,6.8476562,0.06640625,0.17279105,0.003862449,0.90403795,0.037748955,-0.018962067,9.870508,191.25781,0.11475684,0.5892947,191.25781,1178,FC128,crates,1,3178,,,,
15.21875,6.9492188,0.0546875,0.17111348,0.003858353,0.889976,0.050031785,-0.0177548,9.971407,192.64062,0.1368936,0.58979493,192.64062,1179,FC128,crates,1,3179,,,,
15.582031,6.9804688,0.0390625,0.1755251,0.0038542575,0.91179204,0.036927365,-0.018533701,10.06465,194.88281,0.11227517,0.5902952,194.88281,1180,FC128,crates,1,3180,,,,
15.011719,6.78125,0.02734375,0.16743079,0.003850162,0.9237076,0.04632759,-0.0072667957,9.543028,195.69531,0.10847805,0.5907954,195.69531,1181,FC128,crates,1,3181,,,,
14.859375,6.9960938,0.0234375,0.17968549,0.0038460665,0.9160513,0.05817214,0.00013038676,9.9175205,195.76172,0.117465675,0.59129566,195.76172,1182,FC128,crates,1,3182,,,,
14.7109375,6.8671875,0.01171875,0.17567492,0.003841971,0.92423165,0.053965643,-0.0009403216,9.919298,198.25781,0.111161806,0.5917959,198.25781,1183,FC128,crates,1,3183,,,,
14.417969,6.9921875,0.00390625,0.18534699,0.0038378756,0.9362108,0.029512135,-0.014824976,10.09254,199.08984,0.0900969,0.5922962,199.08984,1184,FC128,crates,1,3184,,,,
13.140625,6.5703125,0.0,0.19630831,0.00383378,0.923902,0.029007884,-0.021835644,9.38916,199.98047,0.10319226,0.59279644,199.98047,1185,FC128,crates,1,3185,,,,
12.371094,6.4648438,0.00390625,0.2075397,0.003829684,0.9241237,0.0341845,-0.017143277,8.982794,199.13672,0.104245186,0.59329665,199.13672,1186,FC128,crates,1,3186,,,,
12.355469,6.2539062,0.00390625,0.20301074,0.0038255886,0.9242121,0.042364426,-0.01105161,8.964865,199.58203,0.10838535,0.5937969,199.58203,1187,FC128,crates,1,3187,,,,
13.003906,6.4335938,0.00390625,0.19808564,0.0038214931,0.9413677,0.028227009,-0.01459445,9.29793,199.85938,0.087156884,0.5942972,199.85938,1188,FC128,crates,1,3188,,,,
13.808594,6.828125,0.015625,0.18712334,0.0038173976,0.93636245,0.037063606,-0.007887857,9.887286,197.03906,0.09133157,0.59479743,197.03906,1189,FC128,crates,1,3189,,,,
14.386719,6.875,0.02734375,0.18888982,0.0038133021,0.92924213,0.06096588,0.0075371475,10.063614,196.82031,0.10829805,0.5952977,196.82031,1190,FC128,crates,1,3190,,,,
14.730469,6.984375,0.015625,0.18922034,0.0038092067,0.93216765,0.05921795,0.006216135,10.276134,197.5,0.10744519,0.5957979,197.5,1191,FC128,crates,1,3191,,,,
14.480469,6.9375,0.04296875,0.19681601,0.0038051112,0.93927544,0.042629603,-0.0073720855,10.003477,194.34375,0.10150119,0.59629816,194.34375,1192,FC128,crates,1,3192,,,,
14.5546875,7.0117188,0.03515625,0.18737316,0.0038010157,0.930926,0.04948286,-0.007952956,10.1400795,195.42188,0.116296045,0.5967984,195.42188,1193,FC128,crates,1,3193,,,,
14.8125,7.0429688,0.02734375,0.18651652,0.0037969197,0.9401222,0.049359128,-0.0028890045,10.278731,196.16797,0.10591264,0.5972987,196.16797,1194,FC128,crates,1,3194,,,,
14.652344,6.984375,0.0234375,0.18758596,0.0037928242,0.94104373,0.048209257,-0.0030425151,10.157911,196.95703,0.10392651,0.59779894,196.95703,1195,FC128,crates,1,3195,,,,
14.5,6.765625,0.03125,0.18331969,0.0037887287,0.92459047,0.0424682,-0.0161104,9.697481,195.21484,0.1185463,0.59829915,195.21484,1196,FC128,crates,1,3196,,,,
12.734375,6.4414062,0.01171875,0.20157926,0.0037846332,0.9288026,0.030576212,-0.01940691,8.999746,198.17188,0.101492055,0.5987994,198.17188,1197,FC128,crates,1,3197,,,,
11.6640625,6.09375,0.0078125,0.22230788,0.0037805378,0.9150055,0.045867596,-0.009432374,8.472931,198.78906,0.11228082,0.59929967,198.78906,1198,FC128,crates,1,3198,,,,
11.0546875,5.609375,0.0,0.2304591,0.0037764423,0.9101094,0.04245273,-0.012185253,7.795685,199.97266,0.1110166,0.59979993,199.97266,1199,FC128,crates,1,3199,,,,
11.609375,5.8984375,0.01171875,0.2342137,0.0037723468,0.9200655,0.031661343,-0.010852754,8.41379,197.83203,0.08679526,0.6003002,197.83203,1200,FC128,crates,1,3200,,,,
13.511719,6.6640625,0.01171875,0.22318785,0.0037682508,0.9185197,0.036024876,-0.0040853904,9.648888,199.39062,0.08190259,0.6008004,199.39062,1201,FC128,crates,1,3201,,,,
14.261719,6.4921875,0.04296875,0.23598845,0.0037641553,0.91595006,0.047128256,0.0019409754,9.307032,193.94922,0.09215115,0.60130066,193.94922,1202,FC128,crates,1,3202,,,,
16.1875,6.671875,0.05859375,0.19058245,0.0037600598,0.900707,0.056918614,0.003862617,9.451915,191.66406,0.1075452,0.6018009,191.66406,1203,FC128,crates,1,3203,,,,
17.335938,6.4101562,0.08203125,0.16813819,0.0037559643,0.8834651,0.059268147,-0.0055093067,9.200528,187.77344,0.13081795,0.6023012,187.77344,1204,FC128,crates,1,3204,,,,
16.375,6.609375,0.04296875,0.17264807,0.0037518688,0.8932228,0.053464282,-0.011192623,9.439161,192.11328,0.13060932,0.60280144,192.11328,1205,FC128,crates,1,3205,,,,
15.8828125,6.9492188,0.01953125,0.171944,0.0037477734,0.8939063,0.06303472,-0.003715586,9.83627,197.45703,0.13478942,0.60330164,197.45703,1206,FC128,crates,1,3206,,,,
15.46875,6.9453125,0.01953125,0.17016287,0.0037436779,0.9033011,0.051893316,-0.009887915,9.979279,197.35547,0.124836534,0.6038019,197.35547,1207,FC128,crates,1,3207,,,,
15.078125,6.8007812,0.0078125,0.1705803,0.0037395824,0.90539294,0.044524197,-0.018790958,9.542794,198.17969,0.12790611,0.60430217,198.17969,1208,FC128,crates,1,3208,,,,
15.332031,7.1875,0.01171875,0.17774549,0.0037354864,0.9117093,0.036279198,-0.0168087,10.317384,197.58984,0.10750373,0.6048024,197.58984,1209,FC128,crates,1,3209,,,,
13.7265625,6.5351562,0.0078125,0.18730374,0.003731391,0.91218626,0.04402822,-0.0115993945,9.570412,198.95312,0.11265303,0.6053027,198.95312,1210,FC128,crates,1,3210,,,,
12.4765625,6.375,0.00390625,0.21714745,0.0037272954,0.90633225,0.037190445,-0.01804326,9.079884,199.14453,0.112086155,0.6058029,199.14453,1211,FC128,crates,1,3211,,,,
9.511719,5.2421875,0.046875,0.2640503,0.0037232,0.8515794,0.022929374,-0.047547314,7.0617976,197.14844,0.1429196,0.60630316,197.14844,1212,FC128,crates,1,3212,,,,
6.5429688,3.6796875,0.14453125,0.292089,0.0037191045,0.75309354,0.019435108,-0.07433476,4.289141,186.875,0.18971236,0.6068034,186.875,1213,FC128,crates,1,3213,,,,
5.390625,3.2617188,0.02734375,0.30455723,0.003715009,0.7365081,0.013770265,-0.06168315,3.5094733,198.1914,0.15316969,0.6073037,198.1914,1214,FC128,crates,1,3214,,,,
6.5117188,3.8320312,0.015625,0.3078639,0.0037109135,0.7709741,0.0112105915,-0.043502048,4.58502,199.14062,0.11171019,0.60780394,199.14062,1215,FC128,crates,1,3215,,,,
10.9296875,5.765625,0.0234375,0.27378252,0.0037068175,0.8333075,0.042845935,-0.0042150607,7.894864,197.08984,0.09615172,0.60830414,197.08984,1216,FC128,crates,1,3216,,,,
13.34375,6.59375,0.015625,0.24886103,0.003702722,0.81031823,0.06049409,0.00888117,9.310626,198.23047,0.105068766,0.6088044,198.23047,1217,FC128,crates,1,3217,,,,
14.9140625,6.6875,0.01953125,0.25612816,0.0036986265,0.80425704,0.0526349,0.003269565,9.59297,197.32422,0.100625314,0.60930467,197.32422,1218,FC128,crates,1,3218,,,,
17.367188,5.9375,0.0703125,0.21976927,0.003694531,0.75558025,0.054905966,0.00559616,8.142911,191.16016,0.1002435,0.6098049,191.16016,1219,FC128,crates,1,3219,,,,
17.875,5.3945312,0.0859375,0.21281007,0.0036904356,0.7851905,0.038900662,-0.0072948323,7.234239,189.83594,0.093961716,0.6103052,189.83594,1220,FC128,crates,1,3220,,,,
17.652344,5.5898438,0.09375,0.20501523,0.00368634,0.77970445,0.047038767,-0.006362095,7.502032,186.70703,0.10831324,0.61080545,186.70703,1221,FC128,crates,1,3221,,,,
17.417969,5.984375,0.05078125,0.20210074,0.0036822446,0.80401814,0.06874647,0.010258792,8.35877,193.1289,0.118463725,0.61130565,193.1289,1222,FC128,crates,1,3222,,,,
16.851562,6.4804688,0.0625,0.18556799,0.003678149,0.7303394,0.10731581,0.01640977,9.216641,190.66406,0.18317717,0.6118059,190.66406,1223,FC128,crates,1,3223,,,,
15.46875,6.0859375,0.08203125,0.18496093,0.0036740531,0.74228895,0.11755058,0.01176715,8.447384,186.4961,0.21292597,0.6123062,186.4961,1224,FC128,crates,1,3224,,,,
15.359375,6.4882812,0.0546875,0.1856145,0.0036699576,0.81650674,0.07973397,-0.0014397363,9.015391,192.38281,0.1637098,0.61280644,192.38281,1225,FC128,crates,1,3225,,,,
15.8984375,6.4921875,0.0625,0.17721808,0.0036658621,0.8530233,0.057394523,-0.011891088,9.082344,190.53906,0.13987054,0.6133067,190.53906,1226,FC128,crates,1,3226,,,,
16.414062,6.5117188,0.05078125,0.15813012,0.0036617666,0.8504328,0.06135466,-0.0098424265,8.899239,193.20312,0.14355224,0.6138069,193.20312,1227,FC128,crates,1,3227,,,,
16.175781,6.7578125,0.01953125,0.16315848,0.0036576712,0.8694323,0.052085552,-0.010801732,9.436817,196.44531,0.12696813,0.61430717,196.44531,1228,FC128,crates,1,3228,,,,
14.90625,6.8710938,0.01953125,0.1726957,0.0036535757,0.88867575,0.04389794,-0.018234026,9.232598,197.33594,0.12552585,0.6148074,197.33594,1229,FC128,crates,1,3229,,,,
13.027344,6.3984375,0.04296875,0.18641202,0.0036494802,0.86368877,0.044084188,-0.02662363,8.356642,193.94922,0.14277625,0.6153077,193.94922,1230,FC128,crates,1,3230,,,,
8.9453125,4.7617188,0.0234375,0.25373966,0.0036453847,0.78300357,0.036734995,-0.053955324,5.2703915,196.79297,0.1832306,0.61580795,196.79297,1231,FC128,crates,1,3231,,,,
4.5039062,2.5820312,0.01953125,0.2822062,0.0036412887,0.64101565,0.045131613,-0.06860878,1.2705472,197.10547,0.22953598,0.61630815,197.10547,1232,FC128,crates,1,3232,,,,
2.3007812,1.234375,0.01953125,0.3044266,0.0036371932,0.59836894,0.023634532,-0.084296025,-0.9897264,197.70312,0.21807563,0.6168084,197.70312,1233,FC128,crates,1,3233,,,,
1.1796875,0.7421875,0.01171875,0.31792587,0.0036330977,0.6291769,0.0089126155,-0.075618565,-1.6117773,198.9336,0.17137247,0.6173087,198.9336,1234,FC128,crates,1,3234,,,,
0.5078125,0.28515625,0.01171875,0.30234936,0.0036290023,0.67783916,-0.0007786099,-0.059064172,-1.8395116,198.17188,0.11876558,0.61780894,198.17188,1235,FC128,crates,1,3235,,,,
0.1484375,0.07421875,0.00390625,0.26208314,0.0036249068,0.8048769,-0.00087715656,-0.04220196,-2.0041795,199.32812,0.08454966,0.6183092,199.32812,1236,FC128,crates,1,3236,,,,
0.01953125,0.0,0.00390625,0.11002761,0.0036208113,0.8506768,0.07391644,-0.0030217462,-2.053945,199.98828,0.15467316,0.6188094,199.98828,1237,FC128,crates,1,3237,,,,
0.00390625,0.0,0.0,0.061276406,0.0036167158,0.8291824,0.12814957,-0.0021308842,-2.0281248,200.0,0.26100415,0.61930966,200.0,1238,FC128,crates,1,3238,,,,
0.0,0.0,0.0,0.061237887,0.0036126198,0.8432085,0.08451882,0.0012330284,-1.9999998,200.0,0.16701405,0.6198099,200.0,1239,FC128,crates,1,3239,,,,
0.0,0.0,0.0,0.061495475,0.0036085243,0.82639307,0.02977574,0.00039156884,-1.9999998,200.0,0.05921216,0.6203102,200.0,1240,FC128,crates,1,3240,,,,
0.0,0.0,0.0,0.08802278,0.0036044288,0.76330906,0.0033658992,-0.0038601493,-1.9999998,200.0,0.015086641,0.62081045,200.0,1241,FC128,crates,1,3241,,,,
0.0,0.0,0.0,0.110547155,0.0036003334,0.666222,0.003542363,-0.0050144386,-1.9999998,200.0,0.017909616,0.62131065,200.0,1242,FC128,crates,1,3242,,,,
0.0,0.0,0.0,0.11229667,0.0035962379,0.6020584,0.002648304,-0.0047108596,-1.9999998,200.0,0.015526018,0.6218109,200.0,1243,FC128,crates,1,3243,,,,
0.0,0.0,0.0,0.1379247,0.0035921424,0.42135048,0.0027597405,-0.0053039268,-1.9999998,200.0,0.017118225,0.6223112,200.0,1244,FC128,crates,1,3244,,,,
0.0,0.0,0.0,0.15072742,0.0035880469,0.4030034,0.012685177,-0.00079564523,-1.9999998,200.0,0.02804328,0.62281144,200.0,1245,FC128,crates,1,3245,,,,
0.0,0.0,0.0,0.16314052,0.0035839514,0.45018107,0.015998606,0.0027048956,-1.9999998,200.0,0.027756795,0.6233117,200.0,1246,FC128,crates,1,3246,,,,
0.0,0.0,0.0,0.17465435,0.0035798554,0.4963137,0.007124696,-0.0008094187,-1.9999998,200.0,0.017118704,0.6238119,200.0,1247,FC128,crates,1,3247,,,,
0.0,0.0,0.0,0.16794743,0.00357576,0.7107521,-0.00078400975,-0.003533308,-1.9999998,200.0,0.0066996757,0.62431216,200.0,1248,FC128,crates,1,3248,,,,
0.01171875,0.00390625,0.0078125,0.16617739,0.0035716644,0.7366724,-0.0009295201,-0.0031472454,-2.003945,199.26953,0.0056225103,0.6248124,199.26953,1249,FC128,crates,1,3249,,,,
0.0,0.0,0.0,0.07538049,0.003567569,0.7587685,0.0021107187,-0.0012075962,-1.9999998,200.0,0.0071744802,0.6253127,200.0,1250,FC128,crates,1,3250,,,,
0.0,0.0,0.0,0.061114416,0.0035634735,0.7628468,0.0023294776,-0.0009102693,-1.9999998,200.0,0.006915053,0.62581295,200.0,1251,FC128,crates,1,3251,,,,
0.00390625,0.0,0.0,0.06994017,0.003559378,0.77418375,0.0010247645,-0.00086973794,-1.9988279,200.0,0.004286892,0.62631315,200.0,1252,FC128,crates,1,3252,,,,
0.015625,0.0,0.01171875,0.11541671,0.0035552825,0.69854033,-0.00089026836,-0.0023859623,-2.0147262,199.60938,0.0038120658,0.6268134,199.60938,1253,FC128,crates,1,3253,,,,
0.00390625,0.0,0.0,0.16593751,0.0035511865,0.73931944,0.0012114332,-0.0008280182,-2.0060544,200.0,0.005257453,0.6273137,200.0,1254,FC128,crates,1,3254,,,,
0.0078125,0.0,0.0078125,0.25244042,0.003547091,0.70326316,0.0048963847,0.0015829372,-2.0081248,199.375,0.0084177535,0.62781394,199.375,1255,FC128,crates,1,3255,,,,
0.05859375,0.0,0.05078125,0.3134496,0.0035429955,0.5685626,-0.0019643076,-0.004416649,-2.0359764,194.54688,0.007125784,0.6283142,194.54688,1256,FC128,crates,1,3256,,,,
0.00390625,0.0,0.00390625,0.339436,0.0035389,0.6986326,-0.0027813169,-0.0036682584,-2.0023046,199.45312,0.0041763433,0.6288144,199.45312,1257,FC128,crates,1,3257,,,,
0.0078125,0.0,0.0078125,0.3806632,0.0035348046,0.65480244,-0.0008336045,-0.002165143,-2.0090623,199.35156,0.005354217,0.62931466,199.35156,1258,FC128,crates,1,3258,,,,
0.0,0.0,0.0,0.3021004,0.003530709,0.6603339,0.002873765,0.0007173448,-1.9999998,200.0,0.006446098,0.6298149,200.0,1259,FC128,crates,1,3259,,,,
0.0,0.0,0.0,0.22059634,0.0035266136,0.657876,0.0025444855,0.00025233536,-1.9999998,200.0,0.0061402163,0.6303152,200.0,1260,FC128,crates,1,3260,,,,
0.0,0.0,0.0,0.2176704,0.003522518,0.633721,-0.00031609606,-0.0016476887,-1.9999998,200.0,0.004196681,0.63081545,200.0,1261,FC128,crates,1,3261,,,,
0.0,0.0,0.0,0.20130867,0.0035184221,0.62243176,-0.00048142765,-0.0018305912,-1.9999998,200.0,0.004114905,0.6313157,200.0,1262,FC128,crates,1,3262,,,,
0.0,0.0,0.0,0.21467131,0.0035143266,0.61085,0.0010952314,-0.0008128897,-1.9999998,200.0,0.0053250925,0.6318159,200.0,1263,FC128,crates,1,3263,,,,
0.0,0.0,0.0,0.2820309,0.0035102312,0.593228,0.0018030416,-0.00021729022,-1.9999998,200.0,0.0060206507,0.6323162,200.0,1264,FC128,crates,1,3264,,,,
0.0,0.0,0.0,0.36033282,0.0035061357,0.5535885,0.00066312647,-0.0006225726,-1.9999998,200.0,0.0050981496,0.63281643,200.0,1265,FC128,crates,1,3265,,,,
0.0,0.0,0.0,0.43861014,0.0035020402,0.5236572,-0.001304674,-0.0020788717,-1.9999998,200.0,0.004620456,0.6333167,200.0,1266,FC128,crates,1,3266,,,,
0.0,0.0,0.0,0.41974294,0.0034979447,0.5184889,-3.6456622e-06,-0.0010318252,-1.9999998,200.0,0.0049928343,0.63381696,200.0,1267,FC128,crates,1,3267,,,,
0.0,0.0,0.0,0.39307335,0.0034938492,0.52497447,9.211595e-05,-0.0010719823,-1.9999998,200.0,0.0050748745,0.63431716,200.0,1268,FC128,crates,1,3268,,,,
0.00390625,0.0,0.00390625,0.42862123,0.0034897532,0.48019922,0.0006638393,-0.0005018396,-2.002695,199.60938,0.0053229225,0.6348174,199.60938,1269,FC128,crates,1,3269,,,,
0.0,0.0,0.0,0.45000213,0.0034856577,0.47148156,0.0001795803,-0.0007434246,-1.9999998,200.0,0.0049831164,0.6353177,200.0,1270,FC128,crates,1,3270,,,,
0.0,0.0,0.0,0.42165273,0.0034815622,0.46516562,-0.000805703,-0.0017231805,-1.9999998,200.0,0.0047709756,0.63581795,200.0,1271,FC128,crates,1,3271,,,,
0.0,0.0,0.0,0.37452945,0.0034774668,0.4670477,-0.0014517497,-0.0024046563,-1.9999998,200.0,0.0045106406,0.6363182,200.0,1272,FC128,crates,1,3272,,,,
0.0,0.0,0.0,0.37002376,0.0034733713,0.46347845,-0.00083072565,-0.0020224424,-1.9999998,200.0,0.0049538934,0.6368184,200.0,1273,FC128,crates,1,3273,,,,
0.01171875,0.0,0.01171875,0.37052453,0.0034692758,0.34952134,0.000810163,-0.0009099795,-2.0021873,198.1211,0.0060111885,0.6373187,198.1211,1274,FC128,crates,1,3274,,,,
0.0,0.0,0.0,0.36995184,0.0034651803,0.3419801,1.8861727e-05,-0.0012503613,-1.9999998,200.0,0.0051023457,0.63781893,200.0,1275,FC128,crates,1,3275,,,,
0.00390625,0.0,0.00390625,0.36580402,0.0034610848,0.3024608,-0.0005171499,-0.0018538755,-2.0034373,199.5664,0.0052056084,0.6383192,199.5664,1276,FC128,crates,1,3276,,,,
0.0,0.0,0.0,0.36854136,0.0034569888,0.3319016,-0.0003865395,-0.001662262,-1.9999998,200.0,0.0050995317,0.63881946,200.0,1277,FC128,crates,1,3277,,,,
0.0234375,0.0,0.01953125,0.38924447,0.0034528933,0.27084196,-0.0014066166,-0.0028218864,-2.0154686,198.36328,0.005518579,0.63931966,198.36328,1278,FC128,crates,1,3278,,,,
0.01171875,0.0,0.01171875,0.39649287,0.0034487979,0.30895495,4.4577057e-05,-0.0015634879,-2.0109372,198.8789,0.0059509776,0.6398199,198.8789,1279,FC128,crates,1,3279,,,,
0.01953125,0.0,0.01953125,0.4208465,0.0034447024,0.22684294,-0.00025656843,-0.0019160472,-2.01957,198.1875,0.0062183393,0.6403202,198.1875,1280,FC128,crates,1,3280,,,,
0.01953125,0.0,0.01953125,0.4542416,0.0034406069,0.23682112,-0.00023167557,-0.0018944695,-2.027031,199.05078,0.0064513213,0.64082044,199.05078,1281,FC128,crates,1,3281,,,,
0.015625,0.0,0.015625,0.4696266,0.0034365114,0.24462247,-0.0013853066,-0.0026453878,-2.026523,199.66016,0.0057479166,0.6413207,199.66016,1282,FC128,crates,1,3282,,,,
0.01953125,0.0,0.015625,0.4745802,0.003432416,0.2631457,-0.0011304527,-0.0023878117,-2.020078,198.89844,0.005772631,0.6418209,198.89844,1283,FC128,crates,1,3283,,,,
0.04296875,0.0,0.0390625,0.48053613,0.00342832,0.21072465,-0.0011695283,-0.002812353,-2.0223827,194.9336,0.0065805125,0.64232117,194.9336,1284,FC128,crates,1,3284,,,,
0.015625,0.0,0.015625,0.48184022,0.0034242244,0.24757338,0.00017511332,-0.0014239928,-2.0054684,197.4375,0.0064980704,0.64282143,197.4375,1285,FC128,crates,1,3285,,,,
0.01171875,0.0,0.0078125,0.5056915,0.003420129,0.2605285,0.0010544711,-0.0002920058,-2.0087109,199.3164,0.0061520142,0.6433217,199.3164,1286,FC128,crates,1,3286,,,,
0.01953125,0.0,0.015625,0.512357,0.0034160335,0.2485184,-0.00093141536,-0.0019397881,-2.0139842,198.52344,0.005517203,0.64382195,198.52344,1287,FC128,crates,1,3287,,,,
0.0078125,0.0,0.0078125,0.52045846,0.003411938,0.2544508,-0.0017177862,-0.0025734706,-2.0066013,199.10547,0.0052629127,0.64432216,199.10547,1288,FC128,crates,1,3288,,,,
0.015625,0.0,0.01171875,0.5368414,0.0034078425,0.27285898,-0.0022593308,-0.002995938,-2.0068748,198.47266,0.005132156,0.6448224,198.47266,1289,FC128,crates,1,3289,,,,
0.01171875,0.0,0.01171875,0.5277804,0.003403747,0.21634525,0.00032009708,-0.0007927537,-2.0111718,198.90234,0.0058185635,0.6453227,198.90234,1290,FC128,crates,1,3290,,,,
0.00390625,0.0,0.00390625,0.53232837,0.0033996515,0.21326,0.00202641,0.00080900063,-2.0005467,199.27734,0.006054281,0.64582294,199.27734,1291,FC128,crates,1,3291,,,,
0.0078125,0.0,0.0078125,0.5408632,0.0033955555,0.25084162,0.00031579938,-0.00078340527,-2.0130467,199.75,0.0058714715,0.6463232,199.75,1292,FC128,crates,1,3292,,,,
0.00390625,0.0,0.00390625,0.5423331,0.00339146,0.26648355,-0.00011521543,-0.0010012243,-2.0053904,199.76172,0.00545062,0.6468234,199.76172,1293,FC128,crates,1,3293,,,,
0.00390625,0.0,0.00390625,0.5254494,0.0033873646,0.21594042,-0.0005089723,-0.0014078431,-2.0037107,199.59375,0.005357519,0.64732367,199.59375,1294,FC128,crates,1,3294,,,,
0.0,0.0,0.0,0.5310135,0.003383269,0.19637847,-0.001110637,-0.001881651,-1.9999998,200.0,0.005135151,0.6478239,200.0,1295,FC128,crates,1,3295,,,,
0.0,0.0,0.0,0.5176863,0.0033791736,0.198591,-0.0004932106,-0.0013032827,-1.9999998,200.0,0.005118848,0.6483242,200.0,1296,FC128,crates,1,3296,,,,
0.0,0.0,0.0,0.5172751,0.003375078,0.22730309,-0.0006440083,-0.0015518457,-1.9999998,200.0,0.0053073624,0.64882445,200.0,1297,FC128,crates,1,3297,,,,
0.0,0.0,0.0,0.5050681,0.0033709826,0.19633651,-0.00017495058,-0.001116966,-1.9999998,200.0,0.0052891825,0.64932466,200.0,1298,FC128,crates,1,3298,,,,
0.0,0.0,0.0,0.4932764,0.0033668866,0.18443036,-0.0006513969,-0.0015643194,-1.9999998,200.0,0.005147456,0.6498249,200.0,1299,FC128,crates,1,3299,,,,
0.0,0.0,0.0,0.49799463,0.0033627911,0.18308526,-0.0006759673,-0.0015717691,-1.9999998,200.0,0.0051409076,0.6503252,200.0,1300,FC128,crates,1,3300,,,,
0.0,0.0,0.0,0.49327305,0.0033586957,0.17420602,-0.0005348113,-0.0014716239,-1.9999998,200.0,0.0051871333,0.65082544,200.0,1301,FC128,crates,1,3301,,,,
0.0,0.0,0.0,0.5157184,0.0033546002,0.16226727,-0.0008150856,-0.0017455763,-1.9999998,200.0,0.0053210394,0.6513257,200.0,1302,FC128,crates,1,3302,,,,
0.0,0.0,0.0,0.5342469,0.0033505047,0.1612156,-0.0005121975,-0.001354022,-1.9999998,200.0,0.0052636424,0.65182596,200.0,1303,FC128,crates,1,3303,,,,
0.0,0.0,0.0,0.543783,0.0033464092,0.1827488,-0.0011449053,-0.0018787659,-1.9999998,200.0,0.005107162,0.65232617,200.0,1304,FC128,crates,1,3304,,,,
0.0,0.0,0.0,0.5631289,0.0033423137,0.15491766,-0.0008014154,-0.001461951,-1.9999998,200.0,0.005085378,0.6528264,200.0,1305,FC128,crates,1,3305,,,,
0.0,0.0,0.0,0.56162053,0.0033382182,0.17050993,-0.0013003451,-0.0019608971,-1.9999998,200.0,0.005070728,0.6533267,200.0,1306,FC128,crates,1,3306,,,,
0.0,0.0,0.0,0.5699021,0.0033341222,0.15615708,-0.00018514984,-0.0009095494,-1.9999998,200.0,0.005249046,0.65382695,200.0,1307,FC128,crates,1,3307,,,,
0.0,0.0,0.0,0.5641272,0.0033300268,0.16257292,0.00014442601,-0.0006076963,-1.9999998,200.0,0.005261362,0.6543272,200.0,1308,FC128,crates,1,3308,,,,
0.0,0.0,0.0,0.5697507,0.0033259313,0.15919876,-0.0008119454,-0.001483172,-1.9999998,200.0,0.0051323567,0.6548274,200.0,1309,FC128,crates,1,3309,,,,
0.0,0.0,0.0,0.5756307,0.0033218358,0.1535412,-0.00082855637,-0.0014708132,-1.9999998,200.0,0.005108815,0.6553277,200.0,1310,FC128,crates,1,3310,,,,
0.0,0.0,0.0,0.57221234,0.0033177403,0.14039975,-0.0011465135,-0.0017765216,-1.9999998,200.0,0.00505692,0.65582794,200.0,1311,FC128,crates,1,3311,,,,
0.0,0.0,0.0,0.5677266,0.0033136448,0.15495342,-0.00037445663,-0.0011259806,-1.9999998,200.0,0.0052655367,0.6563282,200.0,1312,FC128,crates,1,3312,,,,
0.0,0.0,0.0,0.54177535,0.0033095493,0.16876894,-0.00029904651,-0.0011107257,-1.9999998,200.0,0.0052094227,0.65682846,200.0,1313,FC128,crates,1,3313,,,,
0.0,0.0,0.0,0.5377096,0.0033054533,0.12705249,-0.00021377031,-0.0010689452,-1.9999998,200.0,0.0052650976,0.65732867,200.0,1314,FC128,crates,1,3314,,,,
0.0,0.0,0.0,0.512663,0.0033013579,0.13543975,0.00011948228,-0.0008436316,-1.9999998,200.0,0.0053111957,0.6578289,200.0,1315,FC128,crates,1,3315,,,,
0.0,0.0,0.0,0.5081017,0.0032972624,0.14717132,-0.0005469306,-0.0014368944,-1.9999998,200.0,0.005130617,0.6583292,200.0,1316,FC128,crates,1,3316,,,,
0.0,0.0,0.0,0.51797044,0.0032931669,0.14860314,-0.00045711047,-0.0013170447,-1.9999998,200.0,0.0051313946,0.65882945,200.0,1317,FC128,crates,1,3317,,,,
0.0,0.0,0.0,0.53096473,0.0032890714,0.16215396,-0.00089209306,-0.0016573475,-1.9999998,200.0,0.005023271,0.6593297,200.0,1318,FC128,crates,1,3318,,,,
0.0,0.0,0.0,0.53128725,0.003284976,0.15688425,-0.00079675415,-0.0016109535,-1.9999998,200.0,0.0051189302,0.6598299,200.0,1319,FC128,crates,1,3319,,,,
0.0,0.0,0.0,0.5453426,0.0032808804,0.16382891,0.0009429654,-2.4647265e-05,-1.9999998,200.0,0.005513633,0.6603302,200.0,1320,FC128,crates,1,3320,,,,
0.0,0.0,0.0,0.5721933,0.003276785,0.14423192,-0.00020856224,-0.0010023592,-1.9999998,200.0,0.005337503,0.66083044,200.0,1321,FC128,crates,1,3321,,,,
0.0,0.0,0.0,0.56739634,0.003272689,0.15727782,-0.0005271144,-0.0012675829,-1.9999998,200.0,0.0051947604,0.6613307,200.0,1322,FC128,crates,1,3322,,,,
0.0,0.0,0.0,0.5695762,0.0032685935,0.15658945,-0.0009778751,-0.0016659168,-1.9999998,200.0,0.0050995094,0.66183096,200.0,1323,FC128,crates,1,3323,,,,
0.0,0.0,0.0,0.56430364,0.003264498,0.13925928,-0.0010552364,-0.001677663,-1.9999998,200.0,0.004929189,0.66233116,200.0,1324,FC128,crates,1,3324,,,,
0.0,0.0,0.0,0.5843633,0.0032604025,0.14047104,-0.0001772365,-0.0008886923,-1.9999998,200.0,0.0052334303,0.6628314,200.0,1325,FC128,crates,1,3325,,,,
0.0,0.0,0.0,0.5921873,0.003256307,0.12800717,0.00036347948,-0.00040510102,-1.9999998,200.0,0.0053938483,0.6633317,200.0,1326,FC128,crates,1,3326,,,,
0.0,0.0,0.0,0.57214636,0.0032522115,0.1307118,8.227478e-05,-0.0007161082,-1.9999998,200.0,0.0053182477,0.66383195,200.0,1327,FC128,crates,1,3327,,,,
0.0,0.0,0.0,0.56808347,0.003248116,0.15501046,-0.00063510274,-0.001345205,-1.9999998,200.0,0.0051106066,0.6643322,200.0,1328,FC128,crates,1,3328,,,,
0.0,0.0,0.0,0.5622688,0.00324402,0.14128584,-0.00033716974,-0.0010210961,-1.9999998,200.0,0.005015875,0.6648324,200.0,1329,FC128,crates,1,3329,,,,
0.0,0.0,0.0,0.55505997,0.0032399246,0.12990677,-0.0003772832,-0.0011265136,-1.9999998,200.0,0.0050951657,0.6653327,200.0,1330,FC128,crates,1,3330,,,,
0.0,0.0,0.0,0.55045307,0.003235829,0.13306206,1.8304912e-05,-0.00086375384,-1.9999998,200.0,0.0053264615,0.66583294,200.0,1331,FC128,crates,1,3331,,,,
0.0,0.0,0.0,0.54946405,0.0032317336,0.12068105,0.0010029819,5.0889103e-05,-1.9999998,200.0,0.0054556285,0.6663332,200.0,1332,FC128,crates,1,3332,,,,
0.0,0.0,0.0,0.539183,0.003227638,0.12915587,0.00041756022,-0.00046651586,-1.9999998,200.0,0.0052487273,0.66683346,200.0,1333,FC128,crates,1,3333,,,,
0.0,0.0,0.0,0.5484649,0.0032235426,0.11466205,-0.0007498383,-0.0014451994,-1.9999998,200.0,0.004926722,0.66733366,200.0,1334,FC128,crates,1,3334,,,,
0.0,0.0,0.0,0.56831783,0.003219447,0.119963825,-0.0010375883,-0.001722931,-1.9999998,200.0,0.005030024,0.6678339,200.0,1335,FC128,crates,1,3335,,,,
0.0,0.0,0.0,0.5480745,0.0032153516,0.13785076,0.0010849141,0.00014096007,-1.9999998,200.0,0.0054124123,0.6683342,200.0,1336,FC128,crates,1,3336,,,,
0.0,0.0,0.0,0.54430073,0.0032112557,0.115217745,0.0004258739,-0.0005036026,-1.9999998,200.0,0.005354731,0.66883445,200.0,1337,FC128,crates,1,3337,,,,
0.0,0.0,0.0,0.5569185,0.0032071602,0.119357824,-0.0004262512,-0.001224693,-1.9999998,200.0,0.0051691374,0.6693347,200.0,1338,FC128,crates,1,3338,,,,
0.0,0.0,0.0,0.567078,0.0032030647,0.14543128,-0.00015657069,-0.00088928133,-1.9999998,200.0,0.005098196,0.6698349,200.0,1339,FC128,crates,1,3339,,,,
0.0,0.0,0.0,0.57001626,0.0031989692,0.12401307,-4.197308e-05,-0.0007343317,-1.9999998,200.0,0.005031646,0.6703352,200.0,1340,FC128,crates,1,3340,,,,
0.0,0.0,0.0,0.5782541,0.0031948737,0.12281144,0.00024888397,-0.0004833901,-1.9999998,200.0,0.005159446,0.67083544,200.0,1341,FC128,crates,1,3341,,,,
0.0,0.0,0.0,0.57748204,0.0031907782,0.14867109,0.00011358957,-0.0006435941,-1.9999998,200.0,0.0051996014,0.6713357,200.0,1342,FC128,crates,1,3342,,,,
0.0,0.0,0.0,0.585633,0.0031866827,0.13563728,0.0007851728,-4.2415857e-05,-1.9999998,200.0,0.0053876303,0.67183596,200.0,1343,FC128,crates,1,3343,,,,
0.0,0.0,0.0,0.5766893,0.0031825872,0.13617879,0.0007411997,-8.56711e-05,-1.9999998,200.0,0.00532447,0.6723362,200.0,1344,FC128,crates,1,3344,,,,
0.0,0.0,0.0,0.567724,0.0031784913,0.1355927,-0.00026178965,-0.0009251274,-1.9999998,200.0,0.004935687,0.6728364,200.0,1345,FC128,crates,1,3345,,,,
0.0,0.0,0.0,0.57656705,0.0031743958,0.12006068,-0.0007338901,-0.0013748974,-1.9999998,200.0,0.0049425187,0.6733367,200.0,1346,FC128,crates,1,3346,,,,
0.0,0.0,0.0,0.56671715,0.0031703003,0.10979682,0.00045749918,-0.000382386,-1.9999998,200.0,0.005273097,0.67383695,200.0,1347,FC128,crates,1,3347,,,,
0.0,0.0,0.0,0.5567625,0.0031662048,0.1273951,0.0008334955,-0.00010283738,-1.9999998,200.0,0.005398314,0.6743372,200.0,1348,FC128,crates,1,3348,,,,
0.0,0.0,0.0,0.56028587,0.0031621093,0.11548668,0.00026947423,-0.00053653744,-1.9999998,200.0,0.005155394,0.67483747,200.0,1349,FC128,crates,1,3349,,,,
0.0,0.0,0.0,0.5457025,0.0031580138,0.10852629,0.000111686066,-0.0006977211,-1.9999998,200.0,0.0050654863,0.6753377,200.0,1350,FC128,crates,1,3350,,,,
0.0,0.0,0.0,0.5542856,0.0031539183,0.12985504,0.0004561604,-0.0003937192,-1.9999998,200.0,0.005196102,0.67583793,200.0,1351,FC128,crates,1,3351,,,,
0.00390625,0.0,0.00390625,0.53960437,0.0031498224,0.118278265,0.0005525802,-0.00044657444,-2.0021873,199.4414,0.0053976253,0.6763382,199.4414,1352,FC128,crates,1,3352,,,,
0.0,0.0,0.0,0.5368203,0.0031457269,0.10338616,0.0016120415,0.00047336405,-1.9999998,200.0,0.005654735,0.67683846,200.0,1353,FC128,crates,1,3353,,,,
0.0,0.0,0.0,0.52722836,0.0031416314,0.12617785,0.0006524073,-0.000292792,-1.9999998,200.0,0.005203113,0.6773387,200.0,1354,FC128,crates,1,3354,,,,
0.0,0.0,0.0,0.5300648,0.0031375359,0.13270539,-0.0006280942,-0.0013560425,-1.9999998,200.0,0.0047820914,0.6778389,200.0,1355,FC128,crates,1,3355,,,,
0.0,0.0,0.0,0.5446071,0.0031334404,0.11931795,-0.0010601905,-0.0017169048,-1.9999998,200.0,0.0047264164,0.6783392,200.0,1356,FC128,crates,1,3356,,,,
0.0,0.0,0.0,0.56495416,0.003129345,0.11622131,0.0011359504,0.00021775007,-1.9999998,200.0,0.0053722737,0.67883945,200.0,1357,FC128,crates,1,3357,,,,
0.0,0.0,0.0,0.57138205,0.0031252494,0.115553856,0.0013760864,0.00037105486,-1.9999998,200.0,0.0055814856,0.6793397,200.0,1358,FC128,crates,1,3358,,,,
0.0,0.0,0.0,0.57147306,0.003121154,0.10312843,0.0012437062,0.0002985145,-1.9999998,200.0,0.005457694,0.67983997,200.0,1359,FC128,crates,1,3359,,,,
0.0,0.0,0.0,0.5783646,0.003117058,0.119603634,-0.00035905524,-0.0010446667,-1.9999998,200.0,0.004976815,0.6803402,200.0,1360,FC128,crates,1,3360,,,,
0.0,0.0,0.0,0.56270504,0.0031129625,0.114480734,-0.00031365873,-0.0010511328,-1.9999998,200.0,0.0049783075,0.68084043,200.0,1361,FC128,crates,1,3361,,,,
0.0,0.0,0.0,0.54512376,0.003108867,0.11085302,0.00013315002,-0.0007434112,-1.9999998,200.0,0.005142557,0.6813407,200.0,1362,FC128,crates,1,3362,,,,
0.0,0.0,0.0,0.51941276,0.0031047715,0.1129269,0.0010775083,9.456351e-06,-1.9999998,200.0,0.0053614196,0.68184096,200.0,1363,FC128,crates,1,3363,,,,
0.0,0.0,0.0,0.5147149,0.003100676,0.09765351,0.00096180907,-0.00011570826,-1.9999998,200.0,0.0053469627,0.6823412,200.0,1364,FC128,crates,1,3364,,,,
0.0,0.0,0.0,0.50903714,0.0030965805,0.114052355,0.00082588487,-0.00022654742,-1.9999998,200.0,0.0052574137,0.6828414,200.0,1365,FC128,crates,1,3365,,,,
0.0,0.0,0.0,0.50339335,0.003092485,0.10870391,-0.000104079605,-0.0009789647,-1.9999998,200.0,0.004863243,0.6833417,200.0,1366,FC128,crates,1,3366,,,,
0.0,0.0,0.0,0.51581854,0.003088389,0.122990966,-0.00063790265,-0.001471229,-1.9999998,200.0,0.0048527494,0.68384194,200.0,1367,FC128,crates,1,3367,,,,
0.0,0.0,0.0,0.50512946,0.0030842936,0.1111868,0.00022884633,-0.0008015413,-1.9999998,200.0,0.0051767104,0.6843422,200.0,1368,FC128,crates,1,3368,,,,
0.0,0.0,0.0,0.5049607,0.003080198,0.11747593,0.0017615303,0.0005432291,-1.9999998,200.0,0.0055473605,0.68484247,200.0,1369,FC128,crates,1,3369,,,,
0.0,0.0,0.0,0.510772,0.0030761026,0.08693957,0.001228893,4.6838966e-05,-1.9999998,200.0,0.005506482,0.68534267,200.0,1370,FC128,crates,1,3370,,,,
0.0,0.0,0.0,0.5082486,0.003072007,0.10972077,0.00040817936,-0.00058214366,-1.9999998,200.0,0.005103333,0.68584293,200.0,1371,FC128,crates,1,3371,,,,
0.0,0.0,0.0,0.52592087,0.0030679116,0.098596215,-0.00016260939,-0.0009766462,-1.9999998,200.0,0.004855031,0.6863432,200.0,1372,FC128,crates,1,3372,,,,
0.0,0.0,0.0,0.52280515,0.003063816,0.10723686,-0.00033147726,-0.0011661267,-1.9999998,200.0,0.0048728567,0.68684345,200.0,1373,FC128,crates,1,3373,,,,
0.0,0.0,0.0,0.55910826,0.0030597206,0.10348332,0.00052548375,-0.0003977771,-1.9999998,200.0,0.005267952,0.6873437,200.0,1374,FC128,crates,1,3374,,,,
0.0,0.0,0.0,0.5623574,0.0030556247,0.09338087,0.0016476971,0.0005670394,-1.9999998,200.0,0.0055980217,0.6878439,200.0,1375,FC128,crates,1,3375,,,,
0.0,0.0,0.0,0.5659976,0.0030515292,0.09635055,0.0011162416,0.0001745785,-1.9999998,200.0,0.0053376425,0.6883442,200.0,1376,FC128,crates,1,3376,,,,
0.0,0.0,0.0,0.59817255,0.0030474337,0.11136687,0.00029108347,-0.00043357804,-1.9999998,200.0,0.0050951056,0.68884444,200.0,1377,FC128,crates,1,3377,,,,
0.0,0.0,0.0,0.5817037,0.0030433382,0.10851371,-0.00076859153,-0.0013984328,-1.9999998,200.0,0.004800325,0.6893447,200.0,1378,FC128,crates,1,3378,,,,
0.0,0.0,0.0,0.5870588,0.0030392427,0.08271414,-0.00012540875,-0.00082262815,-1.9999998,200.0,0.004962867,0.68984497,200.0,1379,FC128,crates,1,3379,,,,
0.0,0.0,0.0,0.57092786,0.0030351472,0.11192602,0.0008196073,-6.873265e-05,-1.9999998,200.0,0.00524238,0.69034517,200.0,1380,FC128,crates,1,3380,,,,
0.0,0.0,0.0,0.5662907,0.0030310517,0.09308189,0.0013154261,0.0003273183,-1.9999998,200.0,0.0054091285,0.69084543,200.0,1381,FC128,crates,1,3381,,,,
0.0,0.0,0.0,0.57472754,0.0030269558,0.10201448,0.00071830873,-0.00014574692,-1.9999998,200.0,0.005207461,0.6913457,200.0,1382,FC128,crates,1,3382,,,,
0.00390625,0.0,0.00390625,0.5912008,0.0030228603,0.12051755,-0.0005747541,-0.0013027524,-2.0028903,199.51172,0.0050302316,0.69184595,199.51172,1383,FC128,crates,1,3383,,,,
0.00390625,0.0,0.00390625,0.5760424,0.0030187648,0.12322837,-0.00028185127,-0.0011564727,-2.0031638,199.53906,0.005227116,0.6923462,199.53906,1384,FC128,crates,1,3384,,,,
0.0,0.0,0.0,0.5753242,0.0030146693,0.102911234,0.0023640823,0.0012496872,-1.9999998,200.0,0.005697615,0.6928464,200.0,1385,FC128,crates,1,3385,,,,
0.0,0.0,0.0,0.5723254,0.0030105738,0.100813866,0.0014290566,0.00042536468,-1.9999998,200.0,0.00545344,0.6933467,200.0,1386,FC128,crates,1,3386,,,,
0.0,0.0,0.0,0.5836984,0.0030064783,0.09285754,-5.907507e-05,-0.0008610624,-1.9999998,200.0,0.005113728,0.69384694,200.0,1387,FC128,crates,1,3387,,,,
0.0,0.0,0.0,0.5678593,0.0030023828,0.09000474,-0.00050018413,-0.0011949368,-1.9999998,200.0,0.0047993674,0.6943472,200.0,1388,FC128,crates,1,3388,,,,
0.0,0.0,0.0,0.5656107,0.0029982873,0.10585886,-1.9635074e-05,-0.0008452171,-1.9999998,200.0,0.005042891,0.69484746,200.0,1389,FC128,crates,1,3389,,,,
0.0,0.0,0.0,0.58137274,0.0029941914,0.08775675,0.00137764,0.0004081878,-1.9999998,200.0,0.005420387,0.6953477,200.0,1390,FC128,crates,1,3390,,,,
0.0,0.0,0.0,0.5792548,0.0029900959,0.08444905,0.0017542026,0.0006717219,-1.9999998,200.0,0.005629016,0.6958479,200.0,1391,FC128,crates,1,3391,,,,
0.0,0.0,0.0,0.57188773,0.0029860004,0.10424864,0.0008013048,-0.00012318432,-1.9999998,200.0,0.0052642925,0.6963482,200.0,1392,FC128,crates,1,3392,,,,
0.0,0.0,0.0,0.57206243,0.002981905,0.091882646,-0.00028222648,-0.0010397107,-1.9999998,200.0,0.00492664,0.69684845,200.0,1393,FC128,crates,1,3393,,,,
0.0,0.0,0.0,0.5674603,0.0029778094,0.077543974,-0.00041803683,-0.0011779697,-1.9999998,200.0,0.004899443,0.6973487,200.0,1394,FC128,crates,1,3394,,,,
0.0,0.0,0.0,0.5723874,0.002973714,0.09467864,0.0007965935,-0.00010495096,-1.9999998,200.0,0.0052073216,0.697849,200.0,1395,FC128,crates,1,3395,,,,
0.0,0.0,0.0,0.57631993,0.0029696184,0.08019006,0.0011546048,0.00019613578,-1.9999998,200.0,0.0053398386,0.6983492,200.0,1396,FC128,crates,1,3396,,,,
0.0,0.0,0.0,0.57411206,0.0029655225,0.08480775,0.0005618301,-0.00037009356,-1.9999998,200.0,0.005268932,0.69884944,200.0,1397,FC128,crates,1,3397,,,,
0.0,0.0,0.0,0.57566816,0.002961427,0.08192396,1.4239922e-05,-0.0007636811,-1.9999998,200.0,0.0049654404,0.6993497,200.0,1398,FC128,crates,1,3398,,,,
0.0,0.0,0.0,0.5462398,0.0029573315,0.08282405,0.00030981668,-0.00065906584,-1.9999998,200.0,0.0051685893,0.69984996,200.0,1399,FC128,crates,1,3399,,,,
0.0,0.0,0.0,0.54676324,0.002953236,0.08073866,0.00085851655,-0.00018224835,-1.9999998,200.0,0.0053109718,0.7003502,200.0,1400,FC128,crates,1,3400,,,,
0.0,0.0,0.0,0.54814607,0.0029491405,0.07799077,0.0012204343,0.00018957064,-1.9999998,200.0,0.005294847,0.7008504,200.0,1401,FC128,crates,1,3401,,,,
0.0,0.0,0.0,0.5568551,0.002945045,0.10254669,0.0003976269,-0.00052922056,-1.9999998,200.0,0.0051336214,0.7013507,200.0,1402,FC128,crates,1,3402,,,,
0.0,0.0,0.0,0.5613442,0.0029409495,0.08580822,0.0006016691,-0.0002906972,-1.9999998,200.0,0.0050865025,0.70185095,200.0,1403,FC128,crates,1,3403,,,,
0.0,0.0,0.0,0.5564228,0.002936854,0.086374104,0.0011074399,0.00010365665,-1.9999998,200.0,0.0052758316,0.7023512,200.0,1404,FC128,crates,1,3404,,,,
0.0,0.0,0.0,0.5810454,0.002932758,0.07811773,0.0004239194,-0.00042331085,-1.9999998,200.0,0.0051025916,0.7028515,200.0,1405,FC128,crates,1,3405,,,,
0.0,0.0,0.0,0.5708139,0.0029286626,0.0847646,0.0009918198,4.8680602e-05,-1.9999998,200.0,0.005229721,0.7033517,200.0,1406,FC128,crates,1,3406,,,,
0.0,0.0,0.0,0.5882082,0.002924567,0.09395707,-3.8543716e-05,-0.0008625754,-1.9999998,200.0,0.005088572,0.70385194,200.0,1407,FC128,crates,1,3407,,,,
0.0,0.0,0.0,0.5981993,0.0029204716,0.08679825,0.0004028153,-0.00040276555,-1.9999998,200.0,0.00510521,0.7043522,200.0,1408,FC128,crates,1,3408,,,,
0.0,0.0,0.0,0.592217,0.002916376,0.0998556,0.000868522,-3.7527083e-05,-1.9999998,200.0,0.0052663535,0.70485246,200.0,1409,FC128,crates,1,3409,,,,
0.0,0.0,0.0,0.5833699,0.0029122806,0.08858842,0.0006964054,-0.00022362187,-1.9999998,200.0,0.0052379286,0.7053527,200.0,1410,FC128,crates,1,3410,,,,
0.0,0.0,0.0,0.5804978,0.0029081851,0.07335347,0.00019137422,-0.0006440097,-1.9999998,200.0,0.005047158,0.7058529,200.0,1411,FC128,crates,1,3411,,,,
0.0,0.0,0.0,0.5905251,0.0029040892,0.080890596,5.1357318e-05,-0.000733829,-1.9999998,200.0,0.0050002476,0.7063532,200.0,1412,FC128,crates,1,3412,,,,
0.0,0.0,0.0,0.5780386,0.0028999937,0.084083736,0.00034033298,-0.00055022654,-1.9999998,200.0,0.0051337355,0.70685345,200.0,1413,FC128,crates,1,3413,,,,
0.0,0.0,0.0,0.5728291,0.0028958982,0.084492266,0.00066716876,-0.000311922,-1.9999998,200.0,0.005275891,0.7073537,200.0,1414,FC128,crates,1,3414,,,,
0.0,0.0,0.0,0.5777039,0.0028918027,0.09091169,0.0012102245,0.00018916062,-1.9999998,200.0,0.005383339,0.707854,200.0,1415,FC128,crates,1,3415,,,,
0.0,0.0,0.0,0.55883515,0.0028877072,0.08440888,0.00079198496,-0.00020281746,-1.9999998,200.0,0.0052171093,0.7083542,200.0,1416,FC128,crates,1,3416,,,,
0.0,0.0,0.0,0.5565756,0.0028836117,0.08658928,0.00010017748,-0.00078959804,-1.9999998,200.0,0.004989447,0.70885444,200.0,1417,FC128,crates,1,3417,,,,
0.0,0.0,0.0,0.5522668,0.0028795162,0.081698716,-0.00029067963,-0.0011763498,-1.9999998,200.0,0.0049518626,0.7093547,200.0,1418,FC128,crates,1,3418,,,,
0.0,0.0,0.0,0.54784745,0.0028754207,0.08172071,0.0006234747,-0.00040893615,-1.9999998,200.0,0.0052154055,0.70985496,200.0,1419,FC128,crates,1,3419,,,,
0.0,0.0,0.0,0.5554612,0.0028713248,0.07288432,0.0017837539,0.00058503804,-1.9999998,200.0,0.005587251,0.7103552,200.0,1420,FC128,crates,1,3420,,,,
0.0,0.0,0.0,0.546123,0.0028672293,0.06649369,0.00073911506,-0.00035273432,-1.9999998,200.0,0.0053154184,0.7108554,200.0,1421,FC128,crates,1,3421,,,,
0.0,0.0,0.0,0.551029,0.0028631338,0.079485595,4.5906287e-05,-0.00085726555,-1.9999998,200.0,0.0049616834,0.7113557,200.0,1422,FC128,crates,1,3422,,,,
0.0,0.0,0.0,0.54682416,0.0028590383,0.07488239,-0.0003231319,-0.0012081675,-1.9999998,200.0,0.0048968536,0.71185595,200.0,1423,FC128,crates,1,3423,,,,
0.0,0.0,0.0,0.5511589,0.0028549428,0.07086033,0.0007361799,-0.00029429764,-1.9999998,200.0,0.0052080094,0.7123562,200.0,1424,FC128,crates,1,3424,,,,
0.0,0.0,0.0,0.5548998,0.0028508473,0.07911754,0.0020137029,0.000827188,-1.9999998,200.0,0.0055368994,0.7128565,200.0,1425,FC128,crates,1,3425,,,,
0.0,0.0,0.0,0.5541305,0.0028467518,0.07308352,0.0010123478,-4.511088e-05,-1.9999998,200.0,0.0052698613,0.7133567,200.0,1426,FC128,crates,1,3426,,,,
0.0,0.0,0.0,0.5542366,0.0028426559,0.082096934,7.7649835e-05,-0.0008228174,-1.9999998,200.0,0.0049519422,0.71385694,200.0,1427,FC128,crates,1,3427,,,,
0.0,0.0,0.0,0.5590992,0.0028385604,0.071240604,0.00026154367,-0.0006721297,-1.9999998,200.0,0.0050414205,0.7143572,200.0,1428,FC128,crates,1,3428,,,,
0.0,0.0,0.0,0.5570483,0.002834465,0.06861502,0.0013187845,0.00017672032,-1.9999998,200.0,0.0054419963,0.71485746,200.0,1429,FC128,crates,1,3429,,,,
0.0,0.0,0.0,0.5696226,0.0028303694,0.064861596,0.0013175115,0.00021643488,-1.9999998,200.0,0.005426638,0.7153577,200.0,1430,FC128,crates,1,3430,,,,
0.0,0.0,0.0,0.5609783,0.002826274,0.06939155,0.00036230462,-0.00060314237,-1.9999998,200.0,0.0051018507,0.715858,200.0,1431,FC128,crates,1,3431,,,,
0.0,0.0,0.0,0.57171,0.0028221784,0.0772267,1.6751001e-06,-0.0008721277,-1.9999998,200.0,0.004974541,0.7163582,200.0,1432,FC128,crates,1,3432,,,,
0.0,0.0,0.0,0.57047874,0.002818083,0.07375866,0.00026978832,-0.00066508667,-1.9999998,200.0,0.0050850627,0.71685845,200.0,1433,FC128,crates,1,3433,,,,
0.0,0.0,0.0,0.57995886,0.0028139874,0.07042414,0.0015825279,0.00046791582,-1.9999998,200.0,0.005493218,0.7173587,200.0,1434,FC128,crates,1,3434,,,,
0.0,0.0,0.0,0.575945,0.0028098915,0.06969702,0.0010157746,-9.55075e-06,-1.9999998,200.0,0.0052873367,0.71785897,200.0,1435,FC128,crates,1,3435,,,,
0.0,0.0,0.0,0.58914167,0.002805796,0.07112664,0.00027422316,-0.0006015426,-1.9999998,200.0,0.005057554,0.71835923,200.0,1436,FC128,crates,1,3436,,,,
0.0,0.0,0.0,0.56641334,0.0028017005,0.080940485,0.00031471136,-0.0006079262,-1.9999998,200.0,0.005019116,0.71885943,200.0,1437,FC128,crates,1,3437,,,,
0.0,0.0,0.0,0.5771659,0.002797605,0.0702818,0.00049957994,-0.00043688162,-1.9999998,200.0,0.0051022875,0.7193597,200.0,1438,FC128,crates,1,3438,,,,
0.0,0.0,0.0,0.5707906,0.0027935095,0.07228798,0.0016437364,0.0005190791,-1.9999998,200.0,0.0054383324,0.71985996,200.0,1439,FC128,crates,1,3439,,,,
0.0,0.0,0.0,0.57882243,0.002789414,0.07076967,0.0012946659,0.00022033586,-1.9999998,200.0,0.005377811,0.7203602,200.0,1440,FC128,crates,1,3440,,,,
0.0,0.0,0.0,0.5726475,0.0027853185,0.07061654,8.60095e-05,-0.0008310288,-1.9999998,200.0,0.005024088,0.7208605,200.0,1441,FC128,crates,1,3441,,,,
0.0,0.0,0.0,0.5795259,0.0027812226,0.07772523,-0.00021379231,-0.0010317563,-1.9999998,200.0,0.004859509,0.7213607,200.0,1442,FC128,crates,1,3442,,,,
0.0,0.0,0.0,0.5719008,0.002777127,0.0728873,0.0011927127,0.00018105224,-1.9999998,200.0,0.0051998035,0.72186095,200.0,1443,FC128,crates,1,3443,,,,
0.0,0.0,0.0,0.5811106,0.0027730316,0.07784498,0.0014096916,0.00030618146,-1.9999998,200.0,0.0054298965,0.7223612,200.0,1444,FC128,crates,1,3444,,,,
0.0,0.0,0.0,0.56877327,0.002768936,0.062297344,0.0011260194,5.4347216e-05,-1.9999998,200.0,0.005293138,0.72286147,200.0,1445,FC128,crates,1,3445,,,,
0.0,0.0,0.0,0.558118,0.0027648406,0.05853349,0.00088106806,-0.00014662668,-1.9999998,200.0,0.005141604,0.72336173,200.0,1446,FC128,crates,1,3446,,,,
0.0,0.0,0.0,0.55986416,0.0027607451,0.06290442,0.0004499941,-0.00050231203,-1.9999998,200.0,0.004995897,0.72386193,200.0,1447,FC128,crates,1,3447,,,,
0.0,0.0,0.0,0.56353515,0.0027566496,0.06516826,0.0007039051,-0.0003259182,-1.9999998,200.0,0.0051665846,0.7243622,200.0,1448,FC128,crates,1,3448,,,,
0.0,0.0,0.0,0.55839926,0.0027525541,0.06554806,0.00071613153,-0.00037723212,-1.9999998,200.0,0.005260776,0.72486246,200.0,1449,FC128,crates,1,3449,,,,
0.0,0.0,0.0,0.5646014,0.0027484582,0.06351471,0.0012462172,0.00016747408,-1.9999998,200.0,0.005261053,0.7253627,200.0,1450,FC128,crates,1,3450,,,,
0.0,0.0,0.0,0.5585718,0.0027443627,0.06327486,0.00052657793,-0.0005430214,-1.9999998,200.0,0.005205046,0.725863,200.0,1451,FC128,crates,1,3451,,,,
0.0,0.0,0.0,0.55194885,0.0027402672,0.06407827,0.00019669347,-0.0008154687,-1.9999998,200.0,0.005049299,0.7263632,200.0,1452,FC128,crates,1,3452,,,,
0.0,0.0,0.0,0.5514015,0.0027361717,0.056644976,0.00086506933,-0.00018527739,-1.9999998,200.0,0.0051181517,0.72686344,200.0,1453,FC128,crates,1,3453,,,,
0.0,0.0,0.0,0.55360764,0.0027320762,0.07116741,0.000715966,-0.00037027002,-1.9999998,200.0,0.0051974687,0.7273637,200.0,1454,FC128,crates,1,3454,,,,
0.0,0.0,0.0,0.54524446,0.0027279807,0.05579126,0.000993576,-0.00016344845,-1.9999998,200.0,0.0052888817,0.72786397,200.0,1455,FC128,crates,1,3455,,,,
0.0,0.0,0.0,0.5596762,0.0027238852,0.061211646,0.00037575688,-0.0006588669,-1.9999998,200.0,0.005118235,0.7283642,200.0,1456,FC128,crates,1,3456,,,,
0.0,0.0,0.0,0.5614943,0.0027197893,0.059653938,0.00059846207,-0.0004373972,-1.9999998,200.0,0.005126011,0.72886443,200.0,1457,FC128,crates,1,3457,,,,
0.0,0.0,0.0,0.5600584,0.0027156938,0.061402977,0.00050892413,-0.0005540456,-1.9999998,200.0,0.005167834,0.7293647,200.0,1458,FC128,crates,1,3458,,,,
0.0,0.0,0.0,0.55010986,0.0027115983,0.06516886,0.00087230955,-0.00028669505,-1.9999998,200.0,0.0053013633,0.72986495,200.0,1459,FC128,crates,1,3459,,,,
0.0,0.0,0.0,0.5379058,0.0027075028,0.067133605,0.0011719051,-5.5275855e-06,-1.9999998,200.0,0.0052676285,0.7303652,200.0,1460,FC128,crates,1,3460,,,,
0.0,0.0,0.0,0.5591264,0.0027034073,0.059882343,7.439731e-05,-0.0008850251,-1.9999998,200.0,0.0049419375,0.7308655,200.0,1461,FC128,crates,1,3461,,,,
0.0,0.0,0.0,0.5515218,0.0026993118,0.060301065,0.00017021073,-0.0008167852,-1.9999998,200.0,0.0049514505,0.7313657,200.0,1462,FC128,crates,1,3462,,,,
0.0,0.0,0.0,0.57048017,0.0026952163,0.066438675,0.0013565295,0.00026480315,-1.9999998,200.0,0.0052585877,0.73186594,200.0,1463,FC128,crates,1,3463,,,,
0.0,0.0,0.0,0.5767262,0.0026911208,0.062463164,0.0012847799,0.00013489625,-1.9999998,200.0,0.005403847,0.7323662,200.0,1464,FC128,crates,1,3464,,,,
0.0,0.0,0.0,0.57647157,0.002687025,0.05977589,0.00095766643,-0.00011532172,-1.9999998,200.0,0.005243963,0.73286647,200.0,1465,FC128,crates,1,3465,,,,
0.0,0.0,0.0,0.59694487,0.0026829294,0.06378889,0.00012249802,-0.0007961106,-1.9999998,200.0,0.005040339,0.7333667,200.0,1466,FC128,crates,1,3466,,,,
0.0,0.0,0.0,0.5881389,0.002678834,0.06200838,0.00057581114,-0.0004211928,-1.9999998,200.0,0.0051450604,0.73386693,200.0,1467,FC128,crates,1,3467,,,,
0.00390625,0.0,0.00390625,0.5867677,0.0026747384,0.06200272,0.0005817908,-0.0004780078,-2.0059762,199.82031,0.0052584973,0.7343672,199.82031,1468,FC128,crates,1,3468,,,,
0.0,0.0,0.0,0.5855535,0.002670643,0.07011324,0.0016070852,0.00043919697,-1.9999998,200.0,0.005463385,0.73486745,200.0,1469,FC128,crates,1,3469,,,,
0.0,0.0,0.0,0.5874455,0.0026665474,0.05406803,-7.868337e-05,-0.0009678098,-1.9999998,200.0,0.0049111554,0.7353677,200.0,1470,FC128,crates,1,3470,,,,
0.0,0.0,0.0,0.5864179,0.002662452,0.061636865,-0.00053630443,-0.001356756,-1.9999998,200.0,0.004763522,0.735868,200.0,1471,FC128,crates,1,3471,,,,
0.00390625,0.0,0.00390625,0.5878252,0.002658356,0.07259506,-0.0008162402,-0.0017498214,-2.0049217,199.71484,0.0049924594,0.7363682,199.71484,1472,FC128,crates,1,3472,,,,
0.0,0.0,0.0,0.5721144,0.0026542605,0.0618003,0.0022246237,0.0008913359,-1.9999998,200.0,0.0057036565,0.73686844,200.0,1473,FC128,crates,1,3473,,,,
0.0,0.0,0.0,0.5629083,0.002650165,0.05574149,0.0017947919,0.0005014044,-1.9999998,200.0,0.0055703744,0.7373687,200.0,1474,FC128,crates,1,3474,,,,
0.0,0.0,0.0,0.5498096,0.0026460695,0.06346995,-0.00028504303,-0.0013058224,-1.9999998,200.0,0.0049512275,0.73786896,200.0,1475,FC128,crates,1,3475,,,,
0.0,0.0,0.0,0.53487694,0.002641974,0.058879375,-0.0004847895,-0.001461794,-1.9999998,200.0,0.004780271,0.7383692,200.0,1476,FC128,crates,1,3476,,,,
0.0,0.0,0.0,0.5141735,0.0026378785,0.062081993,0.00044754194,-0.0007422234,-1.9999998,200.0,0.005092185,0.7388695,200.0,1477,FC128,crates,1,3477,,,,
0.0,0.0,0.0,0.52056026,0.002633783,0.055692494,0.0015739016,0.0002336861,-1.9999998,200.0,0.0054225167,0.7393697,200.0,1478,FC128,crates,1,3478,,,,
0.0,0.0,0.0,0.5090546,0.0026296875,0.054667056,0.001397844,8.188769e-05,-1.9999998,200.0,0.005309222,0.73986995,200.0,1479,FC128,crates,1,3479,,,,
0.0,0.0,0.0,0.5271547,0.0026255916,0.06628752,0.00012202631,-0.0009591633,-1.9999998,200.0,0.004930565,0.7403702,200.0,1480,FC128,crates,1,3480,,,,
0.0,0.0,0.0,0.5465466,0.002621496,0.0660277,-0.00041051174,-0.0013685258,-1.9999998,200.0,0.0047815675,0.7408705,200.0,1481,FC128,crates,1,3481,,,,
0.0,0.0,0.0,0.5675886,0.0026174006,0.05677086,0.0007387899,-0.0003410971,-1.9999998,200.0,0.0051309876,0.74137074,200.0,1482,FC128,crates,1,3482,,,,
0.0,0.0,0.0,0.57923454,0.002613305,0.058487713,0.0021249454,0.0008475968,-1.9999998,200.0,0.00558213,0.74187094,200.0,1483,FC128,crates,1,3483,,,,
0.0,0.0,0.0,0.5885834,0.0026092096,0.062147558,0.0017414853,0.0005581234,-1.9999998,200.0,0.005438199,0.7423712,200.0,1484,FC128,crates,1,3484,,,,
0.0,0.0,0.0,0.58917755,0.0026051141,0.057465017,0.00016450777,-0.00078670785,-1.9999998,200.0,0.004972181,0.74287146,200.0,1485,FC128,crates,1,3485,,,,
0.0,0.0,0.0,0.591432,0.0026010186,0.056087792,-0.0007141046,-0.0015504637,-1.9999998,200.0,0.0047493693,0.7433717,200.0,1486,FC128,crates,1,3486,,,,
0.0,0.0,0.0,0.5898113,0.0025969232,0.060282886,0.00023873628,-0.00071152445,-1.9999998,200.0,0.0049639107,0.743872,200.0,1487,FC128,crates,1,3487,,,,
0.0,0.0,0.0,0.5776196,0.0025928272,0.06219411,0.0017049044,0.00052968785,-1.9999998,200.0,0.0053457688,0.7443722,200.0,1488,FC128,crates,1,3488,,,,
0.0,0.0,0.0,0.5798162,0.0025887317,0.057091177,0.0013472233,0.00015354737,-1.9999998,200.0,0.005389329,0.74487245,200.0,1489,FC128,crates,1,3489,,,,
0.0,0.0,0.0,0.5717588,0.0025846362,0.06620175,0.00043135858,-0.00062528055,-1.9999998,200.0,0.0050688554,0.7453727,200.0,1490,FC128,crates,1,3490,,,,
0.0,0.0,0.0,0.5686983,0.0025805407,0.071034014,-0.00031476608,-0.0012398906,-1.9999998,200.0,0.0047853473,0.745873,200.0,1491,FC128,crates,1,3491,,,,
0.0,0.0,0.0,0.57134223,0.0025764452,0.071294665,-0.00035888434,-0.0013137838,-1.9999998,200.0,0.004853863,0.74637324,200.0,1492,FC128,crates,1,3492,,,,
0.0,0.0,0.0,0.5643395,0.0025723497,0.05901277,0.0015858822,0.00034787416,-1.9999998,200.0,0.005379373,0.74687344,200.0,1493,FC128,crates,1,3493,,,,
0.0,0.0,0.0,0.57845306,0.0025682542,0.057433426,0.0014942249,0.00023563734,-1.9999998,200.0,0.005488404,0.7473737,200.0,1494,FC128,crates,1,3494,,,,
0.0,0.0,0.0,0.5633152,0.0025641583,0.06286615,0.0005681545,-0.000524071,-1.9999998,200.0,0.00507331,0.74787396,200.0,1495,FC128,crates,1,3495,,,,
0.0,0.0,0.0,0.56963724,0.0025600628,0.06448066,-0.00018778315,-0.001195498,-1.9999998,200.0,0.004932044,0.7483742,200.0,1496,FC128,crates,1,3496,,,,
0.0,0.0,0.0,0.56282055,0.0025559673,0.0710035,0.00049773,-0.00064544246,-1.9999998,200.0,0.0051634465,0.7488745,200.0,1497,FC128,crates,1,3497,,,,
0.0,0.0,0.0,0.5539342,0.0025518718,0.062312543,0.0011913087,-7.142648e-05,-1.9999998,200.0,0.0053526084,0.7493747,200.0,1498,FC128,crates,1,3498,,,,
0.0,0.0,0.0,0.5401135,0.0025477763,0.07705039,0.001378518,9.120226e-05,-1.9999998,200.0,0.005326808,0.74987495,200.0,1499,FC128,crates,1,3499,,,,
0.0,0.0,0.0,0.5339542,0.0025436808,0.050128162,0.00057991676,-0.00059496757,-1.9999998,200.0,0.0050661867,0.7503752,200.0,1500,FC128,crates,1,3500,,,,
0.0,0.0,0.0,0.5303664,0.0025395853,0.059655964,0.00017951673,-0.0009640503,-1.9999998,200.0,0.0049809557,0.7508755,200.0,1501,FC128,crates,1,3501,,,,
0.0,0.0,0.0,0.5281774,0.0025354899,0.055327773,0.0010965517,-0.00013272233,-1.9999998,200.0,0.005136925,0.75137573,200.0,1502,FC128,crates,1,3502,,,,
0.0,0.0,0.0,0.51591325,0.002531394,0.058814168,0.0010505265,-0.00032425835,-1.9999998,200.0,0.005361529,0.75187594,200.0,1503,FC128,crates,1,3503,,,,
0.0,0.0,0.0,0.5259612,0.0025272984,0.063658595,0.0007570697,-0.0004902784,-1.9999998,200.0,0.0051532183,0.7523762,200.0,1504,FC128,crates,1,3504,,,,
0.0,0.0,0.0,0.5301317,0.002523203,0.05630237,0.0004722831,-0.0006991583,-1.9999998,200.0,0.0050181425,0.75287646,200.0,1505,FC128,crates,1,3505,,,,
0.0,0.0,0.0,0.5224952,0.0025191074,0.056315005,8.291274e-05,-0.0010849461,-1.9999998,200.0,0.0049681608,0.7533767,200.0,1506,FC128,crates,1,3506,,,,
0.0,0.0,0.0,0.5416965,0.002515012,0.060605347,0.0009586301,-0.0002730307,-1.9999998,200.0,0.005188068,0.753877,200.0,1507,FC128,crates,1,3507,,,,
0.0,0.0,0.0,0.5376434,0.0025109164,0.0677768,0.0014674625,0.0001288481,-1.9999998,200.0,0.005377184,0.7543772,200.0,1508,FC128,crates,1,3508,,,,
0.0,0.0,0.0,0.5580254,0.002506821,0.06350464,0.00031462184,-0.0008289629,-1.9999998,200.0,0.005084909,0.75487745,200.0,1509,FC128,crates,1,3509,,,,
0.0,0.0,0.0,0.5591745,0.002502725,0.061741292,0.00037847122,-0.00076100155,-1.9999998,200.0,0.0050778654,0.7553777,200.0,1510,FC128,crates,1,3510,,,,
0.0,0.0,0.0,0.56773335,0.0024986295,0.050859332,0.00061257754,-0.0005419938,-1.9999998,200.0,0.0051462534,0.755878,200.0,1511,FC128,crates,1,3511,,,,
0.0,0.0,0.0,0.57613325,0.002494534,0.053569674,0.00114129,-8.5727275e-05,-1.9999998,200.0,0.0053284024,0.75637823,200.0,1512,FC128,crates,1,3512,,,,
0.0,0.0,0.0,0.5610499,0.0024904385,0.06446135,0.0014052473,0.00014544107,-1.9999998,200.0,0.0053141327,0.75687844,200.0,1513,FC128,crates,1,3513,,,,
0.00390625,0.0,0.00390625,0.57099956,0.002486343,0.06897479,-0.00020247407,-0.0013271507,-2.0042968,199.65234,0.005088755,0.7573787,199.65234,1514,FC128,crates,1,3514,,,,
0.0,0.0,0.0,0.56531,0.0024822475,0.061476707,0.0011876454,-1.1799782e-05,-1.9999998,200.0,0.005205369,0.75787896,200.0,1515,FC128,crates,1,3515,,,,
0.0,0.0,0.0,0.5548609,0.002478152,0.057403743,0.0014680683,0.00013992391,-1.9999998,200.0,0.005406348,0.7583792,200.0,1516,FC128,crates,1,3516,,,,
0.0,0.0,0.0,0.5805389,0.0024740566,0.05601263,0.0008830747,-0.00027252734,-1.9999998,200.0,0.0051837764,0.7588795,200.0,1517,FC128,crates,1,3517,,,,
0.0,0.0,0.0,0.5786933,0.0024699606,0.05357182,4.612084e-05,-0.0010311136,-1.9999998,200.0,0.005013168,0.75937974,200.0,1518,FC128,crates,1,3518,,,,
0.00390625,0.0,0.00390625,0.58479387,0.002465865,0.06171024,7.429626e-05,-0.0010463662,-2.007656,199.98828,0.0051253703,0.75987995,199.98828,1519,FC128,crates,1,3519,,,,
0.0,0.0,0.0,0.5746157,0.0024617696,0.04819101,0.0018819479,0.0005619083,-1.9999998,200.0,0.005469222,0.7603802,200.0,1520,FC128,crates,1,3520,,,,
0.0,0.0,0.0,0.58262336,0.0024576741,0.057009637,0.0017459342,0.00043392196,-1.9999998,200.0,0.005487821,0.7608805,200.0,1521,FC128,crates,1,3521,,,,
0.0,0.0,0.0,0.57869935,0.0024535786,0.06170708,-0.00014683383,-0.0011644153,-1.9999998,200.0,0.0048749316,0.76138073,200.0,1522,FC128,crates,1,3522,,,,
0.00390625,0.0,0.00390625,0.57208884,0.0024494831,0.05329758,-0.0007280946,-0.001747955,-2.0056248,199.78516,0.0048423647,0.761881,199.78516,1523,FC128,crates,1,3523,,,,
0.0,0.0,0.0,0.5804012,0.0024453877,0.056543708,0.0021775388,0.000781492,-1.9999998,200.0,0.005630705,0.7623812,200.0,1524,FC128,crates,1,3524,,,,
0.0,0.0,0.0,0.57002366,0.0024412917,0.06020248,0.0024392344,0.00096172706,-1.9999998,200.0,0.005738203,0.76288146,200.0,1525,FC128,crates,1,3525,,,,
0.0,0.0,0.0,0.5714092,0.0024371962,0.05342847,0.0003625109,-0.00075103773,-1.9999998,200.0,0.00501237,0.7633817,200.0,1526,FC128,crates,1,3526,,,,
0.0078125,0.0,0.0078125,0.57671404,0.0024331007,0.06751174,-0.0016773528,-0.0026344026,-2.0046873,198.91406,0.0047205063,0.763882,198.91406,1527,FC128,crates,1,3527,,,,
0.0,0.0,0.0,0.582078,0.0024290052,0.047924817,0.001651354,0.0003289584,-1.9999998,200.0,0.005472532,0.76438224,200.0,1528,FC128,crates,1,3528,,,,
0.0,0.0,0.0,0.57748145,0.0024249097,0.058792472,0.0025478564,0.001040844,-1.9999998,200.0,0.005814706,0.76488245,200.0,1529,FC128,crates,1,3529,,,,
0.0,0.0,0.0,0.577702,0.0024208142,0.048386574,0.0007769769,-0.00041196853,-1.9999998,200.0,0.0051749093,0.7653827,200.0,1530,FC128,crates,1,3530,,,,
0.0,0.0,0.0,0.5691548,0.0024167188,0.052404642,-0.0007437315,-0.0017141601,-1.9999998,200.0,0.0046918313,0.76588297,200.0,1531,FC128,crates,1,3531,,,,
0.0,0.0,0.0,0.5673436,0.0024126233,0.04821062,-0.0007845486,-0.0017722012,-1.9999998,200.0,0.004712878,0.76638323,200.0,1532,FC128,crates,1,3532,,,,
0.00390625,0.0,0.00390625,0.5602823,0.0024085273,0.062879145,0.00075517735,-0.0006269467,-2.0068748,199.91016,0.0054631587,0.7668835,199.91016,1533,FC128,crates,1,3533,,,,
0.0,0.0,0.0,0.56192255,0.0024044318,0.043147445,0.0034968355,0.001857892,-1.9999998,200.0,0.005980096,0.7673837,200.0,1534,FC128,crates,1,3534,,,,
0.0,0.0,0.0,0.53982323,0.0024003363,0.039106727,0.0014822957,0.00010827198,-1.9999998,200.0,0.005339562,0.76788396,200.0,1535,FC128,crates,1,3535,,,,
0.0,0.0,0.0,0.5454253,0.0023962408,0.059163153,-0.00090442237,-0.0019073944,-1.9999998,200.0,0.004619885,0.7683842,200.0,1536,FC128,crates,1,3536,,,,
0.0,0.0,0.0,0.547179,0.0023921453,0.054106593,-0.0010260454,-0.0020354767,-1.9999998,200.0,0.004636726,0.7688845,200.0,1537,FC128,crates,1,3537,,,,
0.0,0.0,0.0,0.52330494,0.0023880498,0.04533273,0.0011882003,-0.00024126098,-1.9999998,200.0,0.005358279,0.76938474,200.0,1538,FC128,crates,1,3538,,,,
0.0,0.0,0.0,0.5349741,0.0023839544,0.041874945,0.002611676,0.0010042441,-1.9999998,200.0,0.0057655713,0.76988494,200.0,1539,FC128,crates,1,3539,,,,
0.0,0.0,0.0,0.53346676,0.0023798584,0.05227995,0.0014791397,3.6168247e-05,-1.9999998,200.0,0.0054250937,0.7703852,200.0,1540,FC128,crates,1,3540,,,,
0.0,0.0,0.0,0.5478919,0.002375763,0.053346336,-1.2490549e-05,-0.0011300312,-1.9999998,200.0,0.004838404,0.77088547,200.0,1541,FC128,crates,1,3541,,,,
0.0,0.0,0.0,0.5340999,0.0023716674,0.05347258,-0.00059920514,-0.0016669722,-1.9999998,200.0,0.0046689487,0.7713857,200.0,1542,FC128,crates,1,3542,,,,
0.0,0.0,0.0,0.547242,0.002367572,0.049906433,0.001019683,-0.00026454031,-1.9999998,200.0,0.005159716,0.771886,200.0,1543,FC128,crates,1,3543,,,,
0.0,0.0,0.0,0.55548465,0.0023634764,0.050788105,0.0025437474,0.0010432419,-1.9999998,200.0,0.0056267604,0.7723862,200.0,1544,FC128,crates,1,3544,,,,
0.0,0.0,0.0,0.55769193,0.002359381,0.04878187,0.0020359764,0.00060030975,-1.9999998,200.0,0.0055029485,0.77288646,200.0,1545,FC128,crates,1,3545,,,,
0.0,0.0,0.0,0.56436825,0.0023552855,0.044614077,0.00041389023,-0.00075144455,-1.9999998,200.0,0.0049891663,0.7733867,200.0,1546,FC128,crates,1,3546,,,,
0.0,0.0,0.0,0.580999,0.00235119,0.050881624,-0.00035108172,-0.0013889783,-1.9999998,200.0,0.0048078713,0.773887,200.0,1547,FC128,crates,1,3547,,,,
0.0,0.0,0.0,0.5803017,0.002347094,0.037885904,8.191017e-05,-0.001044801,-1.9999998,200.0,0.0049774675,0.77438724,200.0,1548,FC128,crates,1,3548,,,,
0.0,0.0,0.0,0.5654481,0.0023429985,0.051508427,0.0015959204,0.00022808969,-1.9999998,200.0,0.0053853495,0.77488744,200.0,1549,FC128,crates,1,3549,,,,
0.0,0.0,0.0,0.5735087,0.002338903,0.045460165,0.0023682378,0.00094107655,-1.9999998,200.0,0.0055370852,0.7753877,200.0,1550,FC128,crates,1,3550,,,,
0.0,0.0,0.0,0.5720677,0.0023348075,0.04554361,0.000747649,-0.00049477996,-1.9999998,200.0,0.005156194,0.77588797,200.0,1551,FC128,crates,1,3551,,,,
0.0,0.0,0.0,0.56551856,0.002330712,0.052562833,-0.0005375539,-0.0015932731,-1.9999998,200.0,0.0047475602,0.7763882,200.0,1552,FC128,crates,1,3552,,,,
0.0,0.0,0.0,0.556392,0.0023266166,0.06103438,-6.559165e-05,-0.0012063445,-1.9999998,200.0,0.0048705274,0.7768885,200.0,1553,FC128,crates,1,3553,,,,
0.0,0.0,0.0,0.56201315,0.002322521,0.043430507,0.0013246409,-1.6223565e-05,-1.9999998,200.0,0.005292304,0.7773887,200.0,1554,FC128,crates,1,3554,,,,
0.0,0.0,0.0,0.56355417,0.002318425,0.04902774,0.001973221,0.00055288227,-1.9999998,200.0,0.005453794,0.77788895,200.0,1555,FC128,crates,1,3555,,,,
0.0,0.0,0.0,0.5572439,0.0023143296,0.05378288,0.0015398563,0.00015244067,-1.9999998,200.0,0.005354123,0.7783892,200.0,1556,FC128,crates,1,3556,,,,
0.0,0.0,0.0,0.5702201,0.0023102341,0.048327506,0.00049436686,-0.0006831366,-1.9999998,200.0,0.0049896906,0.7788895,200.0,1557,FC128,crates,1,3557,,,,
0.0,0.0,0.0,0.56890064,0.0023061386,0.044760525,8.375116e-05,-0.0010273394,-1.9999998,200.0,0.0048461086,0.77938974,200.0,1558,FC128,crates,1,3558,,,,
0.0,0.0,0.0,0.5822573,0.0023020431,0.049060345,0.00057596527,-0.0005942841,-1.9999998,200.0,0.0050212615,0.77989,200.0,1559,FC128,crates,1,3559,,,,
0.0,0.0,0.0,0.57807523,0.0022979476,0.046005428,0.001471149,0.00015574611,-1.9999998,200.0,0.0052875793,0.7803902,200.0,1560,FC128,crates,1,3560,,,,
0.0,0.0,0.0,0.5821567,0.0022938522,0.041785955,0.0012069928,-9.430244e-05,-1.9999998,200.0,0.0052733533,0.78089046,200.0,1561,FC128,crates,1,3561,,,,
0.0,0.0,0.0,0.5738145,0.0022897567,0.041090608,0.0009802912,-0.00029504133,-1.9999998,200.0,0.005178456,0.7813907,200.0,1562,FC128,crates,1,3562,,,,
0.0,0.0,0.0,0.5717433,0.0022856607,0.049200296,0.00022137817,-0.0009778665,-1.9999998,200.0,0.0050121117,0.781891,200.0,1563,FC128,crates,1,3563,,,,
0.0,0.0,0.0,0.5572011,0.0022815652,0.04139328,3.204134e-05,-0.0011871033,-1.9999998,200.0,0.0049808705,0.78239125,200.0,1564,FC128,crates,1,3564,,,,
0.0,0.0,0.0,0.5359133,0.0022774697,0.04230559,0.0008812718,-0.00049637404,-1.9999998,200.0,0.005196344,0.78289145,200.0,1565,FC128,crates,1,3565,,,,
0.0,0.0,0.0,0.53318334,0.0022733742,0.042367756,0.0013931849,-4.5404286e-05,-1.9999998,200.0,0.005301429,0.7833917,200.0,1566,FC128,crates,1,3566,,,,
0.0,0.0,0.0,0.51365477,0.0022692787,0.048128188,0.0018665332,0.00042732013,-1.9999998,200.0,0.005209678,0.783892,200.0,1567,FC128,crates,1,3567,,,,
0.0,0.0,0.0,0.5266132,0.0022651833,0.043905914,0.0008455106,-0.00045468792,-1.9999998,200.0,0.004986148,0.78439224,200.0,1568,FC128,crates,1,3568,,,,
0.0,0.0,0.0,0.51624495,0.0022610878,0.04308623,-1.09887915e-05,-0.001309525,-1.9999998,200.0,0.0049316227,0.7848925,200.0,1569,FC128,crates,1,3569,,,,
0.0,0.0,0.0,0.51085985,0.0022569918,0.044582248,0.0010077434,-0.00039105967,-1.9999998,200.0,0.005103619,0.7853927,200.0,1570,FC128,crates,1,3570,,,,
0.0,0.0,0.0,0.52696073,0.0022528963,0.0454697,0.0015315725,2.3855566e-05,-1.9999998,200.0,0.0053898096,0.78589296,200.0,1571,FC128,crates,1,3571,,,,
0.0,0.0,0.0,0.5280625,0.0022488008,0.05070597,0.0017370408,0.00024340092,-1.9999998,200.0,0.0053622946,0.7863932,200.0,1572,FC128,crates,1,3572,,,,
0.0,0.0,0.0,0.53469425,0.0022447053,0.04737681,0.00051990815,-0.0008075329,-1.9999998,200.0,0.005055344,0.7868935,200.0,1573,FC128,crates,1,3573,,,,
0.0,0.0,0.0,0.5490011,0.0022406098,0.046428084,0.0006647619,-0.00057680934,-1.9999998,200.0,0.004943337,0.78739375,200.0,1574,FC128,crates,1,3574,,,,
0.0,0.0,0.0,0.5521073,0.0022365144,0.044144988,0.0009598085,-0.0003678903,-1.9999998,200.0,0.0051249894,0.78789395,200.0,1575,FC128,crates,1,3575,,,,
0.0,0.0,0.0,0.55146676,0.0022324189,0.040103436,0.0010103812,-0.00037006795,-1.9999998,200.0,0.005223108,0.7883942,200.0,1576,FC128,crates,1,3576,,,,
0.0,0.0,0.0,0.5793951,0.0022283234,0.03874904,0.00080153765,-0.0004964575,-1.9999998,200.0,0.00517815,0.7888945,200.0,1577,FC128,crates,1,3577,,,,
0.0,0.0,0.0,0.5692816,0.0022242274,0.04177928,0.0009976446,-0.00030445293,-1.9999998,200.0,0.0051366184,0.78939474,200.0,1578,FC128,crates,1,3578,,,,
0.0,0.0,0.0,0.58160186,0.002220132,0.038483858,0.0010016693,-0.00029311926,-1.9999998,200.0,0.005172043,0.789895,200.0,1579,FC128,crates,1,3579,,,,
0.0,0.0,0.0,0.5726915,0.0022160364,0.03732413,0.0011301449,-0.00024415195,-1.9999998,200.0,0.0052868044,0.7903952,200.0,1580,FC128,crates,1,3580,,,,
0.00390625,0.0,0.00390625,0.56560963,0.002211941,0.047056854,0.0007763213,-0.00060635875,-2.0012498,199.34766,0.0052675502,0.79089546,199.34766,1581,FC128,crates,1,3581,,,,
0.0,0.0,0.0,0.5781265,0.0022078454,0.046421885,0.0013356227,-2.9981136e-05,-1.9999998,200.0,0.0052840356,0.7913957,200.0,1582,FC128,crates,1,3582,,,,
0.0,0.0,0.0,0.57395834,0.00220375,0.040431023,0.0011279755,-0.0002441147,-1.9999998,200.0,0.005273902,0.791896,200.0,1583,FC128,crates,1,3583,,,,
0.0,0.0,0.0,0.58742917,0.0021996545,0.04745674,0.0008854328,-0.00040024935,-1.9999998,200.0,0.0051556467,0.79239625,200.0,1584,FC128,crates,1,3584,,,,
0.0,0.0,0.0,0.58205056,0.0021955585,0.04896772,0.00066521496,-0.00057409954,-1.9999998,200.0,0.005034481,0.79289645,200.0,1585,FC128,crates,1,3585,,,,
0.0,0.0,0.0,0.5757354,0.002191463,0.050435364,0.00072715,-0.0005459328,-1.9999998,200.0,0.0050695715,0.7933967,200.0,1586,FC128,crates,1,3586,,,,
0.0,0.0,0.0,0.57302415,0.0021873675,0.042848706,0.0013745935,1.661703e-05,-1.9999998,200.0,0.0052227816,0.793897,200.0,1587,FC128,crates,1,3587,,,,
0.0,0.0,0.0,0.5807595,0.002183272,0.041995704,0.0011543554,-0.00019407808,-1.9999998,200.0,0.005232779,0.79439723,200.0,1588,FC128,crates,1,3588,,,,
0.0,0.0,0.0,0.5695851,0.0021791765,0.04600346,0.0010033527,-0.00031386866,-1.9999998,200.0,0.005116896,0.7948975,200.0,1589,FC128,crates,1,3589,,,,
0.0,0.0,0.0,0.57338876,0.002175081,0.037895918,0.00014470611,-0.0010775357,-1.9999998,200.0,0.0049388176,0.7953977,200.0,1590,FC128,crates,1,3590,,,,
0.0,0.0,0.0,0.5752839,0.0021709856,0.04072243,0.0009537755,-0.00034001455,-1.9999998,200.0,0.005085446,0.79589796,200.0,1591,FC128,crates,1,3591,,,,
0.0,0.0,0.0,0.57489544,0.00216689,0.03808272,0.0015045903,8.313439e-05,-1.9999998,200.0,0.005334382,0.7963982,200.0,1592,FC128,crates,1,3592,,,,
0.0,0.0,0.0,0.57009876,0.0021627941,0.041858137,0.0015986791,0.00015669249,-1.9999998,200.0,0.005349986,0.7968985,200.0,1593,FC128,crates,1,3593,,,,
0.0,0.0,0.0,0.57177025,0.0021586986,0.03702146,0.0008955202,-0.0004332587,-1.9999998,200.0,0.0051261173,0.79739875,200.0,1594,FC128,crates,1,3594,,,,
0.0,0.0,0.0,0.58024,0.0021546031,0.051270306,0.000411059,-0.0008121647,-1.9999998,200.0,0.0049468214,0.79789895,200.0,1595,FC128,crates,1,3595,,,,
0.0,0.0,0.0,0.57482415,0.0021505076,0.045529604,0.0005464293,-0.0007207444,-1.9999998,200.0,0.005006675,0.7983992,200.0,1596,FC128,crates,1,3596,,,,
0.00390625,0.0,0.00390625,0.56519365,0.0021464122,0.050153553,0.0010982194,-0.00037905708,-2.0071483,199.9375,0.0053808303,0.7988995,199.9375,1597,FC128,crates,1,3597,,,,
0.0,0.0,0.0,0.56873333,0.0021423167,0.040126443,0.0025123842,0.0009270833,-1.9999998,200.0,0.0056074155,0.79939973,200.0,1598,FC128,crates,1,3598,,,,
0.0,0.0,0.0,0.56524956,0.0021382212,0.04196149,0.001348,-5.161658e-05,-1.9999998,200.0,0.0052164905,0.7999,200.0,1599,FC128,crates,1,3599,,,,
0.0,0.0,0.0,0.57064843,0.0021341257,0.046390593,-9.344774e-05,-0.0013035968,-1.9999998,200.0,0.004855969,0.80040026,200.0,1600,FC128,crates,1,3600,,,,
0.0,0.0,0.0,0.5644614,0.0021300297,0.047095418,0.00045460358,-0.00079085707,-1.9999998,200.0,0.0048955604,0.80090046,200.0,1601,FC128,crates,1,3601,,,,
0.0,0.0,0.0,0.5567274,0.0021259342,0.041633427,0.0011059925,-0.00031109957,-1.9999998,200.0,0.005201316,0.8014007,200.0,1602,FC128,crates,1,3602,,,,
0.0,0.0,0.0,0.5446824,0.0021218387,0.03881836,0.0026058806,0.0009833197,-1.9999998,200.0,0.0055565783,0.801901,200.0,1603,FC128,crates,1,3603,,,,
0.0,0.0,0.0,0.5705914,0.0021177432,0.045850635,0.0017581336,0.00031998105,-1.9999998,200.0,0.0052930373,0.80240124,200.0,1604,FC128,crates,1,3604,,,,
0.0,0.0,0.0,0.5660781,0.0021136478,0.04463923,5.1665003e-05,-0.001204419,-1.9999998,200.0,0.0049051475,0.8029015,200.0,1605,FC128,crates,1,3605,,,,
0.0,0.0,0.0,0.5695883,0.0021095523,0.041879952,0.0001439267,-0.0011052649,-1.9999998,200.0,0.004901536,0.8034017,200.0,1606,FC128,crates,1,3606,,,,
0.0,0.0,0.0,0.5647927,0.0021054568,0.039134562,0.0012769825,-0.00015973195,-1.9999998,200.0,0.0052517224,0.803902,200.0,1607,FC128,crates,1,3607,,,,
0.0,0.0,0.0,0.56816906,0.0021013608,0.038795292,0.0018714754,0.0003520224,-1.9999998,200.0,0.005426762,0.80440223,200.0,1608,FC128,crates,1,3608,,,,
0.0,0.0,0.0,0.56630546,0.0020972653,0.040165544,0.0012096332,-0.00024929614,-1.9999998,200.0,0.0052932445,0.8049025,200.0,1609,FC128,crates,1,3609,,,,
0.0,0.0,0.0,0.557584,0.0020931698,0.036249936,0.0006269602,-0.0007198104,-1.9999998,200.0,0.005027777,0.80540276,200.0,1610,FC128,crates,1,3610,,,,
0.0,0.0,0.0,0.5686431,0.0020890743,0.04150933,0.0005296733,-0.00078544766,-1.9999998,200.0,0.0050061173,0.80590296,200.0,1611,FC128,crates,1,3611,,,,
0.0,0.0,0.0,0.5648383,0.0020849789,0.04171741,0.0012730797,-0.00014127388,-1.9999998,200.0,0.005184059,0.8064032,200.0,1612,FC128,crates,1,3612,,,,
0.0,0.0,0.0,0.57572424,0.0020808834,0.037534356,0.0013091731,-0.00015452757,-1.9999998,200.0,0.0053234315,0.8069035,200.0,1613,FC128,crates,1,3613,,,,
0.0,0.0,0.0,0.57636774,0.0020767879,0.03556317,0.0017221696,0.00023672804,-1.9999998,200.0,0.00536487,0.80740374,200.0,1614,FC128,crates,1,3614,,,,
0.00390625,0.0,0.00390625,0.5616425,0.0020726924,0.04992187,0.0003660419,-0.0010262453,-2.0004294,199.26562,0.005112799,0.807904,199.26562,1615,FC128,crates,1,3615,,,,
0.0,0.0,0.0,0.5704582,0.0020685964,0.041198015,0.0009007141,-0.0004973084,-1.9999998,200.0,0.0051561403,0.8084042,200.0,1616,FC128,crates,1,3616,,,,
0.00390625,0.0,0.00390625,0.5770576,0.002064501,0.04608327,0.0012411177,-0.0002469727,-2.005703,199.79297,0.005358853,0.80890447,199.79297,1617,FC128,crates,1,3617,,,,
0.0,0.0,0.0,0.5709181,0.0020604054,0.035083413,0.0016439458,0.00012582794,-1.9999998,200.0,0.005388881,0.80940473,200.0,1618,FC128,crates,1,3618,,,,
0.0,0.0,0.0,0.5831896,0.00205631,0.036209285,0.0014987182,4.6599507e-05,-1.9999998,200.0,0.0053026746,0.809905,200.0,1619,FC128,crates,1,3619,,,,
0.0,0.0,0.0,0.56936055,0.0020522145,0.042796552,0.00043666817,-0.0008574797,-1.9999998,200.0,0.0049251956,0.81040525,200.0,1620,FC128,crates,1,3620,,,,
0.0,0.0,0.0,0.56969243,0.002048119,0.03808689,0.0006311311,-0.0006943327,-1.9999998,200.0,0.004984523,0.81090546,200.0,1621,FC128,crates,1,3621,,,,
0.0,0.0,0.0,0.568837,0.0020440235,0.036634743,0.0015661283,6.29583e-05,-1.9999998,200.0,0.0053317724,0.8114057,200.0,1622,FC128,crates,1,3622,,,,
0.0,0.0,0.0,0.5666284,0.0020399275,0.034689188,0.0022226274,0.0006310211,-1.9999998,200.0,0.005494974,0.811906,200.0,1623,FC128,crates,1,3623,,,,
0.0,0.0,0.0,0.5574421,0.002035832,0.035738826,0.0011430668,-0.0002983597,-1.9999998,200.0,0.00515257,0.81240624,200.0,1624,FC128,crates,1,3624,,,,
0.0,0.0,0.0,0.563107,0.0020317365,0.04027462,0.00012251409,-0.001127736,-1.9999998,200.0,0.00478867,0.8129065,200.0,1625,FC128,crates,1,3625,,,,
0.0,0.0,0.0,0.56174386,0.002027641,0.035710514,0.00067454425,-0.00068004325,-1.9999998,200.0,0.004987205,0.8134067,200.0,1626,FC128,crates,1,3626,,,,
0.0,0.0,0.0,0.5650611,0.0020235456,0.039423764,0.002082483,0.00048652798,-1.9999998,200.0,0.0054787635,0.81390697,200.0,1627,FC128,crates,1,3627,,,,
0.0,0.0,0.0,0.56744885,0.00201945,0.039838076,0.0019163033,0.00036249435,-1.9999998,200.0,0.0053994874,0.8144072,200.0,1628,FC128,crates,1,3628,,,,
0.0,0.0,0.0,0.5767846,0.0020153546,0.035879374,0.00045034394,-0.00084197713,-1.9999998,200.0,0.004909493,0.8149075,200.0,1629,FC128,crates,1,3629,,,,
0.00390625,0.0,0.00390625,0.5832591,0.002011259,0.039526284,-0.00026715046,-0.0014918172,-2.0030468,199.64453,0.004795504,0.81540775,199.64453,1630,FC128,crates,1,3630,,,,
0.0,0.0,0.0,0.57235885,0.0020071631,0.03192365,0.0012845648,-0.0001567863,-1.9999998,200.0,0.0051803375,0.81590796,200.0,1631,FC128,crates,1,3631,,,,
0.0,0.0,0.0,0.58289236,0.0020030676,0.03624952,0.0025865168,0.0009593361,-1.9999998,200.0,0.005589507,0.8164082,200.0,1632,FC128,crates,1,3632,,,,
0.0,0.0,0.0,0.5916086,0.0019989721,0.033289313,0.001446552,-9.215623e-06,-1.9999998,200.0,0.0052767536,0.8169085,200.0,1633,FC128,crates,1,3633,,,,
0.0,0.0,0.0,0.5720563,0.0019948767,0.03472513,0.0007423655,-0.00063568976,-1.9999998,200.0,0.005038474,0.81740874,200.0,1634,FC128,crates,1,3634,,,,
0.0,0.0,0.0,0.58035856,0.0019907812,0.031544745,0.00036846357,-0.0009135262,-1.9999998,200.0,0.0048747133,0.817909,200.0,1635,FC128,crates,1,3635,,,,
0.0,0.0,0.0,0.59114784,0.0019866857,0.037350357,0.0018261235,0.0003305943,-1.9999998,200.0,0.005339908,0.8184092,200.0,1636,FC128,crates,1,3636,,,,
0.0,0.0,0.0,0.5944931,0.0019825902,0.036281645,0.002012942,0.00050005154,-1.9999998,200.0,0.0053830533,0.81890947,200.0,1637,FC128,crates,1,3637,,,,
0.0,0.0,0.0,0.5696956,0.0019784942,0.03153771,0.00082153315,-0.00057607354,-1.9999998,200.0,0.005049492,0.8194097,200.0,1638,FC128,crates,1,3638,,,,
0.0,0.0,0.0,0.58472306,0.0019743987,0.036916316,0.00037145743,-0.00092359603,-1.9999998,200.0,0.00489906,0.81991,200.0,1639,FC128,crates,1,3639,,,,
0.0,0.0,0.0,0.5814709,0.0019703032,0.038332224,0.0017177613,0.00023581654,-1.9999998,200.0,0.0052552377,0.82041025,200.0,1640,FC128,crates,1,3640,,,,
0.0,0.0,0.0,0.5771887,0.0019662078,0.036104977,0.0019770605,0.00041878445,-1.9999998,200.0,0.005386298,0.82091045,200.0,1641,FC128,crates,1,3641,,,,
0.0,0.0,0.0,0.58815473,0.0019621123,0.030201375,0.0008374116,-0.0005256334,-1.9999998,200.0,0.0050341412,0.8214107,200.0,1642,FC128,crates,1,3642,,,,
0.0,0.0,0.0,0.57079136,0.0019580168,0.02936405,0.0001269239,-0.0011613382,-1.9999998,200.0,0.0048117624,0.821911,200.0,1643,FC128,crates,1,3643,,,,
0.0,0.0,0.0,0.566375,0.0019539213,0.034166515,-0.00031651254,-0.00157011,-1.9999998,200.0,0.0047204993,0.82241124,200.0,1644,FC128,crates,1,3644,,,,
0.0,0.0,0.0,0.5814014,0.0019498258,0.033028007,0.0012904799,-0.00014593481,-1.9999998,200.0,0.005140092,0.8229115,200.0,1645,FC128,crates,1,3645,,,,
0.0,0.0,0.0,0.5829694,0.0019457298,0.032910407,0.0022282838,0.0006181145,-1.9999998,200.0,0.005488941,0.82341176,200.0,1646,FC128,crates,1,3646,,,,
0.0,0.0,0.0,0.57657814,0.0019416343,0.033765614,0.0019086817,0.00033779023,-1.9999998,200.0,0.0053807907,0.82391196,200.0,1647,FC128,crates,1,3647,,,,
0.0,0.0,0.0,0.57091194,0.0019375389,0.031967103,0.0005168001,-0.00084545877,-1.9999998,200.0,0.004936846,0.8244122,200.0,1648,FC128,crates,1,3648,,,,
0.0,0.0,0.0,0.55258393,0.0019334434,0.039163828,0.00026938517,-0.001079651,-1.9999998,200.0,0.0048348517,0.8249125,200.0,1649,FC128,crates,1,3649,,,,
0.0,0.0,0.0,0.5415239,0.0019293479,0.039262235,0.0009146391,-0.0005862622,-1.9999998,200.0,0.0050913785,0.82541275,200.0,1650,FC128,crates,1,3650,,,,
0.0,0.0,0.0,0.5383522,0.0019252524,0.03198135,0.001994052,0.0003441195,-1.9999998,200.0,0.0053727925,0.825913,200.0,1651,FC128,crates,1,3651,,,,
0.0,0.0,0.0,0.5404631,0.0019211569,0.032428205,0.0016196071,-8.734763e-06,-1.9999998,200.0,0.005333313,0.8264132,200.0,1652,FC128,crates,1,3652,,,,
0.0,0.0,0.0,0.5225809,0.0019170609,0.03684938,0.0012399484,-0.00031673923,-1.9999998,200.0,0.0051170145,0.8269135,200.0,1653,FC128,crates,1,3653,,,,
0.0,0.0,0.0,0.5338211,0.0019129654,0.03577596,0.00010014046,-0.0012999236,-1.9999998,200.0,0.004842491,0.82741374,200.0,1654,FC128,crates,1,3654,,,,
0.0,0.0,0.0,0.5286093,0.00190887,0.030724525,0.00087198976,-0.00064335775,-1.9999998,200.0,0.0050487877,0.827914,200.0,1655,FC128,crates,1,3655,,,,
0.0,0.0,0.0,0.53784126,0.0019047745,0.037721515,0.0021644023,0.0004871927,-1.9999998,200.0,0.0054033515,0.82841426,200.0,1656,FC128,crates,1,3656,,,,
0.0,0.0,0.0,0.5441247,0.001900679,0.03730941,0.0021638647,0.00050590304,-1.9999998,200.0,0.005384336,0.82891446,200.0,1657,FC128,crates,1,3657,,,,
0.0,0.0,0.0,0.5482962,0.0018965835,0.035146713,0.0010065568,-0.00046680018,-1.9999998,200.0,0.0050264928,0.8294147,200.0,1658,FC128,crates,1,3658,,,,
0.0,0.0,0.0,0.5710667,0.001892488,0.033120394,0.00013210927,-0.0012006139,-1.9999998,200.0,0.00482692,0.829915,200.0,1659,FC128,crates,1,3659,,,,
0.00390625,0.0,0.00390625,0.5714662,0.0018883925,0.046825707,0.00080004137,-0.00070386677,-2.0056639,199.78906,0.0051661213,0.83041525,199.78906,1660,FC128,crates,1,3660,,,,
0.00390625,0.0,0.00390625,0.58078504,0.0018842965,0.037161887,0.0025069746,0.0007119865,-2.002109,199.4336,0.0057787183,0.8309155,199.4336,1661,FC128,crates,1,3661,,,,
0.0,0.0,0.0,0.5849097,0.001880201,0.032803655,0.0027060788,0.0009606476,-1.9999998,200.0,0.005690358,0.8314157,200.0,1662,FC128,crates,1,3662,,,,
0.0,0.0,0.0,0.5795926,0.0018761056,0.03325528,0.00019964529,-0.0011535767,-1.9999998,200.0,0.0048811976,0.831916,200.0,1663,FC128,crates,1,3663,,,,
0.0,0.0,0.0,0.59379363,0.0018720101,0.034538627,-0.0005920266,-0.0017899637,-1.9999998,200.0,0.0046190494,0.83241624,200.0,1664,FC128,crates,1,3664,,,,
0.0,0.0,0.0,0.5918764,0.0018679146,0.039914668,0.00068584376,-0.0007472962,-1.9999998,200.0,0.005077429,0.8329165,200.0,1665,FC128,crates,1,3665,,,,
0.0,0.0,0.0,0.58729786,0.0018638191,0.035091758,0.0030181366,0.0012648638,-1.9999998,200.0,0.0056957793,0.83341676,200.0,1666,FC128,crates,1,3666,,,,
0.0,0.0,0.0,0.5933106,0.0018597236,0.037752867,0.0013731199,-0.00011977002,-1.9999998,200.0,0.005192567,0.83391696,200.0,1667,FC128,crates,1,3667,,,,
0.0078125,0.0,0.0078125,0.60122526,0.0018556276,0.050611675,-0.0009576343,-0.0022111745,-2.008867,199.5664,0.0047383807,0.8344172,199.5664,1668,FC128,crates,1,3668,,,,
0.0,0.0,0.0,0.596556,0.0018515321,0.040629566,0.000109200366,-0.0012148094,-1.9999998,200.0,0.0048571047,0.8349175,200.0,1669,FC128,crates,1,3669,,,,
0.00390625,0.0,0.00390625,0.57561207,0.0018474367,0.043692946,0.001657928,-2.9873361e-05,-2.0067186,199.89453,0.0055024163,0.83541775,199.89453,1670,FC128,crates,1,3670,,,,
0.00390625,0.0,0.00390625,0.5942852,0.0018433412,0.04140067,0.0027814568,0.0009618995,-2.0025387,199.47656,0.005830055,0.835918,199.47656,1671,FC128,crates,1,3671,,,,
0.0,0.0,0.0,0.5858013,0.0018392457,0.0394184,0.0019772071,0.0003389327,-1.9999998,200.0,0.0054314137,0.8364182,200.0,1672,FC128,crates,1,3672,,,,
0.0,0.0,0.0,0.5700703,0.0018351502,0.044074178,5.2022515e-06,-0.0013299912,-1.9999998,200.0,0.004762716,0.8369185,200.0,1673,FC128,crates,1,3673,,,,
0.0,0.0,0.0,0.5625861,0.0018310547,0.029940546,-0.00019243895,-0.0015497486,-1.9999998,200.0,0.0047748713,0.83741874,200.0,1674,FC128,crates,1,3674,,,,
0.0,0.0,0.0,0.55975664,0.0018269592,0.029848397,0.0009819975,-0.0005840729,-1.9999998,200.0,0.0051774457,0.837919,200.0,1675,FC128,crates,1,3675,,,,
0.0,0.0,0.0,0.53268695,0.0018228632,0.034239054,0.0025161176,0.00069849525,-1.9999998,200.0,0.005577276,0.83841926,200.0,1676,FC128,crates,1,3676,,,,
0.0,0.0,0.0,0.52899665,0.0018187677,0.035111368,0.0018441477,7.634714e-05,-1.9999998,200.0,0.0054598455,0.83891946,200.0,1677,FC128,crates,1,3677,,,,
0.0,0.0,0.0,0.5119965,0.0018146723,0.039366424,0.0006118649,-0.0009133537,-1.9999998,200.0,0.004908649,0.8394197,200.0,1678,FC128,crates,1,3678,,,,
0.0,0.0,0.0,0.5047806,0.0018105768,0.03403175,-5.7026104e-05,-0.0015119697,-1.9999998,200.0,0.0047377753,0.83992,200.0,1679,FC128,crates,1,3679,,,,
0.0,0.0,0.0,0.50728714,0.0018064813,0.03538686,0.001271215,-0.00033862182,-1.9999998,200.0,0.005052483,0.84042025,200.0,1680,FC128,crates,1,3680,,,,
0.0,0.0,0.0,0.495671,0.0018023858,0.03216088,0.002363996,0.00054020435,-1.9999998,200.0,0.0054343645,0.8409205,200.0,1681,FC128,crates,1,3681,,,,
0.0,0.0,0.0,0.4823628,0.0017982903,0.028617442,0.0018578797,3.843948e-05,-1.9999998,200.0,0.0053737373,0.8414207,200.0,1682,FC128,crates,1,3682,,,,
0.0,0.0,0.0,0.48258427,0.0017941943,0.03881085,0.00063330523,-0.0009799824,-1.9999998,200.0,0.0049582752,0.841921,200.0,1683,FC128,crates,1,3683,,,,
0.00390625,0.0,0.00390625,0.4891355,0.0017900988,0.04225427,-8.8167784e-05,-0.0016446767,-2.0042577,199.64844,0.0048642196,0.84242123,199.64844,1684,FC128,crates,1,3684,,,,
0.0,0.0,0.0,0.4919807,0.0017860034,0.031656325,0.0015311085,-0.00021740541,-1.9999998,200.0,0.005254386,0.8429215,200.0,1685,FC128,crates,1,3685,,,,
0.0,0.0,0.0,0.4954123,0.0017819079,0.03580612,0.0019310797,7.737815e-05,-1.9999998,200.0,0.005472961,0.84342176,200.0,1686,FC128,crates,1,3686,,,,
0.0,0.0,0.0,0.5107705,0.0017778124,0.031961203,0.0013371557,-0.00039779796,-1.9999998,200.0,0.0052860156,0.843922,200.0,1687,FC128,crates,1,3687,,,,
0.0,0.0,0.0,0.5242576,0.0017737169,0.03515458,0.000870823,-0.00072535645,-1.9999998,200.0,0.005052128,0.8444222,200.0,1688,FC128,crates,1,3688,,,,
0.0,0.0,0.0,0.5307482,0.0017696214,0.032387137,0.00035696616,-0.0011733704,-1.9999998,200.0,0.00493912,0.8449225,200.0,1689,FC128,crates,1,3689,,,,
0.0,0.0,0.0,0.5354392,0.0017655259,0.032774687,0.0012536703,-0.00034805445,-1.9999998,200.0,0.0050941133,0.84542274,200.0,1690,FC128,crates,1,3690,,,,
0.0,0.0,0.0,0.5550551,0.00176143,0.034984946,0.0019626105,0.00025037528,-1.9999998,200.0,0.0053798514,0.845923,200.0,1691,FC128,crates,1,3691,,,,
0.0,0.0,0.0,0.558457,0.0017573345,0.03347212,0.00169538,3.2663345e-05,-1.9999998,200.0,0.0052882247,0.84642327,200.0,1692,FC128,crates,1,3692,,,,
0.0,0.0,0.0,0.5706747,0.001753239,0.031422257,0.0011374184,-0.00042801438,-1.9999998,200.0,0.005131924,0.8469235,200.0,1693,FC128,crates,1,3693,,,,
0.0,0.0,0.0,0.58264107,0.0017491435,0.03153491,0.00072772754,-0.0007493947,-1.9999998,200.0,0.00499249,0.84742373,200.0,1694,FC128,crates,1,3694,,,,
0.0,0.0,0.0,0.5865019,0.001745048,0.028755665,0.0010051692,-0.00053223164,-1.9999998,200.0,0.0051217494,0.847924,200.0,1695,FC128,crates,1,3695,,,,
0.0,0.0,0.0,0.5798405,0.0017409525,0.03350675,0.0017745949,0.00013488851,-1.9999998,200.0,0.005298362,0.84842426,200.0,1696,FC128,crates,1,3696,,,,
0.0,0.0,0.0,0.5930441,0.001736857,0.026848316,0.0013418521,-0.00026216864,-1.9999998,200.0,0.005268107,0.8489245,200.0,1697,FC128,crates,1,3697,,,,
0.0,0.0,0.0,0.5769324,0.001732761,0.027178466,0.001176888,-0.00042021333,-1.9999998,200.0,0.0051935744,0.8494247,200.0,1698,FC128,crates,1,3698,,,,
0.0,0.0,0.0,0.58402455,0.0017286655,0.02728951,0.0012836655,-0.00029307394,-1.9999998,200.0,0.005172645,0.849925,200.0,1699,FC128,crates,1,3699,,,,
0.0,0.0,0.0,0.57390773,0.0017245701,0.036029577,0.00083044404,-0.00071909546,-1.9999998,200.0,0.005078567,0.85042524,200.0,1700,FC128,crates,1,3700,,,,
0.0,0.0,0.0,0.56242543,0.0017204746,0.03606516,0.001227307,-0.00040480017,-1.9999998,200.0,0.005199492,0.8509255,200.0,1701,FC128,crates,1,3701,,,,
0.0,0.0,0.0,0.5901821,0.0017163791,0.032438993,0.0011899953,-0.00033465802,-1.9999998,200.0,0.005075259,0.85142577,200.0,1702,FC128,crates,1,3702,,,,
0.0,0.0,0.0,0.5776769,0.0017122836,0.033754706,0.0011395238,-0.00042737214,-1.9999998,200.0,0.005112085,0.85192597,200.0,1703,FC128,crates,1,3703,,,,
0.0,0.0,0.0,0.5732827,0.0017081881,0.031697452,0.0011827915,-0.00042418225,-1.9999998,200.0,0.005172497,0.85242623,200.0,1704,FC128,crates,1,3704,,,,
0.0,0.0,0.0,0.5903224,0.0017040926,0.03071016,0.0014875721,-0.00012536376,-1.9999998,200.0,0.0052377996,0.8529265,200.0,1705,FC128,crates,1,3705,,,,
0.0,0.0,0.0,0.57489103,0.0016999966,0.02754271,0.0011545125,-0.00044967054,-1.9999998,200.0,0.0051629916,0.85342675,200.0,1706,FC128,crates,1,3706,,,,
0.00390625,0.0,0.00390625,0.5853769,0.0016959012,0.035948873,0.00042212056,-0.0011076978,-2.0074997,199.97266,0.0050451197,0.853927,199.97266,1707,FC128,crates,1,3707,,,,
0.0,0.0,0.0,0.5914056,0.0016918057,0.030619085,0.0011967184,-0.00039152591,-1.9999998,200.0,0.005177575,0.8544272,200.0,1708,FC128,crates,1,3708,,,,
0.0,0.0,0.0,0.5853138,0.0016877102,0.025770009,0.0013263299,-0.00028907208,-1.9999998,200.0,0.005206484,0.8549275,200.0,1709,FC128,crates,1,3709,,,,
0.0,0.0,0.0,0.5660607,0.0016836147,0.028130352,0.0014682626,-0.00019463382,-1.9999998,200.0,0.0052318494,0.85542774,200.0,1710,FC128,crates,1,3710,,,,
0.0,0.0,0.0,0.5846153,0.0016795192,0.030133784,0.0011678677,-0.00041467964,-1.9999998,200.0,0.0051288395,0.855928,200.0,1711,FC128,crates,1,3711,,,,
0.0,0.0,0.0,0.5783616,0.0016754237,0.033863008,0.0010332414,-0.00052144437,-1.9999998,200.0,0.005047373,0.85642827,200.0,1712,FC128,crates,1,3712,,,,
0.0078125,0.0,0.0078125,0.5830458,0.0016713277,0.04414028,2.6188849e-05,-0.0015800622,-2.0066404,199.10938,0.0051614232,0.85692847,199.10938,1713,FC128,crates,1,3713,,,,
0.0,0.0,0.0,0.5921809,0.0016672323,0.031443954,0.0026116944,0.0007980473,-1.9999998,200.0,0.0056019006,0.8574287,200.0,1714,FC128,crates,1,3714,,,,
0.0,0.0,0.0,0.5739625,0.0016631368,0.022435546,0.0021794597,0.0003966525,-1.9999998,200.0,0.0054747704,0.857929,200.0,1715,FC128,crates,1,3715,,,,
0.0,0.0,0.0,0.57913464,0.0016590413,0.024197102,0.00059269776,-0.00095251796,-1.9999998,200.0,0.005012048,0.85842925,200.0,1716,FC128,crates,1,3716,,,,
0.0,0.0,0.0,0.57027113,0.0016549458,0.030380666,0.0003230648,-0.0011325468,-1.9999998,200.0,0.004798759,0.8589295,200.0,1717,FC128,crates,1,3717,,,,
0.0,0.0,0.0,0.57059,0.0016508503,0.032977402,0.0005916304,-0.0009642215,-1.9999998,200.0,0.0049956213,0.8594297,200.0,1718,FC128,crates,1,3718,,,,
0.0,0.0,0.0,0.580955,0.0016467548,0.026189446,0.0020301172,0.00024578065,-1.9999998,200.0,0.005482054,0.85993,200.0,1719,FC128,crates,1,3719,,,,
0.0,0.0,0.0,0.56492615,0.0016426593,0.027840674,0.0023564904,0.0005210236,-1.9999998,200.0,0.005526896,0.86043024,200.0,1720,FC128,crates,1,3720,,,,
0.0,0.0,0.0,0.5623074,0.0016385633,0.028641403,0.001383354,-0.00028641938,-1.9999998,200.0,0.0051822993,0.8609305,200.0,1721,FC128,crates,1,3721,,,,
0.0,0.0,0.0,0.55940914,0.0016344679,0.032034278,0.00038207782,-0.0011516383,-1.9999998,200.0,0.004896105,0.86143076,200.0,1722,FC128,crates,1,3722,,,,
0.0,0.0,0.0,0.5483208,0.0016303724,0.03587091,0.0004446187,-0.0011222404,-1.9999998,200.0,0.0049216524,0.86193097,200.0,1723,FC128,crates,1,3723,,,,
0.00390625,0.0,0.00390625,0.55731374,0.0016262769,0.039638937,0.0011470574,-0.00062283955,-2.0065622,199.8789,0.005352487,0.8624312,199.8789,1724,FC128,crates,1,3724,,,,
0.0,0.0,0.0,0.5512953,0.0016221814,0.029327035,0.0027719464,0.0008339734,-1.9999998,200.0,0.0056645474,0.8629315,200.0,1725,FC128,crates,1,3725,,,,
0.0,0.0,0.0,0.56183684,0.0016180859,0.026504576,0.0018473812,9.14967e-05,-1.9999998,200.0,0.00532997,0.86343175,200.0,1726,FC128,crates,1,3726,,,,
0.0,0.0,0.0,0.5540727,0.0016139904,0.030617118,0.00026441348,-0.0012614822,-1.9999998,200.0,0.0048403274,0.863932,200.0,1727,FC128,crates,1,3727,,,,
0.0,0.0,0.0,0.5402535,0.0016098944,0.030653298,-0.00010410178,-0.0015902927,-1.9999998,200.0,0.004711884,0.8644322,200.0,1728,FC128,crates,1,3728,,,,
0.0,0.0,0.0,0.53470105,0.001605799,0.02966994,0.0012081007,-0.0005082163,-1.9999998,200.0,0.0051498786,0.8649325,200.0,1729,FC128,crates,1,3729,,,,
0.0,0.0,0.0,0.5341288,0.0016017035,0.026837885,0.0027098833,0.0007739806,-1.9999998,200.0,0.0055828374,0.86543274,200.0,1730,FC128,crates,1,3730,,,,
0.0,0.0,0.0,0.53284895,0.001597608,0.028820634,0.0020623808,0.00020619034,-1.9999998,200.0,0.0054149483,0.865933,200.0,1731,FC128,crates,1,3731,,,,
0.0,0.0,0.0,0.5459933,0.0015935125,0.028139114,0.00062290166,-0.0009951602,-1.9999998,200.0,0.004976218,0.86643326,200.0,1732,FC128,crates,1,3732,,,,
0.0,0.0,0.0,0.55179226,0.001589417,0.028256953,0.00019083847,-0.0013413302,-1.9999998,200.0,0.0048183934,0.8669335,200.0,1733,FC128,crates,1,3733,,,,
0.0,0.0,0.0,0.5380036,0.0015853215,0.029888928,0.0013533211,-0.00035152346,-1.9999998,200.0,0.0051155067,0.8674337,200.0,1734,FC128,crates,1,3734,,,,
0.0,0.0,0.0,0.5410957,0.001581226,0.0262838,0.0024123762,0.0005592002,-1.9999998,200.0,0.0054175416,0.867934,200.0,1735,FC128,crates,1,3735,,,,
0.0,0.0,0.0,0.54879665,0.00157713,0.032047987,0.002413765,0.0006185581,-1.9999998,200.0,0.0053214612,0.86843425,200.0,1736,FC128,crates,1,3736,,,,
0.0,0.0,0.0,0.5572046,0.0015730346,0.029270768,0.0001855393,-0.001374529,-1.9999998,200.0,0.0048731407,0.8689345,200.0,1737,FC128,crates,1,3737,,,,
0.0,0.0,0.0,0.56691176,0.0015689391,0.02871859,0.00012423022,-0.0014107387,-1.9999998,200.0,0.004848838,0.8694348,200.0,1738,FC128,crates,1,3738,,,,
0.0,0.0,0.0,0.5691832,0.0015648436,0.022254407,0.0013130542,-0.00039986608,-1.9999998,200.0,0.005207206,0.869935,200.0,1739,FC128,crates,1,3739,,,,
0.0,0.0,0.0,0.57682127,0.0015607481,0.026259243,0.0022378396,0.0004091336,-1.9999998,200.0,0.0054579577,0.87043524,200.0,1740,FC128,crates,1,3740,,,,
0.0,0.0,0.0,0.57363504,0.0015566526,0.028503358,0.0017216438,-5.8343856e-05,-1.9999998,200.0,0.0053458763,0.8709355,200.0,1741,FC128,crates,1,3741,,,,
0.00390625,0.0,0.00390625,0.5741283,0.0015525571,0.03985727,0.00049783447,-0.0011564358,-2.0072656,199.94922,0.0050912746,0.87143576,199.94922,1742,FC128,crates,1,3742,,,,
0.0,0.0,0.0,0.5891231,0.0015484616,0.026608884,0.0007904489,-0.000787123,-1.9999998,200.0,0.004979613,0.871936,200.0,1743,FC128,crates,1,3743,,,,
0.0,0.0,0.0,0.5756072,0.0015443657,0.031751573,0.001061283,-0.00058702065,-1.9999998,200.0,0.0050745034,0.8724362,200.0,1744,FC128,crates,1,3744,,,,
0.0,0.0,0.0,0.5789627,0.0015402702,0.032152712,0.0014998565,-0.00024494558,-1.9999998,200.0,0.005273122,0.8729365,200.0,1745,FC128,crates,1,3745,,,,
0.0,0.0,0.0,0.5694979,0.0015361747,0.02555275,0.0017932066,-7.1060654e-06,-1.9999998,200.0,0.0053503215,0.87343675,200.0,1746,FC128,crates,1,3746,,,,
0.0,0.0,0.0,0.57153046,0.0015320792,0.026728094,0.001468749,-0.00025405496,-1.9999998,200.0,0.005196868,0.873937,200.0,1747,FC128,crates,1,3747,,,,
0.0,0.0,0.0,0.57173836,0.0015279837,0.028002977,0.0010056315,-0.00065789756,-1.9999998,200.0,0.005074272,0.8744373,200.0,1748,FC128,crates,1,3748,,,,
0.0,0.0,0.0,0.5765145,0.0015238882,0.027323484,0.0010131007,-0.00062997115,-1.9999998,200.0,0.005043231,0.8749375,200.0,1749,FC128,crates,1,3749,,,,
0.0,0.0,0.0,0.570449,0.0015197927,0.030101657,0.0013478764,-0.00040621698,-1.9999998,200.0,0.0052421154,0.87543774,200.0,1750,FC128,crates,1,3750,,,,
0.0,0.0,0.0,0.5696121,0.0015156968,0.027735889,0.0016600025,-0.000113919676,-1.9999998,200.0,0.0052745626,0.875938,200.0,1751,FC128,crates,1,3751,,,,
0.0,0.0,0.0,0.5631643,0.0015116013,0.02812457,0.0016962555,-4.790619e-05,-1.9999998,200.0,0.0051908833,0.87643826,200.0,1752,FC128,crates,1,3752,,,,
0.0,0.0,0.0,0.55902225,0.0015075058,0.025520504,0.0007577183,-0.00089567987,-1.9999998,200.0,0.004992255,0.8769385,200.0,1753,FC128,crates,1,3753,,,,
0.0,0.0,0.0,0.57529974,0.0015034103,0.025438964,0.0012916354,-0.0003918603,-1.9999998,200.0,0.0050968146,0.8774387,200.0,1754,FC128,crates,1,3754,,,,
0.0,0.0,0.0,0.5774499,0.0014993148,0.024795592,0.0017042141,-4.5732704e-05,-1.9999998,200.0,0.0052314517,0.877939,200.0,1755,FC128,crates,1,3755,,,,
0.00390625,0.0,0.00390625,0.5775635,0.0014952193,0.031273305,0.0013502972,-0.00044277246,-2.0069919,199.92188,0.0053133075,0.87843925,199.92188,1756,FC128,crates,1,3756,,,,
0.0,0.0,0.0,0.57596153,0.0014911238,0.026755512,0.0021385555,0.00030740738,-1.9999998,200.0,0.0053799557,0.8789395,200.0,1757,FC128,crates,1,3757,,,,
0.0,0.0,0.0,0.5847275,0.0014870283,0.027862072,0.0012930153,-0.00037233724,-1.9999998,200.0,0.0050697178,0.8794398,200.0,1758,FC128,crates,1,3758,,,,
0.0,0.0,0.0,0.5819627,0.0014829324,0.026515901,0.0006478523,-0.00092090573,-1.9999998,200.0,0.004863539,0.87994,200.0,1759,FC128,crates,1,3759,,,,
0.0,0.0,0.0,0.588267,0.0014788369,0.025412858,0.0007543205,-0.0008750239,-1.9999998,200.0,0.004998591,0.88044024,200.0,1760,FC128,crates,1,3760,,,,
0.0,0.0,0.0,0.5819214,0.0014747414,0.025629163,0.002672314,0.00077911076,-1.9999998,200.0,0.0055027734,0.8809405,200.0,1761,FC128,crates,1,3761,,,,
0.0,0.0,0.0,0.5742746,0.0014706459,0.025915325,0.0025416815,0.00065846875,-1.9999998,200.0,0.0054555344,0.88144076,200.0,1762,FC128,crates,1,3762,,,,
0.0,0.0,0.0,0.5731048,0.0014665504,0.026192069,0.0013940191,-0.00031759441,-1.9999998,200.0,0.0051042014,0.881941,200.0,1763,FC128,crates,1,3763,,,,
0.0,0.0,0.0,0.5932835,0.0014624549,0.027984083,0.00012119458,-0.0013888614,-1.9999998,200.0,0.0047554127,0.8824412,200.0,1764,FC128,crates,1,3764,,,,
0.0,0.0,0.0,0.57905674,0.0014583594,0.025240302,0.00023954984,-0.0013047729,-1.9999998,200.0,0.004777591,0.8829415,200.0,1765,FC128,crates,1,3765,,,,
0.0,0.0,0.0,0.5967569,0.0014542635,0.027371764,0.0019881781,0.00021354802,-1.9999998,200.0,0.0052849436,0.88344175,200.0,1766,FC128,crates,1,3766,,,,
0.0,0.0,0.0,0.5831959,0.001450168,0.027698696,0.0025300086,0.0006337616,-1.9999998,200.0,0.0054839584,0.883942,200.0,1767,FC128,crates,1,3767,,,,
0.0,0.0,0.0,0.58771515,0.0014460725,0.027282953,0.0016101138,-0.00014475196,-1.9999998,200.0,0.005209489,0.88444227,200.0,1768,FC128,crates,1,3768,,,,
0.0,0.0,0.0,0.5957715,0.001441977,0.024177492,0.00015093951,-0.0014464796,-1.9999998,200.0,0.0049130158,0.8849425,200.0,1769,FC128,crates,1,3769,,,,
0.0,0.0,0.0,0.5657267,0.0014378815,0.02794224,0.00033805397,-0.0012557737,-1.9999998,200.0,0.004814551,0.88544273,200.0,1770,FC128,crates,1,3770,,,,
0.0,0.0,0.0,0.578513,0.001433786,0.02496463,0.0015331991,-0.00024055377,-1.9999998,200.0,0.0052064336,0.885943,200.0,1771,FC128,crates,1,3771,,,,
0.0,0.0,0.0,0.55502164,0.0014296905,0.032851994,0.0027191234,0.0007423599,-1.9999998,200.0,0.0055405456,0.88644326,200.0,1772,FC128,crates,1,3772,,,,
0.0,0.0,0.0,0.56946045,0.001425595,0.032308042,0.0018981544,8.005574e-05,-1.9999998,200.0,0.005259837,0.8869435,200.0,1773,FC128,crates,1,3773,,,,
0.0,0.0,0.0,0.5536031,0.0014214991,0.026694715,0.0005542279,-0.0011445613,-1.9999998,200.0,0.004971471,0.8874438,200.0,1774,FC128,crates,1,3774,,,,
0.0,0.0,0.0,0.5647832,0.0014174036,0.029113889,0.0007600881,-0.00087874813,-1.9999998,200.0,0.004878724,0.887944,200.0,1775,FC128,crates,1,3775,,,,
0.0,0.0,0.0,0.5442924,0.0014133081,0.027339816,0.0011748953,-0.00061608147,-1.9999998,200.0,0.0051204595,0.88844424,200.0,1776,FC128,crates,1,3776,,,,
0.0,0.0,0.0,0.54140717,0.0014092126,0.02249217,0.0023929565,0.00044097885,-1.9999998,200.0,0.005429871,0.8889445,200.0,1777,FC128,crates,1,3777,,,,
0.0,0.0,0.0,0.53325,0.0014051171,0.026395023,0.0020510738,0.00012361414,-1.9999998,200.0,0.0053534764,0.88944477,200.0,1778,FC128,crates,1,3778,,,,
0.0,0.0,0.0,0.55009013,0.0014010216,0.028913021,0.0012653914,-0.00050009816,-1.9999998,200.0,0.0050723553,0.88994503,200.0,1779,FC128,crates,1,3779,,,,
0.0,0.0,0.0,0.5476465,0.0013969261,0.024238288,0.0008030256,-0.00091797556,-1.9999998,200.0,0.004972046,0.89044523,200.0,1780,FC128,crates,1,3780,,,,
0.0,0.0,0.0,0.531838,0.0013928302,0.029152572,0.0014462234,-0.00039033635,-1.9999998,200.0,0.0051546395,0.8909455,200.0,1781,FC128,crates,1,3781,,,,
0.0,0.0,0.0,0.5458497,0.0013887347,0.034549773,0.0023101259,0.00040878996,-1.9999998,200.0,0.0053187525,0.89144576,200.0,1782,FC128,crates,1,3782,,,,
0.0,0.0,0.0,0.54102147,0.0013846392,0.028326213,0.0018773966,1.2292266e-05,-1.9999998,200.0,0.0052284477,0.891946,200.0,1783,FC128,crates,1,3783,,,,
0.0,0.0,0.0,0.55186504,0.0013805437,0.026960075,0.0009949198,-0.00075882074,-1.9999998,200.0,0.0050312285,0.8924463,200.0,1784,FC128,crates,1,3784,,,,
0.0,0.0,0.0,0.55089104,0.0013764482,0.02719605,0.0007084725,-0.0010295345,-1.9999998,200.0,0.00499256,0.8929465,200.0,1785,FC128,crates,1,3785,,,,
0.0,0.0,0.0,0.56131047,0.0013723527,0.028338194,0.0013950514,-0.0003811796,-1.9999998,200.0,0.005093094,0.89344674,200.0,1786,FC128,crates,1,3786,,,,
0.0,0.0,0.0,0.55345243,0.0013682572,0.026584864,0.0019129589,1.921065e-05,-1.9999998,200.0,0.0053020273,0.893947,200.0,1787,FC128,crates,1,3787,,,,
0.0,0.0,0.0,0.5631187,0.0013641617,0.022786498,0.0021462091,0.00024541607,-1.9999998,200.0,0.005337956,0.89444727,200.0,1788,FC128,crates,1,3788,,,,
0.0,0.0,0.0,0.5543198,0.0013600658,0.032354295,0.0016017738,-0.0002178973,-1.9999998,200.0,0.005147165,0.8949475,200.0,1789,FC128,crates,1,3789,,,,
0.0,0.0,0.0,0.56163025,0.0013559703,0.03030765,0.0010200478,-0.000705301,-1.9999998,200.0,0.0049738055,0.89544773,200.0,1790,FC128,crates,1,3790,,,,
0.0,0.0,0.0,0.57247335,0.0013518748,0.029824913,0.0011847839,-0.0005764991,-1.9999998,200.0,0.0050703906,0.895948,200.0,1791,FC128,crates,1,3791,,,,
0.0,0.0,0.0,0.5603786,0.0013477793,0.026949406,0.001795698,-7.072121e-05,-1.9999998,200.0,0.0052433717,0.89644825,200.0,1792,FC128,crates,1,3792,,,,
0.0,0.0,0.0,0.57413584,0.0013436838,0.02741772,0.0017611033,-6.9815964e-05,-1.9999998,200.0,0.0052047526,0.8969485,200.0,1793,FC128,crates,1,3793,,,,
0.0,0.0,0.0,0.5757212,0.0013395883,0.028292418,0.0016408125,-0.00021468416,-1.9999998,200.0,0.005253452,0.8974488,200.0,1794,FC128,crates,1,3794,,,,
0.0078125,0.0,0.00390625,0.5750418,0.0013354928,0.019516468,0.0012546296,-0.00060861115,-2.0040233,199.625,0.00526241,0.897949,199.625,1795,FC128,crates,1,3795,,,,
0.0,0.0,0.0,0.5896214,0.0013313969,0.030257106,0.0010649243,-0.0006615752,-1.9999998,200.0,0.0050230394,0.89844924,200.0,1796,FC128,crates,1,3796,,,,
0.0,0.0,0.0,0.57711875,0.0013273014,0.028810084,0.0014535063,-0.00036172435,-1.9999998,200.0,0.005162482,0.8989495,200.0,1797,FC128,crates,1,3797,,,,
0.0,0.0,0.0,0.5813744,0.0013232059,0.023208022,0.0016324364,-0.00019699111,-1.9999998,200.0,0.005197411,0.89944977,200.0,1798,FC128,crates,1,3798,,,,
0.0,0.0,0.0,0.57690907,0.0013191104,0.026842952,0.0016524552,-0.00019331007,-1.9999998,200.0,0.005213544,0.89995,200.0,1799,FC128,crates,1,3799,,,,
0.0,0.0,0.0,0.58582616,0.0013150149,0.024454176,0.0018201814,-9.401888e-06,-1.9999998,200.0,0.005199907,0.9004502,200.0,1800,FC128,crates,1,3800,,,,
0.0,0.0,0.0,0.5790074,0.0013109194,0.027749717,0.0015147117,-0.0002720207,-1.9999998,200.0,0.005091529,0.9009505,200.0,1801,FC128,crates,1,3801,,,,
0.0,0.0,0.0,0.5815453,0.0013068239,0.028550446,0.001610236,-0.00020173295,-1.9999998,200.0,0.0051438925,0.90145075,200.0,1802,FC128,crates,1,3802,,,,
0.0,0.0,0.0,0.5847431,0.0013027284,0.03340745,0.0014749522,-0.0003508134,-1.9999998,200.0,0.005175054,0.901951,200.0,1803,FC128,crates,1,3803,,,,
0.0,0.0,0.0,0.5849029,0.0012986325,0.024633884,0.0016813031,-0.00013883575,-1.9999998,200.0,0.0051594255,0.9024513,200.0,1804,FC128,crates,1,3804,,,,
0.0,0.0,0.0,0.58117497,0.001294537,0.030529141,0.0016166414,-0.00019912541,-1.9999998,200.0,0.0051362384,0.9029515,200.0,1805,FC128,crates,1,3805,,,,
0.0,0.0,0.0,0.58753246,0.0012904415,0.030307531,0.0017000616,-0.00014312923,-1.9999998,200.0,0.005202734,0.90345174,200.0,1806,FC128,crates,1,3806,,,,
0.0,0.0,0.0,0.5867797,0.001286346,0.02871257,0.001805411,-4.197046e-05,-1.9999998,200.0,0.0052043665,0.903952,200.0,1807,FC128,crates,1,3807,,,,
0.0,0.0,0.0,0.5988634,0.0012822505,0.02571249,0.0016341936,-0.00019039943,-1.9999998,200.0,0.0051849717,0.90445226,200.0,1808,FC128,crates,1,3808,,,,
0.0,0.0,0.0,0.5914494,0.001278155,0.02697891,0.0014900041,-0.00031041488,-1.9999998,200.0,0.0051127663,0.9049525,200.0,1809,FC128,crates,1,3809,,,,
0.0,0.0,0.0,0.5886473,0.0012740595,0.029466927,0.001027352,-0.00072216865,-1.9999998,200.0,0.0049989847,0.9054527,200.0,1810,FC128,crates,1,3810,,,,
0.0,0.0,0.0,0.5928473,0.0012699636,0.03101468,0.0013346488,-0.00044428286,-1.9999998,200.0,0.005063652,0.905953,200.0,1811,FC128,crates,1,3811,,,,
0.0,0.0,0.0,0.58759266,0.0012658681,0.024772763,0.0015413901,-0.0003184764,-1.9999998,200.0,0.0052073626,0.90645325,200.0,1812,FC128,crates,1,3812,,,,
0.0,0.0,0.0,0.590036,0.0012617726,0.027644277,0.0018464698,-7.5384974e-06,-1.9999998,200.0,0.0051969993,0.9069535,200.0,1813,FC128,crates,1,3813,,,,
0.0,0.0,0.0,0.5808791,0.0012576771,0.026750386,0.0015963733,-0.0002327986,-1.9999998,200.0,0.00511946,0.9074538,200.0,1814,FC128,crates,1,3814,,,,
0.00390625,0.0,0.00390625,0.5832393,0.0012535816,0.03704518,0.0016015139,-0.00030848302,-2.0069137,199.91406,0.00528227,0.90795404,199.91406,1815,FC128,crates,1,3815,,,,
0.0,0.0,0.0,0.5822827,0.0012494861,0.026801586,0.002337447,0.00038746028,-1.9999998,200.0,0.005355082,0.90845424,200.0,1816,FC128,crates,1,3816,,,,
0.0,0.0,0.0,0.56432915,0.0012453906,0.02639991,0.0014895904,-0.00039737314,-1.9999998,200.0,0.0051795477,0.9089545,200.0,1817,FC128,crates,1,3817,,,,
0.0,0.0,0.0,0.58412796,0.0012412951,0.026452065,0.0011772243,-0.0006027789,-1.9999998,200.0,0.005010157,0.90945476,200.0,1818,FC128,crates,1,3818,,,,
0.0,0.0,0.0,0.57658535,0.0012371992,0.027727187,0.001180436,-0.0006416163,-1.9999998,200.0,0.0050708065,0.909955,200.0,1819,FC128,crates,1,3819,,,,
0.0,0.0,0.0,0.5710033,0.0012331037,0.025829017,0.0019441406,1.8291845e-05,-1.9999998,200.0,0.00525991,0.9104553,200.0,1820,FC128,crates,1,3820,,,,
0.0,0.0,0.0,0.58208984,0.0012290082,0.024630427,0.0016261402,-0.00025175928,-1.9999998,200.0,0.0051865852,0.9109555,200.0,1821,FC128,crates,1,3821,,,,
0.0,0.0,0.0,0.5641801,0.0012249127,0.023759663,0.001193777,-0.00067433715,-1.9999998,200.0,0.005118371,0.91145575,200.0,1822,FC128,crates,1,3822,,,,
0.0,0.0,0.0,0.5737007,0.0012208172,0.024992883,0.0014826434,-0.00036973445,-1.9999998,200.0,0.005105523,0.911956,200.0,1823,FC128,crates,1,3823,,,,
0.0,0.0,0.0,0.5787154,0.0012167217,0.026172042,0.0016904494,-0.00019688188,-1.9999998,200.0,0.0051829335,0.9124563,200.0,1824,FC128,crates,1,3824,,,,
0.0,0.0,0.0,0.5815008,0.0012126262,0.026002407,0.0017161425,-0.0002005981,-1.9999998,200.0,0.0052437675,0.91295654,200.0,1825,FC128,crates,1,3825,,,,
0.0,0.0,0.0,0.58257216,0.0012085303,0.02224058,0.0015810127,-0.00030680344,-1.9999998,200.0,0.0051837447,0.91345674,200.0,1826,FC128,crates,1,3826,,,,
0.0,0.0,0.0,0.58193314,0.0012044348,0.022859097,0.001223166,-0.00061080215,-1.9999998,200.0,0.0050697373,0.913957,200.0,1827,FC128,crates,1,3827,,,,
0.0,0.0,0.0,0.57277465,0.0012003393,0.021531165,0.0012294326,-0.0006164858,-1.9999998,200.0,0.0050668847,0.91445726,200.0,1828,FC128,crates,1,3828,,,,
0.0,0.0,0.0,0.5719461,0.0011962438,0.027136803,0.0019028372,-1.0480508e-05,-1.9999998,200.0,0.005195009,0.9149575,200.0,1829,FC128,crates,1,3829,,,,
0.0,0.0,0.0,0.57144886,0.0011921483,0.028727293,0.0018332067,-9.6620766e-05,-1.9999998,200.0,0.0052221585,0.9154578,200.0,1830,FC128,crates,1,3830,,,,
0.0,0.0,0.0,0.5655143,0.0011880528,0.027444601,0.0016358815,-0.00029040844,-1.9999998,200.0,0.0051963017,0.915958,200.0,1831,FC128,crates,1,3831,,,,
0.0,0.0,0.0,0.5646118,0.0011839573,0.025875568,0.0015824893,-0.00031980185,-1.9999998,200.0,0.005141535,0.91645825,200.0,1832,FC128,crates,1,3832,,,,
0.00390625,0.0,0.00390625,0.56922334,0.0011798618,0.034882247,0.0012365505,-0.0006910129,-2.0016403,199.38672,0.0051983367,0.9169585,199.38672,1833,FC128,crates,1,3833,,,,
0.0,0.0,0.0,0.56716454,0.0011757659,0.030769646,0.0023585083,0.00035848742,-1.9999998,200.0,0.0053337472,0.9174588,200.0,1834,FC128,crates,1,3834,,,,
0.0,0.0,0.0,0.5701512,0.0011716704,0.021602988,0.0020191113,2.1260976e-05,-1.9999998,200.0,0.0053317593,0.91795903,200.0,1835,FC128,crates,1,3835,,,,
0.0,0.0,0.0,0.5635832,0.0011675749,0.01971811,0.001536427,-0.00035321488,-1.9999998,200.0,0.0050953347,0.91845924,200.0,1836,FC128,crates,1,3836,,,,
0.0,0.0,0.0,0.55596626,0.0011634794,0.02711618,0.00079734955,-0.0010058329,-1.9999998,200.0,0.0049000755,0.9189595,200.0,1837,FC128,crates,1,3837,,,,
0.00390625,0.0,0.00390625,0.5694626,0.0011593839,0.030073464,0.0011776105,-0.0007271612,-2.004492,199.67188,0.005129995,0.91945976,199.67188,1838,FC128,crates,1,3838,,,,
0.0,0.0,0.0,0.5746272,0.0011552884,0.023162067,0.002500795,0.0004409991,-1.9999998,200.0,0.0054473123,0.91996,200.0,1839,FC128,crates,1,3839,,,,
0.0,0.0,0.0,0.5705673,0.0011511929,0.021462142,0.0026524072,0.00056064397,-1.9999998,200.0,0.005497192,0.9204603,200.0,1840,FC128,crates,1,3840,,,,
0.0,0.0,0.0,0.57815224,0.001147097,0.02275467,0.0016272473,-0.0002531278,-1.9999998,200.0,0.0050871437,0.9209605,200.0,1841,FC128,crates,1,3841,,,,
0.0,0.0,0.0,0.58511513,0.0011430015,0.02394396,0.0006936958,-0.0010720105,-1.9999998,200.0,0.0048689875,0.92146075,200.0,1842,FC128,crates,1,3842,,,,
0.0,0.0,0.0,0.57260525,0.001138906,0.023991585,0.001267767,-0.00059402135,-1.9999998,200.0,0.0050278637,0.921961,200.0,1843,FC128,crates,1,3843,,,,
0.0,0.0,0.0,0.584056,0.0011348105,0.024033725,0.0021609517,0.00015013687,-1.9999998,200.0,0.0053472156,0.9224613,200.0,1844,FC128,crates,1,3844,,,,
0.0,0.0,0.0,0.57813317,0.001130715,0.027459502,0.0024512366,0.00041466428,-1.9999998,200.0,0.0053805527,0.92296153,200.0,1845,FC128,crates,1,3845,,,,
0.0,0.0,0.0,0.57804906,0.0011266195,0.026448548,0.0015445712,-0.0003737645,-1.9999998,200.0,0.005139154,0.92346174,200.0,1846,FC128,crates,1,3846,,,,
0.0,0.0,0.0,0.58771276,0.001122524,0.022168279,0.0011002312,-0.0007133762,-1.9999998,200.0,0.0049466584,0.923962,200.0,1847,FC128,crates,1,3847,,,,
0.0,0.0,0.0,0.5847089,0.0011184285,0.018723667,0.001462965,-0.00039792596,-1.9999998,200.0,0.0050296923,0.92446226,200.0,1848,FC128,crates,1,3848,,,,
0.0,0.0,0.0,0.58006436,0.0011143326,0.021535993,0.0018033078,-0.00019277468,-1.9999998,200.0,0.0052849343,0.9249625,200.0,1849,FC128,crates,1,3849,,,,
0.0,0.0,0.0,0.5744561,0.0011102371,0.025431693,0.002453594,0.00041220037,-1.9999998,200.0,0.0053583523,0.9254628,200.0,1850,FC128,crates,1,3850,,,,
0.0,0.0,0.0,0.57850987,0.0011061416,0.024528384,0.0018636263,-0.00010021418,-1.9999998,200.0,0.005207509,0.925963,200.0,1851,FC128,crates,1,3851,,,,
0.0,0.0,0.0,0.57563794,0.0011020461,0.025949776,0.0011395022,-0.000708109,-1.9999998,200.0,0.0049639815,0.92646325,200.0,1852,FC128,crates,1,3852,,,,
0.0,0.0,0.0,0.57932335,0.0010979506,0.024020135,0.0009775714,-0.0008968624,-1.9999998,200.0,0.0050210045,0.9269635,200.0,1853,FC128,crates,1,3853,,,,
0.0,0.0,0.0,0.5661481,0.0010938551,0.02220738,0.002290323,0.0002711632,-1.9999998,200.0,0.005276887,0.92746377,200.0,1854,FC128,crates,1,3854,,,,
0.0,0.0,0.0,0.5769273,0.0010897596,0.02328074,0.0017968027,-0.00020510897,-1.9999998,200.0,0.0052612475,0.92796403,200.0,1855,FC128,crates,1,3855,,,,
0.0,0.0,0.0,0.5768785,0.0010856641,0.023017466,0.0011760144,-0.0007221402,-1.9999998,200.0,0.005048902,0.9284643,200.0,1856,FC128,crates,1,3856,,,,
0.0,0.0,0.0,0.5760823,0.0010815682,0.025089443,0.0016119028,-0.0002992658,-1.9999998,200.0,0.005068482,0.9289645,200.0,1857,FC128,crates,1,3857,,,,
0.0,0.0,0.0,0.58323973,0.0010774727,0.02274108,0.0013500603,-0.0005476446,-1.9999998,200.0,0.0050522597,0.92946476,200.0,1858,FC128,crates,1,3858,,,,
0.0,0.0,0.0,0.5767597,0.0010733772,0.019557238,0.0020251893,5.4851622e-05,-1.9999998,200.0,0.0051788366,0.929965,200.0,1859,FC128,crates,1,3859,,,,
0.0,0.0,0.0,0.5769796,0.0010692817,0.020545602,0.0020494638,3.6625413e-05,-1.9999998,200.0,0.005259584,0.9304653,200.0,1860,FC128,crates,1,3860,,,,
0.0,0.0,0.0,0.5757901,0.0010651862,0.022337437,0.0018181731,-0.00014433503,-1.9999998,200.0,0.0051516634,0.93096554,200.0,1861,FC128,crates,1,3861,,,,
0.0,0.0,0.0,0.58293784,0.0010610907,0.02033931,0.00088904676,-0.0009821764,-1.9999998,200.0,0.004979546,0.93146574,200.0,1862,FC128,crates,1,3862,,,,
0.0,0.0,0.0,0.5757675,0.0010569952,0.022150457,0.0013878683,-0.00052216527,-1.9999998,200.0,0.005037234,0.931966,200.0,1863,FC128,crates,1,3863,,,,
0.0,0.0,0.0,0.57584023,0.0010528993,0.022241712,0.0019612336,-8.845985e-05,-1.9999998,200.0,0.00531199,0.93246627,200.0,1864,FC128,crates,1,3864,,,,
0.0,0.0,0.0,0.5769167,0.0010488038,0.020976424,0.00206529,1.7244816e-05,-1.9999998,200.0,0.005306235,0.93296653,200.0,1865,FC128,crates,1,3865,,,,
0.0,0.0,0.0,0.56288373,0.0010447083,0.018933296,0.0016808423,-0.00029529183,-1.9999998,200.0,0.005128367,0.9334668,200.0,1866,FC128,crates,1,3866,,,,
0.0,0.0,0.0,0.5562952,0.0010406128,0.023593426,0.001498976,-0.00042787415,-1.9999998,200.0,0.0050114766,0.933967,200.0,1867,FC128,crates,1,3867,,,,
0.0,0.0,0.0,0.56235284,0.0010365173,0.019371152,0.0015278184,-0.00046771852,-1.9999998,200.0,0.005156851,0.93446726,200.0,1868,FC128,crates,1,3868,,,,
0.0,0.0,0.0,0.54535526,0.0010324218,0.024692774,0.0018295608,-0.00020918697,-1.9999998,200.0,0.005203569,0.9349675,200.0,1869,FC128,crates,1,3869,,,,
0.0,0.0,0.0,0.56813264,0.0010283263,0.019250035,0.0018676542,-0.0001627022,-1.9999998,200.0,0.0052291644,0.9354678,200.0,1870,FC128,crates,1,3870,,,,
0.0,0.0,0.0,0.56089646,0.0010242308,0.023495734,0.0014161363,-0.0005763306,-1.9999998,200.0,0.0051339087,0.93596804,200.0,1871,FC128,crates,1,3871,,,,
0.0,0.0,0.0,0.5638891,0.0010201349,0.01960069,0.0017539252,-0.00023907736,-1.9999998,200.0,0.005136491,0.93646824,200.0,1872,FC128,crates,1,3872,,,,
0.0,0.0,0.0,0.55742216,0.0010160394,0.020341873,0.0019964348,-2.4572983e-05,-1.9999998,200.0,0.005174741,0.9369685,200.0,1873,FC128,crates,1,3873,,,,
0.0,0.0,0.0,0.56457096,0.0010119439,0.017880023,0.0017096949,-0.00029584704,-1.9999998,200.0,0.005153712,0.93746877,200.0,1874,FC128,crates,1,3874,,,,
0.0,0.0,0.0,0.5721764,0.0010078484,0.020333648,0.0016843127,-0.00032200947,-1.9999998,200.0,0.0051659783,0.937969,200.0,1875,FC128,crates,1,3875,,,,
0.0,0.0,0.0,0.558875,0.0010037529,0.016864479,0.0022467035,0.00018834464,-1.9999998,200.0,0.0052386625,0.9384693,200.0,1876,FC128,crates,1,3876,,,,
0.0,0.0,0.0,0.5542807,0.0009996574,0.024664938,0.0017208525,-0.00029300063,-1.9999998,200.0,0.005135888,0.9389695,200.0,1877,FC128,crates,1,3877,,,,
0.0,0.0,0.0,0.56714875,0.000995562,0.020001888,0.001540465,-0.0004719068,-1.9999998,200.0,0.005154007,0.93946975,200.0,1878,FC128,crates,1,3878,,,,
0.0,0.0,0.0,0.56623435,0.000991466,0.020105124,0.0018092233,-0.00020892962,-1.9999998,200.0,0.0051591103,0.93997,200.0,1879,FC128,crates,1,3879,,,,
0.0,0.0,0.0,0.5562235,0.0009873705,0.018213809,0.0012565386,-0.00074329076,-1.9999998,200.0,0.005098056,0.9404703,200.0,1880,FC128,crates,1,3880,,,,
0.0,0.0,0.0,0.5623129,0.000983275,0.019906104,0.0019176549,-0.00012316227,-1.9999998,200.0,0.005187451,0.94097054,200.0,1881,FC128,crates,1,3881,,,,
0.0,0.0,0.0,0.5640832,0.0009791795,0.019780636,0.002049322,-2.0892918e-05,-1.9999998,200.0,0.005245107,0.94147074,200.0,1882,FC128,crates,1,3882,,,,
0.0,0.0,0.0,0.561168,0.000975084,0.016720295,0.0015322131,-0.00046164467,-1.9999998,200.0,0.0050820876,0.941971,200.0,1883,FC128,crates,1,3883,,,,
0.00390625,0.0,0.00390625,0.57102996,0.00097098853,0.030867875,0.0012472786,-0.0007837939,-2.007617,199.98438,0.005171072,0.94247127,199.98438,1884,FC128,crates,1,3884,,,,
0.0,0.0,0.0,0.5735568,0.00096689304,0.024089098,0.002925341,0.00071678695,-1.9999998,200.0,0.0055262446,0.9429715,200.0,1885,FC128,crates,1,3885,,,,
0.00390625,0.0,0.00390625,0.56835747,0.00096279755,0.026008964,0.0022105882,4.454143e-05,-2.001406,199.48047,0.00542652,0.9434718,199.48047,1886,FC128,crates,1,3886,,,,
0.0,0.0,0.0,0.5702072,0.0009587016,0.020817757,0.0012525459,-0.0006846301,-1.9999998,200.0,0.004967669,0.943972,200.0,1887,FC128,crates,1,3887,,,,
0.0,0.0,0.0,0.58281547,0.0009546061,0.020807505,0.00056889735,-0.0012995081,-1.9999998,200.0,0.0048495294,0.94447225,200.0,1888,FC128,crates,1,3888,,,,
0.0,0.0,0.0,0.57830304,0.0009505106,0.021974087,0.0019182095,-0.00014794066,-1.9999998,200.0,0.0052316664,0.9449725,200.0,1889,FC128,crates,1,3889,,,,
0.00390625,0.0,0.00390625,0.58075756,0.0009464151,0.026702523,0.002140221,-5.1382056e-05,-2.0055857,199.78125,0.0054824813,0.9454728,199.78125,1890,FC128,crates,1,3890,,,,
0.0,0.0,0.0,0.5829564,0.00094231963,0.023483694,0.0026936252,0.0005072428,-1.9999998,200.0,0.0054714275,0.94597304,200.0,1891,FC128,crates,1,3891,,,,
0.00390625,0.0,0.00390625,0.58762884,0.00093822414,0.032931328,0.00092574354,-0.0010683052,-2.0033982,199.5625,0.0050907526,0.94647324,199.5625,1892,FC128,crates,1,3892,,,,
0.0,0.0,0.0,0.5807069,0.00093412865,0.022051513,0.0014377818,-0.0005541018,-1.9999998,200.0,0.005068677,0.9469735,200.0,1893,FC128,crates,1,3893,,,,
0.0,0.0,0.0,0.5899403,0.0009300327,0.02228272,0.0021042496,1.4545024e-06,-1.9999998,200.0,0.0053029177,0.94747376,200.0,1894,FC128,crates,1,3894,,,,
0.0,0.0,0.0,0.5779924,0.0009259372,0.022353768,0.002263425,0.00014411837,-1.9999998,200.0,0.005308982,0.947974,200.0,1895,FC128,crates,1,3895,,,,
0.0,0.0,0.0,0.5800006,0.0009218417,0.02193135,0.001432582,-0.0005383742,-1.9999998,200.0,0.00501125,0.9484743,200.0,1896,FC128,crates,1,3896,,,,
0.0,0.0,0.0,0.58239055,0.0009177462,0.022805452,0.00055799505,-0.001301963,-1.9999998,200.0,0.0047888895,0.9489745,200.0,1897,FC128,crates,1,3897,,,,
0.0,0.0,0.0,0.57929224,0.0009136507,0.022628129,0.0016333277,-0.00042147143,-1.9999998,200.0,0.00516814,0.94947475,200.0,1898,FC128,crates,1,3898,,,,
0.0,0.0,0.0,0.5775197,0.00090955524,0.025195658,0.0026863674,0.0005112575,-1.9999998,200.0,0.005400792,0.949975,200.0,1899,FC128,crates,1,3899,,,,
0.0,0.0,0.0,0.575057,0.00090545975,0.020643234,0.0019398287,-0.00017578468,-1.9999998,200.0,0.0052726087,0.9504753,200.0,1900,FC128,crates,1,3900,,,,
0.0,0.0,0.0,0.5734572,0.00090136426,0.0224275,0.0013012402,-0.00068439153,-1.9999998,200.0,0.005005051,0.95097554,200.0,1901,FC128,crates,1,3901,,,,
0.0,0.0,0.0,0.57637936,0.0008972683,0.02258861,0.00087824336,-0.0010503455,-1.9999998,200.0,0.0048915115,0.9514758,200.0,1902,FC128,crates,1,3902,,,,
0.0,0.0,0.0,0.58395356,0.0008931728,0.020284116,0.0017444473,-0.00032191872,-1.9999998,200.0,0.0051758746,0.951976,200.0,1903,FC128,crates,1,3903,,,,
0.0,0.0,0.0,0.5689369,0.0008890773,0.023113549,0.0023432071,0.0001639092,-1.9999998,200.0,0.0053702537,0.95247626,200.0,1904,FC128,crates,1,3904,,,,
0.0,0.0,0.0,0.57865316,0.0008849818,0.022085607,0.0017671264,-0.00030917508,-1.9999998,200.0,0.005176798,0.9529765,200.0,1905,FC128,crates,1,3905,,,,
0.0,0.0,0.0,0.5745921,0.00088088633,0.019309163,0.0007762529,-0.001195278,-1.9999998,200.0,0.0049553625,0.9534768,200.0,1906,FC128,crates,1,3906,,,,
0.0,0.0,0.0,0.56194645,0.00087679084,0.021091163,0.001661377,-0.00039605988,-1.9999998,200.0,0.0051002926,0.95397705,200.0,1907,FC128,crates,1,3907,,,,
0.0,0.0,0.0,0.547109,0.0008726949,0.019636452,0.0017585899,-0.00032913304,-1.9999998,200.0,0.0051303646,0.95447725,200.0,1908,FC128,crates,1,3908,,,,
0.0,0.0,0.0,0.5647489,0.00086859986,0.020319939,0.0019197103,-0.00015008703,-1.9999998,200.0,0.0051206765,0.9549775,200.0,1909,FC128,crates,1,3909,,,,
0.0,0.0,0.0,0.5566698,0.0008645039,0.021418035,0.0017053823,-0.00038766323,-1.9999998,200.0,0.0051485775,0.9554778,200.0,1910,FC128,crates,1,3910,,,,
0.0,0.0,0.0,0.5508813,0.0008604089,0.022461414,0.0015185704,-0.0005598776,-1.9999998,200.0,0.005104862,0.95597804,200.0,1911,FC128,crates,1,3911,,,,
0.0,0.0,0.0,0.54907125,0.0008563129,0.020923436,0.0014073318,-0.0006665771,-1.9999998,200.0,0.0050881715,0.9564783,200.0,1912,FC128,crates,1,3912,,,,
0.0,0.0,0.0,0.54140687,0.00085221697,0.019753695,0.002419999,0.0002340561,-1.9999998,200.0,0.0052946783,0.9569785,200.0,1913,FC128,crates,1,3913,,,,
0.0,0.0,0.0,0.5521855,0.00084812194,0.01835537,0.0014071343,-0.0006862658,-1.9999998,200.0,0.0051234416,0.95747876,200.0,1914,FC128,crates,1,3914,,,,
0.0,0.0,0.0,0.5352219,0.000844026,0.020952404,0.001631946,-0.0005095939,-1.9999998,200.0,0.005186562,0.957979,200.0,1915,FC128,crates,1,3915,,,,
0.0,0.0,0.0,0.5212744,0.00083993096,0.01999247,0.0022417365,9.0380236e-05,-1.9999998,200.0,0.0051783817,0.9584793,200.0,1916,FC128,crates,1,3916,,,,
0.0,0.0,0.0,0.5145716,0.000835835,0.01888436,0.0018594075,-0.0002952437,-1.9999998,200.0,0.0051694964,0.95897955,200.0,1917,FC128,crates,1,3917,,,,
0.0,0.0,0.0,0.52704114,0.00083174,0.020147443,0.0016396837,-0.0004734835,-1.9999998,200.0,0.005103057,0.95947975,200.0,1918,FC128,crates,1,3918,,,,
0.0,0.0,0.0,0.5145485,0.000827644,0.017941773,0.0017067482,-0.00042018978,-1.9999998,200.0,0.0051056016,0.95998,200.0,1919,FC128,crates,1,3919,,,,
0.0,0.0,0.0,0.5071175,0.00082354806,0.020066798,0.0021849764,-1.5266909e-05,-1.9999998,200.0,0.0052357577,0.9604803,200.0,1920,FC128,crates,1,3920,,,,
0.0,0.0,0.0,0.5224763,0.00081945304,0.019533098,0.002042131,-0.00011243209,-1.9999998,200.0,0.005165416,0.96098053,200.0,1921,FC128,crates,1,3921,,,,
0.0,0.0,0.0,0.5160922,0.0008153571,0.019680917,0.0017359753,-0.00038411914,-1.9999998,200.0,0.0050817877,0.9614808,200.0,1922,FC128,crates,1,3922,,,,
0.0,0.0,0.0,0.52936214,0.00081126206,0.018393874,0.0018077358,-0.00032412572,-1.9999998,200.0,0.0051226257,0.961981,200.0,1923,FC128,crates,1,3923,,,,
0.0,0.0,0.0,0.5350362,0.0008071661,0.020094573,0.0023357081,0.00013663589,-1.9999998,200.0,0.0052618706,0.96248126,200.0,1924,FC128,crates,1,3924,,,,
0.0,0.0,0.0,0.5521799,0.0008030711,0.018231452,0.0017681255,-0.0003619121,-1.9999998,200.0,0.0051469547,0.9629815,200.0,1925,FC128,crates,1,3925,,,,
0.0,0.0,0.0,0.5443212,0.0007989751,0.018080115,0.0018819295,-0.00024857372,-1.9999998,200.0,0.0051308046,0.9634818,200.0,1926,FC128,crates,1,3926,,,,
0.0,0.0,0.0,0.5569097,0.0007948801,0.017371118,0.0017409238,-0.00036608696,-1.9999998,200.0,0.0050993743,0.96398205,200.0,1927,FC128,crates,1,3927,,,,
0.0,0.0,0.0,0.55137753,0.00079078414,0.019602478,0.0018913157,-0.0002773921,-1.9999998,200.0,0.0052094567,0.96448225,200.0,1928,FC128,crates,1,3928,,,,
0.0,0.0,0.0,0.5651025,0.0007866882,0.01879716,0.002296745,0.00012689992,-1.9999998,200.0,0.005228809,0.9649825,200.0,1929,FC128,crates,1,3929,,,,
0.0,0.0,0.0,0.5710976,0.00078259315,0.020721138,0.0018654834,-0.00025721578,-1.9999998,200.0,0.005139272,0.9654828,200.0,1930,FC128,crates,1,3930,,,,
0.0,0.0,0.0,0.57261634,0.0007784972,0.020201445,0.0015702388,-0.00049068657,-1.9999998,200.0,0.0050134114,0.96598303,200.0,1931,FC128,crates,1,3931,,,,
0.0,0.0,0.0,0.5814281,0.0007744022,0.021446526,0.0016675302,-0.0004069075,-1.9999998,200.0,0.0050493935,0.9664833,200.0,1932,FC128,crates,1,3932,,,,
0.0,0.0,0.0,0.591225,0.0007703062,0.022395074,0.0016251459,-0.00047820195,-1.9999998,200.0,0.0051175444,0.9669835,200.0,1933,FC128,crates,1,3933,,,,
0.0,0.0,0.0,0.5965428,0.0007662112,0.018864095,0.002280318,8.0168844e-05,-1.9999998,200.0,0.0053144535,0.96748376,200.0,1934,FC128,crates,1,3934,,,,
0.0,0.0,0.0,0.593198,0.00076211523,0.019565403,0.002242212,8.912787e-05,-1.9999998,200.0,0.0052103386,0.967984,200.0,1935,FC128,crates,1,3935,,,,
0.0,0.0,0.0,0.5941506,0.0007580193,0.018711388,0.0012757718,-0.0007569876,-1.9999998,200.0,0.004966274,0.9684843,200.0,1936,FC128,crates,1,3936,,,,
0.0,0.0,0.0,0.57422316,0.00075392425,0.021278262,0.0014918989,-0.0006038771,-1.9999998,200.0,0.0050573936,0.96898454,200.0,1937,FC128,crates,1,3937,,,,
0.0,0.0,0.0,0.58173424,0.0007498283,0.016741872,0.0026385053,0.00040436588,-1.9999998,200.0,0.0053406805,0.96948475,200.0,1938,FC128,crates,1,3938,,,,
0.0,0.0,0.0,0.58283466,0.00074573327,0.020133972,0.0025013918,0.00029399246,-1.9999998,200.0,0.005284077,0.969985,200.0,1939,FC128,crates,1,3939,,,,
0.0,0.0,0.0,0.58415884,0.0007416373,0.022772133,0.0015722723,-0.0005365513,-1.9999998,200.0,0.005084115,0.97048527,200.0,1940,FC128,crates,1,3940,,,,
0.0,0.0,0.0,0.5806263,0.0007375423,0.019500256,0.001575162,-0.00053130643,-1.9999998,200.0,0.00506941,0.97098553,200.0,1941,FC128,crates,1,3941,,,,
0.0,0.0,0.0,0.5777867,0.00073344633,0.02026093,0.0019044122,-0.0002696018,-1.9999998,200.0,0.005195579,0.9714858,200.0,1942,FC128,crates,1,3942,,,,
0.0,0.0,0.0,0.5693273,0.0007293504,0.01985389,0.0019326496,-0.00026077597,-1.9999998,200.0,0.005217329,0.97198606,200.0,1943,FC128,crates,1,3943,,,,
0.0,0.0,0.0,0.57460636,0.00072525535,0.018909514,0.0017404517,-0.0004024051,-1.9999998,200.0,0.0051191864,0.97248626,200.0,1944,FC128,crates,1,3944,,,,
0.0,0.0,0.0,0.5601434,0.0007211594,0.017750382,0.001603925,-0.00052244257,-1.9999998,200.0,0.0050606406,0.9729865,200.0,1945,FC128,crates,1,3945,,,,
0.0,0.0,0.0,0.55365664,0.00071706437,0.018438876,0.0022244737,3.8434267e-05,-1.9999998,200.0,0.005166094,0.9734868,200.0,1946,FC128,crates,1,3946,,,,
0.0,0.0,0.0,0.5393251,0.0007129684,0.021032155,0.0020420616,-0.00012878582,-1.9999998,200.0,0.0051107383,0.97398704,200.0,1947,FC128,crates,1,3947,,,,
0.0,0.0,0.0,0.532437,0.0007088734,0.01865077,0.0020738344,-0.000112597496,-1.9999998,200.0,0.0051277247,0.9744873,200.0,1948,FC128,crates,1,3948,,,,
0.0,0.0,0.0,0.5331407,0.0007047774,0.020470679,0.0018919169,-0.00024602294,-1.9999998,200.0,0.0050273705,0.9749875,200.0,1949,FC128,crates,1,3949,,,,
0.0,0.0,0.0,0.5384967,0.0007006824,0.017824411,0.0018630403,-0.00030522494,-1.9999998,200.0,0.0050911605,0.97548777,200.0,1950,FC128,crates,1,3950,,,,
0.0,0.0,0.0,0.53341687,0.00069658644,0.019273281,0.001922722,-0.0003222537,-1.9999998,200.0,0.005233093,0.97598803,200.0,1951,FC128,crates,1,3951,,,,
0.0,0.0,0.0,0.5320517,0.0006924905,0.019279778,0.0022480602,-1.6917884e-05,-1.9999998,200.0,0.005266838,0.9764883,200.0,1952,FC128,crates,1,3952,,,,
0.0,0.0,0.0,0.5345005,0.00068839546,0.0139834285,0.0012302111,-0.0009628649,-1.9999998,200.0,0.0051220474,0.97698855,200.0,1953,FC128,crates,1,3953,,,,
0.0,0.0,0.0,0.53047097,0.0006842995,0.018978834,0.0020719832,-0.00014627188,-1.9999998,200.0,0.005162512,0.97748876,200.0,1954,FC128,crates,1,3954,,,,
0.00390625,0.0,0.00390625,0.53771615,0.0006802045,0.027176082,0.001599608,-0.00065300387,-2.0010545,199.32812,0.0052367374,0.977989,199.32812,1955,FC128,crates,1,3955,,,,
0.00390625,0.0,0.00390625,0.5296294,0.0006761085,0.026413321,0.0023706856,-8.72342e-06,-2.0011325,199.33594,0.005474992,0.9784893,199.33594,1956,FC128,crates,1,3956,,,,
0.0,0.0,0.0,0.5241482,0.0006720135,0.018330038,0.0028358968,0.00047782809,-1.9999998,200.0,0.0054206066,0.97898954,200.0,1957,FC128,crates,1,3957,,,,
0.00390625,0.0,0.00390625,0.5342063,0.00066791754,0.030105948,0.0012521028,-0.0008925925,-2.0052733,199.75,0.005003002,0.9794898,199.75,1958,FC128,crates,1,3958,,,,
0.0,0.0,0.0,0.53565955,0.0006638216,0.0175187,0.0015118999,-0.00061601965,-1.9999998,200.0,0.0049670036,0.97999,200.0,1959,FC128,crates,1,3959,,,,
0.0,0.0,0.0,0.547381,0.00065972656,0.021492064,0.0025032791,0.00023801952,-1.9999998,200.0,0.0052527627,0.98049027,200.0,1960,FC128,crates,1,3960,,,,
0.0,0.0,0.0,0.53435767,0.0006556306,0.017950535,0.0022650762,2.3260711e-06,-1.9999998,200.0,0.0052261828,0.9809905,200.0,1961,FC128,crates,1,3961,,,,
0.0,0.0,0.0,0.5465885,0.0006515356,0.016946495,0.0021715453,-2.9357521e-05,-1.9999998,200.0,0.0051140497,0.9814908,200.0,1962,FC128,crates,1,3962,,,,
0.0,0.0,0.0,0.54502594,0.0006474396,0.017822027,0.0012515951,-0.0008791862,-1.9999998,200.0,0.0049673053,0.98199105,200.0,1963,FC128,crates,1,3963,,,,
0.0,0.0,0.0,0.5578034,0.0006433446,0.015504301,0.0017371809,-0.00045408175,-1.9999998,200.0,0.0051002447,0.98249125,200.0,1964,FC128,crates,1,3964,,,,
0.0,0.0,0.0,0.5665562,0.00063924864,0.01745826,0.0030712904,0.000743251,-1.9999998,200.0,0.0053804195,0.9829915,200.0,1965,FC128,crates,1,3965,,,,
0.0,0.0,0.0,0.56495756,0.0006351527,0.015111983,0.0020850427,-0.00016342834,-1.9999998,200.0,0.0052146106,0.9834918,200.0,1966,FC128,crates,1,3966,,,,
0.0,0.0,0.0,0.58593297,0.00063105766,0.01651746,0.0016127351,-0.00053860765,-1.9999998,200.0,0.0050422004,0.98399204,200.0,1967,FC128,crates,1,3967,,,,
0.0,0.0,0.0,0.58737856,0.0006269617,0.017175972,0.0016379899,-0.0005095045,-1.9999998,200.0,0.0050315163,0.9844923,200.0,1968,FC128,crates,1,3968,,,,
0.00390625,0.0,0.00390625,0.5857133,0.0006228667,0.019379675,0.0027625922,0.00044764453,-2.0044138,199.89844,0.005359538,0.9849925,199.89844,1969,FC128,crates,1,3969,,,,
0.0,0.0,0.0,0.57569116,0.0006187707,0.018624961,0.0022074406,-7.681846e-05,-1.9999998,200.0,0.00528096,0.98549277,200.0,1970,FC128,crates,1,3970,,,,
0.0,0.0,0.0,0.5676491,0.0006146757,0.020112395,0.002109218,-0.0001249805,-1.9999998,200.0,0.0051662372,0.985993,200.0,1971,FC128,crates,1,3971,,,,
0.0,0.0,0.0,0.5759594,0.00061057974,0.016744852,0.0011939984,-0.0009249317,-1.9999998,200.0,0.0049411985,0.9864933,200.0,1972,FC128,crates,1,3972,,,,
0.0,0.0,0.0,0.5801487,0.0006064838,0.017003596,0.0021530872,-0.000105831845,-1.9999998,200.0,0.0052215396,0.98699355,200.0,1973,FC128,crates,1,3973,,,,
0.0,0.0,0.0,0.5824445,0.00060238875,0.019148886,0.0032285016,0.00084200694,-1.9999998,200.0,0.0054747057,0.98749375,200.0,1974,FC128,crates,1,3974,,,,
0.0,0.0,0.0,0.5674975,0.0005982928,0.018027604,0.0022006696,-2.7025937e-05,-1.9999998,200.0,0.0051344507,0.987994,200.0,1975,FC128,crates,1,3975,,,,
0.0,0.0,0.0,0.5574781,0.0005941978,0.018624306,0.00077904237,-0.0012543935,-1.9999998,200.0,0.004729376,0.9884943,200.0,1976,FC128,crates,1,3976,,,,
0.0,0.0,0.0,0.56223756,0.0005901018,0.01895243,0.0017800485,-0.00039756804,-1.9999998,200.0,0.005018788,0.98899454,200.0,1977,FC128,crates,1,3977,,,,
0.0,0.0,0.0,0.56061697,0.0005860068,0.018550277,0.0019843145,-0.0003137727,-1.9999998,200.0,0.0052532256,0.9894948,200.0,1978,FC128,crates,1,3978,,,,
0.0,0.0,0.0,0.5572519,0.00058191083,0.017726362,0.003158114,0.0007301995,-1.9999998,200.0,0.0055043707,0.989995,200.0,1979,FC128,crates,1,3979,,,,
0.0,0.0,0.0,0.5527823,0.0005778158,0.019672573,0.0017256229,-0.00048021122,-1.9999998,200.0,0.005050481,0.99049526,200.0,1980,FC128,crates,1,3980,,,,
0.0,0.0,0.0,0.5492277,0.00057371985,0.02189064,0.0005174774,-0.0015457929,-1.9999998,200.0,0.0047567463,0.9909955,200.0,1981,FC128,crates,1,3981,,,,
0.0,0.0,0.0,0.53969693,0.0005696239,0.02168578,0.0023949603,4.055172e-05,-1.9999998,200.0,0.0053236657,0.9914958,200.0,1982,FC128,crates,1,3982,,,,
0.0,0.0,0.0,0.52819145,0.00056552887,0.019921064,0.0046653682,0.0020499309,-1.9999998,200.0,0.00582829,0.99199605,200.0,1983,FC128,crates,1,3983,,,,
0.0,0.0,0.0,0.5326501,0.0005614329,0.020531058,0.00094392756,-0.0010893341,-1.9999998,200.0,0.004664618,0.99249625,200.0,1984,FC128,crates,1,3984,,,,
0.0078125,0.0,0.00390625,0.5427227,0.0005573379,0.012382984,-0.0015476382,-0.0034163725,-2.0053124,199.7539,0.0043424284,0.9929965,199.7539,1985,FC128,crates,1,3985,,,,
0.0,0.0,0.0,0.5494576,0.00055324193,0.018254042,0.0032930481,0.00090529025,-1.9999998,200.0,0.0053834817,0.9934968,200.0,1986,FC128,crates,1,3986,,,,
0.0,0.0,0.0,0.54732627,0.0005491469,0.018785954,0.004285712,0.0016412674,-1.9999998,200.0,0.0058900137,0.99399704,200.0,1987,FC128,crates,1,3987,,,,
0.0,0.0,0.0,0.5459585,0.00054505095,0.015980065,0.0026171424,0.00028460383,-1.9999998,200.0,0.0052602277,0.9944973,200.0,1988,FC128,crates,1,3988,,,,
0.00390625,0.0,0.00390625,0.57222027,0.000540955,0.028217554,-0.0012073402,-0.0031066244,-2.001562,199.3789,0.0044176592,0.99499756,199.3789,1989,FC128,crates,1,3989,,,,
0.0,0.0,0.0,0.5730858,0.00053685997,0.018712223,0.002029434,-0.00017874091,-1.9999998,200.0,0.0050316835,0.99549776,200.0,1990,FC128,crates,1,3990,,,,
0.0,0.0,0.0,0.57335293,0.000532764,0.022882521,0.0034108548,0.0009246017,-1.9999998,200.0,0.00558343,0.995998,200.0,1991,FC128,crates,1,3991,,,,
0.0,0.0,0.0,0.5771853,0.000528669,0.018498003,0.0025024205,0.00013371199,-1.9999998,200.0,0.0053476966,0.9964983,200.0,1992,FC128,crates,1,3992,,,,
0.0,0.0,0.0,0.57657695,0.000524573,0.015538514,0.0015305025,-0.00059699756,-1.9999998,200.0,0.0048599136,0.99699855,200.0,1993,FC128,crates,1,3993,,,,
0.0,0.0,0.0,0.5933719,0.000520478,0.018979609,-0.00025868858,-0.0021994077,-1.9999998,200.0,0.0044991123,0.9974988,200.0,1994,FC128,crates,1,3994,,,,
0.0,0.0,0.0,0.58785355,0.00051638205,0.019298375,0.002183544,-0.00010703146,-1.9999998,200.0,0.005188265,0.997999,200.0,1995,FC128,crates,1,3995,,,,
0.0,0.0,0.0,0.60273606,0.0005122861,0.022925973,0.004029168,0.0014814592,-1.9999998,200.0,0.0057129646,0.9984993,200.0,1996,FC128,crates,1,3996,,,,
0.0,0.0,0.0,0.6046304,0.00050819106,0.02141273,0.0026615951,0.00030640585,-1.9999998,200.0,0.005324914,0.99899954,200.0,1997,FC128,crates,1,3997,,,,
0.0,0.0,0.0,0.5966744,0.0005040951,0.018399358,0.0005920128,-0.0015345147,-1.9999998,200.0,0.0048546162,0.9994998,200.0,1998,FC128,crates,1,3998,,,,
0.00390625,0.0,0.00390625,0.5985312,0.0005000001,0.030117512,0.00043326555,-0.0016907962,-2.0033982,199.5625,0.004846655,1.0,199.5625,1999,FC128,crates,1,3999,,,,
0.01171875,0.05078125,0.640625,0.45697296,0.00868701,-0.0065592527,0.11709359,0.041560262,1.8192314,177.04688,0.15900612,0.0,177.04688,0,FC128,versus,2,4000,0.0,3.9140625,0.69140625,0.9765625
0.00390625,0.0703125,0.61328125,0.46310017,0.008681549,-0.009446502,0.11953488,0.04534676,1.9836066,174.55469,0.1564171,0.0006671114,174.55469,1,FC128,versus,2,4001,0.0,3.7773438,0.71484375,0.96875
0.0,0.0703125,0.671875,0.44137976,0.008676087,-0.007881403,0.112064704,0.037443344,1.8419877,175.75,0.15690163,0.0013342228,175.75,2,FC128,versus,2,4002,0.0,3.890625,0.6953125,0.9609375
0.0234375,0.04296875,0.64453125,0.4687928,0.008670625,-0.0028125048,0.11019747,0.03762599,1.8616803,173.66797,0.1532724,0.0020013342,173.66797,3,FC128,versus,2,4003,0.0,3.8710938,0.703125,0.9453125
0.03125,0.0546875,0.578125,0.47921264,0.008665163,-0.00088715553,0.10793896,0.03913316,1.9095073,178.42578,0.1459165,0.0026684457,178.42578,4,FC128,versus,2,4004,0.0,3.6289062,0.71875,0.9453125
0.05078125,0.046875,0.65234375,0.4557363,0.008659702,0.002799511,0.09838163,0.030385775,1.646486,177.45703,0.1438848,0.0033355572,177.45703,5,FC128,versus,2,4005,0.0,3.8203125,0.68359375,0.94140625
0.0859375,0.0546875,0.6484375,0.4571876,0.0086542405,0.006161511,0.099540845,0.028893538,1.7987602,174.96484,0.14920783,0.0040026684,174.96484,6,FC128,versus,2,4006,0.00390625,3.7695312,0.73828125,0.953125
0.11328125,0.0625,0.66796875,0.4704068,0.008648778,0.015694559,0.092082895,0.023243545,1.5750175,176.82812,0.14581558,0.00466978,176.82812,7,FC128,versus,2,4007,0.0078125,4.0390625,0.67578125,0.94140625
0.12890625,0.08984375,0.66015625,0.48517162,0.008643317,0.013184607,0.09367141,0.026794164,1.7813053,176.10547,0.14214148,0.0053368914,176.10547,8,FC128,versus,2,4008,0.00390625,3.8789062,0.68359375,0.94921875
0.1484375,0.0703125,0.671875,0.5281998,0.008637855,0.017469168,0.097228244,0.025109932,1.8339787,168.51953,0.15336165,0.006004003,168.51953,9,FC128,versus,2,4009,0.0,3.8164062,0.7109375,0.96484375
0.21875,0.0625,0.6796875,0.48553225,0.008632394,0.01976353,0.09266731,0.021636194,1.8980632,171.1875,0.15044485,0.0066711144,171.1875,10,FC128,versus,2,4010,0.0,3.9648438,0.765625,0.98046875
0.1484375,0.08203125,0.72265625,0.505272,0.008626932,0.024759054,0.08867105,0.017802218,1.5771658,169.00781,0.15045556,0.007338226,169.00781,11,FC128,versus,2,4011,0.01171875,3.7929688,0.703125,0.95703125
0.19921875,0.09375,0.7265625,0.48890316,0.00862147,0.023721218,0.08176318,0.012607168,1.516613,168.91797,0.14674214,0.008005337,168.91797,12,FC128,versus,2,4012,0.0,3.8945312,0.70703125,0.96875
0.26171875,0.0625,0.71875,0.5568828,0.008616009,0.029786348,0.09184328,0.018866815,1.6326079,164.16797,0.15554914,0.008672449,164.16797,13,FC128,versus,2,4013,0.01953125,3.796875,0.73046875,0.94140625
0.19921875,0.08984375,0.6875,0.5721868,0.008610547,0.029200077,0.087361775,0.01836091,1.5606389,169.67969,0.14785542,0.00933956,169.67969,14,FC128,versus,2,4014,0.01171875,3.6132812,0.72265625,0.93359375
0.23828125,0.0625,0.69921875,0.5761113,0.008605085,0.026067674,0.08923788,0.01828953,1.6929753,170.89844,0.15181169,0.010006672,170.89844,15,FC128,versus,2,4015,0.0078125,3.875,0.73828125,0.953125
0.21875,0.09375,0.6875,0.5993236,0.008599624,0.02569592,0.086316794,0.01962846,1.5621842,169.6914,0.14368458,0.010673783,169.6914,16,FC128,versus,2,4016,0.0078125,3.7265625,0.71484375,0.9375
0.1875,0.19140625,0.65625,0.6501669,0.008594162,0.013790786,0.09901591,0.030601552,1.9211662,166.96875,0.14800398,0.011340894,166.96875,17,FC128,versus,2,4017,0.01953125,3.5625,0.75,0.9453125
0.19140625,0.15625,0.6015625,0.64730936,0.008588701,0.008605599,0.093726255,0.028477386,1.9611405,175.96094,0.14161684,0.012008006,175.96094,18,FC128,versus,2,4018,0.0,3.734375,0.74609375,0.9609375
0.23046875,0.19140625,0.63671875,0.65296674,0.008583238,0.0193429,0.096496716,0.02843248,1.9038273,173.71875,0.14733762,0.012675117,173.71875,19,FC128,versus,2,4019,0.01953125,3.6953125,0.73828125,0.92578125
0.24609375,0.16796875,0.68359375,0.6493099,0.008577777,0.0072957277,0.09638804,0.022738539,1.9240496,168.5625,0.15843828,0.013342229,168.5625,20,FC128,versus,2,4020,0.0234375,3.6445312,0.7890625,0.9296875
0.21484375,0.1875,0.65625,0.6550737,0.008572316,-0.0015569925,0.09401472,0.022158923,1.849218,173.61719,0.15494259,0.01400934,173.61719,21,FC128,versus,2,4021,0.015625,3.7421875,0.75390625,0.9375
0.21875,0.18359375,0.65625,0.6827673,0.008566854,0.013502777,0.09148088,0.021246862,1.7704924,172.0039,0.15216638,0.014676452,172.0039,22,FC128,versus,2,4022,0.02734375,3.5273438,0.765625,0.921875
0.203125,0.1875,0.65234375,0.67893976,0.008561392,0.001955688,0.09726254,0.024421936,2.0356522,168.60938,0.15730654,0.015343563,168.60938,23,FC128,versus,2,4023,0.01953125,3.4921875,0.8046875,0.94140625
0.2890625,0.19140625,0.609375,0.70760006,0.00855593,0.0030704737,0.094295345,0.024284339,1.9117217,174.53125,0.15213037,0.016010674,174.53125,24,FC128,versus,2,4024,0.01953125,3.5,0.74609375,0.9140625
0.17578125,0.18359375,0.65234375,0.68037814,0.008550469,0.015284359,0.09019047,0.020790556,1.8555155,169.3086,0.15043494,0.016677786,169.3086,25,FC128,versus,2,4025,0.0234375,3.578125,0.734375,0.921875
0.21484375,0.14453125,0.69921875,0.65625906,0.008545008,0.015227318,0.08603522,0.014192227,1.5463201,166.8711,0.15490146,0.017344898,166.8711,26,FC128,versus,2,4026,0.01953125,3.6601562,0.75,0.91796875
0.1953125,0.203125,0.6328125,0.66574365,0.008539545,0.00019562244,0.09770851,0.027615387,2.1005387,172.39062,0.15155654,0.018012008,172.39062,27,FC128,versus,2,4027,0.015625,3.671875,0.73046875,0.9375
0.1640625,0.14453125,0.6328125,0.67962307,0.008534084,0.0026506186,0.09447236,0.02605674,1.9882219,173.39062,0.14843117,0.01867912,173.39062,28,FC128,versus,2,4028,0.015625,3.6679688,0.7578125,0.9453125
0.14453125,0.14453125,0.609375,0.68671584,0.008528622,0.013906956,0.09304489,0.027594285,1.8144035,173.7461,0.14261469,0.019346232,173.7461,29,FC128,versus,2,4029,0.02734375,3.4296875,0.74609375,0.9140625
0.1796875,0.15625,0.56640625,0.7084765,0.008523161,0.0039125085,0.091595545,0.027365657,1.9989665,176.17969,0.1405367,0.020013344,176.17969,30,FC128,versus,2,4030,0.02734375,3.6523438,0.74609375,0.94140625
0.18359375,0.15625,0.60546875,0.6835819,0.008517699,0.008489311,0.09605869,0.027147723,1.9557645,173.21094,0.14946702,0.020680454,173.21094,31,FC128,versus,2,4031,0.0234375,3.609375,0.765625,0.921875
0.13671875,0.1796875,0.5859375,0.68423975,0.008512237,0.007958531,0.09295603,0.024913264,1.9056597,173.98828,0.14773434,0.021347566,173.98828,32,FC128,versus,2,4032,0.02734375,3.5703125,0.7578125,0.890625
0.09765625,0.21875,0.59375,0.70311373,0.008506776,0.008498251,0.0968327,0.03265084,2.2325883,179.3086,0.14032619,0.022014678,179.3086,33,FC128,versus,2,4033,0.015625,3.8007812,0.69140625,0.9375
0.109375,0.171875,0.5390625,0.75071084,0.008501314,0.0067458153,0.09827461,0.03493583,2.241474,177.9961,0.13944162,0.022681788,177.9961,34,FC128,versus,2,4034,0.02734375,3.59375,0.77734375,0.91796875
0.125,0.171875,0.5859375,0.698023,0.008495852,0.0018877983,0.09665332,0.030290302,2.0144,175.3086,0.14458662,0.0233489,175.3086,35,FC128,versus,2,4035,0.02734375,3.5546875,0.765625,0.89453125
0.1484375,0.1953125,0.54296875,0.7362407,0.008490391,0.006831825,0.09639869,0.03021456,2.1723075,175.95312,0.14487019,0.024016012,175.95312,36,FC128,versus,2,4036,0.015625,3.4882812,0.75390625,0.9296875
0.1328125,0.15234375,0.56640625,0.74218416,0.008484929,0.001795888,0.097817086,0.03425622,2.282531,176.90625,0.13971649,0.024683123,176.90625,37,FC128,versus,2,4037,0.01171875,3.6875,0.734375,0.9296875
0.12890625,0.1875,0.6015625,0.71310514,0.008479468,0.0074365735,0.09382752,0.025620135,2.0664082,173.64844,0.14850828,0.025350234,173.64844,38,FC128,versus,2,4038,0.01953125,3.6835938,0.75390625,0.9296875
0.08984375,0.171875,0.5546875,0.71695685,0.008474005,0.01032269,0.10028639,0.032513205,2.1467862,177.8125,0.14769734,0.026017345,177.8125,39,FC128,versus,2,4039,0.015625,3.5546875,0.76953125,0.921875
0.09765625,0.21875,0.56640625,0.73271704,0.008468544,0.0023819804,0.10095421,0.0351867,2.151059,176.53125,0.14394511,0.026684457,176.53125,40,FC128,versus,2,4040,0.015625,3.6289062,0.73046875,0.91796875
0.125,0.16015625,0.56640625,0.7100257,0.008463083,-0.0022979975,0.10009693,0.033772055,2.2400188,174.04297,0.14466777,0.027351568,174.04297,41,FC128,versus,2,4041,0.01171875,3.546875,0.7578125,0.953125
0.078125,0.17578125,0.55859375,0.72752607,0.008457621,0.001155436,0.09523562,0.028974801,2.091086,179.27734,0.14482792,0.02801868,179.27734,42,FC128,versus,2,4042,0.03125,3.4882812,0.734375,0.8984375
0.11328125,0.1484375,0.5390625,0.7514832,0.008452159,-0.007989764,0.0986459,0.032897636,2.3112845,175.03906,0.14419985,0.028685791,175.03906,43,FC128,versus,2,4043,0.00390625,3.6601562,0.74609375,0.9453125
0.109375,0.1875,0.53125,0.75051767,0.008446697,-0.0009212494,0.10194305,0.038737923,2.5136638,178.9336,0.13908905,0.029352903,178.9336,44,FC128,versus,2,4044,0.00390625,3.59375,0.76171875,0.9453125
0.140625,0.19140625,0.51171875,0.7563075,0.008441236,0.004222274,0.099293545,0.03483706,2.326314,177.80078,0.14168131,0.030020013,177.80078,45,FC128,versus,2,4045,0.01171875,3.4765625,0.78125,0.92578125
0.1015625,0.1875,0.5859375,0.7099274,0.008435775,0.0075924993,0.09190182,0.027304577,2.0644658,172.25,0.14117205,0.030687125,172.25,46,FC128,versus,2,4046,0.0234375,3.4765625,0.7734375,0.93359375
0.08984375,0.2265625,0.4921875,0.77251816,0.008430312,0.0050989985,0.09910978,0.037553005,2.32299,179.13672,0.13613868,0.031354237,179.13672,47,FC128,versus,2,4047,0.0078125,3.5039062,0.76171875,0.90625
0.07421875,0.20703125,0.53515625,0.7278197,0.008424851,-0.0065672398,0.09677671,0.032100946,2.2834954,177.83203,0.14161508,0.032021347,177.83203,48,FC128,versus,2,4048,0.015625,3.5117188,0.75,0.9140625
0.09765625,0.203125,0.4609375,0.78491205,0.008419389,0.0017379522,0.10142074,0.040376697,2.5412238,180.46484,0.13530503,0.03268846,180.46484,49,FC128,versus,2,4049,0.015625,3.5859375,0.7578125,0.94921875
0.0859375,0.17578125,0.5234375,0.7530493,0.008413928,0.006051898,0.10080469,0.03959716,2.349306,175.4414,0.13508725,0.03335557,175.4414,50,FC128,versus,2,4050,0.0078125,3.5507812,0.7421875,0.94921875
0.1328125,0.15625,0.4921875,0.77501047,0.008408466,-0.0044403076,0.1012653,0.03765652,2.4487333,178.15234,0.14025086,0.03402268,178.15234,51,FC128,versus,2,4051,0.015625,3.6484375,0.77734375,0.94140625
0.125,0.16796875,0.51171875,0.774514,0.008403004,0.006477833,0.10168891,0.03933604,2.5899713,179.55469,0.13772222,0.034689795,179.55469,52,FC128,versus,2,4052,0.01953125,3.6835938,0.7734375,0.953125
0.08984375,0.16796875,0.48828125,0.76520765,0.008397543,0.006571412,0.09872873,0.039268896,2.469859,181.6836,0.1317714,0.035356905,181.6836,53,FC128,versus,2,4053,0.01171875,3.703125,0.734375,0.94921875
0.0859375,0.18359375,0.515625,0.7685844,0.008392081,0.0027219653,0.09318569,0.035289988,2.3258681,179.40234,0.12869145,0.036024015,179.40234,54,FC128,versus,2,4054,0.015625,3.640625,0.71484375,0.94921875
0.109375,0.1875,0.515625,0.7704621,0.008386619,0.002728939,0.092785925,0.030135397,2.3017535,177.54297,0.13822421,0.03669113,177.54297,55,FC128,versus,2,4055,0.0234375,3.5390625,0.77734375,0.921875
0.14453125,0.2265625,0.49609375,0.79017264,0.008381158,-0.0035802126,0.097380556,0.034097955,2.4287908,179.35156,0.13981032,0.03735824,179.35156,56,FC128,versus,2,4056,0.03125,3.6328125,0.71484375,0.921875
0.13671875,0.18359375,0.5234375,0.80377793,0.008375696,0.0041908026,0.09322928,0.032653283,2.4314933,178.69531,0.13461637,0.03802535,178.69531,57,FC128,versus,2,4057,0.0234375,3.65625,0.7421875,0.9453125
0.12890625,0.1328125,0.5390625,0.78408146,0.008370235,-0.0015437603,0.08728659,0.025841733,2.2788725,175.96484,0.13601561,0.038692463,175.96484,58,FC128,versus,2,4058,0.01953125,3.703125,0.7421875,0.9453125
0.140625,0.140625,0.54296875,0.7520109,0.008364772,0.007630646,0.090780094,0.02795625,2.4436896,177.53516,0.13822849,0.039359573,177.53516,59,FC128,versus,2,4059,0.00390625,3.7734375,0.76171875,0.953125
0.15234375,0.23046875,0.47265625,0.77240074,0.008359311,0.0025348663,0.104027264,0.04169231,2.7622247,178.1836,0.13758339,0.040026687,178.1836,60,FC128,versus,2,4060,0.01953125,3.6171875,0.75390625,0.94140625
0.14453125,0.14453125,0.53125,0.7638914,0.00835385,0.0030352473,0.08889216,0.025576208,2.245534,176.98828,0.13939479,0.040693797,176.98828,61,FC128,versus,2,4061,0.015625,3.5078125,0.76953125,0.93359375
0.125,0.1953125,0.44921875,0.778712,0.008348388,0.002951026,0.09347142,0.030119887,2.5940044,177.82812,0.13970505,0.041360907,177.82812,62,FC128,versus,2,4062,0.02734375,3.3671875,0.78515625,0.90625
0.15625,0.1484375,0.55078125,0.74140257,0.008342926,-0.007861495,0.09043417,0.027884813,2.4220452,177.98438,0.13746965,0.04202802,177.98438,63,FC128,versus,2,4063,0.0078125,3.7929688,0.71484375,0.95703125
0.1640625,0.140625,0.46875,0.74713033,0.008337464,0.0031328201,0.09082641,0.030090457,2.4929266,180.57422,0.13393024,0.04269513,180.57422,64,FC128,versus,2,4064,0.0078125,3.53125,0.76171875,0.921875
0.125,0.1796875,0.484375,0.76310176,0.008332003,0.009712219,0.090280585,0.028494645,2.490373,179.91016,0.13628823,0.04336224,179.91016,65,FC128,versus,2,4065,0.015625,3.6875,0.71484375,0.92578125
0.16796875,0.140625,0.44921875,0.7891245,0.008326542,0.00587672,0.089509785,0.027849654,2.577464,182.1836,0.13646162,0.044029355,182.1836,66,FC128,versus,2,4066,0.015625,3.6835938,0.75390625,0.92578125
0.1328125,0.12890625,0.44921875,0.7629095,0.008321079,0.0098359585,0.0899839,0.028380502,2.5948076,178.41797,0.13590327,0.044696465,178.41797,67,FC128,versus,2,4067,0.015625,3.6015625,0.7734375,0.92578125
0.1328125,0.12890625,0.5390625,0.734498,0.008315618,0.012690604,0.08710848,0.027516674,2.4257894,178.42188,0.13139921,0.045363575,178.42188,68,FC128,versus,2,4068,0.0078125,4.0273438,0.66796875,0.98046875
0.10546875,0.1328125,0.46484375,0.7479636,0.008310156,0.015704155,0.08622311,0.026065012,2.452149,179.75781,0.13274758,0.04603069,179.75781,69,FC128,versus,2,4069,0.0078125,3.5625,0.74609375,0.921875
0.12109375,0.09765625,0.49609375,0.7487803,0.008304695,0.0054923296,0.090191394,0.026602034,2.4748783,178.92188,0.1396155,0.0466978,178.92188,70,FC128,versus,2,4070,0.0,3.7578125,0.75390625,0.9453125
0.12109375,0.140625,0.46484375,0.780171,0.008299233,0.007895112,0.08776494,0.025530586,2.5918574,182.99219,0.13741836,0.047364913,182.99219,71,FC128,versus,2,4071,0.01171875,3.6757812,0.7421875,0.9453125
0.0703125,0.1328125,0.44140625,0.7715161,0.008293771,0.010236621,0.087926604,0.027832406,2.7242668,184.125,0.13298595,0.048032023,184.125,72,FC128,versus,2,4072,0.0234375,3.6914062,0.734375,0.94140625
0.109375,0.09375,0.390625,0.7834609,0.00828831,0.010635078,0.09029994,0.03136447,2.8623176,182.41406,0.13085808,0.048699133,182.41406,73,FC128,versus,2,4073,0.00390625,3.4882812,0.78125,0.95703125
0.0703125,0.16015625,0.4375,0.7975462,0.008282848,0.0013258457,0.09001978,0.029650584,2.9448066,181.51172,0.1339503,0.049366247,181.51172,74,FC128,versus,2,4074,0.0234375,3.6640625,0.765625,0.9375
0.05859375,0.109375,0.42578125,0.7956693,0.008277386,0.0176211,0.08391829,0.025196526,2.677105,179.5625,0.13061564,0.050033357,179.5625,75,FC128,versus,2,4075,0.01953125,3.703125,0.74609375,0.9296875
0.05859375,0.11328125,0.42578125,0.7749953,0.008271925,0.028821766,0.0828536,0.025464538,2.7696185,183.3164,0.12759952,0.050700467,183.3164,76,FC128,versus,2,4076,0.00390625,3.7539062,0.7265625,0.94921875
0.0546875,0.109375,0.46484375,0.7567841,0.008266463,0.017881334,0.07752139,0.01781257,2.4284697,183.6836,0.13192949,0.05136758,183.6836,77,FC128,versus,2,4077,0.0078125,3.6875,0.70703125,0.94140625
0.05078125,0.09375,0.40625,0.7781707,0.008261002,0.014629304,0.08508918,0.02522669,2.764765,182.08594,0.13258192,0.05203469,182.08594,78,FC128,versus,2,4078,0.0,3.625,0.76171875,0.96875
0.03125,0.140625,0.375,0.77604574,0.008255539,0.010923803,0.08371121,0.022840012,2.8250225,181.95703,0.13455574,0.0527018,181.95703,79,FC128,versus,2,4079,0.01171875,3.5585938,0.78125,0.91796875
0.02734375,0.10546875,0.421875,0.7787935,0.008250078,0.02565384,0.08624439,0.025536837,2.9388728,180.38281,0.13426532,0.053368915,180.38281,80,FC128,versus,2,4080,0.0078125,3.6601562,0.77734375,0.9296875
0.04296875,0.08984375,0.40234375,0.76997435,0.008244617,0.032440484,0.08018905,0.021029951,2.798698,183.13281,0.13101448,0.054036025,183.13281,81,FC128,versus,2,4081,0.0078125,3.609375,0.7578125,0.953125
0.046875,0.1015625,0.390625,0.77664524,0.008239155,0.039852202,0.08073573,0.022733549,3.0265656,183.90234,0.12880217,0.054703135,183.90234,82,FC128,versus,2,4082,0.015625,3.6523438,0.73828125,0.9453125
0.03125,0.1484375,0.41796875,0.7329561,0.008233693,0.03764552,0.075117394,0.016081026,2.6857488,184.03125,0.1301426,0.05537025,184.03125,83,FC128,versus,2,4083,0.01953125,3.7851562,0.703125,0.9296875
0.02734375,0.09765625,0.44140625,0.7303941,0.008228231,0.052276373,0.07358315,0.0128422035,2.581795,181.8789,0.1335016,0.05603736,181.8789,84,FC128,versus,2,4084,0.00390625,3.5195312,0.75,0.91796875
0.00390625,0.08203125,0.390625,0.7673943,0.00822277,0.036207378,0.07333258,0.01433282,2.8338895,182.8789,0.13061973,0.056704473,182.8789,85,FC128,versus,2,4085,0.0078125,3.5507812,0.73828125,0.93359375
0.01171875,0.08984375,0.4375,0.723083,0.008217309,0.058102906,0.0739786,0.015637342,2.678515,182.6289,0.12856612,0.057371583,182.6289,86,FC128,versus,2,4086,0.0078125,3.8984375,0.671875,0.953125
0.015625,0.09375,0.39453125,0.7325886,0.008211846,0.055238903,0.077924564,0.016425118,2.838575,185.64453,0.1350307,0.058038693,185.64453,87,FC128,versus,2,4087,0.01171875,3.7578125,0.74609375,0.93359375
0.0078125,0.109375,0.375,0.75564694,0.008206385,0.060492992,0.077282906,0.016878974,2.8817487,179.61719,0.13321014,0.058705807,179.61719,88,FC128,versus,2,4088,0.0,3.6679688,0.76171875,0.96484375
0.0078125,0.12890625,0.421875,0.74980205,0.008200923,0.05332935,0.07687244,0.013212156,2.8992925,180.96094,0.1396187,0.059372917,180.96094,89,FC128,versus,2,4089,0.0078125,3.6054688,0.765625,0.93359375
0.01171875,0.08984375,0.34375,0.7444404,0.008195462,0.056149244,0.071195796,0.013136193,3.0475569,187.60156,0.12832128,0.060040027,187.60156,90,FC128,versus,2,4090,0.0,3.8476562,0.703125,0.94921875
0.0,0.09765625,0.39453125,0.71294296,0.00819,0.07831401,0.06949392,0.0076140314,2.87321,184.70312,0.13543779,0.06070714,184.70312,91,FC128,versus,2,4091,0.00390625,3.84375,0.6953125,0.94921875
0.0078125,0.08203125,0.44140625,0.6490909,0.008184538,0.079369545,0.06381232,0.0028822112,2.6151104,185.29688,0.13248524,0.06137425,185.29688,92,FC128,versus,2,4092,0.01171875,3.8984375,0.703125,0.953125
0.0,0.1015625,0.359375,0.7396072,0.008179077,0.07394427,0.07098335,0.008237559,2.96705,184.6211,0.13759018,0.06204136,184.6211,93,FC128,versus,2,4093,0.0078125,3.59375,0.78125,0.9609375
0.0078125,0.109375,0.37890625,0.724678,0.008173615,0.07357049,0.07050706,0.010257711,2.9971294,184.88672,0.13234517,0.062708475,184.88672,94,FC128,versus,2,4094,0.01171875,3.7851562,0.71875,0.9453125
0.00390625,0.08984375,0.37109375,0.7058673,0.008168153,0.06950593,0.06778522,0.0040027206,2.8593206,186.83984,0.13909626,0.063375585,186.83984,95,FC128,versus,2,4095,0.0,3.7851562,0.75390625,0.9453125
0.00390625,0.0703125,0.359375,0.7298585,0.008162692,0.062411904,0.06675682,0.0058639157,2.9689984,185.04297,0.13370104,0.064042695,185.04297,96,FC128,versus,2,4096,0.0078125,3.75,0.75390625,0.9296875
0.0,0.1015625,0.38671875,0.68762624,0.00815723,0.077341676,0.063333124,0.0024000148,2.7964349,183.58984,0.13308446,0.064709805,183.58984,97,FC128,versus,2,4097,0.00390625,3.6953125,0.7421875,0.93359375
0.0,0.0859375,0.35546875,0.74556726,0.008151769,0.052289248,0.06886612,0.007679899,3.1160026,186.76562,0.13452782,0.06537692,186.76562,98,FC128,versus,2,4098,0.0078125,3.8046875,0.76171875,0.94921875
0.0078125,0.09765625,0.3828125,0.7170385,0.0081463065,0.07049674,0.06472752,0.0033937586,2.729168,187.96875,0.13434996,0.06604403,187.96875,99,FC128,versus,2,4099,0.01171875,3.7695312,0.703125,0.94140625
0.00390625,0.08984375,0.35546875,0.7242182,0.008140845,0.068129,0.06325938,0.0036995537,2.9724445,185.27734,0.13091114,0.06671114,185.27734,100,FC128,versus,2,4100,0.00390625,3.6484375,0.765625,0.921875
0.0,0.09765625,0.37109375,0.7480321,0.008135384,0.06940681,0.058947094,-0.0023988795,2.6500077,184.21094,0.134863,0.06737825,184.21094,101,FC128,versus,2,4101,0.0078125,3.4296875,0.78125,0.921875
0.00390625,0.0859375,0.37890625,0.71833116,0.008129922,0.05342883,0.062372398,0.0005050603,2.9029107,184.50781,0.13541463,0.06804536,184.50781,102,FC128,versus,2,4102,0.01953125,3.6210938,0.7734375,0.94140625
0.0,0.08984375,0.359375,0.7483836,0.0081244605,0.053883076,0.067385375,0.0059840865,3.0004241,185.32422,0.13496299,0.06871248,185.32422,103,FC128,versus,2,4103,0.0,3.6640625,0.765625,0.94921875
0.0078125,0.078125,0.421875,0.7374447,0.008118998,0.06038934,0.060977776,-0.0002962077,2.5387883,182.55078,0.13452259,0.06937959,182.55078,104,FC128,versus,2,4104,0.00390625,3.6953125,0.73828125,0.94921875
0.0,0.06640625,0.359375,0.7578044,0.008113537,0.04649788,0.062558554,0.0030444588,2.8140569,184.46094,0.13132514,0.0700467,184.46094,105,FC128,versus,2,4105,0.0078125,3.5585938,0.796875,0.94140625
0.01171875,0.078125,0.40625,0.75579697,0.008108076,0.074006915,0.06378276,0.00615318,2.8435466,183.96484,0.12751527,0.07071381,183.96484,106,FC128,versus,2,4106,0.00390625,3.7070312,0.70703125,0.94921875
0.00390625,0.09765625,0.4296875,0.72744775,0.0081026135,0.06378633,0.057860367,0.00096018414,2.640174,184.09766,0.12558882,0.07138092,184.09766,107,FC128,versus,2,4107,0.01171875,3.6992188,0.69921875,0.93359375
0.0,0.1015625,0.3359375,0.78719187,0.008097152,0.061772645,0.063879944,0.0055650515,2.9991107,187.85547,0.1293778,0.07204803,187.85547,108,FC128,versus,2,4108,0.015625,3.6914062,0.75,0.92578125
0.0,0.07421875,0.375,0.76154417,0.00809169,0.06726682,0.06473981,0.006264168,2.864687,186.76953,0.12927565,0.07271515,186.76953,109,FC128,versus,2,4109,0.0,3.6992188,0.7421875,0.93359375
0.00390625,0.12109375,0.33203125,0.79388803,0.008086229,0.056441247,0.06375224,0.005173121,2.9529963,185.30469,0.12999736,0.07338226,185.30469,110,FC128,versus,2,4110,0.0078125,3.6171875,0.7734375,0.9140625
0.00390625,0.10546875,0.3671875,0.8060668,0.0080807675,0.071937025,0.06544872,0.0061508087,3.1074286,185.44922,0.13162309,0.07404937,185.44922,111,FC128,versus,2,4111,0.00390625,3.8359375,0.76953125,0.94921875
0.0,0.171875,0.40625,0.78885347,0.008075305,0.077135205,0.06237264,0.006270715,2.8813214,187.33984,0.12494431,0.07471648,187.33984,112,FC128,versus,2,4112,0.01953125,3.8164062,0.671875,0.9296875
0.0,0.12109375,0.34765625,0.8086707,0.008069844,0.080773234,0.06556797,0.007807139,3.1486833,185.5,0.12857336,0.07538359,185.5,113,FC128,versus,2,4113,0.0078125,3.609375,0.7421875,0.96875
0.00390625,0.09375,0.3125,0.82192045,0.008064382,0.07902676,0.0625047,0.008715152,3.1570477,188.4414,0.12083567,0.0760507,188.4414,114,FC128,versus,2,4114,0.0,3.7539062,0.73046875,0.953125
0.0078125,0.078125,0.40625,0.7730222,0.0080589205,0.08509165,0.052006125,-0.005196904,2.6108246,183.53516,0.1268655,0.07671782,183.53516,115,FC128,versus,2,4115,0.0,3.7382812,0.69921875,0.9453125
0.0,0.1015625,0.3671875,0.79806286,0.008053459,0.09000158,0.06335726,0.004205954,2.9325507,187.46484,0.13115694,0.07738493,187.46484,116,FC128,versus,2,4116,0.0078125,3.6953125,0.75390625,0.953125
0.00390625,0.09765625,0.3671875,0.8079889,0.008047997,0.09189987,0.057946343,0.00037297138,2.9337456,184.0,0.12815213,0.07805204,184.0,117,FC128,versus,2,4117,0.0,3.7265625,0.7578125,0.9609375
0.0,0.1484375,0.328125,0.8356498,0.008042536,0.09041327,0.06530671,0.0057064584,3.1745343,188.96094,0.13264199,0.07871915,188.96094,118,FC128,versus,2,4118,0.0078125,3.6601562,0.76953125,0.94921875
0.0,0.1015625,0.3046875,0.8095002,0.008037074,0.101419866,0.05758577,0.0026274077,3.157432,186.89844,0.122928746,0.07938626,186.89844,119,FC128,versus,2,4119,0.01171875,3.6914062,0.72265625,0.9453125
0.0,0.109375,0.37109375,0.7872148,0.008031612,0.10453558,0.05616501,-0.0026670052,2.9029377,187.17188,0.13030924,0.080053374,187.17188,120,FC128,versus,2,4120,0.0078125,3.734375,0.73828125,0.953125
0.0,0.1328125,0.32421875,0.81926364,0.008026151,0.118674815,0.06268678,0.004643442,3.235163,185.0039,0.12923774,0.080720484,185.0039,121,FC128,versus,2,4121,0.00390625,3.8710938,0.75390625,0.9609375
0.00390625,0.10546875,0.33984375,0.80072373,0.008020689,0.12780112,0.058332913,-0.00043823296,2.9393535,186.67578,0.13038701,0.081387594,186.67578,122,FC128,versus,2,4122,0.00390625,3.625,0.75,0.9453125
0.0,0.1328125,0.3984375,0.7603538,0.0080152275,0.13413477,0.058512557,0.0005493194,2.84029,182.89453,0.1281153,0.082054704,182.89453,123,FC128,versus,2,4123,0.00390625,3.84375,0.7109375,0.953125
0.00390625,0.1328125,0.34375,0.7787039,0.008009765,0.11947405,0.05529593,-0.0027787124,3.0294576,188.82812,0.12862375,0.082721815,188.82812,124,FC128,versus,2,4124,0.0078125,3.7695312,0.78125,0.94140625
0.0,0.09375,0.40234375,0.7573364,0.008004304,0.12377894,0.05218488,-0.0081135975,2.6376019,183.57031,0.13272086,0.083388925,183.57031,125,FC128,versus,2,4125,0.01171875,3.5859375,0.7265625,0.92578125
0.0,0.12109375,0.38671875,0.80046767,0.007998843,0.1459505,0.055943772,-0.0023741988,2.7754474,185.7461,0.12944157,0.08405604,185.7461,126,FC128,versus,2,4126,0.01171875,3.7617188,0.7421875,0.953125
0.00390625,0.11328125,0.39453125,0.7712706,0.007993381,0.13521945,0.05480349,-0.00571864,2.6195073,182.1914,0.13337438,0.08472315,182.1914,127,FC128,versus,2,4127,0.0078125,3.5703125,0.76171875,0.92578125
0.0,0.125,0.34375,0.81311864,0.007987919,0.14688355,0.057529815,-0.00070765236,2.9232745,186.85547,0.12946518,0.08539026,186.85547,128,FC128,versus,2,4128,0.01171875,3.6015625,0.7578125,0.9453125
0.00390625,0.14453125,0.3046875,0.82449555,0.007982457,0.1499843,0.060963146,0.0052195024,3.1360114,189.96484,0.124650285,0.08605737,189.96484,129,FC128,versus,2,4129,0.00390625,3.7929688,0.74609375,0.9453125
0.0078125,0.11328125,0.359375,0.79172856,0.007976996,0.17020297,0.053330056,-0.0023199136,3.0178266,187.35547,0.12393117,0.08672448,187.35547,130,FC128,versus,2,4130,0.00390625,3.7734375,0.71484375,0.9453125
0.00390625,0.109375,0.34375,0.80909055,0.0079715345,0.1620155,0.057377227,0.002390663,3.0576618,187.98828,0.12287251,0.0873916,187.98828,131,FC128,versus,2,4131,0.0078125,3.8632812,0.69921875,0.9453125
0.00390625,0.15625,0.30859375,0.8332857,0.007966072,0.17345244,0.060775995,0.0065260823,3.1297026,190.33203,0.12177586,0.08805871,190.33203,132,FC128,versus,2,4132,0.0234375,3.703125,0.73828125,0.92578125
0.01171875,0.1484375,0.296875,0.8426917,0.007960611,0.17509884,0.06106474,0.0049745548,3.2172441,188.46094,0.12559706,0.08872582,188.46094,133,FC128,versus,2,4133,0.0078125,3.6757812,0.7890625,0.9375
0.0,0.1328125,0.390625,0.810768,0.007955149,0.1752513,0.05770602,-0.00021785466,2.921629,182.92188,0.12874731,0.08939293,182.92188,134,FC128,versus,2,4134,0.0078125,3.6054688,0.765625,0.95703125
0.0078125,0.1328125,0.3984375,0.78686345,0.007949688,0.18345022,0.058469143,0.0032975385,2.9058967,187.92969,0.12285384,0.09006004,187.92969,135,FC128,versus,2,4135,0.0078125,3.8554688,0.69140625,0.95703125
0.01171875,0.125,0.3984375,0.8292181,0.007944226,0.18286651,0.0591081,0.0012480028,3.0531716,183.98438,0.1288952,0.09072715,183.98438,136,FC128,versus,2,4136,0.01171875,3.671875,0.76953125,0.953125
0.01171875,0.1484375,0.375,0.8500701,0.007938764,0.20880884,0.059844173,0.004734311,3.0849833,184.41016,0.12371674,0.09139427,184.41016,137,FC128,versus,2,4137,0.0078125,3.7773438,0.72265625,0.95703125
0.015625,0.140625,0.34765625,0.8184964,0.007933303,0.20879698,0.05801532,0.002976162,3.2308671,186.86719,0.12306508,0.09206138,186.86719,138,FC128,versus,2,4138,0.0,3.8984375,0.71484375,0.9609375
0.00390625,0.1328125,0.3515625,0.8163126,0.007927841,0.21632677,0.052976158,-0.0022985341,2.9869914,185.75781,0.123492576,0.09272849,185.75781,139,FC128,versus,2,4139,0.01171875,3.7070312,0.73828125,0.94921875
0.0078125,0.125,0.34375,0.82811743,0.007922379,0.21852356,0.053324953,-0.0026029653,2.985147,185.98828,0.12497716,0.0933956,185.98828,140,FC128,versus,2,4140,0.0078125,3.53125,0.7578125,0.9375
0.0078125,0.16796875,0.3359375,0.8430808,0.007916918,0.23903155,0.048503723,-0.0066354387,2.9401383,184.60938,0.12362753,0.09406271,184.60938,141,FC128,versus,2,4141,0.01171875,3.5429688,0.75390625,0.92578125
0.0078125,0.10546875,0.34375,0.8253696,0.007911456,0.23247135,0.055422783,-0.0025091083,3.0505486,184.09375,0.12892354,0.094729826,184.09375,142,FC128,versus,2,4142,0.00390625,3.6679688,0.796875,0.96484375
0.0078125,0.109375,0.37109375,0.7878909,0.007905995,0.2337603,0.04908886,-0.00839001,2.9204998,185.6836,0.12741587,0.095396936,185.6836,143,FC128,versus,2,4143,0.00390625,3.5585938,0.75390625,0.91796875
0.01171875,0.1640625,0.33984375,0.81401867,0.007900532,0.24645847,0.05974583,0.0015159006,3.2255864,185.50781,0.12932222,0.096064046,185.50781,144,FC128,versus,2,4144,0.0,3.7070312,0.75390625,0.9375
0.0078125,0.125,0.39453125,0.79840314,0.007895071,0.2540527,0.04755954,-0.008015257,2.747437,182.1289,0.12375649,0.096731156,182.1289,145,FC128,versus,2,4145,0.00390625,3.6835938,0.703125,0.94921875
0.00390625,0.1484375,0.33984375,0.825351,0.00788961,0.26120323,0.050365925,-0.0035135564,2.9956574,187.21094,0.12078236,0.097398266,187.21094,146,FC128,versus,2,4146,0.0078125,3.6445312,0.71484375,0.94140625
0.0078125,0.13671875,0.3515625,0.81725085,0.007884148,0.26748258,0.048293743,-0.006981401,2.8973527,188.11328,0.12343694,0.09806538,188.11328,147,FC128,versus,2,4147,0.0078125,3.6171875,0.7109375,0.92578125
0.00390625,0.1484375,0.36328125,0.8081239,0.007878686,0.25628418,0.04974912,-0.0047482233,2.9116423,187.1914,0.1217286,0.098732494,187.1914,148,FC128,versus,2,4148,0.0,3.921875,0.6796875,0.9609375
0.02734375,0.125,0.328125,0.8462347,0.007873224,0.27146757,0.053540185,-0.0028604737,3.119882,188.13281,0.12612651,0.099399604,188.13281,149,FC128,versus,2,4149,0.01171875,3.5703125,0.79296875,0.9375
0.01171875,0.16015625,0.390625,0.8138726,0.007867763,0.28158706,0.048188314,-0.0047542984,2.871861,185.07031,0.118691936,0.100066714,185.07031,150,FC128,versus,2,4150,0.015625,3.578125,0.703125,0.94140625
0.02734375,0.1171875,0.3515625,0.83386034,0.007862302,0.258062,0.047551706,-0.0089529045,2.7782135,186.88672,0.12612134,0.100733824,186.88672,151,FC128,versus,2,4151,0.0078125,3.5390625,0.7734375,0.9296875
0.01953125,0.11328125,0.38671875,0.81496274,0.007856839,0.2829271,0.047107432,-0.008606966,2.763394,185.79297,0.12423486,0.101400934,185.79297,152,FC128,versus,2,4152,0.0,3.7851562,0.7109375,0.94140625
0.015625,0.125,0.3984375,0.8019929,0.007851378,0.28492868,0.053875323,-0.0019186714,2.9612114,184.10547,0.12418149,0.102068044,184.10547,153,FC128,versus,2,4153,0.0078125,3.7929688,0.75,0.95703125
0.03125,0.12109375,0.36328125,0.844522,0.007845916,0.29840738,0.046151944,-0.006457762,2.8236346,184.84766,0.1184715,0.10273516,184.84766,154,FC128,versus,2,4154,0.01171875,3.5820312,0.734375,0.92578125
0.01953125,0.10546875,0.3828125,0.82302827,0.007840455,0.29244858,0.050025105,-0.002829876,2.802116,184.34766,0.11861579,0.10340227,184.34766,155,FC128,versus,2,4155,0.01953125,3.6171875,0.7109375,0.921875
0.03515625,0.16015625,0.34765625,0.8510557,0.007834993,0.2833463,0.048973173,-0.00454688,2.9064445,187.76953,0.12037614,0.10406938,187.76953,156,FC128,versus,2,4156,0.015625,3.6484375,0.72265625,0.9296875
0.015625,0.1484375,0.37109375,0.84940773,0.007829531,0.27705187,0.0580395,0.0002957877,3.0415192,183.01562,0.12878835,0.10473649,183.01562,157,FC128,versus,2,4157,0.00390625,3.6796875,0.79296875,0.92578125
0.01953125,0.125,0.3515625,0.8380983,0.00782407,0.2859354,0.054349877,0.0001562364,2.9491067,184.4336,0.12150196,0.1054036,184.4336,158,FC128,versus,2,4158,0.0078125,3.5273438,0.79296875,0.93359375
0.0234375,0.125,0.3125,0.86934304,0.007818608,0.32473183,0.059884973,0.009058955,3.3189826,191.42969,0.11524615,0.10607072,191.42969,159,FC128,versus,2,4159,0.0078125,3.8632812,0.7109375,0.94921875
0.05078125,0.171875,0.3125,0.8807625,0.007813146,0.30753398,0.056398645,0.0026229536,3.1695683,188.72266,0.121314436,0.10673783,188.72266,160,FC128,versus,2,4160,0.015625,3.7265625,0.7265625,0.9375
0.0234375,0.15625,0.33203125,0.8483329,0.0078076846,0.31243634,0.050997425,-0.0034130411,2.9201665,189.27344,0.12206796,0.10740494,189.27344,161,FC128,versus,2,4161,0.015625,3.5898438,0.765625,0.921875
0.04296875,0.16796875,0.34375,0.8692026,0.007802223,0.33059973,0.050875194,-0.0023080073,3.0213227,186.92188,0.11992983,0.10807205,186.92188,162,FC128,versus,2,4162,0.01171875,3.6015625,0.765625,0.9296875
0.0625,0.14453125,0.3671875,0.83850807,0.0077967616,0.3379143,0.045351982,-0.00886027,2.7657795,184.73438,0.1214998,0.10873916,184.73438,163,FC128,versus,2,4163,0.0078125,3.609375,0.7265625,0.91015625
0.04296875,0.14453125,0.36328125,0.82846004,0.0077913,0.34564507,0.0487267,-0.0030744208,2.998272,187.01172,0.11651181,0.10940627,187.01172,164,FC128,versus,2,4164,0.01171875,3.7539062,0.73828125,0.92578125
0.05078125,0.15625,0.3359375,0.8411132,0.007785838,0.34833133,0.047743816,-0.006021387,3.0071793,186.89062,0.12062795,0.11007339,186.89062,165,FC128,versus,2,4165,0.00390625,3.7734375,0.75390625,0.9375
0.05859375,0.16796875,0.2890625,0.8811831,0.0077803764,0.37740588,0.04562048,-0.0046249684,3.125351,188.95312,0.11420276,0.1107405,188.95312,166,FC128,versus,2,4166,0.0078125,3.6523438,0.73828125,0.9453125
0.0390625,0.12890625,0.35546875,0.8347414,0.0077749146,0.349059,0.050254405,-0.0029939206,3.0103264,186.46094,0.119476736,0.11140761,186.46094,167,FC128,versus,2,4167,0.015625,3.796875,0.75390625,0.93359375
0.03125,0.125,0.3203125,0.86352324,0.0077694533,0.38015813,0.05228611,0.0019328316,3.324317,187.08203,0.11412476,0.11207472,187.08203,168,FC128,versus,2,4168,0.0078125,3.7695312,0.7578125,0.9609375
0.03125,0.1640625,0.4140625,0.8062829,0.0077639916,0.36343527,0.050461076,-0.00571164,2.9719975,183.82422,0.12486538,0.11274183,183.82422,169,FC128,versus,2,4169,0.01953125,3.84375,0.76171875,0.94921875
0.05078125,0.1640625,0.34375,0.8409006,0.00775853,0.39379215,0.050668437,-0.001101889,3.2682805,186.48438,0.11658896,0.113408946,186.48438,170,FC128,versus,2,4170,0.01171875,3.7421875,0.76171875,0.96484375
0.05859375,0.12109375,0.3046875,0.8709057,0.007753068,0.37915576,0.04615414,-0.004400109,3.0782306,186.11328,0.11461288,0.114076056,186.11328,171,FC128,versus,2,4171,0.01171875,3.65625,0.7421875,0.9296875
0.05859375,0.12109375,0.3203125,0.8630069,0.0077476064,0.38163596,0.04787066,-0.0037919753,3.2004728,183.67578,0.11669774,0.114743166,183.67578,172,FC128,versus,2,4172,0.0078125,3.7265625,0.77734375,0.953125
0.0546875,0.1640625,0.32421875,0.87790614,0.007742145,0.38865823,0.055955518,0.0039211907,3.393653,186.5,0.117662415,0.115410276,186.5,173,FC128,versus,2,4173,0.0078125,3.6992188,0.7890625,0.9375
0.08984375,0.1328125,0.3515625,0.8605315,0.0077366834,0.3739339,0.04493481,-0.0069859703,3.0478826,186.0586,0.11715688,0.116077386,186.0586,174,FC128,versus,2,4174,0.00390625,3.5273438,0.78515625,0.9375
0.0390625,0.171875,0.26171875,0.8898571,0.0077312216,0.38542718,0.050053634,-0.002507646,3.2569513,191.875,0.118881926,0.116744496,191.875,175,FC128,versus,2,4175,0.01171875,3.6914062,0.7734375,0.94140625
0.04296875,0.19140625,0.3359375,0.8872216,0.00772576,0.3903507,0.049015492,-0.0023815047,3.147968,185.92969,0.11650291,0.11741161,185.92969,176,FC128,versus,2,4176,0.0234375,3.5820312,0.79296875,0.921875
0.04296875,0.1640625,0.4453125,0.8292458,0.007720298,0.38633502,0.0448274,-0.008785928,2.8344536,184.3164,0.1200307,0.11807872,184.3164,177,FC128,versus,2,4177,0.0078125,3.8632812,0.70703125,0.95703125
0.02734375,0.1484375,0.3984375,0.8562516,0.007714837,0.37052882,0.04547074,-0.0070195347,2.8390472,185.72656,0.11819223,0.11874583,185.72656,178,FC128,versus,2,4178,0.01171875,3.75,0.76171875,0.953125
0.0234375,0.14453125,0.3671875,0.8613212,0.007709375,0.38908356,0.047302786,-0.0036176287,2.9598358,187.04688,0.11512133,0.11941294,187.04688,179,FC128,versus,2,4179,0.0078125,3.828125,0.72265625,0.953125
0.02734375,0.12890625,0.3828125,0.8651403,0.0077039134,0.38013536,0.044188652,-0.008994711,2.7558818,183.60156,0.119696654,0.120080054,183.60156,180,FC128,versus,2,4180,0.0078125,3.6640625,0.765625,0.9609375
0.0546875,0.17578125,0.34375,0.87667835,0.0076984516,0.39230156,0.056069944,0.0037386215,3.1590972,188.03125,0.118160784,0.12074717,188.03125,181,FC128,versus,2,4181,0.0078125,3.7578125,0.7578125,0.9375
0.01953125,0.17578125,0.35546875,0.86782247,0.00769299,0.3846026,0.045046635,-0.006738421,3.019034,186.28125,0.11692241,0.12141428,186.28125,182,FC128,versus,2,4182,0.01171875,3.7929688,0.765625,0.94921875
0.0234375,0.1953125,0.33984375,0.8834309,0.0076875286,0.4002968,0.04764113,-0.004127083,3.2426667,186.47266,0.11711922,0.12208139,186.47266,183,FC128,versus,2,4183,0.01171875,3.6015625,0.765625,0.93359375
0.0390625,0.1484375,0.359375,0.85571164,0.007682067,0.39709443,0.039684504,-0.012673254,2.8370733,187.27734,0.11786279,0.1227485,187.27734,184,FC128,versus,2,4184,0.01171875,3.7578125,0.7421875,0.93359375
0.0234375,0.125,0.25390625,0.89838094,0.007676605,0.41661835,0.050721828,0.0013046239,3.4668207,191.42578,0.11262744,0.12341561,191.42578,185,FC128,versus,2,4185,0.0078125,3.78125,0.76171875,0.94140625
0.0390625,0.1640625,0.35546875,0.82676697,0.0076711434,0.41583025,0.04355268,-0.009114428,2.942769,189.73047,0.11801872,0.12408272,189.73047,186,FC128,versus,2,4186,0.00390625,3.6757812,0.703125,0.9375
0.0625,0.13671875,0.2734375,0.87502295,0.0076656817,0.41739655,0.04700778,-0.0025381057,3.349124,188.67578,0.11250707,0.12474984,188.67578,187,FC128,versus,2,4187,0.015625,3.7109375,0.7890625,0.921875
0.046875,0.12109375,0.3359375,0.8434489,0.0076602204,0.42994654,0.041008394,-0.0075129806,3.0551229,185.86719,0.10996476,0.12541695,185.86719,188,FC128,versus,2,4188,0.0078125,3.7617188,0.7265625,0.97265625
0.046875,0.1484375,0.390625,0.8098162,0.0076547586,0.43207806,0.04225658,-0.008332915,2.9631903,183.28125,0.11357688,0.12608406,183.28125,189,FC128,versus,2,4189,0.01171875,3.7421875,0.7421875,0.92578125
0.078125,0.13671875,0.328125,0.80558157,0.007649297,0.42800385,0.04140396,-0.008572885,3.0273185,190.1289,0.112277955,0.12675117,190.1289,190,FC128,versus,2,4190,0.01171875,3.8632812,0.703125,0.953125
0.0703125,0.1171875,0.30859375,0.80914253,0.007643835,0.4200123,0.04242462,-0.009650604,3.0173197,190.03906,0.116520345,0.12741828,190.03906,191,FC128,versus,2,4191,0.01171875,3.5390625,0.76171875,0.90625
0.09765625,0.1640625,0.31640625,0.82371444,0.0076383734,0.41592133,0.048302688,-0.0027470547,3.0199761,190.21484,0.11468316,0.12808539,190.21484,192,FC128,versus,2,4192,0.01953125,3.6640625,0.75,0.90234375
0.09765625,0.1484375,0.35546875,0.83565336,0.007632912,0.40463555,0.052888207,0.0011772596,3.232276,185.4961,0.11617883,0.1287525,185.4961,193,FC128,versus,2,4193,0.0078125,3.7695312,0.77734375,0.96875
0.08984375,0.08984375,0.296875,0.8456571,0.0076274504,0.4169485,0.053159162,0.005755865,3.1903691,188.67188,0.10770701,0.12941961,188.67188,194,FC128,versus,2,4194,0.00390625,3.8085938,0.734375,0.9453125
0.0703125,0.15625,0.3125,0.8784371,0.0076219887,0.39352173,0.048525665,-0.00032076275,3.199367,188.71094,0.11108373,0.13008673,188.71094,195,FC128,versus,2,4195,0.0078125,3.9101562,0.7578125,0.9140625
0.07421875,0.19140625,0.2734375,0.89465517,0.007616527,0.38628358,0.05493824,0.005106595,3.3093574,186.48828,0.11329162,0.13075384,186.48828,196,FC128,versus,2,4196,0.01171875,3.6171875,0.76953125,0.91796875
0.078125,0.17578125,0.328125,0.87211245,0.007611065,0.38502842,0.048839394,4.1704818e-05,3.0235784,186.80469,0.110870786,0.13142096,186.80469,197,FC128,versus,2,4197,0.0234375,3.546875,0.73828125,0.9296875
0.0390625,0.16796875,0.3046875,0.88247466,0.007605604,0.38434905,0.049022067,-0.0014702459,3.0733087,188.80469,0.11440813,0.13208807,188.80469,198,FC128,versus,2,4198,0.02734375,3.546875,0.765625,0.91796875
0.0546875,0.15234375,0.28125,0.8710117,0.007600142,0.37949193,0.05626435,0.0052225688,3.3249395,188.19531,0.11532318,0.13275518,188.19531,199,FC128,versus,2,4199,0.0078125,3.7226562,0.765625,0.94921875
0.03515625,0.19140625,0.30859375,0.8625898,0.0075946804,0.39767194,0.05181973,0.000112225454,3.1719184,185.78516,0.1165172,0.13342229,185.78516,200,FC128,versus,2,4200,0.0390625,3.5625,0.7734375,0.91015625
0.046875,0.1875,0.37890625,0.8334017,0.0075892187,0.38734007,0.040233444,-0.0123599805,2.804357,186.76562,0.11783659,0.1340894,186.76562,201,FC128,versus,2,4201,0.01953125,3.5976562,0.71484375,0.90625
0.0625,0.1640625,0.3359375,0.8293336,0.007583757,0.41058743,0.04430511,-0.006011416,2.949251,190.08594,0.113211975,0.1347565,190.08594,202,FC128,versus,2,4202,0.015625,3.7617188,0.7265625,0.93359375
0.046875,0.19921875,0.33203125,0.85948837,0.0075782957,0.4094895,0.05336652,0.0011196944,3.3661053,187.63672,0.11752056,0.13542362,187.63672,203,FC128,versus,2,4203,0.0078125,3.6796875,0.7734375,0.94140625
0.03515625,0.18359375,0.3125,0.85625386,0.007572834,0.41792303,0.045213297,-0.005449298,3.2533684,190.83594,0.11429373,0.13609073,190.83594,204,FC128,versus,2,4204,0.01953125,3.7460938,0.73046875,0.94921875
0.05078125,0.1796875,0.3203125,0.84855103,0.007567372,0.40050274,0.0444939,-0.0062623913,3.11273,188.4414,0.114355184,0.13675784,188.4414,205,FC128,versus,2,4205,0.0234375,3.6289062,0.78125,0.9453125
0.03515625,0.1875,0.3046875,0.8517546,0.0075619104,0.41212898,0.04304229,-0.008810815,3.0622418,189.51172,0.116588,0.13742496,189.51172,206,FC128,versus,2,4206,0.01171875,3.59375,0.76171875,0.94921875
0.03125,0.20703125,0.296875,0.8663146,0.0075564487,0.4166847,0.04593979,-0.0060350457,3.1615095,187.57422,0.11704219,0.13809207,187.57422,207,FC128,versus,2,4207,0.0078125,3.53125,0.76171875,0.93359375
0.05078125,0.15234375,0.34375,0.8597473,0.0075509874,0.42989028,0.039281882,-0.011817937,2.8493342,184.20312,0.11518352,0.13875918,184.20312,208,FC128,versus,2,4208,0.00390625,3.5273438,0.77734375,0.953125
0.06640625,0.12890625,0.3359375,0.83078146,0.0075455257,0.43051845,0.039239332,-0.011671809,2.9990106,186.35547,0.11435965,0.13942629,186.35547,209,FC128,versus,2,4209,0.01953125,3.6210938,0.75390625,0.9375
0.078125,0.125,0.31640625,0.831282,0.007540064,0.4299147,0.050466638,0.0006047402,3.265335,187.90625,0.112259634,0.1400934,187.90625,210,FC128,versus,2,4210,0.0,3.8242188,0.7109375,0.95703125
0.0390625,0.1953125,0.23828125,0.8668897,0.007534602,0.41892087,0.0514384,0.0045310245,3.457326,189.5586,0.10687809,0.14076051,189.5586,211,FC128,versus,2,4211,0.01953125,3.5625,0.7578125,0.92578125
0.08984375,0.20703125,0.2578125,0.8788052,0.0075291405,0.4296562,0.055371325,0.008876724,3.4174175,191.39844,0.1062225,0.14142762,191.39844,212,FC128,versus,2,4212,0.015625,3.921875,0.70703125,0.9453125
0.0546875,0.17578125,0.29296875,0.8632334,0.007523679,0.4225853,0.0522436,0.0039855973,3.28221,187.0664,0.109505385,0.14209473,187.0664,213,FC128,versus,2,4213,0.00390625,3.6914062,0.7421875,0.92578125
0.046875,0.1953125,0.33203125,0.85213506,0.0075182174,0.40421444,0.04607644,-0.006026511,3.0383,188.32031,0.117018975,0.14276184,188.32031,214,FC128,versus,2,4214,0.015625,3.6914062,0.75,0.91796875
0.03515625,0.1640625,0.30078125,0.86520356,0.0075127557,0.43379647,0.04741862,0.00015802836,3.3309684,186.73047,0.10752131,0.14342895,186.73047,215,FC128,versus,2,4215,0.015625,3.640625,0.76171875,0.94921875
0.03515625,0.1640625,0.25,0.87395364,0.007507294,0.42903328,0.043215115,-0.0047391276,3.2778265,192.53125,0.10903054,0.14409606,192.53125,216,FC128,versus,2,4216,0.0078125,3.6445312,0.7734375,0.9375
0.0234375,0.16796875,0.3359375,0.86427,0.007501832,0.41256738,0.043062504,-0.0070500528,3.139771,185.82812,0.11319233,0.14476317,185.82812,217,FC128,versus,2,4217,0.0078125,3.6914062,0.77734375,0.953125
0.03125,0.16015625,0.32421875,0.8424875,0.007496371,0.4005069,0.04507057,-0.005339603,3.0643146,189.08594,0.11345155,0.1454303,189.08594,218,FC128,versus,2,4218,0.00390625,3.6679688,0.7421875,0.9609375
0.0234375,0.1640625,0.33203125,0.8499433,0.007490909,0.4347844,0.043686207,-0.0059990063,3.2052655,188.16406,0.112104125,0.1460974,188.16406,219,FC128,versus,2,4219,0.00390625,3.7539062,0.73828125,0.95703125
0.01953125,0.203125,0.28125,0.8528823,0.0074854475,0.4416213,0.04875187,-0.00045805483,3.4185114,190.08203,0.111188255,0.14676452,190.08203,220,FC128,versus,2,4220,0.01171875,3.7890625,0.7421875,0.9453125
0.0234375,0.18359375,0.265625,0.8724219,0.0074799857,0.4453696,0.04415738,-0.0031727804,3.3028913,188.35156,0.107711725,0.14743163,188.35156,221,FC128,versus,2,4221,0.0078125,3.6757812,0.75,0.9375
0.0234375,0.25,0.28125,0.8601382,0.007474524,0.4343292,0.0447852,-0.005365257,3.4490275,189.21094,0.113159165,0.14809874,189.21094,222,FC128,versus,2,4222,0.0234375,3.59375,0.77734375,0.91015625
0.05078125,0.1484375,0.296875,0.8614186,0.0074690627,0.44319713,0.037185527,-0.010946825,2.9550018,188.59766,0.109132685,0.14876585,188.59766,223,FC128,versus,2,4223,0.01953125,3.6875,0.7421875,0.90625
0.02734375,0.16796875,0.265625,0.85568774,0.007463601,0.46555126,0.040602364,-0.0056931362,3.2079449,191.38281,0.105364025,0.14943296,191.38281,224,FC128,versus,2,4224,0.0078125,3.703125,0.69921875,0.9609375
0.0546875,0.12890625,0.30859375,0.8445908,0.007458139,0.47583187,0.039986398,-0.0057898117,3.1361482,188.73828,0.10415057,0.15010007,188.73828,225,FC128,versus,2,4225,0.00390625,3.8085938,0.7265625,0.9609375
0.04296875,0.16796875,0.24609375,0.8531888,0.0074526775,0.44956666,0.046743732,-0.0007467137,3.4267473,189.79297,0.10769797,0.15076718,189.79297,226,FC128,versus,2,4226,0.0078125,3.7421875,0.7421875,0.93359375
0.0703125,0.16796875,0.2578125,0.84774995,0.0074472157,0.46576118,0.047674887,0.0011488377,3.3613372,191.9414,0.10567885,0.15143429,191.9414,227,FC128,versus,2,4227,0.01171875,3.7929688,0.75,0.9375
0.05078125,0.19140625,0.24609375,0.8410406,0.0074417545,0.44057184,0.05194007,0.005199863,3.371894,189.52734,0.10599805,0.1521014,189.52734,228,FC128,versus,2,4228,0.01953125,3.8085938,0.71484375,0.94921875
0.05859375,0.19140625,0.25390625,0.8672013,0.0074362927,0.457577,0.051252328,0.0047066375,3.469018,189.625,0.10598891,0.15276852,189.625,229,FC128,versus,2,4229,0.0234375,3.5,0.765625,0.9140625
0.0703125,0.140625,0.30859375,0.82200307,0.007430831,0.46688348,0.038304705,-0.009916329,3.032144,188.33594,0.108658396,0.15343563,188.33594,230,FC128,versus,2,4230,0.00390625,3.5234375,0.70703125,0.921875
0.03125,0.1875,0.2890625,0.83723766,0.007425369,0.47004622,0.042109653,-0.0044465857,3.2170866,189.45312,0.10554607,0.15410274,189.45312,231,FC128,versus,2,4231,0.01171875,3.703125,0.73046875,0.94140625
0.05859375,0.1640625,0.30859375,0.8524755,0.0074199075,0.45558268,0.045304537,-0.0019841644,3.269771,188.29297,0.10722798,0.15476985,188.29297,232,FC128,versus,2,4232,0.00390625,3.6015625,0.7578125,0.9296875
0.05078125,0.15234375,0.25390625,0.8760708,0.007414446,0.4589566,0.048617657,0.0037684038,3.4217303,192.58984,0.10268967,0.15543696,192.58984,233,FC128,versus,2,4233,0.01171875,3.6992188,0.734375,0.9375
0.046875,0.203125,0.2890625,0.8826112,0.0074089845,0.43330848,0.046661187,-0.0013747638,3.3039227,187.86328,0.1091504,0.15610407,187.86328,234,FC128,versus,2,4234,0.03125,3.796875,0.74609375,0.94921875
0.03125,0.20703125,0.2578125,0.8890801,0.0074035227,0.46076137,0.046328988,0.0032167495,3.4628887,190.58203,0.09938912,0.15677118,190.58203,235,FC128,versus,2,4235,0.015625,3.6015625,0.71875,0.921875
0.03515625,0.18359375,0.3359375,0.8630712,0.007398061,0.43852544,0.04384361,-0.0060447557,3.1537652,187.63672,0.11254684,0.1574383,187.63672,236,FC128,versus,2,4236,0.0078125,3.6289062,0.76953125,0.9375
0.0078125,0.2109375,0.28125,0.8973785,0.0073925992,0.436868,0.047355406,-0.002039903,3.3863592,191.20703,0.112058535,0.1581054,191.20703,237,FC128,versus,2,4237,0.02734375,3.6601562,0.7890625,0.91796875
0.01171875,0.1875,0.28515625,0.86137235,0.007387138,0.46631515,0.04195089,-0.00424248,3.32904,189.66016,0.10511289,0.15877251,189.66016,238,FC128,versus,2,4238,0.0234375,3.7421875,0.73828125,0.93359375
0.015625,0.1875,0.28125,0.84161335,0.007381676,0.44836438,0.04162178,-0.0062184185,3.3367305,190.5664,0.10810543,0.15943962,190.5664,239,FC128,versus,2,4239,0.00390625,3.6054688,0.77734375,0.9296875
0.01953125,0.1640625,0.32421875,0.8443769,0.0073762145,0.4465108,0.03974483,-0.010273646,3.1642976,189.35938,0.11249357,0.16010675,189.35938,240,FC128,versus,2,4240,0.01953125,3.7578125,0.76171875,0.9296875
0.015625,0.14453125,0.30078125,0.87608004,0.0073707527,0.4648075,0.04142591,-0.006903528,3.2970283,185.65234,0.10957362,0.16077386,185.65234,241,FC128,versus,2,4241,0.01171875,3.7734375,0.78125,0.95703125
0.01953125,0.15625,0.3046875,0.88470423,0.007365291,0.44497806,0.038590018,-0.010355579,3.3477263,185.0039,0.110923395,0.16144097,185.0039,242,FC128,versus,2,4242,0.0078125,3.5820312,0.80078125,0.9296875
0.02734375,0.16796875,0.2734375,0.8776607,0.0073598297,0.45620334,0.039048966,-0.009195102,3.162691,186.8789,0.10940701,0.16210808,186.8789,243,FC128,versus,2,4243,0.0078125,3.4921875,0.7890625,0.91796875
0.01953125,0.1875,0.265625,0.8790777,0.007354368,0.4563197,0.03302718,-0.016078431,3.162177,187.91016,0.11114134,0.16277519,187.91016,244,FC128,versus,2,4244,0.015625,3.4648438,0.7578125,0.91015625
0.02734375,0.1875,0.31640625,0.8825845,0.0073489062,0.47226405,0.03946505,-0.008803666,3.3194418,186.41406,0.1095095,0.1634423,186.41406,245,FC128,versus,2,4245,0.00390625,3.671875,0.7578125,0.953125
0.03515625,0.24609375,0.26171875,0.88703185,0.0073434445,0.44424468,0.04780724,-0.000562755,3.4634013,191.79297,0.10976772,0.16410941,191.79297,246,FC128,versus,2,4246,0.03125,3.6328125,0.765625,0.9140625
0.04296875,0.1875,0.23828125,0.91212505,0.0073379828,0.45846224,0.040116686,-0.0054905727,3.3813117,189.92188,0.10460083,0.16477652,189.92188,247,FC128,versus,2,4247,0.0234375,3.5585938,0.765625,0.90234375
0.046875,0.15625,0.27734375,0.8666967,0.0073325215,0.43990374,0.043647014,-0.003300491,3.1340485,189.64453,0.10660516,0.16544363,189.64453,248,FC128,versus,2,4248,0.0078125,3.6835938,0.7421875,0.91796875
0.05078125,0.1875,0.328125,0.85393614,0.0073270597,0.45822996,0.037822843,-0.010045009,3.031164,187.69531,0.10824938,0.16611074,187.69531,249,FC128,versus,2,4249,0.01171875,3.6367188,0.70703125,0.9296875
0.04296875,0.203125,0.28125,0.8800114,0.007321598,0.44091964,0.047908124,0.0005387213,3.298514,189.33203,0.107624985,0.16677785,189.33203,250,FC128,versus,2,4250,0.01171875,3.6835938,0.76171875,0.93359375
0.0234375,0.140625,0.296875,0.8667998,0.0073161363,0.45493752,0.048851382,-0.00021780712,3.2700934,186.3086,0.11082163,0.16744497,186.3086,251,FC128,versus,2,4251,0.00390625,3.6875,0.74609375,0.9375
0.06640625,0.125,0.26171875,0.89219004,0.0073106745,0.4531877,0.04370318,-0.002538641,3.2512774,190.4961,0.10552866,0.16811208,190.4961,252,FC128,versus,2,4252,0.0078125,3.7851562,0.73046875,0.9609375
0.0390625,0.16796875,0.28125,0.8697156,0.0073052133,0.45657134,0.047543082,-0.0008661654,3.369589,189.8164,0.10952541,0.1687792,189.8164,253,FC128,versus,2,4253,0.02734375,3.6640625,0.76171875,0.93359375
0.02734375,0.18359375,0.2421875,0.88694954,0.0072997515,0.47542804,0.05297083,0.007929656,3.6048455,188.3164,0.10303137,0.1694463,188.3164,254,FC128,versus,2,4254,0.015625,3.7460938,0.7734375,0.9296875
0.04296875,0.16015625,0.2421875,0.8852486,0.00729429,0.48501396,0.043304645,-0.0028714696,3.3295894,189.46875,0.10526675,0.17011341,189.46875,255,FC128,versus,2,4255,0.0078125,3.5585938,0.734375,0.9375
0.03125,0.140625,0.30078125,0.86183906,0.007288828,0.4651701,0.038878035,-0.009693991,3.0711393,186.64453,0.109707646,0.17078052,186.64453,256,FC128,versus,2,4256,0.0078125,3.6875,0.73828125,0.9375
0.01953125,0.1640625,0.25390625,0.8679518,0.0072833663,0.46978134,0.04461,-0.0017702004,3.3572478,190.78125,0.10540363,0.17144763,190.78125,257,FC128,versus,2,4257,0.0234375,3.7539062,0.7265625,0.92578125
0.02734375,0.19140625,0.28125,0.8810002,0.007277905,0.47679096,0.034781847,-0.013032208,3.0804827,191.32031,0.10845178,0.17211474,191.32031,258,FC128,versus,2,4258,0.01953125,3.5,0.7421875,0.9296875
0.015625,0.16796875,0.296875,0.87385464,0.0072724433,0.4676841,0.039962932,-0.008193857,3.1375542,187.49219,0.1090237,0.17278185,187.49219,259,FC128,versus,2,4259,0.0,3.5039062,0.75390625,0.9140625
0.01953125,0.234375,0.23828125,0.89712083,0.0072669815,0.4656936,0.04999558,0.0034466477,3.501928,192.34766,0.10613658,0.17344896,192.34766,260,FC128,versus,2,4260,0.01171875,3.6875,0.7578125,0.91796875
0.0390625,0.19140625,0.27734375,0.8900917,0.00726152,0.455603,0.041171253,-0.0057791728,3.2899284,191.50781,0.10682769,0.17411608,191.50781,261,FC128,versus,2,4261,0.0078125,3.6679688,0.75390625,0.92578125
0.04296875,0.14453125,0.26953125,0.90840876,0.007256058,0.46922648,0.04086371,-0.004614794,3.2665718,187.97656,0.10413994,0.1747832,187.97656,262,FC128,versus,2,4262,0.0078125,3.5507812,0.7578125,0.93359375
0.05078125,0.171875,0.24609375,0.9121236,0.007250597,0.46983474,0.04455939,-0.0010428932,3.4134173,190.60547,0.10443145,0.17545031,190.60547,263,FC128,versus,2,4263,0.0078125,3.6210938,0.7578125,0.92578125
0.02734375,0.22265625,0.21484375,0.89221925,0.007245135,0.46301585,0.044435367,-0.0009389923,3.4730487,193.9336,0.10367722,0.17611742,193.9336,264,FC128,versus,2,4264,0.015625,3.5585938,0.765625,0.9296875
0.03125,0.2578125,0.23828125,0.9031689,0.0072396733,0.473907,0.04598748,-0.0014778004,3.55132,191.30078,0.108007856,0.17678453,191.30078,265,FC128,versus,2,4265,0.02734375,3.7382812,0.75,0.92578125
0.03125,0.23828125,0.27734375,0.8754029,0.0072342115,0.47251534,0.044005103,-0.005262992,3.3390021,188.35547,0.11120189,0.17745164,188.35547,266,FC128,versus,2,4266,0.01953125,3.5742188,0.7734375,0.90234375
0.0390625,0.1328125,0.2421875,0.9000785,0.00722875,0.4887517,0.038602307,-0.008712794,3.3514848,190.55078,0.10764309,0.17811875,190.55078,267,FC128,versus,2,4267,0.00390625,3.5507812,0.78125,0.9296875
0.0234375,0.203125,0.2734375,0.8791857,0.0072232885,0.47896117,0.03014916,-0.01782268,3.0736785,188.32031,0.1086449,0.17878586,188.32031,268,FC128,versus,2,4268,0.015625,3.4960938,0.7578125,0.92578125
0.03125,0.17578125,0.25,0.90505654,0.007217827,0.48746723,0.040514473,-0.003041136,3.4110467,192.54688,0.100176305,0.17945297,192.54688,269,FC128,versus,2,4269,0.01171875,3.7382812,0.7421875,0.93359375
0.01171875,0.1953125,0.2734375,0.87677646,0.007212365,0.4740538,0.040794216,-0.003977535,3.278604,190.07422,0.10219076,0.18012008,190.07422,270,FC128,versus,2,4270,0.01171875,3.75,0.7109375,0.95703125
0.03125,0.23828125,0.28515625,0.89493924,0.0072069033,0.42979437,0.047944397,-0.0026389274,3.5182748,188.16016,0.11406613,0.18078719,188.16016,271,FC128,versus,2,4271,0.0234375,3.6210938,0.8203125,0.9296875
0.02734375,0.16015625,0.25390625,0.9056809,0.0072014416,0.46133512,0.047610056,-0.00063396955,3.3833418,189.03125,0.10953247,0.1814543,189.03125,272,FC128,versus,2,4272,0.01953125,3.6445312,0.7890625,0.9375
0.046875,0.17578125,0.234375,0.90469444,0.0071959803,0.4599986,0.04448069,-0.0015413448,3.5200825,191.70703,0.1050644,0.18212143,191.70703,273,FC128,versus,2,4273,0.0078125,3.7539062,0.76953125,0.93359375
0.05078125,0.23828125,0.26953125,0.9043287,0.0071905185,0.46371627,0.041766677,-0.005756729,3.315423,188.9375,0.10805199,0.18278854,188.9375,274,FC128,versus,2,4274,0.0078125,3.6015625,0.7578125,0.921875
0.00390625,0.21875,0.2734375,0.8681536,0.007185057,0.46142256,0.038272515,-0.011920656,3.14331,190.54297,0.11286181,0.18345565,190.54297,275,FC128,versus,2,4275,0.01953125,3.5078125,0.75390625,0.89453125
0.02734375,0.23828125,0.2578125,0.89570177,0.007179595,0.4671303,0.045712758,-0.00083330617,3.6637998,189.07812,0.10595368,0.18412276,189.07812,276,FC128,versus,2,4276,0.01953125,3.78125,0.74609375,0.9609375
0.03515625,0.2109375,0.27734375,0.876796,0.0071741333,0.48406404,0.039276548,-0.007902897,3.2836516,191.45312,0.10693939,0.18478987,191.45312,277,FC128,versus,2,4277,0.01953125,3.6914062,0.7265625,0.92578125
0.0234375,0.21875,0.30078125,0.851269,0.007168672,0.46709532,0.035901707,-0.012652127,3.12789,188.85938,0.1093126,0.18545698,188.85938,278,FC128,versus,2,4278,0.01171875,3.6523438,0.71484375,0.9140625
0.03515625,0.25390625,0.1953125,0.9067152,0.0071632103,0.48478907,0.041774925,-0.003188105,3.4787555,192.20312,0.10291604,0.18612409,192.20312,279,FC128,versus,2,4279,0.0234375,3.5117188,0.76171875,0.9140625
0.02734375,0.2421875,0.265625,0.8820465,0.0071577486,0.45871574,0.045951255,-0.0026795485,3.391562,189.3125,0.10988854,0.1867912,189.3125,280,FC128,versus,2,4280,0.0234375,3.6953125,0.7734375,0.93359375
0.0234375,0.1953125,0.22265625,0.89167845,0.007152287,0.4837495,0.04375202,-0.0002452845,3.6624227,192.14453,0.10074969,0.1874583,192.14453,281,FC128,versus,2,4281,0.01953125,3.7773438,0.7265625,0.9296875
0.03515625,0.1875,0.2734375,0.85374033,0.007146825,0.46861446,0.041079924,-0.0061462712,3.3867989,190.92188,0.106655456,0.18812542,190.92188,282,FC128,versus,2,4282,0.015625,3.7929688,0.734375,0.9375
0.01953125,0.19921875,0.25390625,0.882099,0.007141364,0.44300753,0.047560975,-0.0016959949,3.5931025,189.54297,0.11111272,0.18879253,189.54297,283,FC128,versus,2,4283,0.01953125,3.6054688,0.796875,0.92578125
0.03515625,0.20703125,0.25390625,0.8820292,0.007135902,0.45893735,0.0433057,-0.0048708734,3.3391242,190.08203,0.108941294,0.18945965,190.08203,284,FC128,versus,2,4284,0.015625,3.5507812,0.76171875,0.91796875
0.0703125,0.2109375,0.265625,0.876238,0.0071304403,0.4564333,0.04268306,-0.00434051,3.3149433,188.76953,0.10654307,0.19012676,188.76953,285,FC128,versus,2,4285,0.03125,3.7382812,0.72265625,0.91796875
0.0546875,0.1796875,0.25390625,0.89030886,0.0071249786,0.45966977,0.044563558,-0.0018680745,3.4384904,190.53906,0.105550125,0.19079387,190.53906,286,FC128,versus,2,4286,0.015625,3.7695312,0.76953125,0.93359375
0.0390625,0.1484375,0.20703125,0.88779444,0.007119517,0.4835955,0.04437859,-0.00050063746,3.6145844,191.72266,0.10239979,0.19146098,191.72266,287,FC128,versus,2,4287,0.015625,3.6875,0.77734375,0.953125
0.04296875,0.16796875,0.2421875,0.8559091,0.0071140556,0.4677735,0.03860449,-0.008563104,3.1668572,191.84766,0.106513165,0.19212809,191.84766,288,FC128,versus,2,4288,0.0078125,3.5429688,0.76171875,0.9296875
0.02734375,0.19140625,0.23046875,0.87957436,0.007108594,0.48382294,0.044462904,-0.0007968309,3.5108466,192.75781,0.10302455,0.1927952,192.75781,289,FC128,versus,2,4289,0.01171875,3.796875,0.73046875,0.94140625
0.03515625,0.20703125,0.20703125,0.8869337,0.007103132,0.476862,0.042577934,-0.0031385708,3.6624837,192.86719,0.10403302,0.19346231,192.86719,290,FC128,versus,2,4290,0.00390625,3.7382812,0.734375,0.93359375
0.03515625,0.21875,0.19921875,0.88594925,0.0070976703,0.48481858,0.045269918,-0.0019538,3.5924492,192.01172,0.10702378,0.19412942,192.01172,291,FC128,versus,2,4291,0.02734375,3.5273438,0.77734375,0.9140625
0.015625,0.1640625,0.25,0.8679956,0.0070922086,0.4750008,0.03772249,-0.008848562,3.292663,192.32422,0.10545412,0.19479653,192.32422,292,FC128,versus,2,4292,0.00390625,3.6835938,0.7265625,0.9375
0.0234375,0.234375,0.1796875,0.8920911,0.0070867473,0.48819697,0.044496626,-0.00026240337,3.6562433,192.32812,0.10216211,0.19546364,192.32812,293,FC128,versus,2,4293,0.01171875,3.59375,0.76171875,0.9296875
0.015625,0.14453125,0.30859375,0.8572066,0.0070812856,0.46289384,0.0354482,-0.013410433,3.1110234,187.36719,0.10985752,0.19613075,187.36719,294,FC128,versus,2,4294,0.0,3.6484375,0.7578125,0.94140625
0.0390625,0.203125,0.2109375,0.89418745,0.007075824,0.4885673,0.039733224,-0.003184092,3.4558,191.76172,0.09848885,0.19679788,191.76172,295,FC128,versus,2,4295,0.0078125,3.6953125,0.69921875,0.921875
0.015625,0.20703125,0.2421875,0.87341446,0.007070362,0.4765967,0.03638936,-0.010006591,3.4115753,192.49219,0.105142616,0.19746499,192.49219,296,FC128,versus,2,4296,0.01953125,3.59375,0.74609375,0.90234375
0.0234375,0.2265625,0.203125,0.8925438,0.0070649004,0.47162384,0.041827135,-0.004109333,3.6324625,192.17188,0.1044844,0.1981321,192.17188,297,FC128,versus,2,4297,0.01171875,3.5703125,0.7890625,0.9296875
0.02734375,0.1796875,0.203125,0.8866855,0.007059439,0.45976764,0.03879389,-0.006156173,3.4023285,192.04688,0.10241913,0.19879921,192.04688,298,FC128,versus,2,4298,0.015625,3.7109375,0.734375,0.93359375
0.01171875,0.16796875,0.20703125,0.884566,0.0070539773,0.4795581,0.041383285,-0.004223941,3.472857,193.58984,0.10369387,0.19946632,193.58984,299,FC128,versus,2,4299,0.00390625,3.6601562,0.7734375,0.91015625
0.01953125,0.2109375,0.171875,0.8986755,0.0070485156,0.48730946,0.0483895,0.0053366427,3.8266253,195.14453,0.098774366,0.20013343,195.14453,300,FC128,versus,2,4300,0.0234375,3.7265625,0.703125,0.92578125
0.015625,0.203125,0.265625,0.84900075,0.007043054,0.4781869,0.04801852,-3.705116e-05,3.5694745,189.80469,0.108070254,0.20080054,189.80469,301,FC128,versus,2,4301,0.01171875,3.7421875,0.76953125,0.953125
0.0234375,0.21484375,0.19921875,0.8946735,0.007037592,0.4987526,0.046514664,0.0019402162,3.7835076,192.44922,0.10174159,0.20146765,192.44922,302,FC128,versus,2,4302,0.0078125,3.6796875,0.78125,0.9453125
0.03125,0.22265625,0.19140625,0.8637639,0.007032131,0.505859,0.041713748,-0.004095574,3.5858283,193.67188,0.10376684,0.20213476,193.67188,303,FC128,versus,2,4303,0.01171875,3.6445312,0.7421875,0.89453125
0.0234375,0.21875,0.2109375,0.86543506,0.007026669,0.51057166,0.03588886,-0.010014533,3.3425798,192.15234,0.10396904,0.20280187,192.15234,304,FC128,versus,2,4304,0.01953125,3.5625,0.7265625,0.89453125
0.04296875,0.1875,0.1875,0.87130654,0.0070212074,0.50689375,0.04447978,-0.00015006252,3.551777,193.44531,0.10149493,0.20346898,193.44531,305,FC128,versus,2,4305,0.0078125,3.7578125,0.67578125,0.94921875
0.03515625,0.16015625,0.20703125,0.85315245,0.0070157456,0.51548916,0.0418385,-0.002024375,3.65107,192.39062,0.099696755,0.20413609,192.39062,306,FC128,versus,2,4306,0.01171875,3.7851562,0.73046875,0.94140625
0.0390625,0.19921875,0.2109375,0.8867268,0.007010284,0.5189593,0.041390285,-0.002906865,3.4874005,191.26562,0.101026714,0.20480321,191.26562,307,FC128,versus,2,4307,0.01171875,3.625,0.7265625,0.90234375
0.0390625,0.2421875,0.21875,0.8704501,0.0070048226,0.5035187,0.039583705,-0.00564362,3.3509796,192.08984,0.10264935,0.20547032,192.08984,308,FC128,versus,2,4308,0.0234375,3.453125,0.75,0.89453125
0.04296875,0.171875,0.1953125,0.86600524,0.006999361,0.5233678,0.03770514,-0.006054554,3.500899,194.10156,0.09964235,0.20613743,194.10156,309,FC128,versus,2,4309,0.00390625,3.8945312,0.72265625,0.921875
0.01953125,0.15234375,0.2578125,0.8621027,0.006993899,0.4900506,0.038460378,-0.008513614,3.4243293,189.72656,0.106006905,0.20680454,189.72656,310,FC128,versus,2,4310,0.015625,3.6992188,0.78125,0.91796875
0.0390625,0.17578125,0.20703125,0.8699036,0.0069884374,0.49079657,0.04273282,-0.0017363566,3.4892852,190.92969,0.10109689,0.20747165,190.92969,311,FC128,versus,2,4311,0.02734375,3.5820312,0.73046875,0.92578125
0.02734375,0.18359375,0.2421875,0.8806362,0.0069829756,0.5138103,0.04002594,-0.0046646465,3.3805256,188.52734,0.101680085,0.20813876,188.52734,312,FC128,versus,2,4312,0.015625,3.6171875,0.75390625,0.94140625
0.0234375,0.17578125,0.16015625,0.8854322,0.0069775144,0.49297845,0.04702724,0.0033051884,3.6080294,195.5664,0.09980033,0.20880587,195.5664,313,FC128,versus,2,4313,0.01171875,3.5546875,0.765625,0.91796875
0.0234375,0.21875,0.171875,0.91000193,0.0069720526,0.48810738,0.04693113,0.0032308002,3.7701778,191.38281,0.100089826,0.20947298,191.38281,314,FC128,versus,2,4314,0.015625,3.6132812,0.79296875,0.921875
0.015625,0.22265625,0.2109375,0.8781107,0.006966591,0.48713744,0.043811142,-0.0029418825,3.588863,191.5,0.10574093,0.2101401,191.5,315,FC128,versus,2,4315,0.0234375,3.640625,0.78125,0.9296875
0.01171875,0.22265625,0.1875,0.9043095,0.006961129,0.492783,0.03611207,-0.007810897,3.5741558,192.14453,0.100435965,0.2108072,192.14453,316,FC128,versus,2,4316,0.03125,3.6445312,0.765625,0.92578125
0.0234375,0.20703125,0.21484375,0.8880343,0.0069556674,0.508734,0.0439094,-0.0014439836,3.7157354,191.16016,0.10306051,0.21147431,191.16016,317,FC128,versus,2,4317,0.015625,3.7421875,0.73828125,0.94140625
0.00390625,0.18359375,0.234375,0.8708275,0.006950206,0.5000197,0.04458208,-0.0010738135,3.6197052,192.6211,0.10341665,0.21214144,192.6211,318,FC128,versus,2,4318,0.0234375,3.7890625,0.7578125,0.9296875
0.01171875,0.27734375,0.25,0.8681411,0.0069447444,0.49690735,0.0424413,-0.0052896994,3.5961542,191.0,0.10752004,0.21280855,191.0,319,FC128,versus,2,4319,0.01953125,3.578125,0.7734375,0.91015625
0.02734375,0.21875,0.15234375,0.91424984,0.0069392826,0.5186132,0.038396224,-0.005672563,3.6766255,193.28125,0.10082605,0.21347566,193.28125,320,FC128,versus,2,4320,0.00390625,3.5585938,0.76953125,0.9296875
0.01171875,0.1875,0.203125,0.9013476,0.006933821,0.5125598,0.0384235,-0.0074988953,3.5302386,190.5625,0.10434435,0.21414277,190.5625,321,FC128,versus,2,4321,0.0234375,3.578125,0.77734375,0.90234375
0.0078125,0.2109375,0.25,0.8633052,0.006928359,0.5170193,0.033348847,-0.013408494,3.1921344,192.64062,0.10547726,0.21480988,192.64062,322,FC128,versus,2,4322,0.02734375,3.5429688,0.7265625,0.9296875
0.0234375,0.19921875,0.1953125,0.8823632,0.006922898,0.5104941,0.044262715,-0.00096583384,3.6297114,191.55469,0.10267412,0.21547699,191.55469,323,FC128,versus,2,4323,0.0234375,3.6445312,0.76171875,0.90625
0.0546875,0.17578125,0.18359375,0.90870434,0.006917436,0.4894516,0.048963107,0.005280579,3.7358906,194.9375,0.099936865,0.2161441,194.9375,324,FC128,versus,2,4324,0.0078125,3.8164062,0.75390625,0.9375
0.01953125,0.17578125,0.1953125,0.9093668,0.0069119744,0.48721582,0.04492061,0.00027060104,3.658797,190.38281,0.10187105,0.21681121,190.38281,325,FC128,versus,2,4325,0.0234375,3.6523438,0.76953125,0.921875
0.02734375,0.25390625,0.171875,0.9087094,0.0069065127,0.50588286,0.048584543,0.0047394913,3.8483846,192.90234,0.10024212,0.21747832,192.90234,326,FC128,versus,2,4326,0.03125,3.4726562,0.76171875,0.9140625
0.01953125,0.21484375,0.25390625,0.88360626,0.006901051,0.4797107,0.041368634,-0.004993117,3.37321,189.65625,0.10491913,0.21814543,189.65625,327,FC128,versus,2,4327,0.015625,3.71875,0.74609375,0.93359375
0.03515625,0.203125,0.22265625,0.910448,0.0068955896,0.4843548,0.044303898,-0.0016874647,3.5234065,188.99219,0.10453887,0.21881254,188.99219,328,FC128,versus,2,4328,0.01171875,3.6445312,0.7578125,0.92578125
0.03125,0.296875,0.23828125,0.9097478,0.006890128,0.48478198,0.044359267,-0.0029235699,3.6459932,190.48047,0.10710223,0.21947967,190.48047,329,FC128,versus,2,4329,0.015625,3.6484375,0.74609375,0.91796875
0.01171875,0.27734375,0.27734375,0.89375144,0.006884666,0.507169,0.037455127,-0.009459951,3.494897,191.42578,0.106136516,0.22014678,191.42578,330,FC128,versus,2,4330,0.01171875,3.7421875,0.73828125,0.9296875
0.01953125,0.296875,0.234375,0.9145247,0.0068792044,0.500332,0.0398221,-0.0087185325,3.509599,190.90234,0.10966367,0.22081389,190.90234,331,FC128,versus,2,4331,0.015625,3.5273438,0.8125,0.8984375
0.03515625,0.2265625,0.1796875,0.9178589,0.0068737427,0.526781,0.044040732,-0.00025591406,3.7917671,193.60547,0.10121154,0.221481,193.60547,332,FC128,versus,2,4332,0.0078125,3.65625,0.80859375,0.9296875
0.0078125,0.2265625,0.2265625,0.8931248,0.0068682814,0.5113435,0.0406517,-0.0077970084,3.5924017,192.875,0.10916589,0.2221481,192.875,333,FC128,versus,2,4333,0.01953125,3.84375,0.73046875,0.94921875
0.0234375,0.2734375,0.24609375,0.904936,0.0068628197,0.51546186,0.038550843,-0.009168798,3.5756183,188.90625,0.1078601,0.22281522,188.90625,334,FC128,versus,2,4334,0.01171875,3.6757812,0.7890625,0.9453125
0.0234375,0.265625,0.3046875,0.88576734,0.006857358,0.51482856,0.03674833,-0.0138227325,3.3475137,186.80078,0.113290176,0.22348233,186.80078,335,FC128,versus,2,4335,0.00390625,3.3554688,0.7734375,0.890625
0.01171875,0.25,0.234375,0.8732306,0.006851896,0.49471354,0.042892955,-0.00493988,3.4971209,192.36719,0.10763224,0.22414944,192.36719,336,FC128,versus,2,4336,0.01171875,3.6328125,0.75390625,0.9375
0.0390625,0.2734375,0.23046875,0.8948962,0.0068464344,0.48671716,0.046983127,0.0011702446,3.687956,192.45703,0.10387946,0.22481655,192.45703,337,FC128,versus,2,4337,0.00390625,3.7929688,0.75,0.94140625
0.02734375,0.19921875,0.24609375,0.90887594,0.006840973,0.49965215,0.04490973,0.00028177086,3.69722,188.8789,0.10169111,0.22548366,188.8789,338,FC128,versus,2,4338,0.015625,3.671875,0.7734375,0.93359375
0.01171875,0.25390625,0.2578125,0.88440883,0.0068355114,0.46837658,0.046384636,-0.00214012,3.480639,188.32422,0.109140284,0.22615077,188.32422,339,FC128,versus,2,4339,0.015625,3.4335938,0.8359375,0.9375
0.0390625,0.24609375,0.28515625,0.8932331,0.0068300497,0.47382694,0.041749984,-0.0059645935,3.254362,189.89453,0.107630804,0.22681789,189.89453,340,FC128,versus,2,4340,0.01953125,3.5351562,0.7578125,0.90625
0.01953125,0.234375,0.2109375,0.8953764,0.006824588,0.4793018,0.048191834,0.000685107,3.623382,194.99219,0.107234605,0.227485,194.99219,341,FC128,versus,2,4341,0.01953125,3.6757812,0.765625,0.92578125
0.02734375,0.296875,0.265625,0.9006168,0.006819126,0.4895839,0.047121376,-2.0600211e-05,3.6793292,190.10938,0.106566794,0.22815211,190.10938,342,FC128,versus,2,4342,0.01953125,3.640625,0.7578125,0.91796875
0.03125,0.3203125,0.27734375,0.8912024,0.006813665,0.48426193,0.04982285,-0.00019793594,3.663194,188.0039,0.112186275,0.22881922,188.0039,343,FC128,versus,2,4343,0.02734375,3.6757812,0.77734375,0.91796875
0.03515625,0.3125,0.2265625,0.89347756,0.006808203,0.4968062,0.038393874,-0.009344859,3.5370636,190.6289,0.10764342,0.22948633,190.6289,344,FC128,versus,2,4344,0.0390625,3.4765625,0.828125,0.86328125
0.01953125,0.32421875,0.1953125,0.92880374,0.0068027414,0.5219923,0.041351445,-0.0041952077,3.6838608,191.75781,0.103730135,0.23015344,191.75781,345,FC128,versus,2,4345,0.0390625,3.5585938,0.7734375,0.91015625
0.015625,0.2578125,0.26171875,0.903726,0.0067972797,0.5078687,0.03761652,-0.009316137,3.5040057,188.86328,0.10615107,0.23082055,188.86328,346,FC128,versus,2,4346,0.015625,3.609375,0.78515625,0.9140625
0.0234375,0.30859375,0.2578125,0.89227986,0.006791818,0.5223571,0.038015205,-0.010990017,3.5471394,188.91016,0.11013085,0.23148766,188.91016,347,FC128,versus,2,4347,0.0234375,3.4882812,0.76171875,0.88671875
0.01171875,0.3046875,0.20703125,0.9123301,0.0067863567,0.50712186,0.039864816,-0.005618135,3.6375484,188.95312,0.1033487,0.23215477,188.95312,348,FC128,versus,2,4348,0.01953125,3.4414062,0.796875,0.91796875
0.015625,0.3125,0.21484375,0.9128938,0.006780895,0.5001093,0.045887988,-0.0017028054,3.8320708,191.39062,0.10756206,0.23282188,191.39062,349,FC128,versus,2,4349,0.015625,3.5078125,0.7890625,0.92578125
0.01953125,0.26953125,0.25390625,0.8741805,0.006775433,0.48325902,0.03721727,-0.0113684535,3.4092255,190.98828,0.10901735,0.23348899,190.98828,350,FC128,versus,2,4350,0.0234375,3.4570312,0.7890625,0.8828125
0.03125,0.26171875,0.2421875,0.8773007,0.0067699715,0.49113518,0.046004713,-0.00047572856,3.5312715,191.94531,0.10483948,0.23415612,191.94531,351,FC128,versus,2,4351,0.0234375,3.71875,0.73046875,0.93359375
0.015625,0.2578125,0.1875,0.8966326,0.0067645097,0.48307544,0.04036215,-0.0034435762,3.545743,191.86328,0.09974201,0.23482323,191.86328,352,FC128,versus,2,4352,0.0078125,3.7226562,0.74609375,0.94140625
0.015625,0.203125,0.26171875,0.84755486,0.0067590484,0.48477703,0.04651994,-0.0008312317,3.5525396,191.02734,0.10615967,0.23549034,191.02734,353,FC128,versus,2,4353,0.0078125,3.7226562,0.76953125,0.9375
0.03125,0.234375,0.19921875,0.8695375,0.0067535867,0.50003976,0.044967286,9.780328e-05,3.6099277,194.11328,0.101483956,0.23615745,194.11328,354,FC128,versus,2,4354,0.015625,3.7734375,0.7421875,0.90625
0.01171875,0.25,0.23828125,0.87856126,0.006748125,0.48026192,0.04470651,-0.0015976646,3.5781488,190.58203,0.104465626,0.23682456,190.58203,355,FC128,versus,2,4355,0.01953125,3.6484375,0.76171875,0.9375
0.01953125,0.24609375,0.2578125,0.8454687,0.006742663,0.48290646,0.040295858,-0.0056218775,3.4786077,191.07812,0.10323689,0.23749167,191.07812,356,FC128,versus,2,4356,0.01171875,3.8007812,0.703125,0.9296875
0.02734375,0.22265625,0.2578125,0.8472114,0.0067372015,0.49344432,0.038967807,-0.006307805,3.3449042,190.84375,0.10196689,0.23815878,190.84375,357,FC128,versus,2,4357,0.0078125,3.703125,0.7265625,0.9453125
0.04296875,0.1953125,0.234375,0.8504477,0.00673174,0.49260372,0.037450217,-0.00806301,3.4126713,192.08594,0.10247644,0.23882589,192.08594,358,FC128,versus,2,4358,0.0078125,3.7695312,0.73828125,0.9453125
0.0078125,0.2421875,0.25390625,0.851427,0.0067262785,0.46602333,0.041978784,-0.0056946375,3.4570172,191.00781,0.10680071,0.239493,191.00781,359,FC128,versus,2,4359,0.01171875,3.7539062,0.796875,0.9296875
0.015625,0.17578125,0.28515625,0.86574036,0.0067208167,0.47424406,0.039593723,-0.005401213,3.3257256,189.4961,0.101626836,0.24016011,189.4961,360,FC128,versus,2,4360,0.0078125,3.921875,0.67578125,0.94921875
0.03125,0.2109375,0.2109375,0.8768173,0.0067153554,0.48816365,0.043913975,-0.00062995206,3.6650946,191.97656,0.10086413,0.24082722,191.97656,361,FC128,versus,2,4361,0.02734375,3.53125,0.796875,0.91796875
0.0390625,0.25,0.2109375,0.8765575,0.0067098932,0.4786889,0.04813776,0.0038813283,3.6924152,192.6836,0.10027608,0.24149434,192.6836,362,FC128,versus,2,4362,0.01171875,3.6835938,0.734375,0.92578125
0.01171875,0.25,0.2421875,0.8668485,0.006704432,0.4814785,0.04870907,0.0036473717,3.7778363,189.60938,0.10174685,0.24216145,189.60938,363,FC128,versus,2,4363,0.00390625,3.7890625,0.74609375,0.9609375
0.01953125,0.32421875,0.15625,0.9101499,0.00669897,0.49809408,0.044781744,-0.00038666095,3.8381073,192.72266,0.10253095,0.24282856,192.72266,364,FC128,versus,2,4364,0.02734375,3.40625,0.8046875,0.88671875
0.01953125,0.296875,0.2109375,0.88180655,0.0066935085,0.5043191,0.040820442,-0.00522414,3.6222906,191.48438,0.10389392,0.24349567,191.48438,365,FC128,versus,2,4365,0.02734375,3.484375,0.734375,0.91015625
0.02734375,0.3203125,0.203125,0.89094716,0.006688047,0.49592596,0.04567025,-0.0015805723,3.719367,190.5039,0.10641904,0.24416278,190.5039,366,FC128,versus,2,4366,0.0234375,3.53125,0.7734375,0.91015625
0.03125,0.32421875,0.22265625,0.8792715,0.006682585,0.4997201,0.044110756,-0.0058126207,3.6305108,192.65625,0.111598365,0.2448299,192.65625,367,FC128,versus,2,4367,0.015625,3.59375,0.7421875,0.921875
0.015625,0.31640625,0.21875,0.8849834,0.0066771237,0.49295563,0.042411152,-0.004340924,3.6854386,192.19922,0.10532244,0.245497,192.19922,368,FC128,versus,2,4368,0.01953125,3.6757812,0.7421875,0.9453125
0.01953125,0.3359375,0.234375,0.88268524,0.006671662,0.5052643,0.04085221,-0.0065465476,3.5278902,192.8086,0.106575474,0.24616411,192.8086,369,FC128,versus,2,4369,0.01953125,3.8125,0.734375,0.9375
0.00390625,0.296875,0.1640625,0.906023,0.0066662002,0.5219571,0.036369022,-0.009751317,3.6420527,195.16016,0.10432014,0.24683122,195.16016,370,FC128,versus,2,4370,0.0234375,3.6523438,0.72265625,0.921875
0.015625,0.3125,0.16796875,0.90441346,0.006660739,0.5017278,0.043557875,-0.0017180698,3.9011457,193.07031,0.102600016,0.24749833,193.07031,371,FC128,versus,2,4371,0.01953125,3.5898438,0.75,0.91796875
0.015625,0.27734375,0.203125,0.9028064,0.0066552768,0.49212033,0.04348978,-0.0031861416,3.6346514,192.0664,0.105368696,0.24816544,192.0664,372,FC128,versus,2,4372,0.03515625,3.578125,0.80859375,0.90625
0.01171875,0.3203125,0.18359375,0.9007853,0.0066498155,0.47265345,0.042627543,-0.0044423514,3.6986384,194.98438,0.10611991,0.24883257,194.98438,373,FC128,versus,2,4373,0.01953125,3.4765625,0.76953125,0.890625
0.02734375,0.30859375,0.21484375,0.889475,0.0066443537,0.4887284,0.04810293,0.0024188727,3.656931,191.85156,0.10318809,0.24949968,191.85156,374,FC128,versus,2,4374,0.02734375,3.5898438,0.73828125,0.91796875
0.01171875,0.3359375,0.2109375,0.90192544,0.006638892,0.50148195,0.045312583,1.6556729e-05,3.7905817,190.02734,0.10256763,0.25016677,190.02734,375,FC128,versus,2,4375,0.02734375,3.6054688,0.765625,0.91796875
0.015625,0.3359375,0.15625,0.9069083,0.0066334307,0.5085026,0.0491291,0.0055065406,3.8332415,195.25,0.09927694,0.2508339,195.25,376,FC128,versus,2,4376,0.0234375,3.6328125,0.75390625,0.91796875
0.0078125,0.234375,0.28125,0.8596597,0.0066279685,0.50076103,0.036382254,-0.01091413,3.310955,189.1875,0.10598837,0.251501,189.1875,377,FC128,versus,2,4377,0.01953125,3.7148438,0.734375,0.94140625
0.01953125,0.28125,0.22265625,0.87074685,0.0066225072,0.50715697,0.036493845,-0.011053391,3.4222417,192.83594,0.106627524,0.25216812,192.83594,378,FC128,versus,2,4378,0.01953125,3.5859375,0.73828125,0.9375
0.01171875,0.30078125,0.1640625,0.88950366,0.0066170455,0.52847046,0.046500012,8.399221e-05,3.7634442,193.88281,0.10460381,0.25283524,193.88281,379,FC128,versus,2,4379,0.03125,3.6445312,0.7890625,0.91796875
0.00390625,0.30859375,0.2109375,0.88282394,0.0066115838,0.5145508,0.042703766,-0.005059425,3.7076669,189.66406,0.10720011,0.25350234,189.66406,380,FC128,versus,2,4380,0.02734375,3.5429688,0.80078125,0.91015625
0.00390625,0.28515625,0.22265625,0.8546746,0.0066061225,0.52182925,0.044159077,-0.0025863897,3.7909493,193.23047,0.1047831,0.25416946,193.23047,381,FC128,versus,2,4381,0.01953125,3.7890625,0.7109375,0.9375
0.01953125,0.2890625,0.19140625,0.8750609,0.0066006603,0.53084743,0.04291272,-0.0039642286,3.72581,193.01953,0.105305865,0.25483656,193.01953,382,FC128,versus,2,4382,0.015625,3.578125,0.7734375,0.921875
0.0078125,0.38671875,0.19140625,0.9004771,0.006595199,0.50906,0.043768726,-0.0030151382,3.873818,194.07031,0.10544538,0.25550368,194.07031,383,FC128,versus,2,4383,0.04296875,3.421875,0.7890625,0.88671875
0.01953125,0.38671875,0.21875,0.86069125,0.0065897373,0.5003746,0.044688106,-0.0018096225,3.7288713,193.76562,0.104338914,0.25617078,193.76562,384,FC128,versus,2,4384,0.02734375,3.765625,0.72265625,0.90234375
0.01953125,0.38671875,0.2109375,0.8699453,0.0065842755,0.5251153,0.048068658,0.0011132162,3.839704,191.55469,0.105366796,0.2568379,191.55469,385,FC128,versus,2,4385,0.01953125,3.3945312,0.78515625,0.90234375
0.01953125,0.3984375,0.1796875,0.8749935,0.0065788142,0.51728874,0.04103823,-0.006078875,3.7835088,192.14453,0.10574705,0.257505,192.14453,386,FC128,versus,2,4386,0.03125,3.5898438,0.796875,0.90625
0.0078125,0.34375,0.20703125,0.8908676,0.006573352,0.5250057,0.04069689,-0.0042928536,3.7591705,192.32812,0.101691455,0.25817212,192.32812,387,FC128,versus,2,4387,0.01953125,3.6601562,0.71875,0.93359375
0.02734375,0.3203125,0.20703125,0.8911483,0.0065678908,0.52486354,0.03264433,-0.015046502,3.6348836,190.35547,0.1070876,0.25883922,190.35547,388,FC128,versus,2,4388,0.0546875,3.3632812,0.77734375,0.890625
0.01171875,0.34765625,0.1796875,0.8877819,0.006562429,0.5540394,0.040105633,-0.0060145827,3.9129436,192.66797,0.10389244,0.25950634,192.66797,389,FC128,versus,2,4389,0.02734375,3.6132812,0.72265625,0.88671875
0.03515625,0.35546875,0.1796875,0.8950464,0.0065569673,0.54247105,0.035197552,-0.010796903,3.6137729,194.04688,0.10372649,0.26017347,194.04688,390,FC128,versus,2,4390,0.0390625,3.5195312,0.75,0.87109375
0.00390625,0.38671875,0.20703125,0.8755929,0.006551506,0.52164924,0.041769426,-0.0064728633,3.7660027,191.54297,0.10795748,0.26084056,191.54297,391,FC128,versus,2,4391,0.0390625,3.53125,0.796875,0.921875
0.01953125,0.36328125,0.19140625,0.8928758,0.006546044,0.5314118,0.0418647,-0.0045879493,3.7192268,193.53516,0.10459491,0.2615077,193.53516,392,FC128,versus,2,4392,0.02734375,3.6601562,0.75,0.94140625
0.015625,0.375,0.15625,0.90259796,0.0065405825,0.52488375,0.044667643,-0.0018027672,3.914207,192.64844,0.104747854,0.2621748,192.64844,393,FC128,versus,2,4393,0.01953125,3.4296875,0.796875,0.91015625
0.01171875,0.36328125,0.234375,0.8851489,0.006535121,0.551293,0.042779118,-0.0036694407,3.7191753,190.13281,0.10446623,0.2628419,190.13281,394,FC128,versus,2,4394,0.015625,3.578125,0.74609375,0.92578125
0.015625,0.328125,0.1875,0.8985751,0.006529659,0.53535193,0.0408288,-0.0052996846,3.7644892,191.39453,0.10399175,0.263509,191.39453,395,FC128,versus,2,4395,0.01953125,3.5742188,0.71875,0.9296875
0.015625,0.35546875,0.2421875,0.8722401,0.0065241978,0.5365424,0.036521997,-0.012302602,3.670473,190.6875,0.10903053,0.26417613,190.6875,396,FC128,versus,2,4396,0.0234375,3.5507812,0.80078125,0.89453125
0.0,0.328125,0.2265625,0.8837419,0.0065187356,0.5238088,0.031617966,-0.014204952,3.3257184,192.77734,0.10316759,0.26484323,192.77734,397,FC128,versus,2,4397,0.0234375,3.5078125,0.69921875,0.91015625
0.01171875,0.40234375,0.21875,0.8638307,0.0065132743,0.5047338,0.046265453,-0.00021268985,3.747215,192.54297,0.10420901,0.26551035,192.54297,398,FC128,versus,2,4398,0.02734375,3.6289062,0.70703125,0.91796875
0.01953125,0.390625,0.25,0.8841696,0.0065078125,0.5030279,0.04851369,2.8113416e-05,3.7803705,191.14844,0.108479165,0.26617745,191.14844,399,FC128,versus,2,4399,0.03125,3.4960938,0.77734375,0.92578125
0.0078125,0.4140625,0.2109375,0.89267135,0.006502351,0.49302834,0.045577325,-0.001797071,3.780921,191.3125,0.10635772,0.26684457,191.3125,400,FC128,versus,2,4400,0.015625,3.375,0.8125,0.92578125
0.01171875,0.38671875,0.1953125,0.9029501,0.0064968895,0.50952846,0.04606018,0.0007051804,3.836562,193.60156,0.102442734,0.2675117,193.60156,401,FC128,versus,2,4401,0.03125,3.4648438,0.75390625,0.91015625
0.00390625,0.40625,0.2265625,0.8953201,0.0064914273,0.51680976,0.040451102,-0.0077774613,3.6068206,191.6211,0.10808093,0.2681788,191.6211,402,FC128,versus,2,4402,0.0390625,3.4257812,0.7890625,0.90625
0.01953125,0.453125,0.203125,0.9007689,0.006485966,0.5483347,0.04504629,-0.0010161398,3.9093084,192.90625,0.10380957,0.26884592,192.90625,403,FC128,versus,2,4403,0.04296875,3.4453125,0.7734375,0.86328125
0.0078125,0.359375,0.1953125,0.9125949,0.0064805043,0.5561986,0.03755319,-0.008398564,3.6377764,190.03516,0.10373166,0.269513,190.03516,404,FC128,versus,2,4404,0.03125,3.4609375,0.8125,0.88671875
0.01171875,0.4140625,0.19140625,0.89679366,0.0064750426,0.54756594,0.04153308,-0.0059540626,3.755677,192.35938,0.10658784,0.27018014,192.35938,405,FC128,versus,2,4405,0.03515625,3.421875,0.76953125,0.890625
0.00390625,0.359375,0.19921875,0.8966281,0.0064695813,0.5429777,0.04498785,-0.0026453652,3.67456,195.14844,0.10686805,0.27084723,195.14844,406,FC128,versus,2,4406,0.015625,3.5234375,0.79296875,0.91015625
0.015625,0.46484375,0.16015625,0.9104627,0.006464119,0.5480512,0.043884538,-0.0024220455,3.9607613,193.57812,0.10438385,0.27151436,193.57812,407,FC128,versus,2,4407,0.04296875,3.4492188,0.7578125,0.89453125
0.01171875,0.37890625,0.23828125,0.89730287,0.006458658,0.52672863,0.045323927,-0.0036706647,3.6506429,190.5586,0.10957993,0.27218145,190.5586,408,FC128,versus,2,4408,0.02734375,3.46875,0.80859375,0.91796875
0.0078125,0.4140625,0.171875,0.91317075,0.006453196,0.5345522,0.05057573,0.0050257617,3.9477825,192.72656,0.10288567,0.27284858,192.72656,409,FC128,versus,2,4409,0.03515625,3.6015625,0.76171875,0.890625
0.01171875,0.34375,0.2421875,0.901272,0.0064477343,0.517429,0.044249255,-0.003899516,3.5332308,191.33984,0.107919864,0.27351567,191.33984,410,FC128,versus,2,4410,0.0234375,3.59375,0.71484375,0.92578125
0.0,0.3828125,0.234375,0.89368445,0.006442273,0.5052302,0.044362064,-0.0040581543,3.6093364,189.57031,0.10835516,0.2741828,189.57031,411,FC128,versus,2,4411,0.03515625,3.5585938,0.796875,0.90625
0.01171875,0.4140625,0.2421875,0.9048826,0.006436811,0.5287961,0.04572048,-0.0025427632,3.5868344,192.1914,0.108175606,0.27484992,192.1914,412,FC128,versus,2,4412,0.03125,3.3984375,0.78125,0.87890625
0.0234375,0.44921875,0.19140625,0.9247609,0.0064313496,0.5040804,0.04482196,-0.00221882,3.6817696,191.36328,0.10597648,0.27551702,191.36328,413,FC128,versus,2,4413,0.05078125,3.296875,0.8046875,0.87890625
0.0234375,0.515625,0.1875,0.9176279,0.006425888,0.52422786,0.04563877,-0.001849821,3.963254,192.10156,0.10677034,0.27618414,192.10156,414,FC128,versus,2,4414,0.05078125,3.3164062,0.77734375,0.84765625
0.00390625,0.36328125,0.2109375,0.9109168,0.006420426,0.5019262,0.03886734,-0.009327967,3.5087628,191.25,0.10808756,0.27685124,191.25,415,FC128,versus,2,4415,0.03125,3.3359375,0.8046875,0.90234375
0.0078125,0.34765625,0.21875,0.9087598,0.006414965,0.51664656,0.042019863,-0.0048879334,3.6669405,192.28906,0.10547492,0.27751836,192.28906,416,FC128,versus,2,4416,0.0234375,3.5742188,0.78515625,0.93359375
0.0078125,0.421875,0.22265625,0.91935205,0.0064095026,0.5193709,0.040878113,-0.0058472147,3.7406306,190.22266,0.10523584,0.27818546,190.22266,417,FC128,versus,2,4417,0.03125,3.46875,0.75390625,0.87890625
0.01171875,0.3515625,0.234375,0.8997194,0.0064040413,0.5210921,0.034797322,-0.011577982,3.562453,190.03906,0.10427429,0.27885258,190.03906,418,FC128,versus,2,4418,0.0078125,3.3789062,0.75,0.89453125
0.03125,0.46875,0.20703125,0.92286944,0.0063985796,0.516316,0.040261775,-0.008533289,3.811861,194.19922,0.109400235,0.27951968,194.19922,419,FC128,versus,2,4419,0.0234375,3.3984375,0.80078125,0.88671875
0.015625,0.48046875,0.234375,0.91711926,0.006393118,0.5258035,0.044574972,-0.0027149804,3.868288,190.3125,0.10630641,0.2801868,190.3125,420,FC128,versus,2,4420,0.03125,3.4335938,0.76953125,0.9140625
0.01953125,0.4296875,0.23046875,0.91720414,0.0063876566,0.510941,0.047615033,-0.0023636408,3.8230963,189.82422,0.11167492,0.2808539,189.82422,421,FC128,versus,2,4421,0.015625,3.6054688,0.7890625,0.90625
0.0078125,0.4453125,0.1875,0.9260929,0.0063821943,0.50490177,0.03832832,-0.007999144,3.5644612,193.91016,0.10447594,0.28152102,193.91016,422,FC128,versus,2,4422,0.03515625,3.3632812,0.7734375,0.90234375
0.0078125,0.41796875,0.23046875,0.8936015,0.006376733,0.5110827,0.042097762,-0.0076418607,3.6398518,188.57812,0.110875756,0.28218815,188.57812,423,FC128,versus,2,4423,0.03515625,3.4179688,0.84375,0.90234375
0.01171875,0.39453125,0.2109375,0.89572585,0.0063712713,0.5119154,0.03742025,-0.009103929,3.534344,194.375,0.104462184,0.28285524,194.375,424,FC128,versus,2,4424,0.04296875,3.3867188,0.7109375,0.87890625
0.01171875,0.421875,0.2421875,0.88604885,0.0063658096,0.50216556,0.040946387,-0.008743396,3.4585114,190.6875,0.1106604,0.28352237,190.6875,425,FC128,versus,2,4425,0.03515625,3.4804688,0.75390625,0.87890625
0.00390625,0.42578125,0.18359375,0.9034688,0.0063603483,0.50617933,0.051308773,0.002821281,4.0101814,192.6836,0.108467735,0.28418946,192.6836,426,FC128,versus,2,4426,0.0234375,3.5664062,0.79296875,0.93359375
0.0078125,0.40234375,0.1953125,0.9005207,0.006354886,0.5049902,0.042218395,-0.004162191,3.716176,193.60938,0.104206584,0.2848566,193.60938,427,FC128,versus,2,4427,0.01171875,3.3867188,0.7890625,0.89453125
0.01171875,0.4296875,0.18359375,0.9091014,0.006349425,0.5385835,0.043247897,-0.0019337483,3.8133354,193.21484,0.101907834,0.28552368,193.21484,428,FC128,versus,2,4428,0.05078125,3.3710938,0.78515625,0.859375
0.0078125,0.453125,0.2265625,0.8888947,0.006343963,0.5264431,0.044255905,-0.004852642,3.7586553,193.36719,0.10949532,0.2861908,193.36719,429,FC128,versus,2,4429,0.02734375,3.4257812,0.78125,0.875
0.00390625,0.453125,0.25,0.8696383,0.0063385013,0.5362847,0.03830387,-0.011326608,3.6193695,193.96094,0.110285364,0.2868579,193.96094,430,FC128,versus,2,4430,0.04296875,3.5351562,0.78125,0.89453125
0.01171875,0.40234375,0.23828125,0.8886502,0.00633304,0.5282322,0.04042123,-0.010863683,3.772442,190.14844,0.11382554,0.28752503,190.14844,431,FC128,versus,2,4431,0.01953125,3.4726562,0.80859375,0.90625
0.01171875,0.40625,0.23046875,0.8800707,0.006327578,0.55102575,0.036603156,-0.011039233,3.5554085,192.07812,0.10642221,0.28819212,192.07812,432,FC128,versus,2,4432,0.0234375,3.453125,0.76171875,0.89453125
0.015625,0.33203125,0.23828125,0.8805982,0.0063221166,0.53923225,0.0408912,-0.0055957157,3.6896224,189.46484,0.104108326,0.28885925,189.46484,433,FC128,versus,2,4433,0.0234375,3.6289062,0.77734375,0.93359375
0.0078125,0.4453125,0.2265625,0.86753005,0.006316655,0.5352522,0.042298786,-0.005125206,3.7276862,191.78516,0.10580776,0.28952634,191.78516,434,FC128,versus,2,4434,0.04296875,3.4609375,0.77734375,0.90625
0.01171875,0.4140625,0.25,0.87680554,0.006311193,0.5203143,0.03769516,-0.01057504,3.4454048,191.78906,0.107607774,0.29019347,191.78906,435,FC128,versus,2,4435,0.0390625,3.4570312,0.7578125,0.875
0.0078125,0.4921875,0.23046875,0.89074785,0.006305732,0.50219166,0.041926987,-0.00768517,3.626645,190.0039,0.11045795,0.2908606,190.0039,436,FC128,versus,2,4436,0.0625,3.2226562,0.8203125,0.85546875
0.0078125,0.44140625,0.19921875,0.9068462,0.0063002696,0.51432955,0.04770883,1.0693785e-05,3.7826958,192.5039,0.10682303,0.2915277,192.5039,437,FC128,versus,2,4437,0.03125,3.3554688,0.80078125,0.88671875
0.01171875,0.5,0.19921875,0.9090275,0.0062948084,0.5125609,0.046686757,-0.0018552345,3.833055,191.77734,0.10852829,0.2921948,191.77734,438,FC128,versus,2,4438,0.0390625,3.3867188,0.83984375,0.87109375
0.00390625,0.42578125,0.1953125,0.9023513,0.0062893466,0.52357185,0.043745637,-0.003484865,3.7262154,191.73828,0.1058114,0.2928619,191.73828,439,FC128,versus,2,4439,0.0234375,3.5273438,0.77734375,0.92578125
0.01171875,0.4609375,0.2109375,0.89624107,0.006283885,0.5348102,0.04473594,-0.004247596,3.6798613,192.09766,0.10923082,0.29352903,192.09766,440,FC128,versus,2,4440,0.03515625,3.46875,0.7734375,0.90625
0.00390625,0.46875,0.19921875,0.88774085,0.0062784236,0.5429796,0.04451257,-0.0036297701,3.758432,193.36328,0.1074319,0.29419613,193.36328,441,FC128,versus,2,4441,0.02734375,3.40625,0.765625,0.8828125
0.0078125,0.41015625,0.20703125,0.87644535,0.0062729614,0.5357177,0.04519734,-0.0038829884,3.7596025,191.79297,0.109156474,0.29486325,191.79297,442,FC128,versus,2,4442,0.05078125,3.453125,0.7734375,0.86328125
0.015625,0.453125,0.2265625,0.8787481,0.0062675,0.5428879,0.046889182,-0.002211418,3.771756,190.57812,0.10921631,0.29553035,190.57812,443,FC128,versus,2,4443,0.0234375,3.5234375,0.76171875,0.89453125
0.01953125,0.4375,0.20703125,0.8770825,0.0062620384,0.53518206,0.04365524,-0.0046379147,3.7828767,189.90234,0.10757096,0.29619747,189.90234,444,FC128,versus,2,4444,0.03125,3.4609375,0.7734375,0.921875
0.02734375,0.4921875,0.17578125,0.87500095,0.0062565766,0.54592645,0.04665402,-0.0018168354,3.9195368,192.73047,0.10789073,0.29686457,192.73047,445,FC128,versus,2,4445,0.03515625,3.4921875,0.77734375,0.87890625
0.01171875,0.53515625,0.21484375,0.87233895,0.0062511154,0.5229339,0.04802857,-0.0020339,3.9163144,190.17578,0.11103112,0.2975317,190.17578,446,FC128,versus,2,4446,0.04296875,3.40625,0.8203125,0.8359375
0.0,0.4296875,0.20703125,0.8653792,0.006245653,0.5319904,0.04911869,0.00078207545,3.8853023,190.9336,0.10748295,0.29819882,190.9336,447,FC128,versus,2,4447,0.0234375,3.421875,0.828125,0.91015625
0.0078125,0.421875,0.2109375,0.86968285,0.006240192,0.55163,0.036910083,-0.011511796,3.7108908,191.52734,0.10769773,0.2988659,191.52734,448,FC128,versus,2,4448,0.05078125,3.4179688,0.75,0.87109375
0.00390625,0.53515625,0.15625,0.87802434,0.00623473,0.54020983,0.048835434,0.0020321168,4.1587505,194.04297,0.10455512,0.29953304,194.04297,449,FC128,versus,2,4449,0.0390625,3.3515625,0.7890625,0.859375
0.01171875,0.46484375,0.19140625,0.86305875,0.0062292684,0.55608547,0.040470768,-0.006854376,4.0941243,192.77734,0.10540273,0.30020013,192.77734,450,FC128,versus,2,4450,0.0390625,3.578125,0.80078125,0.88671875
0.01953125,0.45703125,0.1796875,0.8626594,0.006223807,0.55009544,0.04641012,-0.0009196901,4.0970726,193.69922,0.10539767,0.30086726,193.69922,451,FC128,versus,2,4451,0.01953125,3.6210938,0.75390625,0.91015625
0.015625,0.42578125,0.17578125,0.8721077,0.006218345,0.55223745,0.044751707,-0.0011193242,3.9290595,193.66406,0.10258819,0.30153435,193.66406,452,FC128,versus,2,4452,0.0390625,3.5234375,0.76953125,0.8984375
0.01171875,0.3125,0.1875,0.8788638,0.0062128836,0.55520165,0.03802293,-0.009067565,3.7850897,192.29297,0.10510155,0.30220148,192.29297,453,FC128,versus,2,4453,0.01171875,3.4179688,0.765625,0.92578125
0.01171875,0.44140625,0.1796875,0.86596733,0.006207422,0.5288178,0.043406174,-0.003156701,4.001973,191.47266,0.1038766,0.30286857,191.47266,454,FC128,versus,2,4454,0.03125,3.5390625,0.74609375,0.90234375
0.0234375,0.51953125,0.1875,0.8643575,0.00620196,0.52753544,0.04556907,-0.0014738109,4.009002,191.0625,0.10480718,0.3035357,191.0625,455,FC128,versus,2,4455,0.05078125,3.5234375,0.76171875,0.88671875
0.01171875,0.421875,0.16796875,0.87424207,0.006196499,0.53553736,0.03948556,-0.0051928833,3.8266292,192.92969,0.10019136,0.3042028,192.92969,456,FC128,versus,2,4456,0.0234375,3.4804688,0.74609375,0.87890625
0.0078125,0.41015625,0.234375,0.8735458,0.0061910367,0.5059016,0.044540722,-0.0038332823,3.7623603,189.80078,0.107564315,0.30486992,189.80078,457,FC128,versus,2,4457,0.01953125,3.6210938,0.76953125,0.921875
0.01953125,0.4609375,0.2109375,0.86113256,0.0061855754,0.5121039,0.045964193,-0.00051034556,3.6982331,192.1211,0.103602275,0.30553705,192.1211,458,FC128,versus,2,4458,0.02734375,3.578125,0.70703125,0.90234375
0.01171875,0.41015625,0.15234375,0.87263113,0.0061801136,0.5261971,0.04022886,-0.004996895,3.7437177,193.35547,0.10123743,0.30620414,193.35547,459,FC128,versus,2,4459,0.03515625,3.2578125,0.7890625,0.8671875
0.01171875,0.421875,0.21484375,0.84410757,0.006174652,0.5178675,0.043319136,-0.0041408082,3.7659905,190.86328,0.10534403,0.30687127,190.86328,460,FC128,versus,2,4460,0.03125,3.4609375,0.76171875,0.91015625
0.0078125,0.46484375,0.19921875,0.85453457,0.0061691906,0.5180875,0.04571382,-0.0035053813,3.7540264,191.69531,0.108981974,0.30753836,191.69531,461,FC128,versus,2,4461,0.03125,3.3398438,0.78125,0.87109375
0.0234375,0.4140625,0.18359375,0.870014,0.0061637284,0.51868683,0.047696434,0.0013047507,3.9741426,193.38672,0.10350843,0.3082055,193.38672,462,FC128,versus,2,4462,0.05078125,3.4960938,0.7578125,0.87109375
0.00390625,0.45703125,0.16796875,0.86666584,0.006158267,0.5330285,0.04668067,-0.00064467516,4.02215,193.57422,0.10532501,0.30887258,193.57422,463,FC128,versus,2,4463,0.0390625,3.6015625,0.7265625,0.8984375
0.01171875,0.46875,0.1953125,0.8668922,0.0061528054,0.5460594,0.040141,-0.007632784,3.7426593,190.83594,0.10621521,0.3095397,190.83594,464,FC128,versus,2,4464,0.015625,3.4492188,0.78125,0.8984375
0.0,0.4765625,0.21875,0.8587411,0.0061473437,0.517711,0.04424718,-0.0071796915,3.8702898,190.73438,0.1134117,0.3102068,190.73438,465,FC128,versus,2,4465,0.02734375,3.4804688,0.81640625,0.8828125
0.00390625,0.546875,0.21484375,0.8725191,0.0061418824,0.53971136,0.04307014,-0.0063646594,3.8554013,192.20703,0.109587416,0.31087393,192.20703,466,FC128,versus,2,4466,0.0390625,3.5625,0.7734375,0.890625
0.0078125,0.546875,0.171875,0.9031229,0.00613642,0.5242307,0.04472774,-0.0058267894,3.8740716,191.29688,0.11219294,0.31154102,191.29688,467,FC128,versus,2,4467,0.0546875,3.171875,0.84765625,0.84765625
0.00390625,0.50390625,0.19140625,0.8890294,0.006130959,0.5260948,0.048638318,0.00017007832,3.9036763,189.2461,0.107837684,0.31220815,189.2461,468,FC128,versus,2,4468,0.0390625,3.2734375,0.81640625,0.875
0.0078125,0.515625,0.21484375,0.8800915,0.006125497,0.52360964,0.04656142,-0.0024441883,3.8201962,192.8086,0.108793214,0.31287527,192.8086,469,FC128,versus,2,4469,0.0390625,3.328125,0.78515625,0.8671875
0.0078125,0.4609375,0.2109375,0.87509316,0.0061200354,0.5194553,0.043856755,-0.004896985,3.8018267,193.64453,0.10821868,0.31354237,193.64453,470,FC128,versus,2,4470,0.04296875,3.5585938,0.80078125,0.89453125
0.01171875,0.47265625,0.1953125,0.88481754,0.006114574,0.49803704,0.044254415,-0.00588454,3.6047587,191.25781,0.111098476,0.3142095,191.25781,471,FC128,versus,2,4471,0.0234375,3.4414062,0.80078125,0.87109375
0.0,0.4921875,0.20703125,0.8749003,0.006109112,0.500332,0.0420593,-0.010420414,3.7074738,191.51562,0.115649156,0.3148766,191.51562,472,FC128,versus,2,4472,0.04296875,3.1640625,0.828125,0.8515625
0.00390625,0.54296875,0.1953125,0.9016432,0.0061036507,0.53397703,0.05409653,0.005551135,4.131729,190.08203,0.10809743,0.3155437,190.08203,473,FC128,versus,2,4473,0.0390625,3.3710938,0.83203125,0.87890625
0.0078125,0.48046875,0.22265625,0.8771158,0.006098189,0.51274765,0.04592251,-0.004152286,3.7698383,190.21094,0.11084723,0.3162108,190.21094,474,FC128,versus,2,4474,0.0234375,3.4023438,0.78125,0.90625
0.00390625,0.62890625,0.1953125,0.89177585,0.006092727,0.53607464,0.04273124,-0.0070159053,3.9488082,191.82422,0.11036099,0.31687793,191.82422,475,FC128,versus,2,4475,0.05078125,3.3632812,0.79296875,0.87890625
0.0,0.53515625,0.22265625,0.87919706,0.006087266,0.5200285,0.040519692,-0.009848357,3.5512826,189.11719,0.111439906,0.31754503,189.11719,476,FC128,versus,2,4476,0.03125,3.265625,0.76171875,0.85546875
0.0,0.50390625,0.234375,0.8817086,0.0060818037,0.53335965,0.0401672,-0.010180415,3.7340388,190.15234,0.11141999,0.31821215,190.15234,477,FC128,versus,2,4477,0.03125,3.3945312,0.796875,0.91015625
0.01171875,0.47265625,0.19140625,0.88048774,0.0060763424,0.56441367,0.034176316,-0.013827471,3.8262873,194.0586,0.10670786,0.31887925,194.0586,478,FC128,versus,2,4478,0.03515625,3.3398438,0.7890625,0.87109375
0.00390625,0.5078125,0.234375,0.85334176,0.0060708807,0.5267602,0.0407362,-0.012437275,3.6487007,191.625,0.11670802,0.31954637,191.625,479,FC128,versus,2,4479,0.046875,3.3203125,0.7890625,0.8671875
0.00390625,0.5078125,0.16796875,0.89763165,0.006065419,0.5554122,0.04167828,-0.0064580087,3.856966,194.65234,0.1071616,0.3202135,194.65234,480,FC128,versus,2,4480,0.0390625,3.2851562,0.76171875,0.85546875
0.0234375,0.53515625,0.203125,0.8958291,0.0060599577,0.55416346,0.052281555,0.0046787513,4.0531917,189.03906,0.10606298,0.3208806,189.03906,481,FC128,versus,2,4481,0.04296875,3.4296875,0.8046875,0.90625
0.0,0.5390625,0.1796875,0.890837,0.0060544955,0.54509985,0.047377743,0.0003648847,3.944549,193.92578,0.10481285,0.32154772,193.92578,482,FC128,versus,2,4482,0.0390625,3.4804688,0.7734375,0.8828125
0.0,0.4765625,0.20703125,0.87823516,0.006049034,0.53028953,0.046652958,-0.0027474682,3.7901862,190.88672,0.109425806,0.3222148,190.88672,483,FC128,versus,2,4483,0.04296875,3.296875,0.79296875,0.90234375
0.00390625,0.58984375,0.19140625,0.8719832,0.0060435724,0.5432608,0.052277096,0.0023902128,4.127292,193.39062,0.11031355,0.32288194,193.39062,484,FC128,versus,2,4484,0.05859375,3.4335938,0.77734375,0.8828125
0.01171875,0.484375,0.21875,0.88134605,0.0060381107,0.5153502,0.041516654,-0.0075933537,3.6858711,187.6914,0.10886335,0.32354903,187.6914,485,FC128,versus,2,4485,0.0390625,3.4375,0.76171875,0.88671875
0.00390625,0.54296875,0.1640625,0.88516444,0.0060326494,0.5676545,0.03801174,-0.008898469,3.9575849,193.78516,0.10450019,0.32421616,193.78516,486,FC128,versus,2,4486,0.03515625,3.3476562,0.76953125,0.86328125
0.0,0.6171875,0.1953125,0.88744104,0.006027187,0.5330171,0.04710661,-0.0026688648,3.9210458,193.21875,0.11024849,0.32488325,193.21875,487,FC128,versus,2,4487,0.046875,3.4570312,0.7734375,0.8828125
0.01171875,0.640625,0.1875,0.880379,0.006021726,0.55553555,0.04174782,-0.007565673,4.0816817,192.90234,0.10922979,0.32555038,192.90234,488,FC128,versus,2,4488,0.0546875,3.25,0.8203125,0.87109375
0.0078125,0.66015625,0.19140625,0.8835407,0.006016264,0.5581573,0.037270185,-0.013249355,4.001498,191.85156,0.11167031,0.32621747,191.85156,489,FC128,versus,2,4489,0.0703125,3.1367188,0.80078125,0.8359375
0.0,0.55859375,0.20703125,0.87264955,0.0060108025,0.5484812,0.040289924,-0.010518886,3.7752388,190.44531,0.11210827,0.3268846,190.44531,490,FC128,versus,2,4490,0.05078125,3.2617188,0.76953125,0.84765625
0.0078125,0.58203125,0.20703125,0.857077,0.006005341,0.54235345,0.044365022,-0.005634383,3.9937558,190.20703,0.11029289,0.32755172,190.20703,491,FC128,versus,2,4491,0.046875,3.3515625,0.77734375,0.8515625
0.00390625,0.51953125,0.234375,0.84161216,0.005999879,0.53513217,0.03993849,-0.011581894,3.5934052,191.01172,0.11313991,0.32821882,191.01172,492,FC128,versus,2,4492,0.0390625,3.3671875,0.7421875,0.8671875
0.01171875,0.61328125,0.19140625,0.84788316,0.0059944177,0.52517164,0.04277998,-0.008703979,3.7474287,192.67578,0.11313305,0.32888594,192.67578,493,FC128,versus,2,4493,0.0546875,3.3554688,0.76171875,0.828125
0.01171875,0.55078125,0.19140625,0.8367066,0.005988956,0.5270842,0.04996284,0.00033741424,3.9736373,192.8711,0.10927285,0.32955304,192.8711,494,FC128,versus,2,4494,0.05078125,3.3945312,0.78125,0.87890625
0.0,0.49609375,0.234375,0.82349545,0.005983494,0.51913166,0.046161428,-0.0044088857,3.6290545,190.35938,0.11099539,0.33022016,190.35938,495,FC128,versus,2,4495,0.0390625,3.2851562,0.7578125,0.87109375
0.00390625,0.54296875,0.20703125,0.85104024,0.005978033,0.5218805,0.048490282,6.140538e-05,3.9555511,191.42578,0.10703285,0.33088726,191.42578,496,FC128,versus,2,4496,0.04296875,3.4570312,0.734375,0.8984375
0.0078125,0.62890625,0.1875,0.8418884,0.0059725707,0.5314313,0.0458736,-0.0024218056,3.948248,192.97266,0.10664728,0.33155438,192.97266,497,FC128,versus,2,4497,0.0703125,3.2734375,0.75390625,0.8359375
0.00390625,0.61328125,0.19921875,0.81513333,0.0059671095,0.5155531,0.048715096,-0.0019213258,3.9400225,192.39844,0.11100082,0.33222148,192.39844,498,FC128,versus,2,4498,0.0625,3.3867188,0.80078125,0.8828125
0.0,0.56640625,0.2265625,0.84148866,0.0059616477,0.5502068,0.040672146,-0.009821869,3.9034138,189.82812,0.11102135,0.3328886,189.82812,499,FC128,versus,2,4499,0.04296875,3.1679688,0.828125,0.85546875
0.00390625,0.65625,0.234375,0.8334693,0.005956186,0.5577765,0.043193657,-0.006688657,3.8189852,188.5039,0.10969323,0.3335557,188.5039,500,FC128,versus,2,4500,0.04296875,3.3046875,0.76171875,0.8515625
0.00390625,0.57421875,0.21875,0.82100725,0.0059507247,0.5601567,0.038775414,-0.010921861,3.9050741,191.80078,0.10916573,0.33422282,191.80078,501,FC128,versus,2,4501,0.03515625,3.4414062,0.8125,0.89453125
0.0,0.625,0.171875,0.8275918,0.0059452625,0.5690035,0.03909162,-0.012177006,4.025962,193.10938,0.112377755,0.33488995,193.10938,502,FC128,versus,2,4502,0.046875,3.390625,0.8046875,0.8828125
0.0,0.66796875,0.21875,0.81713414,0.005939801,0.56041956,0.045156647,-0.0071843676,4.0083013,191.49219,0.114389256,0.33555704,191.49219,503,FC128,versus,2,4503,0.0625,3.3242188,0.78515625,0.875
0.00390625,0.53125,0.16796875,0.83438194,0.0059343395,0.578214,0.045344383,-0.0046227104,3.9652815,192.67969,0.1098372,0.33622417,192.67969,504,FC128,versus,2,4504,0.06640625,3.3515625,0.80859375,0.85546875
0.0,0.5859375,0.21875,0.8102686,0.0059288777,0.5605348,0.049588963,-0.0015867185,3.9661834,190.64844,0.11195934,0.33689126,190.64844,505,FC128,versus,2,4505,0.0546875,3.3320312,0.7734375,0.86328125
0.00390625,0.65234375,0.17578125,0.8391611,0.0059234165,0.55509543,0.048163462,-0.0033593022,4.143182,190.73828,0.11298693,0.3375584,190.73828,506,FC128,versus,2,4506,0.05859375,3.140625,0.83984375,0.85546875
0.00390625,0.55078125,0.265625,0.7977598,0.0059179543,0.51051277,0.0448656,-0.009561481,3.590119,189.07031,0.11829638,0.33822548,189.07031,507,FC128,versus,2,4507,0.03515625,3.21875,0.79296875,0.859375
0.00390625,0.62890625,0.2109375,0.8243476,0.005912493,0.5346323,0.04919588,-0.003960117,3.9571223,191.33984,0.11605989,0.3388926,191.33984,508,FC128,versus,2,4508,0.08984375,3.1171875,0.8125,0.84765625
0.0,0.578125,0.16796875,0.8291696,0.0059070312,0.55300057,0.050667625,0.0010740831,4.0063605,195.39844,0.10898294,0.3395597,195.39844,509,FC128,versus,2,4509,0.04296875,3.3359375,0.8046875,0.859375
0.0,0.640625,0.2109375,0.808213,0.0059015695,0.52632296,0.050714552,-0.0015531804,3.7956307,193.96875,0.114074916,0.34022683,193.96875,510,FC128,versus,2,4510,0.04296875,3.3398438,0.76171875,0.8671875
0.00390625,0.5859375,0.22265625,0.8201176,0.005896108,0.5420358,0.047068395,-0.005257192,3.8412166,187.97266,0.11432218,0.34089392,187.97266,511,FC128,versus,2,4511,0.04296875,3.1523438,0.78515625,0.88671875
0.0,0.66796875,0.17578125,0.83503276,0.005890646,0.5583044,0.051619574,-0.00044819378,4.241546,192.80469,0.113973305,0.34156105,192.80469,512,FC128,versus,2,4512,0.046875,3.4375,0.80078125,0.875
0.0,0.65625,0.19140625,0.8339928,0.0058851847,0.5667031,0.042363852,-0.011660107,3.9340377,191.03906,0.11786432,0.34222817,191.03906,513,FC128,versus,2,4513,0.0703125,3.0859375,0.82421875,0.8359375
0.00390625,0.62890625,0.23046875,0.8218061,0.005879723,0.5665386,0.036174722,-0.016501779,3.6173253,192.6211,0.11501698,0.34289527,192.6211,514,FC128,versus,2,4514,0.04296875,3.2265625,0.76953125,0.85546875
0.0,0.5859375,0.22265625,0.830366,0.0058742613,0.5912855,0.039949037,-0.010935601,3.8002987,191.36719,0.11152485,0.3435624,191.36719,515,FC128,versus,2,4515,0.0234375,3.453125,0.7734375,0.88671875
0.0,0.5703125,0.21875,0.83365923,0.0058688,0.56628597,0.045165557,-0.0055904663,3.8626997,192.11328,0.111297205,0.3442295,192.11328,516,FC128,versus,2,4516,0.05078125,3.3125,0.8046875,0.875
0.0,0.5546875,0.23828125,0.83399403,0.005863338,0.5681853,0.041992623,-0.009259834,3.8102913,189.51172,0.11228489,0.3448966,189.51172,517,FC128,versus,2,4517,0.0234375,3.4375,0.7890625,0.88671875
0.0,0.5859375,0.25,0.8131678,0.0058578765,0.529469,0.041891728,-0.010196803,3.6442635,190.90234,0.11370394,0.3455637,190.90234,518,FC128,versus,2,4518,0.05078125,3.3085938,0.77734375,0.8671875
0.00390625,0.54296875,0.20703125,0.8468105,0.0058524148,0.52244437,0.046870317,-0.0016461855,3.947358,192.28906,0.106944785,0.34623083,192.28906,519,FC128,versus,2,4519,0.04296875,3.4804688,0.765625,0.87109375
0.0078125,0.62109375,0.2265625,0.8315091,0.005846953,0.50739336,0.04896459,-0.00024881054,3.7773042,190.0625,0.10815039,0.34689793,190.0625,520,FC128,versus,2,4520,0.03125,3.484375,0.77734375,0.8515625
0.00390625,0.66015625,0.22265625,0.83393687,0.0058414917,0.528707,0.054146122,0.0048597762,3.9320405,190.28125,0.108315565,0.34756505,190.28125,521,FC128,versus,2,4521,0.0703125,3.2460938,0.79296875,0.86328125
0.01953125,0.69140625,0.2265625,0.836298,0.0058360295,0.52502173,0.049862888,-0.0017331423,3.8542757,191.5625,0.11295338,0.34823215,191.5625,522,FC128,versus,2,4522,0.0703125,3.1484375,0.796875,0.8515625
0.00390625,0.578125,0.24609375,0.81914,0.0058305683,0.53352326,0.044538938,-0.0059533822,3.5743282,190.53516,0.11053675,0.34889928,190.53516,523,FC128,versus,2,4523,0.0625,3.1992188,0.74609375,0.84765625
0.00390625,0.6015625,0.17578125,0.86894614,0.0058251065,0.56877303,0.039313946,-0.009862689,3.9352252,191.78516,0.10847668,0.3495664,191.78516,524,FC128,versus,2,4524,0.0546875,3.09375,0.8203125,0.84765625
0.0,0.65625,0.20703125,0.8427708,0.005819645,0.57627356,0.040600773,-0.0123318015,3.8979669,190.5664,0.11567441,0.3502335,190.5664,525,FC128,versus,2,4525,0.05078125,3.1210938,0.81640625,0.83203125
0.0,0.6796875,0.21484375,0.8123154,0.0058141835,0.5776864,0.04594581,-0.009256426,3.8541024,194.0586,0.119850375,0.35090062,194.0586,526,FC128,versus,2,4526,0.0859375,3.3320312,0.7421875,0.80859375
0.0,0.6015625,0.1484375,0.8735976,0.0058087213,0.59667325,0.04119579,-0.009427442,4.268922,194.39062,0.11139544,0.35156772,194.39062,527,FC128,versus,2,4527,0.03125,3.3867188,0.83984375,0.8671875
0.0078125,0.57421875,0.1953125,0.83682257,0.00580326,0.5524389,0.04437233,-0.00863268,3.9161909,192.3711,0.11572262,0.35223484,192.3711,528,FC128,versus,2,4528,0.05859375,3.2578125,0.78125,0.8671875
0.00390625,0.6796875,0.17578125,0.8520173,0.0057977983,0.57965434,0.05143017,-0.00044820723,4.2272553,194.72266,0.113636404,0.35290194,194.72266,529,FC128,versus,2,4529,0.05078125,3.3828125,0.7734375,0.87109375
0.0078125,0.63671875,0.19921875,0.849453,0.0057923365,0.55235195,0.04590961,-0.0046788086,3.9595063,191.375,0.11101747,0.35356906,191.375,530,FC128,versus,2,4530,0.05078125,3.2695312,0.78515625,0.86328125
0.0,0.63671875,0.17578125,0.8588195,0.0057868753,0.549673,0.045855056,-0.004303813,4.1484847,193.57031,0.1102575,0.35423616,193.57031,531,FC128,versus,2,4531,0.0625,3.140625,0.828125,0.83984375
0.00390625,0.58203125,0.23046875,0.830256,0.005781413,0.5264879,0.042528573,-0.009353989,3.7821774,189.97656,0.113365225,0.35490328,189.97656,532,FC128,versus,2,4532,0.05078125,3.2109375,0.8125,0.8359375
0.00390625,0.625,0.2109375,0.83147764,0.005775952,0.522442,0.04829591,-0.0021472394,3.8387446,189.88281,0.11049145,0.35557038,189.88281,533,FC128,versus,2,4533,0.0390625,3.265625,0.8203125,0.84375
0.0078125,0.6875,0.18359375,0.84722966,0.00577049,0.5232885,0.0461,-0.0046581966,3.8727093,193.92578,0.111294255,0.3562375,193.92578,534,FC128,versus,2,4534,0.0625,3.125,0.828125,0.8125
0.0078125,0.70703125,0.203125,0.841559,0.0057650283,0.53097236,0.053655162,0.0019018208,4.2335334,193.15625,0.1132099,0.35690463,193.15625,535,FC128,versus,2,4535,0.046875,3.25,0.828125,0.8359375
0.0,0.578125,0.1953125,0.8370307,0.005759567,0.54154474,0.04519416,-0.0054941843,4.0470543,191.09766,0.11101856,0.35757172,191.09766,536,FC128,versus,2,4536,0.03515625,3.3671875,0.80859375,0.890625
0.0,0.4921875,0.22265625,0.833739,0.005754105,0.5438407,0.03734747,-0.013445228,3.5062897,189.11328,0.11118024,0.35823885,189.11328,537,FC128,versus,2,4537,0.0546875,3.0703125,0.86328125,0.8125
0.0,0.54296875,0.20703125,0.8253919,0.0057486435,0.54761976,0.035917003,-0.0142836105,3.7350996,193.19531,0.10989099,0.35890594,193.19531,538,FC128,versus,2,4538,0.03125,3.3125,0.75390625,0.8671875
0.0,0.49609375,0.3125,0.7642999,0.005743182,0.49822265,0.04047219,-0.016581047,3.3327837,186.875,0.1228855,0.35957307,186.875,539,FC128,versus,2,4539,0.01953125,3.390625,0.78125,0.89453125
0.0,0.453125,0.25390625,0.7850349,0.00573772,0.5198567,0.04345348,-0.007577798,3.5438275,189.4414,0.111071184,0.36024016,189.4414,540,FC128,versus,2,4540,0.04296875,3.3710938,0.77734375,0.8828125
0.0,0.64453125,0.2109375,0.8175391,0.005732259,0.5148742,0.043375164,-0.0073241694,3.9009187,191.44922,0.11077136,0.3609073,191.44922,541,FC128,versus,2,4541,0.0703125,3.2148438,0.80078125,0.83984375
0.00390625,0.5625,0.2265625,0.7840131,0.0057267966,0.4907776,0.052881572,0.0019383217,3.8531978,192.89844,0.11086627,0.36157438,192.89844,542,FC128,versus,2,4542,0.06640625,3.3789062,0.79296875,0.84765625
0.0,0.54296875,0.25,0.7841486,0.0057213353,0.49891198,0.048735883,-0.0018177181,3.8073921,189.48438,0.11007996,0.3622415,189.48438,543,FC128,versus,2,4543,0.04296875,3.3554688,0.80859375,0.8984375
0.00390625,0.60546875,0.19921875,0.80505216,0.0057158736,0.5022216,0.05074895,0.0002606149,4.024189,189.28516,0.11017983,0.3629086,189.28516,544,FC128,versus,2,4544,0.0390625,3.1445312,0.86328125,0.87109375
0.0,0.50390625,0.2421875,0.7895292,0.005710412,0.5282849,0.043224882,-0.005794191,3.5720272,190.73828,0.10705522,0.36357573,190.73828,545,FC128,versus,2,4545,0.03515625,3.3710938,0.78125,0.86328125
0.01171875,0.55078125,0.21484375,0.80222726,0.0057049505,0.56043524,0.03944101,-0.010381382,3.6101642,189.53516,0.108798124,0.36424285,189.53516,546,FC128,versus,2,4546,0.0546875,3.2578125,0.7734375,0.85546875
0.015625,0.58984375,0.2109375,0.8027992,0.0056994883,0.5531275,0.042142384,-0.008437337,3.8753877,194.3125,0.11031053,0.36490995,194.3125,547,FC128,versus,2,4547,0.05859375,3.3710938,0.76171875,0.8671875
0.00390625,0.53515625,0.203125,0.8049704,0.005694027,0.5657351,0.047399133,-0.005037826,4.0123982,189.51562,0.11404096,0.36557707,189.51562,548,FC128,versus,2,4548,0.04296875,3.3554688,0.84375,0.8828125
0.00390625,0.61328125,0.1640625,0.83048373,0.0056885653,0.58747655,0.041289605,-0.00922583,3.9992185,193.55469,0.11047939,0.36624417,193.55469,549,FC128,versus,2,4549,0.046875,3.2578125,0.80859375,0.87109375
0.0078125,0.55078125,0.203125,0.7950328,0.0056831036,0.5725163,0.044511646,-0.009619321,3.7950704,193.55469,0.11729844,0.3669113,193.55469,550,FC128,versus,2,4550,0.04296875,3.3398438,0.81640625,0.8828125
0.00390625,0.5078125,0.23046875,0.79480404,0.0056776423,0.57342297,0.04806163,-0.0040813014,3.6203985,189.45703,0.11331109,0.3675784,189.45703,551,FC128,versus,2,4551,0.03125,3.3320312,0.765625,0.890625
0.0078125,0.72265625,0.2421875,0.80537826,0.00567218,0.5605712,0.049806144,-0.003498067,3.952353,190.6289,0.11574492,0.3682455,190.6289,552,FC128,versus,2,4552,0.08203125,3.1992188,0.80078125,0.828125
0.00390625,0.578125,0.1953125,0.84001195,0.005666719,0.52665615,0.049565952,-0.0028228892,3.6814432,191.60938,0.11429791,0.3689126,191.60938,553,FC128,versus,2,4553,0.03515625,3.2617188,0.78515625,0.890625
0.0,0.66796875,0.203125,0.8376147,0.005661257,0.5229448,0.05837349,0.0066389544,4.059674,194.45703,0.11295298,0.36957973,194.45703,554,FC128,versus,2,4554,0.05078125,3.34375,0.79296875,0.8203125
0.0,0.640625,0.2265625,0.8397063,0.0056557953,0.52210873,0.055296034,0.0014785244,3.9276571,191.83203,0.11713343,0.37024683,191.83203,555,FC128,versus,2,4555,0.05078125,3.3554688,0.8046875,0.8671875
0.0078125,0.67578125,0.203125,0.84923184,0.005650334,0.5519364,0.045615952,-0.003965125,3.9165215,190.84375,0.10875904,0.37091395,190.84375,556,FC128,versus,2,4556,0.046875,3.0429688,0.828125,0.85546875
0.00390625,0.671875,0.21484375,0.83532715,0.005644872,0.51781875,0.04284159,-0.010428986,3.8361201,192.32031,0.11597178,0.37158108,192.32031,557,FC128,versus,2,4557,0.10546875,3.0585938,0.7734375,0.77734375
0.0,0.61328125,0.1875,0.8637414,0.0056394106,0.5573115,0.042493038,-0.00991108,3.9397335,192.57812,0.11455022,0.37224817,192.57812,558,FC128,versus,2,4558,0.05078125,3.2226562,0.828125,0.859375
0.00390625,0.7109375,0.2578125,0.8195009,0.005633949,0.55414593,0.046247773,-0.007478722,3.896965,188.23438,0.116687045,0.3729153,188.23438,559,FC128,versus,2,4559,0.0546875,3.1835938,0.78125,0.8359375
0.0,0.609375,0.22265625,0.8279601,0.005628487,0.57102096,0.03793828,-0.014064113,3.8419137,190.4414,0.113325104,0.3735824,190.4414,560,FC128,versus,2,4560,0.0625,3.1523438,0.84375,0.84375
0.00390625,0.6015625,0.23828125,0.82119524,0.005623026,0.55926293,0.047440443,-0.00558719,3.934156,189.98828,0.11529047,0.37424952,189.98828,561,FC128,versus,2,4561,0.04296875,3.328125,0.796875,0.85546875
0.00390625,0.5546875,0.21484375,0.8395483,0.0056175636,0.532328,0.043735817,-0.009449719,3.854289,189.4961,0.11580351,0.3749166,189.4961,562,FC128,versus,2,4562,0.03125,3.2421875,0.8359375,0.8515625
0.0,0.65625,0.17578125,0.8486671,0.0056121023,0.5450489,0.0490743,-0.002724792,4.183029,191.0586,0.1131238,0.37558374,191.0586,563,FC128,versus,2,4563,0.0625,3.296875,0.828125,0.84375
0.0,0.62109375,0.20703125,0.86338943,0.0056066406,0.5406984,0.0431759,-0.004322502,3.9358895,191.13672,0.10467823,0.37625083,191.13672,564,FC128,versus,2,4564,0.05078125,3.1484375,0.80078125,0.81640625
0.00390625,0.58203125,0.23046875,0.837427,0.005601179,0.53396356,0.048282478,-0.0032163395,4.0185604,191.45703,0.1123788,0.37691796,191.45703,565,FC128,versus,2,4565,0.04296875,3.3984375,0.7890625,0.8828125
0.015625,0.71484375,0.203125,0.833201,0.0055957176,0.53278875,0.05045452,-0.0014681182,4.136196,191.8789,0.11316999,0.37758505,191.8789,566,FC128,versus,2,4566,0.05859375,3.265625,0.85546875,0.85546875
0.00390625,0.6015625,0.19140625,0.85488605,0.0055902554,0.54425204,0.045190975,-0.0046491246,4.1551437,189.77734,0.10923826,0.37825218,189.77734,567,FC128,versus,2,4567,0.0546875,3.2109375,0.81640625,0.85546875
0.0,0.6171875,0.140625,0.8648347,0.005584794,0.56896055,0.04155286,-0.0066835047,4.1744795,195.14844,0.10613258,0.3789193,195.14844,568,FC128,versus,2,4568,0.046875,3.2734375,0.81640625,0.83203125
0.0,0.60546875,0.1640625,0.8397512,0.0055793324,0.5701456,0.045148656,-0.0056547006,4.0748224,193.28516,0.11097722,0.3795864,193.28516,569,FC128,versus,2,4569,0.046875,3.3867188,0.796875,0.87890625
0.00390625,0.609375,0.171875,0.8524607,0.0055738706,0.5712378,0.038451016,-0.012579495,3.9009306,191.54297,0.11156403,0.38025352,191.54297,570,FC128,versus,2,4570,0.046875,3.25,0.80859375,0.859375
0.0,0.58203125,0.17578125,0.83883774,0.0055684093,0.5717335,0.040428557,-0.012447608,4.0171976,193.3164,0.11509431,0.38092062,193.3164,571,FC128,versus,2,4571,0.05078125,3.34375,0.79296875,0.87890625
0.00390625,0.6484375,0.1875,0.83448595,0.005562947,0.5673148,0.042816166,-0.0092261825,3.915673,191.97266,0.1133691,0.38158774,191.97266,572,FC128,versus,2,4572,0.06640625,3.2773438,0.8046875,0.85546875
0.00390625,0.58203125,0.1875,0.8474944,0.005557486,0.52961016,0.050215792,-0.0016068101,4.1035643,190.15625,0.11306508,0.38225484,190.15625,573,FC128,versus,2,4573,0.06640625,3.3203125,0.8046875,0.84375
0.0,0.69921875,0.15625,0.84775853,0.005552024,0.5544195,0.05363085,0.0025008486,4.338358,195.0039,0.111673556,0.38292196,195.0039,574,FC128,versus,2,4574,0.07421875,3.234375,0.796875,0.82421875
0.0,0.55859375,0.1953125,0.8565381,0.0055465624,0.5235574,0.04616434,-0.0033072552,3.9339862,191.9961,0.108444884,0.38358906,191.9961,575,FC128,versus,2,4575,0.04296875,3.2382812,0.79296875,0.87890625
0.015625,0.5859375,0.17578125,0.8341597,0.005541101,0.5323812,0.04674641,-0.0042493227,3.907148,192.58594,0.1112358,0.38425618,192.58594,576,FC128,versus,2,4576,0.06640625,3.3242188,0.76171875,0.84765625
0.0,0.640625,0.15625,0.84939915,0.005535639,0.5472689,0.047776308,-0.0022319334,4.119532,194.78906,0.10942042,0.38492328,194.78906,577,FC128,versus,2,4577,0.04296875,3.3515625,0.80078125,0.86328125
0.01171875,0.58203125,0.14453125,0.860711,0.0055301776,0.55637074,0.044511683,-0.004326869,4.0544586,194.24219,0.107196875,0.3855904,194.24219,578,FC128,versus,2,4578,0.0546875,3.2265625,0.7734375,0.86328125
0.00390625,0.5546875,0.18359375,0.8277158,0.005524716,0.5739145,0.035407785,-0.013353082,3.7067218,194.09375,0.106667526,0.38625753,194.09375,579,FC128,versus,2,4579,0.03515625,3.359375,0.75390625,0.875
0.0,0.61328125,0.1484375,0.84145564,0.005519254,0.5784985,0.040054098,-0.00811171,4.131308,193.99219,0.10562003,0.38692462,193.99219,580,FC128,versus,2,4580,0.0625,3.25,0.80859375,0.828125
0.0,0.67578125,0.1484375,0.841017,0.005513793,0.5838392,0.04353425,-0.0054122745,4.163616,194.40234,0.10716743,0.38759175,194.40234,581,FC128,versus,2,4581,0.04296875,3.2695312,0.796875,0.8671875
0.0,0.609375,0.171875,0.8595729,0.0055083307,0.5656289,0.04105294,-0.009961003,4.0186105,192.33984,0.111497514,0.38825884,192.33984,582,FC128,versus,2,4582,0.046875,3.1484375,0.81640625,0.828125
0.00390625,0.63671875,0.16015625,0.83992547,0.0055028694,0.5948154,0.047349874,-0.0015228853,4.265207,191.21875,0.10698952,0.38892597,191.21875,583,FC128,versus,2,4583,0.03125,3.421875,0.80859375,0.87109375
0.0,0.61328125,0.1640625,0.8608139,0.0054974076,0.57041264,0.04596784,-0.005358143,4.101641,192.53125,0.11211645,0.38959306,192.53125,584,FC128,versus,2,4584,0.046875,3.2851562,0.8046875,0.8828125
0.0,0.671875,0.15234375,0.86361724,0.005491946,0.58765125,0.0380348,-0.01324563,4.119444,193.21484,0.11204674,0.3902602,193.21484,585,FC128,versus,2,4585,0.0703125,3.1054688,0.84765625,0.828125
0.00390625,0.65625,0.125,0.85746676,0.0054864846,0.6005261,0.04411712,-0.0054123667,4.284068,193.51172,0.10846793,0.39092728,193.51172,586,FC128,versus,2,4586,0.05859375,3.1601562,0.84765625,0.859375
0.00390625,0.62109375,0.140625,0.87006253,0.0054810224,0.5811794,0.03895359,-0.009854351,4.045313,194.22656,0.10715355,0.3915944,194.22656,587,FC128,versus,2,4587,0.015625,3.09375,0.8125,0.8359375
0.0,0.7109375,0.1953125,0.84582,0.005475561,0.5594076,0.046131596,-0.009831728,3.9922528,191.58594,0.121189326,0.3922615,191.58594,588,FC128,versus,2,4588,0.08203125,3.0429688,0.83203125,0.79296875
0.0,0.5625,0.19921875,0.8410339,0.0054700994,0.5653024,0.048616696,-0.0045266217,3.8833628,191.625,0.11548772,0.39292863,191.625,589,FC128,versus,2,4589,0.0390625,3.296875,0.8359375,0.87109375
0.00390625,0.703125,0.1875,0.83003426,0.0054646377,0.55577487,0.0466668,-0.0055636154,3.9233785,193.2539,0.113532506,0.39359576,193.2539,590,FC128,versus,2,4590,0.09375,3.1328125,0.82421875,0.82421875
0.0,0.671875,0.1953125,0.81551266,0.0054591764,0.5574331,0.054463044,0.002462404,4.020544,194.35547,0.11290533,0.39426285,194.35547,591,FC128,versus,2,4591,0.05859375,3.1914062,0.79296875,0.85546875
0.0078125,0.64453125,0.1640625,0.82650644,0.005453714,0.54170495,0.05172606,-0.0004972224,4.076904,194.75,0.11346163,0.39492998,194.75,592,FC128,versus,2,4592,0.04296875,3.1796875,0.83203125,0.87890625
0.00390625,0.6015625,0.20703125,0.81943583,0.005448253,0.54775757,0.04598194,-0.0071400763,3.7249312,190.38281,0.11517302,0.39559707,190.38281,593,FC128,versus,2,4593,0.05078125,3.0742188,0.828125,0.859375
0.015625,0.703125,0.19140625,0.84267324,0.005442791,0.55090714,0.047163147,-0.0037587618,4.0131474,191.28516,0.11101681,0.3962642,191.28516,594,FC128,versus,2,4594,0.0546875,3.1015625,0.79296875,0.828125
0.00390625,0.76171875,0.1796875,0.8198297,0.0054373294,0.5538517,0.046842396,-0.0063285283,4.041606,193.26172,0.11525721,0.3969313,193.26172,595,FC128,versus,2,4595,0.06640625,3.1171875,0.8125,0.81640625
0.00390625,0.71875,0.19140625,0.8300882,0.005431868,0.57482,0.04158564,-0.010137227,3.9584906,192.80469,0.11246359,0.39759842,192.80469,596,FC128,versus,2,4596,0.08984375,3.0664062,0.8359375,0.80078125
0.00390625,0.66796875,0.17578125,0.81963205,0.005426406,0.5603154,0.045431774,-0.007995681,3.9828098,194.33984,0.11575022,0.3982655,194.33984,597,FC128,versus,2,4597,0.07421875,3.1953125,0.8359375,0.8125
0.00390625,0.65625,0.171875,0.84163016,0.0054209447,0.5962677,0.047198456,-0.0039883605,4.240715,193.39453,0.11149849,0.39893264,193.39453,598,FC128,versus,2,4598,0.0625,3.28125,0.84375,0.86328125
0.0,0.7421875,0.16796875,0.8410733,0.005415483,0.6011845,0.048737198,-0.0041877455,4.3298335,189.67969,0.11495952,0.39959973,189.67969,599,FC128,versus,2,4599,0.0625,3.1835938,0.83203125,0.8515625
0.00390625,0.6640625,0.21484375,0.834841,0.005410021,0.5674442,0.047380514,-0.009173557,4.0144954,191.85547,0.12214116,0.40026686,191.85547,600,FC128,versus,2,4600,0.03515625,3.2421875,0.80859375,0.87890625
0.01171875,0.69140625,0.1640625,0.8498528,0.00540456,0.5780412,0.04223333,-0.010945381,3.9783564,192.4336,0.11554358,0.40093395,192.4336,601,FC128,versus,2,4601,0.06640625,3.1210938,0.84765625,0.82421875
0.0078125,0.6640625,0.1953125,0.82353383,0.0053990977,0.59778124,0.044059705,-0.008915528,4.070283,189.03906,0.114843145,0.40160108,189.03906,602,FC128,versus,2,4602,0.05859375,3.0,0.8515625,0.8359375
0.0,0.65234375,0.171875,0.82518446,0.0053936364,0.5744153,0.044844206,-0.00779429,4.0256147,195.03906,0.114178486,0.4022682,195.03906,603,FC128,versus,2,4603,0.06640625,3.3789062,0.7890625,0.84375
0.0,0.71484375,0.1953125,0.82969904,0.0053881747,0.5814867,0.049385387,-0.0042999783,4.082119,191.51562,0.11631186,0.4029353,191.51562,604,FC128,versus,2,4604,0.0546875,3.21875,0.84765625,0.84375
0.0,0.72265625,0.19921875,0.83256525,0.005382713,0.5877826,0.0427803,-0.011037141,3.873846,189.86719,0.1165978,0.40360242,189.86719,605,FC128,versus,2,4605,0.0625,3.0273438,0.84765625,0.76953125
0.0078125,0.8046875,0.171875,0.8182421,0.0053772517,0.5663104,0.052270543,-0.0013147483,4.28419,194.64062,0.115970366,0.40426952,194.64062,606,FC128,versus,2,4606,0.06640625,3.2460938,0.796875,0.84765625
0.0,0.6875,0.16015625,0.8465191,0.0053717894,0.58884513,0.046157353,-0.005607148,4.179432,193.11328,0.11262365,0.40493664,193.11328,607,FC128,versus,2,4607,0.078125,3.1015625,0.8515625,0.80078125
0.00390625,0.73828125,0.14453125,0.87169397,0.005366328,0.57905173,0.04350234,-0.008696338,4.143037,192.8789,0.113752946,0.40560374,192.8789,608,FC128,versus,2,4608,0.09765625,2.9726562,0.875,0.7890625
0.0,0.8046875,0.171875,0.8343203,0.0053608664,0.58476114,0.049667735,-0.0038482412,4.196938,192.52344,0.11597731,0.40627086,192.52344,609,FC128,versus,2,4609,0.08203125,3.1523438,0.828125,0.8359375
0.00390625,0.76171875,0.16015625,0.8573065,0.0053554047,0.5940653,0.046312165,-0.0059577585,4.253537,193.33594,0.113722295,0.40693796,193.33594,610,FC128,versus,2,4610,0.0859375,3.1679688,0.8671875,0.8046875
0.0078125,0.6875,0.1484375,0.85153437,0.0053499434,0.60224015,0.049574044,-0.004051934,4.250997,193.70703,0.11636328,0.40760508,193.70703,611,FC128,versus,2,4611,0.07421875,3.203125,0.8203125,0.83984375
0.0,0.73828125,0.20703125,0.8408501,0.005344481,0.60261685,0.051071696,-0.0033071851,4.142324,191.05078,0.11774558,0.40827218,191.05078,612,FC128,versus,2,4612,0.0625,3.1289062,0.82421875,0.84765625
0.00390625,0.74609375,0.21484375,0.82834417,0.00533902,0.6068567,0.04368546,-0.011293745,3.8630304,190.60938,0.1188035,0.4089393,190.60938,613,FC128,versus,2,4613,0.0703125,2.9882812,0.84765625,0.81640625
0.0,0.65625,0.19921875,0.850992,0.005333558,0.59917665,0.04880523,-0.0055342554,4.1095734,189.5625,0.1177566,0.40960643,189.5625,614,FC128,versus,2,4614,0.07421875,3.125,0.859375,0.86328125
0.0,0.68359375,0.18359375,0.83641666,0.0053280964,0.61079884,0.049758676,-0.0020064337,4.2111726,191.47266,0.11244324,0.41027352,191.47266,615,FC128,versus,2,4615,0.0703125,3.1367188,0.83984375,0.84765625
0.00390625,0.8359375,0.140625,0.86023057,0.005322635,0.6029304,0.04963118,-0.0021115844,4.2704754,192.53125,0.112642914,0.41094065,192.53125,616,FC128,versus,2,4616,0.0703125,3.09375,0.84765625,0.80078125
0.0078125,0.7421875,0.16796875,0.83608824,0.005317173,0.588375,0.0442129,-0.008834793,4.0144296,193.20312,0.11498664,0.41160774,193.20312,617,FC128,versus,2,4617,0.078125,3.1015625,0.79296875,0.8125
0.00390625,0.75,0.1953125,0.8309387,0.0053117117,0.5609914,0.04386356,-0.012245037,3.9319723,191.80078,0.121044606,0.41227487,191.80078,618,FC128,versus,2,4618,0.0625,3.15625,0.83984375,0.8359375
0.0,0.76953125,0.19140625,0.8389289,0.00530625,0.5958649,0.04581765,-0.007622419,4.099426,192.28125,0.11578327,0.41294196,192.28125,619,FC128,versus,2,4619,0.0703125,3.1484375,0.79296875,0.8515625
0.01171875,0.734375,0.1796875,0.82896686,0.005300788,0.6060166,0.044134542,-0.0066844346,4.09418,193.66797,0.11042631,0.4136091,193.66797,620,FC128,versus,2,4620,0.07421875,3.2304688,0.79296875,0.84765625
0.0078125,0.62890625,0.1953125,0.82870036,0.005295327,0.59253395,0.036834612,-0.015391171,3.7449176,191.875,0.113228045,0.41427618,191.875,621,FC128,versus,2,4621,0.05078125,3.046875,0.83203125,0.84765625
0.0078125,0.7265625,0.1640625,0.8357611,0.0052898647,0.59003615,0.046788063,-0.0054628635,4.040677,192.21094,0.11334398,0.4149433,192.21094,622,FC128,versus,2,4622,0.0703125,2.9570312,0.83984375,0.8046875
0.0,0.75,0.1640625,0.8334504,0.0052844035,0.56972075,0.049618877,-0.0016747446,4.096279,194.05078,0.11139582,0.4156104,194.05078,623,FC128,versus,2,4623,0.06640625,3.1914062,0.86328125,0.828125
0.0078125,0.78515625,0.19921875,0.81884116,0.0052789417,0.5653384,0.053850688,-0.0010348003,4.096428,193.1289,0.118416205,0.41627753,193.1289,624,FC128,versus,2,4624,0.078125,3.078125,0.82421875,0.796875
0.0,0.73828125,0.203125,0.8393792,0.00527348,0.5666613,0.0480818,-0.0058503086,3.8748894,191.77734,0.116717115,0.41694465,191.77734,625,FC128,versus,2,4625,0.05859375,3.109375,0.81640625,0.84765625
0.0,0.78125,0.19921875,0.8313618,0.0052680187,0.56178015,0.055725,0.0010262602,4.058591,189.91016,0.11815674,0.41761175,189.91016,626,FC128,versus,2,4626,0.078125,3.0546875,0.84375,0.84765625
0.0,0.87109375,0.17578125,0.8436601,0.0052625565,0.55982906,0.04749844,-0.008288818,3.9923568,192.60938,0.12045413,0.41827887,192.60938,627,FC128,versus,2,4627,0.09765625,3.0039062,0.8359375,0.8046875
0.0,0.74609375,0.23828125,0.8123627,0.005257095,0.5528983,0.05063057,-0.008182648,3.7870944,189.57031,0.12616777,0.41894597,189.57031,628,FC128,versus,2,4628,0.06640625,3.03125,0.8359375,0.82421875
0.0,0.8359375,0.22265625,0.82780826,0.0052516335,0.56556904,0.05058845,-0.0054781856,4.0346065,190.21094,0.120827965,0.4196131,190.21094,629,FC128,versus,2,4629,0.08203125,3.0585938,0.78515625,0.81640625
0.0,0.80078125,0.19140625,0.82639235,0.0052461717,0.5770655,0.048524264,-0.005612366,4.136949,193.49219,0.11694405,0.4202802,193.49219,630,FC128,versus,2,4630,0.078125,3.15625,0.83203125,0.828125
0.0,0.75390625,0.19921875,0.8296659,0.0052407105,0.5680008,0.04525573,-0.009318892,3.8564267,192.45312,0.11784533,0.4209473,192.45312,631,FC128,versus,2,4631,0.0703125,3.0507812,0.84375,0.79296875
0.00390625,0.80859375,0.19140625,0.8386602,0.0052352482,0.5724778,0.04634918,-0.007350429,4.128366,190.89453,0.116180405,0.4216144,190.89453,632,FC128,versus,2,4632,0.0625,2.9804688,0.85546875,0.82421875
0.0078125,0.671875,0.21484375,0.84973425,0.005229787,0.5644045,0.045190476,-0.0064118183,3.9247236,190.00781,0.11209244,0.42228153,190.00781,633,FC128,versus,2,4633,0.0390625,3.1953125,0.81640625,0.87890625
0.00390625,0.69140625,0.2265625,0.8290596,0.005224325,0.5774604,0.050641835,-0.0010277539,3.962298,188.76953,0.11200173,0.42294863,188.76953,634,FC128,versus,2,4634,0.06640625,3.1757812,0.83203125,0.828125
0.0,0.73828125,0.234375,0.82438844,0.0052188635,0.54809326,0.048495904,-0.005530054,3.8040414,191.38281,0.11665666,0.42361575,191.38281,635,FC128,versus,2,4635,0.04296875,3.1757812,0.796875,0.84375
0.015625,0.78125,0.2265625,0.8350694,0.005213402,0.5480968,0.048059534,-0.0050337547,3.939124,190.125,0.11489368,0.42428288,190.125,636,FC128,versus,2,4636,0.0703125,3.0703125,0.765625,0.84375
0.00390625,0.75,0.19140625,0.84945226,0.00520794,0.58471006,0.051281188,0.0019349678,4.2720647,194.1211,0.107540235,0.42494997,194.1211,637,FC128,versus,2,4637,0.0546875,3.296875,0.80078125,0.84375
0.0078125,0.70703125,0.17578125,0.84888417,0.0052024787,0.5654641,0.045448348,-0.006506419,4.0888157,193.11719,0.11274214,0.4256171,193.11719,638,FC128,versus,2,4638,0.0703125,3.2070312,0.8046875,0.8203125
0.00390625,0.7265625,0.1875,0.8421174,0.005197017,0.58261305,0.04168626,-0.01162691,4.014281,192.10156,0.11537933,0.4262842,192.10156,639,FC128,versus,2,4639,0.08984375,3.09375,0.84375,0.8125
0.0,0.6953125,0.14453125,0.8630137,0.0051915552,0.61115146,0.0345264,-0.015275113,4.1168647,193.44531,0.108563796,0.42695132,193.44531,640,FC128,versus,2,4640,0.0546875,3.0117188,0.8828125,0.828125
0.00390625,0.73046875,0.18359375,0.8366022,0.005186094,0.58644664,0.044413265,-0.009355318,3.9839814,192.52734,0.11621456,0.4276184,192.52734,641,FC128,versus,2,4641,0.1015625,3.0859375,0.79296875,0.80859375
0.0,0.65234375,0.1875,0.82423675,0.0051806318,0.58537954,0.043870892,-0.009985436,3.9336581,191.99219,0.11625279,0.42828554,191.99219,642,FC128,versus,2,4642,0.046875,3.203125,0.82421875,0.8515625
0.0,0.7265625,0.26171875,0.81681204,0.0051751705,0.5615902,0.051020045,-0.0031337703,4.037574,187.5039,0.116761915,0.42895263,187.5039,643,FC128,versus,2,4643,0.06640625,3.25,0.80078125,0.86328125
0.00390625,0.65234375,0.234375,0.80717796,0.0051697087,0.5632243,0.049245734,-0.0039019936,3.7727876,189.75,0.114641204,0.42961976,189.75,644,FC128,versus,2,4644,0.0390625,3.0195312,0.8203125,0.80859375
0.0,0.66796875,0.27734375,0.80770767,0.005164247,0.5164654,0.047772646,-0.0062684417,3.7017987,188.16797,0.116424575,0.43028685,188.16797,645,FC128,versus,2,4645,0.046875,3.1835938,0.82421875,0.85546875
0.01171875,0.640625,0.14453125,0.8517703,0.0051587857,0.5692198,0.048065435,0.00023259025,4.1347103,194.73828,0.10445389,0.43095398,194.73828,646,FC128,versus,2,4646,0.03125,3.0429688,0.83203125,0.84765625
0.00390625,0.71484375,0.2109375,0.8154458,0.0051533235,0.51259625,0.05005698,-0.0031770295,3.8400435,190.54688,0.11487252,0.4316211,190.54688,647,FC128,versus,2,4647,0.0625,3.078125,0.83984375,0.828125
0.00390625,0.796875,0.20703125,0.8116679,0.0051478622,0.5704817,0.04926014,-0.0031182913,4.0771933,193.13672,0.11311357,0.4322882,193.13672,648,FC128,versus,2,4648,0.0859375,3.1367188,0.82421875,0.80859375
0.00390625,0.796875,0.1875,0.8244994,0.0051424005,0.5692622,0.050834972,-0.0030302776,4.275423,192.91797,0.11621031,0.43295532,192.91797,649,FC128,versus,2,4649,0.0625,3.1992188,0.80078125,0.828125
0.0,0.73046875,0.203125,0.8132387,0.0051369388,0.5680891,0.043393068,-0.011007278,3.7686324,192.70312,0.117155805,0.43362242,192.70312,650,FC128,versus,2,4650,0.0703125,3.0976562,0.828125,0.82421875
0.00390625,0.63671875,0.25390625,0.79466,0.0051314775,0.5527764,0.039357137,-0.019495917,3.4609284,191.5586,0.12586167,0.43428954,191.5586,651,FC128,versus,2,4651,0.07421875,3.046875,0.79296875,0.83203125
0.00390625,0.80078125,0.2109375,0.8089849,0.0051260153,0.55678624,0.044613965,-0.01158718,4.075472,190.96875,0.12069603,0.43495664,190.96875,652,FC128,versus,2,4652,0.0859375,2.9960938,0.87109375,0.7734375
0.0078125,0.90625,0.19921875,0.8255728,0.005120554,0.5617908,0.054944888,0.00032240822,4.323651,191.98438,0.117699735,0.43562376,191.98438,653,FC128,versus,2,4653,0.07421875,3.0898438,0.80078125,0.8046875
0.0,0.7265625,0.23046875,0.8175308,0.0051150923,0.5596934,0.041294757,-0.014994899,3.8349996,188.58203,0.12094281,0.43629086,188.58203,654,FC128,versus,2,4654,0.07421875,2.9296875,0.84765625,0.82421875
0.0,0.74609375,0.23046875,0.81522816,0.0051096305,0.53933764,0.05050931,-0.005274382,3.9521666,189.75,0.119898416,0.436958,189.75,655,FC128,versus,2,4655,0.05859375,2.9375,0.8359375,0.8203125
0.0078125,0.75,0.234375,0.80429184,0.0051041692,0.5302552,0.053449117,-0.0043944526,3.6870308,192.1875,0.12389762,0.43762508,192.1875,656,FC128,versus,2,4656,0.07421875,3.1328125,0.84765625,0.85546875
0.01171875,0.7734375,0.22265625,0.80278015,0.005098707,0.5470805,0.049050096,-0.007099307,3.7594087,191.28125,0.12048509,0.4382922,191.28125,657,FC128,versus,2,4657,0.1015625,3.03125,0.8359375,0.76953125
0.01171875,0.7265625,0.234375,0.82332814,0.0050932458,0.5414277,0.049284976,-0.004742133,3.8212018,189.875,0.11644105,0.43895933,189.875,658,FC128,versus,2,4658,0.09375,2.9960938,0.8203125,0.8046875
0.00390625,0.83984375,0.21875,0.82274145,0.005087784,0.5533712,0.052429244,-0.0031872096,4.1945953,190.32422,0.11960477,0.43962643,190.32422,659,FC128,versus,2,4659,0.05078125,3.0664062,0.87890625,0.828125
0.00390625,0.76953125,0.2421875,0.7946706,0.0050823223,0.5720326,0.04942841,-0.004591636,3.9362717,189.07812,0.11611764,0.44029355,189.07812,660,FC128,versus,2,4660,0.11328125,2.984375,0.81640625,0.8125
0.00390625,0.74609375,0.18359375,0.8159713,0.005076861,0.5888282,0.044427745,-0.009879211,4.049453,191.85547,0.116899066,0.44096065,191.85547,661,FC128,versus,2,4661,0.08203125,3.0546875,0.83984375,0.8125
0.0,0.7890625,0.20703125,0.7922002,0.005071399,0.59046566,0.045017667,-0.010066582,4.0799236,191.73047,0.11820362,0.44162777,191.73047,662,FC128,versus,2,4662,0.0859375,3.2226562,0.82421875,0.8203125
0.0,0.78515625,0.24609375,0.7729238,0.0050659375,0.59293985,0.04609368,-0.011031472,3.9981952,187.74219,0.122081466,0.44229487,187.74219,663,FC128,versus,2,4663,0.09765625,2.9921875,0.8515625,0.796875
0.0,0.75,0.2109375,0.80076516,0.005060476,0.60145915,0.04175373,-0.012935345,3.945046,191.46875,0.117482655,0.442962,191.46875,664,FC128,versus,2,4664,0.07421875,3.0664062,0.8203125,0.83203125
0.0,0.75390625,0.14453125,0.82367015,0.005055014,0.6193305,0.038964916,-0.012469079,4.0252814,195.92188,0.11119532,0.4436291,195.92188,665,FC128,versus,2,4665,0.078125,3.0234375,0.82421875,0.8046875
0.0,0.7109375,0.234375,0.7873493,0.005049553,0.58574474,0.038784686,-0.015636822,3.7039864,188.11719,0.116794534,0.4442962,188.11719,666,FC128,versus,2,4666,0.06640625,3.0507812,0.82421875,0.828125
0.00390625,0.79296875,0.203125,0.8076762,0.0050440906,0.57074267,0.04640091,-0.008682991,4.017954,190.90234,0.118315786,0.4449633,190.90234,667,FC128,versus,2,4667,0.0859375,2.9882812,0.86328125,0.76953125
0.00390625,0.79296875,0.1953125,0.8227819,0.0050386293,0.583097,0.048257865,-0.0049430127,4.0547895,191.23828,0.11469314,0.44563043,191.23828,668,FC128,versus,2,4668,0.09375,2.9023438,0.8671875,0.80859375
0.00390625,0.76171875,0.21484375,0.7954318,0.0050331675,0.5751375,0.04952859,-0.006244444,3.8478732,191.19922,0.11955315,0.44629756,191.19922,669,FC128,versus,2,4669,0.1015625,3.0820312,0.83203125,0.82421875
0.00390625,0.8046875,0.2109375,0.8047732,0.005027706,0.59766996,0.048243113,-0.005526774,4.07316,192.53125,0.1156321,0.44696465,192.53125,670,FC128,versus,2,4670,0.07421875,2.9492188,0.84375,0.8046875
0.0,0.6640625,0.22265625,0.78335047,0.0050222445,0.5736207,0.047108673,-0.01084555,3.761302,190.375,0.1237768,0.44763178,190.375,671,FC128,versus,2,4671,0.05859375,2.9960938,0.86328125,0.81640625
0.0078125,0.77734375,0.21484375,0.792942,0.0050167823,0.5971856,0.046250645,-0.01152918,3.949354,193.08984,0.12351569,0.44829887,193.08984,672,FC128,versus,2,4672,0.07421875,3.0039062,0.82421875,0.7734375
0.0,0.796875,0.20703125,0.8142325,0.005011321,0.6028242,0.04312375,-0.012135392,3.7746725,191.71484,0.11867905,0.448966,191.71484,673,FC128,versus,2,4673,0.10546875,2.8164062,0.84375,0.78125
0.0,0.80078125,0.1875,0.8167788,0.0050058593,0.5880097,0.046955936,-0.0059881653,4.085412,192.78516,0.114065565,0.4496331,192.78516,674,FC128,versus,2,4674,0.046875,3.0898438,0.8203125,0.828125
0.0,0.671875,0.29296875,0.7542655,0.0050003976,0.53506017,0.0538102,-0.005162837,3.6009321,187.84375,0.12548932,0.45030022,187.84375,675,FC128,versus,2,4675,0.0546875,3.3007812,0.79296875,0.85546875
0.0,0.7421875,0.2109375,0.8063114,0.0049949363,0.5721295,0.04826467,-0.005690439,3.8660069,189.26172,0.11596517,0.4509673,189.26172,676,FC128,versus,2,4676,0.078125,2.9804688,0.87890625,0.8359375
0.0078125,0.78125,0.15625,0.81760365,0.004989474,0.5808729,0.054462764,0.0023182111,4.358693,193.5,0.11244793,0.45163444,193.5,677,FC128,versus,2,4677,0.06640625,3.0078125,0.83203125,0.84765625
0.0,0.7734375,0.21875,0.79411477,0.004984013,0.5658741,0.05013212,-0.004543007,4.0139074,192.86328,0.11726601,0.45230153,192.86328,678,FC128,versus,2,4678,0.0703125,3.0742188,0.8515625,0.8125
0.0078125,0.6953125,0.20703125,0.8044669,0.004978551,0.54518497,0.042993702,-0.012065914,3.8552437,189.1289,0.11812939,0.45296866,189.1289,679,FC128,versus,2,4679,0.0625,3.0039062,0.8203125,0.828125
0.0,0.76953125,0.18359375,0.8113988,0.0049730893,0.5716424,0.04415233,-0.008394764,4.0206857,192.1836,0.11316451,0.45363578,192.1836,680,FC128,versus,2,4680,0.0859375,3.0820312,0.8359375,0.8203125
0.00390625,0.859375,0.15234375,0.81937194,0.004967628,0.5776032,0.044885762,-0.008023039,4.2025337,193.1836,0.11395827,0.45430288,193.1836,681,FC128,versus,2,4681,0.09765625,2.7617188,0.875,0.765625
0.0,0.796875,0.18359375,0.80963206,0.004962166,0.56755054,0.045621026,-0.008395854,4.10814,191.88672,0.11606882,0.45497,191.88672,682,FC128,versus,2,4682,0.09375,3.0234375,0.8671875,0.8125
0.0,0.7265625,0.1640625,0.8233198,0.0049567046,0.5661322,0.04245007,-0.012269103,3.9388192,193.92188,0.11760025,0.4556371,193.92188,683,FC128,versus,2,4683,0.078125,3.0664062,0.8359375,0.80859375
0.00390625,0.87109375,0.1640625,0.82241684,0.004951243,0.5874649,0.053756785,-0.00094632315,4.319227,193.25781,0.11755019,0.45630422,193.25781,684,FC128,versus,2,4684,0.0859375,3.1445312,0.81640625,0.82421875
0.0,0.796875,0.171875,0.81413054,0.004945781,0.58630025,0.04771616,-0.008785531,4.0387363,194.0,0.1210564,0.45697132,194.0,685,FC128,versus,2,4685,0.0390625,3.0078125,0.83984375,0.80859375
0.00390625,0.7265625,0.13671875,0.8312523,0.00494032,0.6026052,0.047323223,-0.0058162017,4.223138,195.23828,0.114492156,0.45763844,195.23828,686,FC128,versus,2,4686,0.05859375,3.2382812,0.8046875,0.8515625
0.0,0.79296875,0.16015625,0.84510905,0.0049348576,0.6018833,0.041931123,-0.011166583,4.062929,191.76953,0.1145364,0.45830554,191.76953,687,FC128,versus,2,4687,0.08984375,2.8085938,0.8671875,0.7890625
0.0,0.83203125,0.1875,0.8133653,0.0049293963,0.58878815,0.04633643,-0.009764301,4.145932,192.0039,0.12022026,0.45897266,192.0039,688,FC128,versus,2,4688,0.11328125,2.9765625,0.8359375,0.76953125
0.0,0.8125,0.171875,0.8023247,0.0049239346,0.59471273,0.05052009,-0.0054978956,4.188303,192.78516,0.11993716,0.45963976,192.78516,689,FC128,versus,2,4689,0.078125,2.9335938,0.8515625,0.7890625
0.0,0.78515625,0.22265625,0.77667403,0.004918473,0.55549276,0.05542649,-0.00340914,3.874045,192.6875,0.12531136,0.46030688,192.6875,690,FC128,versus,2,4690,0.078125,2.9960938,0.8515625,0.8203125
0.0,0.796875,0.1484375,0.8176733,0.0049130116,0.59662235,0.046871252,-0.0036984081,4.0616264,192.86328,0.1091738,0.460974,192.86328,691,FC128,versus,2,4691,0.09375,2.8671875,0.8359375,0.7734375
0.00390625,0.82421875,0.2109375,0.8071193,0.0049075494,0.5758405,0.050373714,-0.0057652947,3.9715486,188.71484,0.12019998,0.4616411,188.71484,692,FC128,versus,2,4692,0.08984375,2.875,0.890625,0.8203125
0.0,0.8046875,0.2109375,0.79365313,0.004902088,0.57730937,0.05885808,0.0034294336,4.3084,189.5625,0.11863842,0.46230823,189.5625,693,FC128,versus,2,4693,0.08203125,3.109375,0.875,0.83984375
0.0,0.82421875,0.21484375,0.777876,0.0048966263,0.5794758,0.04732113,-0.007669297,3.8409493,193.54297,0.11759879,0.46297532,193.54297,694,FC128,versus,2,4694,0.08984375,2.9648438,0.8125,0.78125
0.00390625,0.80859375,0.22265625,0.7729564,0.0048911646,0.5773261,0.055830732,0.0013794559,4.118476,188.46484,0.11646386,0.46364245,188.46484,695,FC128,versus,2,4695,0.0546875,2.9726562,0.8046875,0.8203125
0.00390625,0.80078125,0.1640625,0.78171545,0.0048857033,0.59638697,0.049978904,-0.005156257,4.3078504,191.96094,0.11790878,0.46430954,191.96094,696,FC128,versus,2,4696,0.078125,3.09375,0.79296875,0.78125
0.0,0.734375,0.1796875,0.773368,0.004880241,0.59518516,0.053993143,-0.0011272607,4.2194357,193.53906,0.11778925,0.46497667,193.53906,697,FC128,versus,2,4697,0.05078125,3.2734375,0.8046875,0.83984375
0.00390625,0.83203125,0.17578125,0.78456074,0.00487478,0.6069429,0.046254866,-0.007864072,4.226158,191.1875,0.115887,0.46564376,191.1875,698,FC128,versus,2,4698,0.08984375,2.9570312,0.8359375,0.8203125
0.0,0.75,0.13671875,0.8003251,0.004869318,0.60986435,0.048593145,-0.0023874398,4.1566987,195.42969,0.10975524,0.4663109,195.42969,699,FC128,versus,2,4699,0.0703125,3.1757812,0.7890625,0.84375
0.00390625,0.78125,0.20703125,0.7811141,0.0048638564,0.58657026,0.04989089,-0.005391169,4.0037956,192.23828,0.11816257,0.46697798,192.23828,700,FC128,versus,2,4700,0.078125,3.1523438,0.78125,0.8515625
0.0,0.78515625,0.1875,0.7893795,0.004858395,0.6040528,0.0515145,-0.0009125986,4.331706,192.52734,0.11252443,0.4676451,192.52734,701,FC128,versus,2,4701,0.06640625,3.140625,0.828125,0.8125
0.0,0.80078125,0.171875,0.80101746,0.004852933,0.5793936,0.03906311,-0.014474391,3.9180388,193.57031,0.114849575,0.46831223,193.57031,702,FC128,versus,2,4702,0.109375,2.8867188,0.80859375,0.75
0.0,0.8125,0.18359375,0.78426045,0.0048474716,0.56334907,0.05001847,-0.003921128,4.15491,193.95312,0.11548256,0.46897933,193.95312,703,FC128,versus,2,4703,0.1015625,3.125,0.83203125,0.78515625
0.0,0.7421875,0.2109375,0.78328294,0.00484201,0.5718595,0.052568346,-0.0008033214,4.095639,192.97656,0.11432866,0.46964645,192.97656,704,FC128,versus,2,4704,0.078125,3.1328125,0.8515625,0.796875
0.0078125,0.7421875,0.1953125,0.7622593,0.004836548,0.5656111,0.05021226,-0.0045933174,3.9957013,193.14062,0.11698456,0.47031355,193.14062,705,FC128,versus,2,4705,0.02734375,3.1171875,0.80859375,0.8359375
0.0,0.69921875,0.19921875,0.7885324,0.004831087,0.59111714,0.049042527,-0.0037037379,4.140687,189.96094,0.113111466,0.47098067,189.96094,706,FC128,versus,2,4706,0.05078125,2.96875,0.8515625,0.859375
0.0,0.70703125,0.26171875,0.763512,0.0048256246,0.54628253,0.0515127,-0.0059577455,3.8007016,190.73438,0.12230974,0.47164777,190.73438,707,FC128,versus,2,4707,0.07421875,3.0585938,0.84765625,0.8203125
0.0,0.78515625,0.20703125,0.80505484,0.0048201634,0.58963597,0.047067173,-0.006132807,4.106969,189.29297,0.114160955,0.4723149,189.29297,708,FC128,versus,2,4708,0.078125,2.9765625,0.8828125,0.8203125
0.00390625,0.90625,0.15625,0.80930567,0.0048147016,0.6095566,0.053915728,9.836563e-05,4.3589306,193.08594,0.11542785,0.472982,193.08594,709,FC128,versus,2,4709,0.10546875,2.9335938,0.86328125,0.7734375
0.0,0.84375,0.25390625,0.7640057,0.00480924,0.57781553,0.046869595,-0.011836551,3.716682,188.73047,0.124760866,0.4736491,188.73047,710,FC128,versus,2,4710,0.07421875,2.9296875,0.79296875,0.80859375
0.00390625,0.84765625,0.203125,0.7851489,0.0048037786,0.57272756,0.047323026,-0.011200641,3.896721,190.39453,0.124590695,0.4743162,190.39453,711,FC128,versus,2,4711,0.109375,2.8671875,0.83984375,0.76171875
0.0,0.7578125,0.1875,0.7853204,0.0047983164,0.61228824,0.043992687,-0.011437183,3.8277106,191.30078,0.11839617,0.47498333,191.30078,712,FC128,versus,2,4712,0.10546875,2.9023438,0.86328125,0.76953125
0.0,0.76171875,0.21484375,0.79305655,0.004792855,0.60168475,0.047812413,-0.009391028,3.7375078,190.07422,0.1220089,0.47565046,190.07422,713,FC128,versus,2,4713,0.078125,2.8945312,0.86328125,0.828125
0.0,0.87890625,0.1875,0.8048492,0.0047873934,0.6044401,0.05430653,-0.0008736304,4.2324595,190.73828,0.11806658,0.47631755,190.73828,714,FC128,versus,2,4714,0.07421875,3.0234375,0.828125,0.8125
0.0,0.7890625,0.21484375,0.78517044,0.0047819316,0.5934308,0.05488588,-0.0018034505,4.0208344,191.08984,0.12088792,0.47698468,191.08984,715,FC128,versus,2,4715,0.07421875,2.9882812,0.8359375,0.82421875
0.00390625,0.8671875,0.23828125,0.78033745,0.00477647,0.57306194,0.051897157,-0.005543134,3.8593502,190.51172,0.1223351,0.47765177,190.51172,716,FC128,versus,2,4716,0.08984375,2.9023438,0.86328125,0.75
0.0,0.734375,0.203125,0.7660428,0.0047710086,0.5755606,0.046328947,-0.009181455,3.9025593,192.3711,0.1183304,0.4783189,192.3711,717,FC128,versus,2,4717,0.0546875,3.0195312,0.8359375,0.80859375
0.0,0.7265625,0.2578125,0.7387961,0.004765547,0.5458777,0.04494079,-0.013180827,3.642651,190.3789,0.123284765,0.478986,190.3789,718,FC128,versus,2,4718,0.05859375,3.1601562,0.80859375,0.85546875
0.00390625,0.62890625,0.2265625,0.74745274,0.004760085,0.5635649,0.046081427,-0.0086878855,3.9398432,191.07422,0.1166545,0.47965312,191.07422,719,FC128,versus,2,4719,0.06640625,3.265625,0.8203125,0.85546875
0.0,0.6640625,0.1875,0.76020396,0.0047546234,0.57847357,0.046427768,-0.004878554,3.9659858,193.21484,0.109841615,0.48032022,193.21484,720,FC128,versus,2,4720,0.0546875,3.265625,0.796875,0.87890625
0.00390625,0.63671875,0.22265625,0.74154025,0.0047491617,0.56311,0.046546105,-0.0065484256,3.8723323,191.92188,0.113232456,0.48098734,191.92188,721,FC128,versus,2,4721,0.0703125,3.2226562,0.79296875,0.85546875
0.0,0.765625,0.21484375,0.76261884,0.0047437004,0.557086,0.047102094,-0.0078559555,4.063233,191.99219,0.11715137,0.48165444,191.99219,722,FC128,versus,2,4722,0.09765625,3.1679688,0.83984375,0.8359375
0.00390625,0.7421875,0.1953125,0.7912936,0.0047382386,0.5805732,0.04125509,-0.011690829,4.0288253,192.30078,0.11339051,0.48232156,192.30078,723,FC128,versus,2,4723,0.05078125,3.0273438,0.82421875,0.83984375
0.00390625,0.8046875,0.1953125,0.78537846,0.004732777,0.5760875,0.0361607,-0.018963443,3.846512,192.39844,0.11768232,0.4829887,192.39844,724,FC128,versus,2,4724,0.08203125,2.8398438,0.8515625,0.7734375
0.0,0.81640625,0.20703125,0.7654087,0.004727315,0.5828036,0.04213489,-0.012632886,3.8832994,193.19531,0.11677221,0.48365578,193.19531,725,FC128,versus,2,4725,0.08203125,2.9609375,0.8203125,0.79296875
0.0,0.94921875,0.17578125,0.78975654,0.0047218534,0.5947808,0.05224485,-0.0017551669,4.508398,193.13281,0.115458265,0.4843229,193.13281,726,FC128,versus,2,4726,0.078125,2.96875,0.86328125,0.7421875
0.0,0.83203125,0.1953125,0.80990744,0.004716392,0.61213183,0.04365518,-0.010698541,4.1192265,191.03125,0.11634713,0.48499,191.03125,727,FC128,versus,2,4727,0.109375,2.7695312,0.859375,0.7890625
0.00390625,0.80078125,0.21484375,0.7837609,0.0047109304,0.6054201,0.046636287,-0.010364815,4.0190954,190.4375,0.12138669,0.48565713,190.4375,728,FC128,versus,2,4728,0.06640625,3.078125,0.82421875,0.8359375
0.0,0.82421875,0.1796875,0.789325,0.0047054687,0.6115998,0.047120184,-0.009007043,4.0775824,191.54688,0.119682744,0.48632422,191.54688,729,FC128,versus,2,4729,0.078125,2.9296875,0.8359375,0.7734375
0.0,0.80859375,0.19921875,0.79452294,0.004700007,0.58415383,0.045118455,-0.013698632,3.752446,190.1914,0.1251027,0.48699135,190.1914,730,FC128,versus,2,4730,0.0703125,2.875,0.84375,0.796875
0.0,0.78515625,0.1875,0.8060723,0.004694545,0.59732854,0.049121764,-0.0060961987,3.8527732,193.7539,0.11800421,0.48765844,193.7539,731,FC128,versus,2,4731,0.06640625,3.0039062,0.8125,0.8046875
0.0,0.94140625,0.19140625,0.7988643,0.004689084,0.59388626,0.056534972,-0.00017479018,4.263299,191.17969,0.12091141,0.48832557,191.17969,732,FC128,versus,2,4732,0.1328125,2.7734375,0.84375,0.75390625
0.0,0.8046875,0.140625,0.8335676,0.004683622,0.5805503,0.046448562,-0.0075302823,3.9855027,194.6875,0.11576592,0.48899266,194.6875,733,FC128,versus,2,4733,0.10546875,2.8125,0.85546875,0.74609375
0.0,0.78515625,0.20703125,0.7931881,0.0046781604,0.58152556,0.054710206,-0.0017395841,4.097145,192.10156,0.1203209,0.4896598,192.10156,734,FC128,versus,2,4734,0.08203125,3.09375,0.84375,0.80078125
0.0,0.796875,0.19921875,0.8060577,0.0046726987,0.56304777,0.053776342,-0.0040630726,3.9979768,191.16797,0.123211764,0.4903269,191.16797,735,FC128,versus,2,4735,0.078125,2.9804688,0.85546875,0.83203125
0.00390625,0.88671875,0.15625,0.8020266,0.004667237,0.6160519,0.050982364,-0.0025931548,4.341036,194.5664,0.11463754,0.490994,194.5664,736,FC128,versus,2,4736,0.08203125,3.1328125,0.85546875,0.82421875
0.0,0.8125,0.140625,0.81565595,0.0046617757,0.6248517,0.04781444,-0.0049622194,4.3505406,192.25,0.11315813,0.49166113,192.25,737,FC128,versus,2,4737,0.09765625,2.9882812,0.8515625,0.79296875
0.0,0.85546875,0.1484375,0.81065553,0.004656314,0.6220341,0.03942745,-0.012275383,4.1335497,193.19531,0.110955,0.49232823,193.19531,738,FC128,versus,2,4738,0.09375,2.7929688,0.8515625,0.73828125
0.0,0.7890625,0.171875,0.8011049,0.004650852,0.6176715,0.04651494,-0.0078436285,3.9904037,192.25,0.116168775,0.49299535,192.25,739,FC128,versus,2,4739,0.08203125,2.9335938,0.890625,0.78125
0.0,0.6796875,0.19921875,0.77758735,0.0046453904,0.59927905,0.040843055,-0.016331201,3.8091707,193.82031,0.121572904,0.49366245,193.82031,740,FC128,versus,2,4740,0.078125,3.0703125,0.84765625,0.78515625
0.0078125,0.77734375,0.2109375,0.77284384,0.0046399287,0.5832238,0.05350741,-0.0037035097,3.9716315,190.50781,0.12159372,0.49432957,190.50781,741,FC128,versus,2,4741,0.05078125,3.046875,0.84765625,0.83203125
0.0,0.84375,0.1953125,0.787599,0.0046344674,0.57589155,0.047217254,-0.010815462,3.8698545,191.07031,0.12336563,0.49499667,191.07031,742,FC128,versus,2,4742,0.12109375,2.7460938,0.84375,0.76171875
0.0,0.73828125,0.171875,0.78962773,0.0046290057,0.5708649,0.04897403,-0.0036383981,3.9432368,192.8789,0.11253524,0.4956638,192.8789,743,FC128,versus,2,4743,0.078125,2.9140625,0.80859375,0.7890625
0.0078125,0.7734375,0.19140625,0.80538875,0.004623544,0.58855325,0.052181248,0.0003917575,3.9727411,190.35938,0.11102648,0.4963309,190.35938,744,FC128,versus,2,4744,0.07421875,2.9335938,0.8671875,0.79296875
0.0,0.83203125,0.2265625,0.7989412,0.004618082,0.55771506,0.05619907,0.00017956768,4.0734186,188.40234,0.11941816,0.496998,188.40234,745,FC128,versus,2,4745,0.08984375,2.8867188,0.875,0.796875
0.01171875,0.75390625,0.19140625,0.7989393,0.0046126205,0.5782615,0.0479054,-0.004684148,3.9873972,192.67578,0.1125495,0.49766514,192.67578,746,FC128,versus,2,4746,0.08984375,3.03125,0.8359375,0.81640625
0.00390625,0.77734375,0.1953125,0.7697026,0.004607159,0.5940763,0.049929734,-0.004215551,4.0846806,192.0625,0.11538285,0.49833223,192.0625,747,FC128,versus,2,4747,0.05859375,3.1445312,0.82421875,0.8203125
0.00390625,0.70703125,0.2109375,0.76378095,0.0046016974,0.5983621,0.043370467,-0.009614667,3.916534,189.08984,0.11299965,0.49899936,189.08984,748,FC128,versus,2,4748,0.05859375,3.015625,0.83203125,0.83984375
0.00390625,0.7890625,0.203125,0.7809335,0.0045962357,0.58985454,0.04757039,-0.0074978685,4.2096357,191.82031,0.117315225,0.49966645,191.82031,749,FC128,versus,2,4749,0.07421875,3.1601562,0.8125,0.8359375
0.0,0.69140625,0.21875,0.79550344,0.004590774,0.62967855,0.03845942,-0.014291046,4.036474,189.14062,0.11280489,0.50033355,189.14062,750,FC128,versus,2,4750,0.08203125,3.0351562,0.828125,0.82421875
0.00390625,0.7265625,0.15625,0.79785013,0.004585312,0.5903034,0.038992666,-0.011902665,3.9341583,192.80469,0.10910744,0.5010007,192.80469,751,FC128,versus,2,4751,0.05859375,3.0039062,0.83203125,0.8359375
0.00390625,0.7734375,0.19921875,0.7935821,0.004579851,0.56192875,0.04393261,-0.011900034,3.9210286,191.91406,0.11893426,0.5016678,191.91406,752,FC128,versus,2,4752,0.1015625,2.9765625,0.8671875,0.82421875
0.0,0.7734375,0.1796875,0.8106474,0.004574389,0.5690808,0.048674386,-0.00593551,3.9577878,193.5,0.116636224,0.5023349,193.5,753,FC128,versus,2,4753,0.06640625,2.90625,0.81640625,0.796875
0.0,0.86328125,0.16015625,0.8233456,0.0045689275,0.5840055,0.05269107,4.8980277e-05,4.2282248,194.26953,0.11280779,0.503002,194.26953,754,FC128,versus,2,4754,0.09765625,2.8398438,0.83203125,0.7734375
0.00390625,0.7890625,0.18359375,0.80317,0.0045634657,0.5861843,0.053215772,0.00062428805,4.126529,193.17188,0.112513445,0.50366914,193.17188,755,FC128,versus,2,4755,0.08984375,2.9960938,0.82421875,0.796875
0.0,0.83203125,0.1953125,0.8121149,0.004558004,0.5677949,0.053950727,-0.0032031804,3.976162,190.26172,0.12171106,0.50433624,190.26172,756,FC128,versus,2,4756,0.0703125,2.8007812,0.859375,0.8046875
0.0,0.796875,0.15234375,0.80610424,0.0045525427,0.6009107,0.059443254,0.0060890834,4.236228,194.17188,0.114048,0.50500333,194.17188,757,FC128,versus,2,4757,0.078125,2.9882812,0.84765625,0.81640625
0.0,0.76953125,0.19921875,0.78808737,0.004547081,0.5725614,0.050727002,-0.00611115,3.8682282,192.84375,0.1208433,0.5056705,192.84375,758,FC128,versus,2,4758,0.12109375,3.0039062,0.83984375,0.78515625
0.0,0.78515625,0.1953125,0.7997269,0.004541619,0.5725329,0.051213406,-0.0064789923,3.8902047,190.13281,0.1226489,0.5063376,190.13281,759,FC128,versus,2,4759,0.0703125,2.8828125,0.85546875,0.78125
0.00390625,0.76171875,0.1640625,0.8106164,0.0045361575,0.6200026,0.050679654,-0.0019419771,4.363718,191.46875,0.11259743,0.5070047,191.46875,760,FC128,versus,2,4760,0.04296875,3.140625,0.86328125,0.84375
0.0078125,0.80859375,0.17578125,0.8011679,0.0045306957,0.6271288,0.0459251,-0.006885678,4.078166,192.02344,0.11288125,0.5076718,192.02344,761,FC128,versus,2,4761,0.10546875,3.046875,0.8125,0.79296875
0.0,0.78125,0.19140625,0.77751464,0.0045252345,0.6182013,0.047981307,-0.0051446557,4.2270603,191.71094,0.1132888,0.5083389,191.71094,762,FC128,versus,2,4762,0.0625,3.2421875,0.828125,0.82421875
0.0,0.69140625,0.16796875,0.78292596,0.0045197727,0.63365483,0.04089895,-0.011407224,3.958321,192.8789,0.11168964,0.509006,192.8789,763,FC128,versus,2,4763,0.046875,3.1523438,0.81640625,0.82421875
0.00390625,0.7578125,0.140625,0.7758838,0.004514311,0.61387026,0.044511754,-0.008314492,4.258726,195.0,0.11265766,0.5096731,195.0,764,FC128,versus,2,4764,0.09765625,3.0820312,0.80859375,0.8125
0.00390625,0.71484375,0.19140625,0.7556708,0.0045088492,0.6153674,0.04762401,-0.0043445593,4.124074,191.26172,0.110751554,0.5103402,191.26172,765,FC128,versus,2,4765,0.0625,3.2226562,0.8046875,0.8671875
0.0,0.7890625,0.171875,0.771524,0.0045033875,0.6085391,0.051669884,-0.0010194891,4.278349,192.91797,0.11232769,0.51100737,192.91797,766,FC128,versus,2,4766,0.10546875,3.0507812,0.8125,0.76171875
0.0,0.7890625,0.15625,0.78531337,0.004497926,0.6332271,0.03816813,-0.012122148,3.9995465,194.0586,0.10764512,0.51167446,194.0586,767,FC128,versus,2,4767,0.09375,3.0234375,0.8359375,0.74609375
0.0,0.8046875,0.1875,0.7640576,0.0044924645,0.5918901,0.051955406,-0.0015327049,4.1384954,192.35156,0.11384122,0.51234156,192.35156,768,FC128,versus,2,4768,0.10546875,3.1328125,0.8046875,0.82421875
0.0078125,0.7421875,0.18359375,0.8093887,0.0044870027,0.6146165,0.051491007,0.0013353298,4.2612486,190.76172,0.10757481,0.5130087,190.76172,769,FC128,versus,2,4769,0.04296875,3.203125,0.86328125,0.8828125
0.0078125,0.80859375,0.13671875,0.80586433,0.004481541,0.6064445,0.05347538,0.00089549343,4.3409286,193.02344,0.1123828,0.5136758,193.02344,770,FC128,versus,2,4770,0.09375,3.0664062,0.80859375,0.78515625
0.0,0.83984375,0.1640625,0.7856084,0.0044760793,0.59173954,0.04287214,-0.013130396,3.8697433,195.16797,0.11903796,0.5143429,195.16797,771,FC128,versus,2,4771,0.09765625,2.9804688,0.80078125,0.78515625
0.0,0.80859375,0.19921875,0.7671281,0.004470618,0.6015636,0.053189304,-0.0018452321,4.188215,192.2461,0.116928145,0.51501,192.2461,772,FC128,versus,2,4772,0.0625,3.1796875,0.80859375,0.81640625
0.0,0.7890625,0.18359375,0.77520686,0.0044651562,0.57166946,0.050765485,-0.0058465665,4.0912533,192.91406,0.120146945,0.51567715,192.91406,773,FC128,versus,2,4773,0.09765625,3.0742188,0.7734375,0.7890625
0.0,0.86328125,0.1953125,0.7833772,0.0044596945,0.586403,0.049118917,-0.008261147,4.100284,190.78516,0.121747375,0.51634425,190.78516,774,FC128,versus,2,4774,0.1015625,2.9726562,0.84765625,0.7890625
0.0,0.703125,0.19921875,0.7769342,0.0044542328,0.57801044,0.047588818,-0.0057033217,4.0252266,191.75,0.11350557,0.51701134,191.75,775,FC128,versus,2,4775,0.08203125,3.2148438,0.78515625,0.83203125
0.0,0.82421875,0.17578125,0.7738162,0.004448771,0.5418606,0.044938516,-0.008628877,3.9670405,192.39453,0.11401985,0.51767844,192.39453,776,FC128,versus,2,4776,0.05859375,3.15625,0.8046875,0.83984375
0.0,0.8359375,0.1640625,0.78667474,0.0044433097,0.5885044,0.046323862,-0.006485609,4.15014,193.98047,0.11260982,0.5183456,193.98047,777,FC128,versus,2,4777,0.09375,2.8945312,0.828125,0.76953125
0.0,0.9140625,0.20703125,0.7892016,0.004437848,0.57459205,0.046399377,-0.0072450154,4.1519074,188.88281,0.1142935,0.5190127,188.88281,778,FC128,versus,2,4778,0.10546875,2.9414062,0.85546875,0.77734375
0.0,0.81640625,0.19921875,0.7958223,0.0044323863,0.61210847,0.039675537,-0.013533045,3.8874252,191.92188,0.11347195,0.5196798,191.92188,779,FC128,versus,2,4779,0.09375,2.859375,0.83984375,0.765625
0.0,0.8984375,0.20703125,0.7920881,0.0044269245,0.5992627,0.051905878,-0.003421515,4.2509737,191.33984,0.11766782,0.52034694,191.33984,780,FC128,versus,2,4780,0.078125,2.8984375,0.859375,0.77734375
0.00390625,0.86328125,0.2109375,0.77958083,0.004421463,0.61275053,0.052532036,-0.0053898287,4.070185,189.91016,0.122737505,0.52101403,189.91016,781,FC128,versus,2,4781,0.08203125,2.9101562,0.86328125,0.79296875
0.0,0.875,0.20703125,0.79086703,0.0044160015,0.61088896,0.0504067,-0.0061656553,4.096258,191.13281,0.12012965,0.52168113,191.13281,782,FC128,versus,2,4782,0.11328125,2.8710938,0.8515625,0.796875
0.0,0.90625,0.1875,0.79174614,0.0044105398,0.58589333,0.052273102,-0.006319866,4.2652464,192.44922,0.12416999,0.5223482,192.44922,783,FC128,versus,2,4783,0.12890625,2.84375,0.85546875,0.7578125
0.00390625,0.8828125,0.14453125,0.79295015,0.004405078,0.63412833,0.04525801,-0.011177488,4.165735,195.57422,0.11985701,0.5230154,195.57422,784,FC128,versus,2,4784,0.09375,2.8320312,0.8359375,0.74609375
0.0,1.0234375,0.14453125,0.7906387,0.0043996163,0.62165505,0.04952271,-0.008112039,4.359294,194.99219,0.122226514,0.5236825,194.99219,785,FC128,versus,2,4785,0.109375,2.8359375,0.8203125,0.71875
0.00390625,0.84765625,0.1796875,0.7851178,0.0043941545,0.5952219,0.047012296,-0.010670682,4.1228466,191.02344,0.122265816,0.5243496,191.02344,786,FC128,versus,2,4786,0.1328125,2.7695312,0.85546875,0.73046875
0.00390625,0.84375,0.19921875,0.785625,0.0043886933,0.6060241,0.04775337,-0.008524878,4.1114388,192.51562,0.11945224,0.52501667,192.51562,787,FC128,versus,2,4787,0.078125,2.9492188,0.8515625,0.78515625
0.0,0.87109375,0.20703125,0.76277894,0.0043832315,0.57739925,0.053885426,-0.005154694,4.243581,191.64453,0.12476712,0.5256838,191.64453,788,FC128,versus,2,4788,0.0859375,3.2265625,0.8203125,0.81640625
0.00390625,0.8828125,0.19921875,0.764217,0.00437777,0.59565246,0.046512034,-0.009687082,4.057868,192.66016,0.119089365,0.5263509,192.66016,789,FC128,versus,2,4789,0.1171875,2.8710938,0.87109375,0.734375
0.0,0.83203125,0.21484375,0.7499702,0.004372308,0.59189343,0.04426516,-0.013233787,4.0743575,191.6914,0.121556096,0.527018,191.6914,790,FC128,versus,2,4790,0.08984375,3.1015625,0.83984375,0.80078125
0.01171875,0.9375,0.1875,0.77644724,0.0043668463,0.6011057,0.040462326,-0.016425576,4.11253,193.63672,0.120557055,0.52768517,193.63672,791,FC128,versus,2,4791,0.15234375,2.6875,0.8671875,0.7421875
0.0,0.81640625,0.15625,0.7620428,0.004361385,0.6277458,0.039839484,-0.016552256,4.047402,195.85547,0.1194306,0.52835226,195.85547,792,FC128,versus,2,4792,0.078125,2.9648438,0.82421875,0.79296875
0.0,0.90234375,0.1796875,0.7815343,0.0043559233,0.5953845,0.040405057,-0.016035007,4.0610743,193.30469,0.11968874,0.52901936,193.30469,793,FC128,versus,2,4793,0.109375,2.765625,0.83984375,0.765625
0.00390625,0.77734375,0.1875,0.7765999,0.0043504615,0.61246955,0.05062777,-0.005114984,4.0136156,191.46484,0.118242644,0.52968645,191.46484,794,FC128,versus,2,4794,0.0859375,2.8710938,0.86328125,0.79296875
0.0,0.9296875,0.19140625,0.76104087,0.004345,0.58516276,0.05615504,-0.0034050578,3.9870505,192.73438,0.12573364,0.5303536,192.73438,795,FC128,versus,2,4795,0.13671875,2.8203125,0.83984375,0.73828125
0.0,0.79296875,0.19921875,0.763321,0.004339538,0.6028373,0.052958403,-0.003875545,3.8083138,190.38672,0.12029282,0.5310207,190.38672,796,FC128,versus,2,4796,0.08203125,2.7539062,0.83984375,0.75390625
0.0,0.76953125,0.19921875,0.76779324,0.004334077,0.6050236,0.05924204,0.0019767783,3.923398,190.95312,0.12118587,0.5316878,190.95312,797,FC128,versus,2,4797,0.0546875,3.0273438,0.859375,0.8125
0.00390625,0.99609375,0.1875,0.7688385,0.004328615,0.59888136,0.06579553,0.0072674025,4.3329544,188.96094,0.123712264,0.5323549,188.96094,798,FC128,versus,2,4798,0.13671875,2.6875,0.8828125,0.7421875
0.0,0.984375,0.25,0.7352997,0.0043231533,0.583241,0.056645595,-0.0046455953,3.996131,188.72656,0.12894,0.53302205,188.72656,799,FC128,versus,2,4799,0.14453125,2.7734375,0.81640625,0.75
0.0,0.87890625,0.234375,0.73503464,0.0043176915,0.5595847,0.046653867,-0.013084245,3.7416277,191.00781,0.12582353,0.53368914,191.00781,800,FC128,versus,2,4800,0.078125,2.7734375,0.83984375,0.75390625
0.0,0.7890625,0.171875,0.7464134,0.00431223,0.5979872,0.045585494,-0.010436008,4.009548,191.57031,0.118480414,0.53435624,191.57031,801,FC128,versus,2,4801,0.0859375,2.7382812,0.90625,0.796875
0.00390625,0.859375,0.17578125,0.73851126,0.0043067685,0.59044415,0.04741032,-0.0082323,3.9822946,193.44531,0.11764643,0.5350234,193.44531,802,FC128,versus,2,4802,0.11328125,2.8007812,0.8515625,0.734375
0.0,0.8515625,0.21484375,0.74108684,0.004301307,0.57911456,0.04846441,-0.007655984,4.027553,188.21094,0.118616074,0.5356905,188.21094,803,FC128,versus,2,4803,0.1015625,2.7734375,0.87890625,0.76171875
0.00390625,0.875,0.24609375,0.712954,0.004295845,0.56347114,0.049341947,-0.00981126,3.9280539,192.1211,0.12443189,0.5363576,192.1211,804,FC128,versus,2,4804,0.12109375,3.0390625,0.8203125,0.77734375
0.00390625,0.8125,0.16015625,0.7414304,0.0042903833,0.5989461,0.048087023,-0.006049822,4.0606637,193.90625,0.114635736,0.5370247,193.90625,805,FC128,versus,2,4805,0.10546875,2.703125,0.859375,0.7421875
0.0,0.81640625,0.25,0.72556144,0.0042849216,0.5757098,0.052349757,-0.0076665822,3.815693,186.125,0.12625062,0.53769183,186.125,806,FC128,versus,2,4806,0.1015625,2.6367188,0.9140625,0.78125
0.0,0.86328125,0.15625,0.7220629,0.0042794603,0.5941566,0.055996697,0.0003939733,4.2249985,192.76562,0.11738553,0.5383589,192.76562,807,FC128,versus,2,4807,0.10546875,2.796875,0.890625,0.77734375
0.0,0.87109375,0.20703125,0.709059,0.0042739986,0.5772944,0.051746577,-0.007880231,3.753376,191.83203,0.12531465,0.539026,191.83203,808,FC128,versus,2,4808,0.08984375,2.7929688,0.796875,0.765625
0.0,0.8046875,0.2109375,0.7452688,0.004268537,0.59186566,0.04726265,-0.012105896,3.7327924,190.5039,0.12509951,0.5396931,190.5039,809,FC128,versus,2,4809,0.0859375,2.8125,0.8515625,0.7890625
0.0,0.921875,0.21875,0.7057422,0.004263075,0.58885074,0.06214823,0.002694035,3.925422,191.11719,0.12492566,0.5403603,191.11719,810,FC128,versus,2,4810,0.14453125,2.8203125,0.84765625,0.7109375
0.0,0.91015625,0.22265625,0.7263744,0.0042576133,0.59197867,0.05763472,-0.002398256,3.972175,190.52344,0.12625119,0.54102737,190.52344,811,FC128,versus,2,4811,0.12109375,2.828125,0.8671875,0.78125
0.0,1.0390625,0.1953125,0.744616,0.004252152,0.58546484,0.053318795,-0.007424871,3.9999154,193.98047,0.12781978,0.54169446,193.98047,812,FC128,versus,2,4812,0.140625,2.703125,0.83984375,0.671875
0.00390625,0.828125,0.20703125,0.7483463,0.0042466903,0.61810493,0.048467834,-0.008054832,3.7905893,191.91016,0.11940132,0.5423616,191.91016,813,FC128,versus,2,4813,0.08984375,2.8476562,0.8671875,0.76171875
0.00390625,0.94140625,0.1796875,0.7651483,0.0042412286,0.604681,0.05093678,-0.005904746,3.999726,190.65234,0.12017339,0.5430287,190.65234,814,FC128,versus,2,4814,0.13671875,2.6523438,0.875,0.734375
0.0,0.9453125,0.203125,0.7545025,0.004235767,0.5988768,0.05775612,-0.0021812175,4.063326,190.41797,0.12626646,0.5436958,190.41797,815,FC128,versus,2,4815,0.09765625,2.7382812,0.890625,0.7578125
0.0,0.96875,0.14453125,0.7812455,0.004230305,0.63534284,0.055948813,0.00076478993,4.218801,194.26172,0.116977856,0.5443629,194.26172,816,FC128,versus,2,4816,0.109375,2.796875,0.859375,0.75390625
0.00390625,0.796875,0.234375,0.7335912,0.004224844,0.59509236,0.055021122,-0.0068335244,3.777535,190.14844,0.1299079,0.54503006,190.14844,817,FC128,versus,2,4817,0.09765625,2.7578125,0.84375,0.78515625
0.00390625,0.8671875,0.18359375,0.7734727,0.004219382,0.62338287,0.054099984,-0.004072624,4.3228664,192.1914,0.122872375,0.54569715,192.1914,818,FC128,versus,2,4818,0.09375,2.8671875,0.87890625,0.78125
0.00390625,0.83984375,0.20703125,0.76199126,0.0042139203,0.6041053,0.04173746,-0.01748271,3.7323506,190.8086,0.124862276,0.54636425,190.8086,819,FC128,versus,2,4819,0.125,2.7890625,0.859375,0.75390625
0.0,0.9921875,0.15625,0.772233,0.0042084586,0.6106653,0.04425132,-0.012922386,4.1704416,193.05469,0.12084723,0.54703134,193.05469,820,FC128,versus,2,4820,0.16015625,2.671875,0.875,0.6875
0.0,0.765625,0.15625,0.77462673,0.004202997,0.5841509,0.040424258,-0.01659967,3.8729134,193.41797,0.120559365,0.5476985,193.41797,821,FC128,versus,2,4821,0.09375,2.8515625,0.859375,0.78125
0.0,0.71484375,0.2265625,0.7289514,0.0041975356,0.5537357,0.041881923,-0.016261457,3.7339547,191.60938,0.122406356,0.5483656,191.60938,822,FC128,versus,2,4822,0.08203125,3.1015625,0.8515625,0.8046875
0.0,0.92578125,0.18359375,0.7429154,0.004192074,0.56373703,0.05047111,-0.004332105,4.305583,194.08984,0.115835145,0.5490327,194.08984,823,FC128,versus,2,4823,0.109375,3.0351562,0.83203125,0.8125
0.0,0.80078125,0.19921875,0.7436469,0.004186612,0.5549524,0.04762481,-0.00893927,4.031821,192.32812,0.11935488,0.54969984,192.32812,824,FC128,versus,2,4824,0.0859375,2.96875,0.875,0.7578125
0.0,0.96484375,0.17578125,0.75592506,0.0041811503,0.57075894,0.04964607,-0.005378027,4.2409067,193.29688,0.11636946,0.55036694,193.29688,825,FC128,versus,2,4825,0.0625,2.96875,0.87109375,0.7890625
0.0,0.81640625,0.20703125,0.77092034,0.0041756886,0.580855,0.042803984,-0.01334521,3.7742462,188.42578,0.11873664,0.55103403,188.42578,826,FC128,versus,2,4826,0.0703125,2.7539062,0.890625,0.796875
0.0,0.8359375,0.171875,0.782202,0.0041702273,0.5673368,0.050362457,-0.0059786513,4.256405,193.96094,0.11920614,0.5517011,193.96094,827,FC128,versus,2,4827,0.09375,2.9960938,0.84765625,0.7890625
0.0,0.85546875,0.18359375,0.7715091,0.0041647656,0.59160507,0.04369694,-0.013970031,3.9977388,192.85156,0.12176026,0.5523683,192.85156,828,FC128,versus,2,4828,0.10546875,2.8203125,0.8828125,0.76171875
0.0,0.84375,0.1875,0.7592225,0.004159304,0.58803475,0.04585088,-0.01240218,3.9487128,192.20703,0.12282179,0.5530354,192.20703,829,FC128,versus,2,4829,0.0859375,2.8554688,0.86328125,0.78125
0.0,0.8515625,0.1875,0.7593868,0.004153842,0.60931766,0.054387197,-0.0036203454,4.0380135,191.16406,0.122323826,0.5537025,191.16406,830,FC128,versus,2,4830,0.08203125,2.7929688,0.8671875,0.7890625
0.00390625,0.859375,0.23046875,0.7501079,0.0041483804,0.5794573,0.05152936,-0.007032377,3.954382,191.09375,0.12334693,0.55436957,191.09375,831,FC128,versus,2,4831,0.07421875,3.0390625,0.83984375,0.81640625
0.00390625,0.76171875,0.1796875,0.75604874,0.004142919,0.6077188,0.05214192,-0.0023650208,4.0692306,192.85938,0.11527838,0.5550367,192.85938,832,FC128,versus,2,4832,0.0703125,3.0351562,0.87109375,0.81640625
0.0,0.77734375,0.2109375,0.7763817,0.0041374573,0.5938392,0.042707898,-0.014610144,3.996336,189.79688,0.12106058,0.5557038,189.79688,833,FC128,versus,2,4833,0.0859375,2.7773438,0.8671875,0.77734375
0.0,0.7421875,0.18359375,0.7455118,0.0041319956,0.5916416,0.04829095,-0.0070267906,4.0529327,193.53906,0.11679638,0.5563709,193.53906,834,FC128,versus,2,4834,0.07421875,3.0429688,0.8515625,0.8125
0.0,0.81640625,0.20703125,0.76413584,0.004126534,0.5949217,0.050124872,-0.0053584212,4.0078926,191.34375,0.11727305,0.55703807,191.34375,835,FC128,versus,2,4835,0.08203125,2.9765625,0.828125,0.8046875
0.0,0.91015625,0.21484375,0.75653166,0.004121072,0.5970244,0.05620235,-0.00030185975,4.2356305,192.40234,0.11924386,0.55770516,192.40234,836,FC128,versus,2,4836,0.07421875,3.0078125,0.83984375,0.82421875
0.00390625,0.859375,0.17578125,0.7731951,0.004115611,0.62325776,0.05255203,-0.0021304293,4.2294226,192.11328,0.11572926,0.55837226,192.11328,837,FC128,versus,2,4837,0.0703125,2.90625,0.87890625,0.79296875
0.0,0.85546875,0.20703125,0.7524522,0.004110149,0.592571,0.049950175,-0.008239808,4.1918073,191.23438,0.12256535,0.55903935,191.23438,838,FC128,versus,2,4838,0.08203125,2.984375,0.85546875,0.77734375
0.0,0.84765625,0.18359375,0.759854,0.0041046874,0.6151201,0.040003844,-0.017869523,3.9673667,192.4961,0.12198466,0.5597065,192.4961,839,FC128,versus,2,4839,0.07421875,2.84375,0.859375,0.7890625
0.0,0.86328125,0.1484375,0.78284866,0.0040992256,0.6335341,0.040546548,-0.014088989,4.0689116,192.41797,0.11568922,0.5603736,192.41797,840,FC128,versus,2,4840,0.10546875,2.7070312,0.8359375,0.7421875
0.0,0.80078125,0.1328125,0.7780872,0.004093764,0.61673695,0.04268296,-0.012914234,4.0234494,192.13672,0.117565,0.5610407,192.13672,841,FC128,versus,2,4841,0.06640625,2.765625,0.85546875,0.79296875
0.0,0.90625,0.17578125,0.7513873,0.0040883026,0.61864173,0.048975423,-0.0077370214,4.250119,193.34375,0.11956869,0.5617078,193.34375,842,FC128,versus,2,4842,0.08984375,3.0351562,0.84375,0.7734375
0.00390625,0.87109375,0.203125,0.75728005,0.004082841,0.59292644,0.044108182,-0.013016083,3.9068365,189.98047,0.120432235,0.56237495,189.98047,843,FC128,versus,2,4843,0.10546875,2.8320312,0.8359375,0.76171875
0.00390625,0.93359375,0.1484375,0.7684715,0.004077379,0.619359,0.050289355,-0.0043980237,4.376567,194.96875,0.11564146,0.56304204,194.96875,844,FC128,versus,2,4844,0.0859375,2.9453125,0.8359375,0.7734375
0.0,0.7421875,0.2109375,0.7407709,0.0040719174,0.57792354,0.048929464,-0.0069049876,3.8426533,190.88281,0.11770162,0.56370914,190.88281,845,FC128,versus,2,4845,0.0859375,2.8828125,0.8125,0.80859375
0.0,0.6796875,0.2265625,0.7481624,0.0040664556,0.6012064,0.052605346,-0.0044746725,4.084174,191.29688,0.12024478,0.5643763,191.29688,846,FC128,versus,2,4846,0.07421875,3.1367188,0.87890625,0.84765625
0.0,0.7578125,0.1796875,0.75127,0.0040609944,0.5918452,0.044156425,-0.0093885595,3.9388974,191.94922,0.113191776,0.5650434,191.94922,847,FC128,versus,2,4847,0.078125,2.953125,0.82421875,0.80078125
0.0,0.73046875,0.203125,0.73604345,0.0040555326,0.597002,0.044985123,-0.008976751,3.8652363,193.69531,0.113893844,0.5657105,193.69531,848,FC128,versus,2,4848,0.0625,3.078125,0.8125,0.8203125
0.0078125,0.86328125,0.1953125,0.7203861,0.004050071,0.58268374,0.05176758,-0.0036800713,3.9900143,190.74219,0.11673053,0.5663776,190.74219,849,FC128,versus,2,4849,0.1171875,2.8242188,0.80078125,0.7734375
0.0,0.8359375,0.12890625,0.7477926,0.004044609,0.6074642,0.04790271,-0.006719276,4.1865387,193.69531,0.11529303,0.56704473,193.69531,850,FC128,versus,2,4850,0.10546875,2.921875,0.86328125,0.78515625
0.0,0.94921875,0.1484375,0.7541714,0.0040391474,0.58394146,0.050980896,-0.005481123,4.2340336,193.91797,0.11901646,0.56771183,193.91797,851,FC128,versus,2,4851,0.09765625,2.8203125,0.87109375,0.73828125
0.0,0.98828125,0.14453125,0.7432677,0.004033686,0.6218897,0.046342187,-0.009720427,4.3076377,192.79297,0.118121445,0.5683789,192.79297,852,FC128,versus,2,4852,0.125,2.5273438,0.875,0.671875
0.0,0.890625,0.203125,0.73282695,0.0040282244,0.59472865,0.051088776,-0.00819855,4.1288533,189.6836,0.12447864,0.569046,189.6836,853,FC128,versus,2,4853,0.1015625,2.9414062,0.8828125,0.80078125
0.00390625,0.8828125,0.15625,0.7540329,0.0040227626,0.61736155,0.055731162,-0.0024082738,4.4489145,191.10156,0.12234546,0.5697132,191.10156,854,FC128,versus,2,4854,0.11328125,2.8242188,0.87890625,0.7890625
0.00390625,1.0625,0.1484375,0.75061226,0.004017301,0.62364995,0.051074184,-0.005965921,4.5313168,190.80078,0.120111085,0.5703803,190.80078,855,FC128,versus,2,4855,0.1640625,2.6484375,0.8828125,0.7265625
0.0,0.91015625,0.1796875,0.7380732,0.004011839,0.62770766,0.050855756,-0.0057224315,4.130196,193.46094,0.119078435,0.57104737,193.46094,856,FC128,versus,2,4856,0.0703125,2.8984375,0.8359375,0.765625
0.0,0.8984375,0.1875,0.74092126,0.004006378,0.619262,0.05348743,-0.005127618,4.3380175,190.85547,0.12316692,0.57171446,190.85547,857,FC128,versus,2,4857,0.08984375,3.015625,0.8671875,0.78125
0.00390625,0.84765625,0.18359375,0.7328816,0.004000916,0.62699527,0.051171843,-0.007974681,4.087426,189.85938,0.12415744,0.5723816,189.85938,858,FC128,versus,2,4858,0.08984375,2.8125,0.87109375,0.76171875
0.0,0.88671875,0.20703125,0.7389604,0.0039954544,0.6216425,0.051376745,-0.006687721,3.9663458,189.86328,0.122033894,0.5730487,189.86328,859,FC128,versus,2,4859,0.10546875,2.7265625,0.83203125,0.74609375
0.0,0.85546875,0.1640625,0.75097585,0.0039899927,0.6200361,0.05016664,-0.0066355593,4.098532,193.1875,0.119597174,0.5737158,193.1875,860,FC128,versus,2,4860,0.08984375,2.90625,0.87890625,0.80078125
0.0,0.84765625,0.19921875,0.72498065,0.003984531,0.61712444,0.052451476,-0.0045261486,4.0795765,192.61328,0.11973267,0.57438296,192.61328,861,FC128,versus,2,4861,0.0625,2.9492188,0.84765625,0.80859375
0.0,0.8828125,0.16796875,0.74628687,0.0039790696,0.64784575,0.0539016,-0.0005149178,4.5253453,190.13672,0.11477209,0.57505006,190.13672,862,FC128,versus,2,4862,0.08203125,2.9257812,0.89453125,0.79296875
0.0,0.96875,0.1328125,0.7657136,0.003973608,0.626433,0.05165708,-0.00384796,4.3653307,193.16406,0.11709537,0.57571715,193.16406,863,FC128,versus,2,4863,0.1171875,2.6796875,0.87890625,0.703125
0.0,0.9296875,0.1875,0.74883837,0.003968146,0.63521993,0.051280234,-0.0069655697,4.0884247,192.27344,0.12243461,0.57638425,192.27344,864,FC128,versus,2,4864,0.1171875,2.8515625,0.8828125,0.78125
0.0,0.83203125,0.19140625,0.73885995,0.0039626844,0.6241269,0.05572698,-0.004493189,4.0495567,192.85156,0.12629607,0.5770514,192.85156,865,FC128,versus,2,4865,0.09375,2.9140625,0.87109375,0.765625
0.0,0.84765625,0.1953125,0.74806607,0.0039572227,0.59780127,0.046183042,-0.015445143,3.857834,193.28906,0.1291769,0.5777185,193.28906,866,FC128,versus,2,4866,0.14453125,2.8203125,0.84375,0.74609375
0.0,0.87109375,0.1484375,0.75597215,0.0039517614,0.6492135,0.04876685,-0.007511094,4.286993,194.17578,0.118530735,0.5783856,194.17578,867,FC128,versus,2,4867,0.11328125,2.8710938,0.88671875,0.76171875
0.0,0.859375,0.19140625,0.72692555,0.0039462997,0.5788739,0.04992235,-0.010550802,4.0122933,193.66406,0.12668364,0.5790527,193.66406,868,FC128,versus,2,4868,0.08984375,2.9453125,0.8203125,0.78125
0.0,0.6875,0.1953125,0.7402353,0.003940838,0.57797116,0.04108194,-0.01481462,3.668879,190.34375,0.11762741,0.57971984,190.34375,869,FC128,versus,2,4869,0.09375,2.8398438,0.83984375,0.8125
0.0,0.828125,0.2421875,0.72476447,0.003935376,0.57706267,0.047081023,-0.011525504,3.7264876,192.57422,0.122917496,0.58038694,192.57422,870,FC128,versus,2,4870,0.1015625,2.8867188,0.80078125,0.78515625
0.0,0.796875,0.23828125,0.7227501,0.0039299144,0.56383,0.053318508,-0.0052687973,3.9003377,189.67578,0.122855306,0.58105403,189.67578,871,FC128,versus,2,4871,0.109375,2.8398438,0.86328125,0.76171875
0.0,0.7578125,0.1796875,0.75860095,0.003924453,0.5831144,0.0448131,-0.010368701,3.8970432,193.92188,0.116317794,0.5817212,193.92188,872,FC128,versus,2,4872,0.08203125,2.9648438,0.875,0.78515625
0.00390625,0.88671875,0.1640625,0.75865173,0.0039189914,0.6196196,0.054693144,0.0013082103,4.3416805,192.2539,0.11271617,0.5823883,192.2539,873,FC128,versus,2,4873,0.11328125,2.828125,0.85546875,0.7578125
0.0,0.9453125,0.17578125,0.76104546,0.0039135297,0.60360265,0.05389011,-0.002476389,4.210196,191.44531,0.118689746,0.5830554,191.44531,874,FC128,versus,2,4874,0.109375,2.6953125,0.85546875,0.74609375
0.0,0.8828125,0.15625,0.7617962,0.003908068,0.5977373,0.04773861,-0.008266415,3.9764755,193.95703,0.11796436,0.5837225,193.95703,875,FC128,versus,2,4875,0.12109375,2.6914062,0.91015625,0.7421875
0.0,0.69921875,0.21875,0.73012084,0.0039026062,0.6093059,0.047455076,-0.012695343,3.7505941,188.55469,0.12599958,0.5843896,188.55469,876,FC128,versus,2,4876,0.06640625,2.8320312,0.87109375,0.82421875
0.0,0.91796875,0.16796875,0.72586,0.003897145,0.63324255,0.05113593,-0.008429405,4.2545505,193.26562,0.12478823,0.5850567,193.26562,877,FC128,versus,2,4877,0.1171875,2.8398438,0.87109375,0.7421875
0.00390625,0.859375,0.2421875,0.7278758,0.0038916832,0.6098231,0.052312147,-0.007638239,3.7766914,188.59375,0.1255661,0.5857238,188.59375,878,FC128,versus,2,4878,0.1328125,2.671875,0.84765625,0.765625
0.00390625,0.87109375,0.19140625,0.7461127,0.0038862214,0.5938586,0.048981287,-0.011524386,3.696385,191.51953,0.12681046,0.5863909,191.51953,879,FC128,versus,2,4879,0.08984375,2.6328125,0.91015625,0.73828125
0.0,0.84765625,0.23046875,0.73984975,0.0038807597,0.5977632,0.052672043,-0.0075861593,3.7009993,188.16406,0.12625876,0.58705807,188.16406,880,FC128,versus,2,4880,0.0859375,2.7460938,0.87890625,0.75390625
0.0,0.91015625,0.19140625,0.75147754,0.003875298,0.5964096,0.064202,0.005515542,4.0326085,191.77734,0.12319733,0.58772516,191.77734,881,FC128,versus,2,4881,0.12890625,2.7578125,0.85546875,0.73046875
0.0,0.8203125,0.171875,0.77165776,0.0038698367,0.61277795,0.057698954,0.0026281076,4.0695186,193.02734,0.11611407,0.58839226,193.02734,882,FC128,versus,2,4882,0.1015625,2.7851562,0.88671875,0.76953125
0.0,0.87109375,0.1875,0.75904137,0.003864375,0.5785762,0.05130002,-0.004920248,3.9066062,191.07422,0.11830697,0.5890594,191.07422,883,FC128,versus,2,4883,0.09375,2.6796875,0.86328125,0.76171875
0.0,0.9609375,0.19921875,0.7454983,0.0038589132,0.58341056,0.055020247,-0.0018202679,4.1772356,191.11719,0.119434655,0.5897265,191.11719,884,FC128,versus,2,4884,0.14453125,2.6757812,0.875,0.72265625
0.00390625,0.84765625,0.13671875,0.7778899,0.0038534515,0.6038594,0.044167735,-0.011683513,4.007075,194.8789,0.11769762,0.5903936,194.8789,885,FC128,versus,2,4885,0.078125,2.7851562,0.8671875,0.76953125
0.0,0.875,0.2109375,0.7255504,0.0038479897,0.6078886,0.058876242,0.00062007137,4.1297226,191.98047,0.122096166,0.5910607,191.98047,886,FC128,versus,2,4886,0.09765625,2.859375,0.85546875,0.78125
0.0,0.8515625,0.17578125,0.7549834,0.0038425284,0.6240722,0.039540887,-0.018488616,3.8546505,191.95703,0.12186109,0.59172785,191.95703,887,FC128,versus,2,4887,0.10546875,2.65625,0.87890625,0.7734375
0.00390625,0.85546875,0.2109375,0.7516601,0.0038370667,0.598209,0.04160832,-0.018292354,3.894919,191.82812,0.12556969,0.59239495,191.82812,888,FC128,versus,2,4888,0.12109375,2.8476562,0.8828125,0.75
0.0,0.79296875,0.19140625,0.73486394,0.003831605,0.6139178,0.04167054,-0.014531087,3.8444173,191.54297,0.11803467,0.59306204,191.54297,889,FC128,versus,2,4889,0.109375,2.8242188,0.82421875,0.78125
0.0,0.8671875,0.23828125,0.73508924,0.0038261432,0.5841056,0.054802597,-0.0031476284,4.0273447,189.53125,0.12152556,0.59372914,189.53125,890,FC128,versus,2,4890,0.078125,2.8554688,0.88671875,0.80078125
0.0,0.859375,0.13671875,0.77040255,0.0038206815,0.605784,0.05178918,-0.004294531,4.1529512,193.9336,0.118054345,0.5943963,193.9336,891,FC128,versus,2,4891,0.1171875,2.75,0.88671875,0.765625
0.0,0.9765625,0.20703125,0.73460305,0.0038152202,0.5803156,0.056966737,-0.0017067237,4.1323495,191.48438,0.12295227,0.5950634,191.48438,892,FC128,versus,2,4892,0.08203125,2.9492188,0.84375,0.78125
0.0,0.875,0.19140625,0.76665413,0.0038097585,0.62035924,0.050919365,-0.0038561106,4.176732,190.9375,0.115392484,0.5957305,190.9375,893,FC128,versus,2,4893,0.0859375,2.875,0.89453125,0.78125
0.0,0.74609375,0.21875,0.7356999,0.0038042967,0.5862942,0.04827057,-0.009498744,3.7952251,190.1289,0.12113627,0.59639764,190.1289,894,FC128,versus,2,4894,0.07421875,2.8984375,0.859375,0.796875
0.0,0.7578125,0.18359375,0.7376713,0.003798835,0.6027999,0.047118172,-0.010289708,3.9712105,191.80078,0.120420344,0.59706473,191.80078,895,FC128,versus,2,4895,0.0546875,2.859375,0.85546875,0.77734375
0.00390625,0.8359375,0.1796875,0.7394044,0.0037933732,0.60907835,0.0467654,-0.011180974,3.9585664,192.69922,0.12150242,0.5977318,192.69922,896,FC128,versus,2,4896,0.10546875,2.734375,0.8671875,0.76171875
0.0,0.92578125,0.15234375,0.7672596,0.003787912,0.62530375,0.0491841,-0.007558339,4.1635785,193.0625,0.1192975,0.5983989,193.0625,897,FC128,versus,2,4897,0.1328125,2.6953125,0.875,0.765625
0.0078125,0.921875,0.15625,0.7616471,0.0037824502,0.5946489,0.05442006,-0.0045609013,4.1637793,195.05078,0.123723716,0.5990661,195.05078,898,FC128,versus,2,4898,0.08203125,2.90625,0.87890625,0.79296875
0.0,0.92578125,0.19140625,0.7452073,0.0037769885,0.57636845,0.0553349,-0.0069435993,4.0134883,193.08594,0.13018627,0.5997332,193.08594,899,FC128,versus,2,4899,0.1171875,2.8242188,0.8359375,0.73828125
0.0,0.8203125,0.17578125,0.75543875,0.0037715267,0.579794,0.05172984,-0.008852535,3.7740512,193.6836,0.12686306,0.60040027,193.6836,900,FC128,versus,2,4900,0.12890625,2.6523438,0.8359375,0.7421875
0.0,0.96484375,0.1796875,0.7632461,0.003766065,0.58589447,0.048354488,-0.011263024,4.030593,193.40234,0.12498389,0.60106736,193.40234,901,FC128,versus,2,4901,0.140625,2.7070312,0.88671875,0.73828125
0.0,0.87890625,0.19921875,0.744248,0.0037606037,0.57621074,0.05229098,-0.007094463,4.0391073,192.69922,0.124368526,0.6017345,192.69922,902,FC128,versus,2,4902,0.109375,2.8867188,0.85546875,0.79296875
0.0,0.89453125,0.2109375,0.75673753,0.003755142,0.5960622,0.04697599,-0.009389782,3.8006978,191.78516,0.11841485,0.6024016,191.78516,903,FC128,versus,2,4903,0.0859375,2.8945312,0.86328125,0.8046875
0.0,0.82421875,0.23828125,0.7339485,0.0037496802,0.5836595,0.047020525,-0.010209629,3.8542783,187.6211,0.11996445,0.6030687,187.6211,904,FC128,versus,2,4904,0.0859375,2.8554688,0.83984375,0.796875
0.00390625,0.96875,0.19140625,0.7544054,0.0037442185,0.6062412,0.049002275,-0.0073783356,4.181291,192.8164,0.118410535,0.60373586,192.8164,905,FC128,versus,2,4905,0.14453125,2.6796875,0.8828125,0.6796875
0.0,0.8828125,0.19140625,0.7673215,0.0037387568,0.6084213,0.0456236,-0.008499399,4.0938644,190.97656,0.11398365,0.60440296,190.97656,906,FC128,versus,2,4906,0.08984375,2.8320312,0.84375,0.76171875
0.0,0.83984375,0.203125,0.7500915,0.0037332955,0.6098132,0.047212817,-0.00988963,3.9673114,189.03516,0.119805515,0.60507005,189.03516,907,FC128,versus,2,4907,0.078125,2.7929688,0.89453125,0.79296875
0.0,0.97265625,0.1484375,0.7694748,0.0037278337,0.6368642,0.05105889,-0.0030585036,4.344309,194.54688,0.11397173,0.60573715,194.54688,908,FC128,versus,2,4908,0.125,2.703125,0.84765625,0.7578125
0.0,0.8359375,0.21484375,0.7483092,0.003722372,0.5989766,0.04947579,-0.010148735,3.7554574,190.47656,0.12482002,0.6064043,190.47656,909,FC128,versus,2,4909,0.09765625,2.8085938,0.85546875,0.7734375
0.00390625,0.85546875,0.1875,0.7498451,0.0037169103,0.61977696,0.05074946,-0.0074250456,4.0391855,189.51953,0.121923216,0.6070714,189.51953,910,FC128,versus,2,4910,0.12890625,2.703125,0.91015625,0.76171875
0.0,0.8359375,0.1640625,0.7688397,0.0037114485,0.6346565,0.053799298,-0.00083371205,4.0677047,192.21094,0.11497304,0.6077385,192.21094,911,FC128,versus,2,4911,0.08203125,2.7695312,0.86328125,0.78125
0.00390625,0.87890625,0.2109375,0.72422427,0.0037059872,0.59981716,0.064381,0.005337488,4.1397943,190.17188,0.12345497,0.6084056,190.17188,912,FC128,versus,2,4912,0.0859375,2.9375,0.828125,0.7890625
0.00390625,0.8671875,0.203125,0.71810585,0.0037005255,0.5992532,0.059104092,-0.0019129595,3.9543333,193.29688,0.12734884,0.60907274,193.29688,913,FC128,versus,2,4913,0.1171875,2.8945312,0.83984375,0.7578125
0.00390625,0.85546875,0.1953125,0.736159,0.0036950638,0.59940255,0.05284312,-0.005378794,3.9621603,191.83984,0.12188414,0.60973984,191.83984,914,FC128,versus,2,4914,0.08984375,2.9179688,0.8515625,0.78125
0.00390625,0.8984375,0.234375,0.7222167,0.003689602,0.6047909,0.052199252,-0.005021187,3.980583,191.66016,0.119770266,0.61040694,191.66016,915,FC128,versus,2,4915,0.1015625,3.0195312,0.8359375,0.77734375
0.00390625,0.7890625,0.16796875,0.7559234,0.0036841403,0.6183702,0.0429571,-0.0128782885,3.8956854,192.46875,0.11724063,0.6110741,192.46875,916,FC128,versus,2,4916,0.09765625,2.8398438,0.87109375,0.76953125
0.00390625,0.890625,0.2109375,0.7397796,0.003678679,0.63167155,0.047402684,-0.008318331,4.037739,192.41406,0.11688485,0.6117412,192.41406,917,FC128,versus,2,4917,0.078125,2.65625,0.87890625,0.78515625
0.0,1.0039062,0.16796875,0.7663854,0.0036732173,0.6122211,0.04843468,-0.007902006,4.2349067,191.64062,0.11830357,0.6124083,191.64062,918,FC128,versus,2,4918,0.12890625,2.6601562,0.86328125,0.72265625
0.0,0.84765625,0.16796875,0.76928985,0.0036677555,0.59872377,0.043341044,-0.013318308,4.036368,190.98438,0.11896184,0.6130754,190.98438,919,FC128,versus,2,4919,0.1171875,2.6015625,0.91015625,0.75
0.00390625,0.9765625,0.1953125,0.74781865,0.0036622938,0.57656336,0.046240866,-0.013572175,4.0011067,192.0664,0.12510355,0.61374253,192.0664,920,FC128,versus,2,4920,0.1640625,2.640625,0.8671875,0.72265625
0.0,0.95703125,0.19921875,0.7446741,0.003656832,0.56044793,0.05654248,-0.004905341,4.090483,193.36719,0.12834194,0.6144096,193.36719,921,FC128,versus,2,4921,0.1328125,2.734375,0.859375,0.75
0.0,0.90625,0.22265625,0.7363657,0.0036513708,0.5709712,0.04828563,-0.013150473,3.7040854,191.17188,0.12824969,0.6150767,191.17188,922,FC128,versus,2,4922,0.140625,2.6328125,0.8515625,0.74609375
0.0,0.98828125,0.234375,0.7428187,0.003645909,0.57600474,0.05966953,-0.00040410997,4.02406,191.01562,0.12556377,0.6157438,191.01562,923,FC128,versus,2,4923,0.08984375,2.8320312,0.8203125,0.75390625
0.0,0.875,0.14453125,0.8026909,0.0036404473,0.60223746,0.054613356,0.0001446604,4.260172,190.65234,0.1147817,0.616411,190.65234,924,FC128,versus,2,4924,0.1171875,2.6914062,0.9140625,0.73828125
0.0,0.93359375,0.19140625,0.7608857,0.0036349855,0.58503485,0.05153057,-0.0073165116,4.0269465,192.41797,0.12322578,0.61707807,192.41797,925,FC128,versus,2,4925,0.1015625,2.8671875,0.859375,0.7734375
0.00390625,0.94140625,0.1640625,0.7783684,0.0036295238,0.6278038,0.052994315,-0.001820688,4.112342,194.60156,0.11528022,0.61774516,194.60156,926,FC128,versus,2,4926,0.09375,2.8203125,0.875,0.74609375
0.0,0.90625,0.18359375,0.75333893,0.0036240625,0.609023,0.053485528,-0.0039022716,4.00004,193.73828,0.12023589,0.6184123,193.73828,927,FC128,versus,2,4927,0.12109375,2.8398438,0.81640625,0.7109375
0.0,0.87109375,0.15234375,0.7459398,0.0036186008,0.6379273,0.05561826,-0.0006826134,4.287565,193.25781,0.11800027,0.6190794,193.25781,928,FC128,versus,2,4928,0.08984375,2.8945312,0.8359375,0.7734375
0.0,0.921875,0.12109375,0.7614497,0.003613139,0.66585135,0.050234314,-0.0059203086,4.4136906,195.1836,0.117811695,0.6197465,195.1836,929,FC128,versus,2,4929,0.09765625,2.7851562,0.86328125,0.75390625
0.00390625,0.78125,0.125,0.7845437,0.0036076773,0.65007937,0.039528914,-0.014798023,3.9648993,195.42969,0.11431463,0.6204136,195.42969,930,FC128,versus,2,4930,0.125,2.7578125,0.85546875,0.7578125
0.0,0.85546875,0.171875,0.74731994,0.0036022156,0.6324234,0.054362584,-0.001972793,4.206745,193.78516,0.11805477,0.62108076,193.78516,931,FC128,versus,2,4931,0.10546875,2.9492188,0.81640625,0.8046875
0.00390625,1.0234375,0.171875,0.7677033,0.0035967543,0.6190698,0.051081948,-0.007080889,4.170842,190.6211,0.12184816,0.62174785,190.6211,932,FC128,versus,2,4932,0.12890625,2.4765625,0.8828125,0.64453125
0.0,0.98828125,0.140625,0.7758751,0.0035912925,0.6294804,0.057738025,0.0009374395,4.3359065,194.2461,0.11917396,0.62241495,194.2461,933,FC128,versus,2,4933,0.10546875,2.8554688,0.8671875,0.7421875
0.00390625,1.03125,0.171875,0.7630739,0.0035858308,0.62341356,0.060235396,-0.0002089898,4.4190044,191.76562,0.12636128,0.62308204,191.76562,934,FC128,versus,2,4934,0.1328125,2.7226562,0.88671875,0.71484375
0.0,0.9375,0.16796875,0.75708914,0.003580369,0.5919801,0.057567835,-0.002181822,4.3630924,193.63672,0.12492063,0.6237492,193.63672,935,FC128,versus,2,4935,0.12890625,2.9453125,0.87890625,0.7421875
0.0,0.91796875,0.203125,0.75195974,0.0035749073,0.60910237,0.054329686,-0.0061984397,4.1186447,189.76172,0.12643263,0.6244163,189.76172,936,FC128,versus,2,4936,0.11328125,2.8476562,0.88671875,0.76171875
0.00390625,0.98046875,0.16796875,0.7678351,0.003569446,0.58904314,0.050582096,-0.010247368,4.173631,192.39453,0.12714042,0.6250834,192.39453,937,FC128,versus,2,4937,0.11328125,2.796875,0.8671875,0.75390625
0.0,0.92578125,0.125,0.76900095,0.0035639843,0.63094187,0.044193882,-0.01272113,4.1687326,196.46094,0.11931144,0.62575054,196.46094,938,FC128,versus,2,4938,0.10546875,2.7695312,0.8671875,0.76171875
0.0,0.8203125,0.16796875,0.73501056,0.0035585226,0.6399979,0.04661832,-0.009443086,4.0412874,192.73047,0.117353916,0.62641764,192.73047,939,FC128,versus,2,4939,0.08984375,2.8203125,0.8828125,0.7578125
0.00390625,0.80078125,0.17578125,0.7654338,0.0035530608,0.6211462,0.038422547,-0.020604076,3.7240071,192.32031,0.12349251,0.62708473,192.32031,940,FC128,versus,2,4940,0.08984375,2.6679688,0.87890625,0.7578125
0.0,0.8984375,0.17578125,0.7581111,0.003547599,0.6230581,0.04843463,-0.008429179,4.236101,192.30469,0.11910657,0.6277518,192.30469,941,FC128,versus,2,4941,0.10546875,2.8632812,0.87109375,0.76171875
0.00390625,0.94140625,0.1875,0.7405329,0.0035421378,0.5942749,0.05984657,0.00044559757,4.1844344,191.32031,0.124048084,0.628419,191.32031,942,FC128,versus,2,4942,0.1015625,2.8242188,0.85546875,0.765625
0.0,0.84375,0.203125,0.71742,0.003536676,0.6099756,0.05246517,-0.0066915145,3.8174653,191.89453,0.12338794,0.6290861,191.89453,943,FC128,versus,2,4943,0.0859375,2.8515625,0.890625,0.796875
0.0,0.93359375,0.15234375,0.74552256,0.0035312143,0.64872634,0.06292231,0.005531743,4.409875,192.10547,0.12004633,0.6297532,192.10547,944,FC128,versus,2,4944,0.08203125,2.828125,0.9140625,0.7734375
0.0,1.0195312,0.20703125,0.7183607,0.0035257526,0.62409407,0.060548987,-0.001227618,4.1354475,189.92969,0.12861873,0.63042027,189.92969,945,FC128,versus,2,4945,0.1171875,2.7265625,0.8671875,0.73828125
0.00390625,0.84375,0.140625,0.75480103,0.0035202908,0.64263767,0.05005793,-0.008563644,4.1057663,194.375,0.12255739,0.6310874,194.375,946,FC128,versus,2,4946,0.09765625,2.8554688,0.88671875,0.7734375
0.00390625,1.0,0.17578125,0.7214953,0.0035148296,0.62549174,0.055525582,-0.0077833286,4.243625,192.47656,0.13168968,0.6317545,192.47656,947,FC128,versus,2,4947,0.1171875,2.7695312,0.85546875,0.72265625
0.0078125,0.859375,0.2109375,0.7132102,0.0035093678,0.60682106,0.050572205,-0.012218426,3.8408954,188.76562,0.1305871,0.6324216,188.76562,948,FC128,versus,2,4948,0.09765625,2.6796875,0.87890625,0.76953125
0.0,0.8828125,0.23046875,0.72998977,0.003503906,0.5858876,0.048642818,-0.014158708,3.81279,188.01953,0.13071868,0.63308877,188.01953,949,FC128,versus,2,4949,0.109375,2.640625,0.87109375,0.75
0.0078125,1.0742188,0.14453125,0.7463412,0.0034984443,0.6301626,0.05304569,-0.0044074673,4.4349627,193.58984,0.12012838,0.63375586,193.58984,950,FC128,versus,2,4950,0.16015625,2.640625,0.92578125,0.703125
0.0,0.828125,0.23828125,0.72929174,0.0034929826,0.609685,0.042743903,-0.016558426,3.6723921,188.96875,0.12369946,0.63442296,188.96875,951,FC128,versus,2,4951,0.10546875,2.7460938,0.87890625,0.765625
0.0,0.953125,0.14453125,0.7533507,0.0034875213,0.6009291,0.04234028,-0.013167879,3.9956086,194.42969,0.116270974,0.63509005,194.42969,952,FC128,versus,2,4952,0.125,2.7148438,0.8671875,0.74609375
0.0,0.90625,0.18359375,0.74861234,0.0034820596,0.5906689,0.045759954,-0.013299232,3.951717,194.01172,0.1233318,0.6357572,194.01172,953,FC128,versus,2,4953,0.125,2.671875,0.89453125,0.6953125
0.0,1.1289062,0.14453125,0.75049883,0.0034765978,0.611729,0.0630612,0.0060275514,4.6818576,194.3164,0.119285665,0.6364243,194.3164,954,FC128,versus,2,4954,0.16015625,2.6757812,0.87109375,0.67578125
0.0,0.85546875,0.19921875,0.72416914,0.003471136,0.60673153,0.05059762,-0.009272767,3.955052,192.28125,0.12476815,0.6370914,192.28125,955,FC128,versus,2,4955,0.09765625,2.6835938,0.8828125,0.75
0.0,0.9140625,0.2109375,0.73412263,0.0034656744,0.60375834,0.049038857,-0.012079017,3.8175583,190.82422,0.12732421,0.6377585,190.82422,956,FC128,versus,2,4956,0.12109375,2.6992188,0.86328125,0.75390625
0.0,0.9296875,0.13671875,0.7485265,0.003460213,0.6395047,0.050709885,-0.007400585,4.334062,193.85156,0.12140106,0.63842565,193.85156,957,FC128,versus,2,4957,0.10546875,2.6445312,0.92578125,0.734375
0.0,0.78125,0.20703125,0.7300134,0.0034547513,0.6111652,0.046769448,-0.0158236,3.8236604,191.375,0.13023013,0.63909274,191.375,958,FC128,versus,2,4958,0.08984375,2.7460938,0.890625,0.796875
0.00390625,0.9296875,0.17578125,0.7549308,0.0034492896,0.64153457,0.045902055,-0.013468624,4.111246,191.1211,0.123949304,0.63975984,191.1211,959,FC128,versus,2,4959,0.109375,2.6640625,0.91015625,0.76171875
0.0,0.83203125,0.1953125,0.734711,0.0034438279,0.64839774,0.051646505,-0.0071151694,4.1570587,190.39844,0.122583784,0.640427,190.39844,960,FC128,versus,2,4960,0.11328125,2.71875,0.90234375,0.76171875
0.0,0.91015625,0.26171875,0.7136496,0.003438366,0.56648886,0.048538692,-0.017151907,3.7806807,188.70703,0.13628878,0.6410941,188.70703,961,FC128,versus,2,4961,0.140625,2.7734375,0.8671875,0.7421875
0.0,0.9375,0.16015625,0.7378526,0.0034329048,0.6175277,0.045139965,-0.012835408,4.2145443,195.8711,0.1210167,0.6417612,195.8711,962,FC128,versus,2,4962,0.12109375,2.7617188,0.875,0.73046875
0.00390625,0.9765625,0.19140625,0.7514899,0.003427443,0.62505686,0.04507549,-0.01140896,4.1633406,188.9961,0.11812028,0.6424283,188.9961,963,FC128,versus,2,4963,0.08984375,2.6484375,0.8828125,0.73828125
0.0,0.9375,0.1484375,0.75088555,0.0034219814,0.61529094,0.04305726,-0.01319757,4.30482,193.71484,0.11764869,0.64309543,193.71484,964,FC128,versus,2,4964,0.11328125,2.8203125,0.8671875,0.75
0.00390625,0.828125,0.171875,0.7497069,0.0034165196,0.6241896,0.034810346,-0.020382414,3.9397373,192.75781,0.11550829,0.6437625,192.75781,965,FC128,versus,2,4965,0.09375,2.703125,0.87890625,0.78515625
0.0,0.97265625,0.19140625,0.73925674,0.0034110579,0.6468874,0.046967786,-0.00887306,4.1316257,192.60938,0.11672499,0.6444296,192.60938,966,FC128,versus,2,4966,0.109375,2.8554688,0.8828125,0.78515625
0.0,0.875,0.15625,0.7231762,0.0034055966,0.6293848,0.04645082,-0.009784227,4.2340794,194.34766,0.11739579,0.6450967,194.34766,967,FC128,versus,2,4967,0.09375,2.9609375,0.859375,0.7890625
0.0,0.90234375,0.1484375,0.73583114,0.0034001349,0.66621274,0.043495115,-0.0124553265,4.2082467,192.9375,0.11690473,0.6457639,192.9375,968,FC128,versus,2,4968,0.08984375,2.796875,0.875,0.7578125
0.0,0.86328125,0.18359375,0.7241419,0.003394673,0.6162632,0.047032807,-0.010819433,3.9539597,192.91016,0.120620936,0.64643097,192.91016,969,FC128,versus,2,4969,0.109375,2.765625,0.8359375,0.7421875
0.0,0.81640625,0.171875,0.73483706,0.0033892114,0.6523345,0.054753155,-0.0017926994,4.075139,192.36328,0.11807274,0.64709806,192.36328,970,FC128,versus,2,4970,0.08203125,2.8164062,0.8984375,0.8203125
0.00390625,0.828125,0.17578125,0.74574196,0.0033837496,0.64209455,0.057612274,0.0024205246,4.304302,191.33594,0.1154303,0.6477652,191.33594,971,FC128,versus,2,4971,0.09375,2.90625,0.8828125,0.80078125
0.0,0.93359375,0.15234375,0.7537699,0.0033782884,0.64546436,0.05979798,0.0034842754,4.208049,191.95703,0.11772031,0.6484323,191.95703,972,FC128,versus,2,4972,0.08984375,2.8085938,0.90625,0.7734375
0.0,0.93359375,0.1640625,0.740532,0.0033728266,0.6409197,0.057235353,-0.00062497414,4.250117,190.84375,0.12071602,0.6490994,190.84375,973,FC128,versus,2,4973,0.1171875,2.7578125,0.88671875,0.76171875
0.0,0.87109375,0.1171875,0.72481567,0.0033673649,0.65828025,0.05382999,-0.0009262284,4.382974,193.86328,0.114393875,0.6497665,193.86328,974,FC128,versus,2,4974,0.0859375,2.828125,0.87890625,0.78515625
0.0,0.77734375,0.203125,0.70405906,0.0033619031,0.5964439,0.04702324,-0.011549791,3.7721834,191.58594,0.121880025,0.65043366,191.58594,975,FC128,versus,2,4975,0.06640625,2.9414062,0.875,0.828125
0.00390625,0.91796875,0.16015625,0.7142067,0.0033564414,0.6670103,0.05294398,-0.00059973786,4.4414177,192.23828,0.11188182,0.65110075,192.23828,976,FC128,versus,2,4976,0.125,2.9023438,0.86328125,0.76171875
0.0,0.87890625,0.140625,0.70790607,0.00335098,0.65732944,0.051694047,-0.0019140643,4.240198,193.125,0.11196058,0.65176785,193.125,977,FC128,versus,2,4977,0.09375,2.8671875,0.875,0.8125
0.0,0.765625,0.1875,0.70331925,0.0033455184,0.6244967,0.048704833,-0.0042759543,4.072172,192.28906,0.11066751,0.65243495,192.28906,978,FC128,versus,2,4978,0.05859375,3.0664062,0.8046875,0.8515625
0.00390625,0.890625,0.1640625,0.7069691,0.0033400566,0.6368307,0.052780602,-0.001775275,4.320748,194.66016,0.11383439,0.6531021,194.66016,979,FC128,versus,2,4979,0.08203125,3.0898438,0.80859375,0.8046875
0.0,0.765625,0.17578125,0.69150615,0.003334595,0.6410034,0.050726395,-0.0018439174,4.1786885,193.17578,0.10975241,0.6537692,193.17578,980,FC128,versus,2,4980,0.08203125,3.1015625,0.83203125,0.80078125
0.0,0.87109375,0.15625,0.71570057,0.0033291331,0.6383701,0.05639388,0.0020001752,4.3143086,192.9375,0.113552734,0.6544363,192.9375,981,FC128,versus,2,4981,0.09765625,2.859375,0.8203125,0.7734375
0.0078125,0.828125,0.18359375,0.69988155,0.0033236719,0.6393815,0.053934652,-2.268343e-05,4.2029915,191.54688,0.11256702,0.65510345,191.54688,982,FC128,versus,2,4982,0.0625,2.8867188,0.83984375,0.84765625
0.0,0.76171875,0.125,0.7170964,0.0033182101,0.6626286,0.048050374,-0.0037201312,4.173647,196.32031,0.10829996,0.65577054,196.32031,983,FC128,versus,2,4983,0.07421875,2.9804688,0.84765625,0.8203125
0.0,0.91015625,0.1875,0.68890643,0.0033127484,0.59974456,0.059886165,0.0006993167,4.189436,191.57422,0.122938044,0.65643764,191.57422,984,FC128,versus,2,4984,0.12109375,2.8554688,0.84765625,0.75390625
0.00390625,0.83984375,0.19140625,0.71980655,0.0033072866,0.62664986,0.054180007,-0.0049918075,4.079409,190.22656,0.12310484,0.65710473,190.22656,985,FC128,versus,2,4985,0.08203125,2.7734375,0.87890625,0.76171875
0.00390625,0.90234375,0.15234375,0.71871567,0.003301825,0.63162494,0.06038754,0.0021566239,4.2542524,195.47656,0.12120798,0.6577719,195.47656,986,FC128,versus,2,4986,0.1015625,2.9453125,0.8515625,0.78515625
0.0,0.91015625,0.23046875,0.7149029,0.0032963636,0.60079134,0.054037686,-0.009503129,3.877978,189.82812,0.1317948,0.658439,189.82812,987,FC128,versus,2,4987,0.10546875,2.640625,0.86328125,0.71875
0.0,0.86328125,0.2265625,0.7062924,0.003290902,0.6081135,0.056193538,-0.0042176493,4.0189657,188.69531,0.12547106,0.6591061,188.69531,988,FC128,versus,2,4988,0.08984375,2.7734375,0.875,0.7890625
0.0,0.84375,0.1484375,0.74421704,0.0032854402,0.6070633,0.047944047,-0.008541653,4.0202913,193.0,0.11786156,0.6597732,193.0,989,FC128,versus,2,4989,0.0859375,2.6835938,0.8828125,0.7109375
0.0,0.96484375,0.19140625,0.73029375,0.0032799784,0.61569816,0.052144278,-0.005478933,4.1639414,192.23047,0.120037116,0.6604403,192.23047,990,FC128,versus,2,4990,0.140625,2.7734375,0.87890625,0.72265625
0.0,1.0273438,0.16015625,0.7371255,0.0032745167,0.6056559,0.05115728,-0.0054096915,4.2930145,192.44922,0.11796141,0.6611074,192.44922,991,FC128,versus,2,4991,0.14453125,2.5820312,0.875,0.7421875
0.01171875,1.0234375,0.17578125,0.7359678,0.0032690554,0.61642957,0.047277853,-0.010287182,4.214875,190.86719,0.11994191,0.6617745,190.86719,992,FC128,versus,2,4992,0.1328125,2.6328125,0.921875,0.73046875
0.0,0.9609375,0.1796875,0.7346109,0.0032635937,0.6142591,0.043781057,-0.016356507,4.07341,193.40234,0.12507007,0.6624417,193.40234,993,FC128,versus,2,4993,0.12109375,2.7109375,0.88671875,0.734375
0.00390625,0.9375,0.1640625,0.7129801,0.003258132,0.612025,0.052295603,-0.007237296,4.154063,193.51562,0.123711765,0.66310877,193.51562,994,FC128,versus,2,4994,0.1328125,2.7148438,0.88671875,0.74609375
0.00390625,0.9296875,0.14453125,0.7334757,0.0032526702,0.6326057,0.05099894,-0.0074913404,4.107308,195.29688,0.12175207,0.66377586,195.29688,995,FC128,versus,2,4995,0.12109375,2.671875,0.87109375,0.70703125
0.00390625,0.9921875,0.203125,0.70488095,0.0032472084,0.61956275,0.06440561,0.00039326953,4.368222,189.91016,0.13260247,0.66444296,189.91016,996,FC128,versus,2,4996,0.11328125,2.78125,0.859375,0.765625
0.0,0.9453125,0.2109375,0.7072392,0.0032417472,0.61029935,0.05440651,-0.008077263,3.9051995,190.5586,0.12955293,0.6651101,190.5586,997,FC128,versus,2,4997,0.1328125,2.6367188,0.875,0.734375
0.00390625,0.859375,0.17578125,0.7197773,0.0032362854,0.6431307,0.0520265,-0.007210818,3.942419,195.09375,0.12313344,0.6657772,195.09375,998,FC128,versus,2,4998,0.125,2.859375,0.890625,0.75
0.0,0.95703125,0.19140625,0.69442445,0.0032308237,0.61585253,0.053565912,-0.0058956314,3.976779,192.03516,0.12341021,0.6664443,192.03516,999,FC128,versus,2,4999,0.15625,2.7109375,0.859375,0.71875
0.0,0.98046875,0.1875,0.7019071,0.003225362,0.63337064,0.054121833,-0.005058508,4.1002617,191.70703,0.12288849,0.6671114,191.70703,1000,FC128,versus,2,5000,0.1171875,2.671875,0.8828125,0.73046875
0.00390625,0.90625,0.21484375,0.69891036,0.0032199002,0.6060598,0.056110967,-0.004640446,3.9639585,189.42969,0.12600367,0.66777855,189.42969,1001,FC128,versus,2,5001,0.12109375,2.7304688,0.8984375,0.74609375
0.0,0.9453125,0.19140625,0.711147,0.003214439,0.61477923,0.055841763,-0.0037293555,4.1725373,192.32422,0.12371411,0.66844565,192.32422,1002,FC128,versus,2,5002,0.1171875,2.6640625,0.89453125,0.73046875
0.00390625,0.9140625,0.20703125,0.69792444,0.0032089772,0.6115881,0.050075457,-0.009274689,3.918631,190.79297,0.12317953,0.66911274,190.79297,1003,FC128,versus,2,5003,0.08203125,2.609375,0.84765625,0.7421875
0.00390625,1.015625,0.15625,0.7214505,0.0032035154,0.635281,0.05210816,-0.007616276,4.1804185,191.27734,0.124071226,0.6697799,191.27734,1004,FC128,versus,2,5004,0.14453125,2.5234375,0.90234375,0.7109375
0.00390625,0.99609375,0.1640625,0.70159876,0.0031980537,0.6247121,0.04768358,-0.011606844,4.0273447,192.86328,0.12306835,0.670447,192.86328,1005,FC128,versus,2,5005,0.11328125,2.546875,0.87109375,0.71875
0.0,1.0429688,0.1875,0.71762884,0.003192592,0.63676965,0.049472425,-0.011580773,4.1688366,193.25781,0.12668858,0.6711141,193.25781,1006,FC128,versus,2,5006,0.16015625,2.546875,0.90234375,0.7109375
0.0,0.9296875,0.2421875,0.69738245,0.0031871307,0.61553216,0.054499,-0.0098454505,3.8742282,187.39844,0.1331342,0.6717812,187.39844,1007,FC128,versus,2,5007,0.10546875,2.6523438,0.8828125,0.75390625
0.00390625,0.98046875,0.16015625,0.70759976,0.003181669,0.62717235,0.05615815,-0.0040730727,4.287904,192.7461,0.124965146,0.67244834,192.7461,1008,FC128,versus,2,5008,0.12890625,2.5703125,0.8828125,0.734375
0.00390625,1.0039062,0.1953125,0.7196341,0.0031762072,0.6358906,0.049662225,-0.010482911,4.045798,190.79297,0.12486169,0.67311543,190.79297,1009,FC128,versus,2,5009,0.1640625,2.3828125,0.91015625,0.703125
0.00390625,1.0429688,0.1796875,0.7200942,0.0031707454,0.6226064,0.056110058,-0.0053926692,4.021346,190.08984,0.12757193,0.6737825,190.08984,1010,FC128,versus,2,5010,0.1328125,2.5117188,0.90234375,0.67578125
0.00390625,1.0507812,0.1953125,0.71207625,0.0031652837,0.6144618,0.06393716,0.000957611,4.234476,189.80469,0.13046694,0.6744496,189.80469,1011,FC128,versus,2,5011,0.15234375,2.46875,0.89453125,0.65234375
0.0,0.80859375,0.22265625,0.6881581,0.0031598224,0.60854256,0.053177215,-0.008095208,3.8616061,189.0586,0.12689376,0.6751168,189.0586,1012,FC128,versus,2,5012,0.0703125,2.8320312,0.87890625,0.80859375
0.00390625,0.94140625,0.18359375,0.7118257,0.0031543607,0.6148051,0.054513235,-0.005295934,4.059867,191.55078,0.124109045,0.6757839,191.55078,1013,FC128,versus,2,5013,0.12109375,2.8242188,0.87109375,0.796875
0.0,0.91796875,0.1796875,0.7038572,0.003148899,0.6268179,0.049311474,-0.009712687,4.0718737,193.60547,0.12248108,0.67645097,193.60547,1014,FC128,versus,2,5014,0.12109375,2.7578125,0.89453125,0.76171875
0.00390625,0.9375,0.20703125,0.6837115,0.0031434372,0.6178292,0.047606226,-0.012896642,3.9582417,191.04297,0.12530415,0.6771181,191.04297,1015,FC128,versus,2,5015,0.1328125,2.6640625,0.8671875,0.71875
0.0,1.0742188,0.15625,0.7066376,0.0031379755,0.62969655,0.04527649,-0.013905679,4.118398,194.19531,0.12279916,0.6777852,194.19531,1016,FC128,versus,2,5016,0.1640625,2.5351562,0.91796875,0.6484375
0.00390625,0.890625,0.203125,0.70230156,0.0031325142,0.633039,0.043949455,-0.015985278,3.781086,190.91797,0.1242694,0.6784523,190.91797,1017,FC128,versus,2,5017,0.0859375,2.7578125,0.890625,0.75
0.0,1.0664062,0.16796875,0.7255517,0.0031270524,0.62036645,0.041664716,-0.016845983,4.1257343,191.47266,0.121559076,0.6791194,191.47266,1018,FC128,versus,2,5018,0.13671875,2.5429688,0.890625,0.73828125
0.0078125,1.0976562,0.16796875,0.7190125,0.0031215907,0.63183284,0.050104078,-0.009142626,4.2844114,193.1289,0.12298233,0.67978656,193.1289,1019,FC128,versus,2,5019,0.1875,2.4960938,0.91796875,0.66796875
0.0,0.99609375,0.1796875,0.7170584,0.003116129,0.63757586,0.054807484,-0.005844767,4.219963,189.41016,0.1257734,0.68045366,189.41016,1020,FC128,versus,2,5020,0.1484375,2.5,0.890625,0.73046875
0.0078125,0.96484375,0.1875,0.6933562,0.0031106672,0.62979794,0.056223378,-0.0069481274,4.0339985,193.1836,0.13065661,0.68112075,193.1836,1021,FC128,versus,2,5021,0.16015625,2.7109375,0.8984375,0.734375
0.0,0.8828125,0.1875,0.6964616,0.003105206,0.64188933,0.05239605,-0.010488441,3.92769,191.61719,0.1300943,0.68178785,191.61719,1022,FC128,versus,2,5022,0.125,2.5546875,0.890625,0.73046875
0.0078125,0.85546875,0.19921875,0.6939979,0.0030997442,0.6162985,0.054483507,-0.00927738,3.9724507,191.3164,0.13182421,0.682455,191.3164,1023,FC128,versus,2,5023,0.0859375,2.8476562,0.89453125,0.79296875
0.00390625,0.87109375,0.19921875,0.67763597,0.0030942825,0.6058824,0.054103155,-0.010259137,3.9877415,191.67188,0.13291818,0.6831221,191.67188,1024,FC128,versus,2,5024,0.109375,2.7109375,0.875,0.76953125
0.00390625,0.89453125,0.17578125,0.6781707,0.0030888207,0.62747693,0.054321643,-0.00681995,4.1498356,192.0039,0.12647268,0.6837892,192.0039,1025,FC128,versus,2,5025,0.1171875,2.7539062,0.86328125,0.734375
0.01171875,0.86328125,0.19921875,0.6757444,0.003083359,0.6456624,0.044425733,-0.013016259,3.889151,191.5586,0.11905111,0.68445635,191.5586,1026,FC128,versus,2,5026,0.1328125,2.6992188,0.8515625,0.7265625
0.0078125,0.93359375,0.19921875,0.6828186,0.0030778977,0.64067644,0.045312654,-0.011514112,3.8319576,191.24219,0.11785682,0.68512344,191.24219,1027,FC128,versus,2,5027,0.1171875,2.5820312,0.8671875,0.77734375
0.00390625,0.8828125,0.19140625,0.6741945,0.003072436,0.6120509,0.043312296,-0.01474355,3.8793685,189.27734,0.120254524,0.68579054,189.27734,1028,FC128,versus,2,5028,0.10546875,2.6210938,0.92578125,0.7578125
0.00390625,0.953125,0.21875,0.68577045,0.0030669742,0.5927422,0.046695657,-0.012520516,3.9278636,189.10156,0.12263883,0.68645763,189.10156,1029,FC128,versus,2,5029,0.14453125,2.5585938,0.87109375,0.71875
0.0078125,0.95703125,0.1875,0.685387,0.0030615125,0.5991496,0.05026061,-0.0070208623,4.0964084,191.08203,0.11875959,0.6871248,191.08203,1030,FC128,versus,2,5030,0.1640625,2.65625,0.88671875,0.734375
0.0,0.921875,0.18359375,0.6873308,0.0030560507,0.6111212,0.052143827,-0.0066514234,3.9962506,195.36328,0.121791534,0.6877919,195.36328,1031,FC128,versus,2,5031,0.15234375,2.7421875,0.8515625,0.75390625
0.00390625,1.015625,0.16796875,0.6844387,0.0030505895,0.62865174,0.05682265,-0.00052274973,4.312821,192.8789,0.11886668,0.688459,192.8789,1032,FC128,versus,2,5032,0.12890625,2.6679688,0.84765625,0.7109375
0.0,0.84765625,0.20703125,0.6844598,0.0030451277,0.61293054,0.05235701,-0.007535189,3.9718401,191.35938,0.12395293,0.6891261,191.35938,1033,FC128,versus,2,5033,0.11328125,2.7890625,0.875,0.75390625
0.0078125,0.95703125,0.19921875,0.6785838,0.003039666,0.6231766,0.06162141,-0.00060719426,4.057296,192.25781,0.12858254,0.6897932,192.25781,1034,FC128,versus,2,5034,0.1171875,2.8164062,0.84375,0.76171875
0.00390625,0.82421875,0.14453125,0.6979417,0.0030342042,0.63259214,0.050816204,-0.0075046476,4.0559874,193.76562,0.120877095,0.6904603,193.76562,1035,FC128,versus,2,5035,0.109375,2.8125,0.8671875,0.76171875
0.00390625,0.98828125,0.1875,0.6937075,0.0030287425,0.6247536,0.057535596,-0.0028615266,4.2764044,193.0664,0.124996364,0.6911274,193.0664,1036,FC128,versus,2,5036,0.13671875,2.8242188,0.8671875,0.734375
0.0,0.96875,0.15234375,0.7254895,0.0030232812,0.6323967,0.050854873,-0.0068186405,4.1370573,193.26172,0.11973374,0.6917946,193.26172,1037,FC128,versus,2,5037,0.15234375,2.59375,0.875,0.703125
0.0,0.91796875,0.15625,0.73823726,0.0030178195,0.64513457,0.04081754,-0.013076305,3.9183235,193.52734,0.11224342,0.69246167,193.52734,1038,FC128,versus,2,5038,0.11328125,2.4726562,0.86328125,0.71484375
0.0078125,0.8671875,0.15625,0.7299178,0.0030123577,0.61602056,0.046883445,-0.0099446755,4.1642528,192.64062,0.11805379,0.69312876,192.64062,1039,FC128,versus,2,5039,0.10546875,2.6289062,0.90234375,0.74609375
0.0078125,0.9921875,0.16015625,0.7379092,0.003006896,0.61353576,0.04942005,-0.008329653,4.0549483,192.05469,0.11993704,0.69379586,192.05469,1040,FC128,versus,2,5040,0.16796875,2.4570312,0.9140625,0.6328125
0.0,0.921875,0.22265625,0.7030318,0.0030014343,0.592075,0.056591894,-0.002976723,4.0064034,190.23047,0.123357445,0.694463,190.23047,1041,FC128,versus,2,5041,0.13671875,2.7226562,0.875,0.7421875
0.00390625,1.0195312,0.22265625,0.7088241,0.002995973,0.59648716,0.058917757,-0.003976819,3.981198,189.32031,0.13003638,0.6951301,189.32031,1042,FC128,versus,2,5042,0.14453125,2.4765625,0.89453125,0.70703125
0.0,0.890625,0.19921875,0.7200834,0.0029905112,0.5841329,0.05310492,-0.0068015126,4.0575266,189.6836,0.1241197,0.6957972,189.6836,1043,FC128,versus,2,5043,0.09375,2.671875,0.88671875,0.75390625
0.0,0.95703125,0.18359375,0.70232785,0.0029850495,0.58671516,0.05730384,-0.0044456013,4.14458,194.5625,0.12769185,0.6964643,194.5625,1044,FC128,versus,2,5044,0.12109375,2.7929688,0.859375,0.74609375
0.0,0.9609375,0.19921875,0.7042009,0.0029795878,0.6213335,0.050870307,-0.009752479,4.206977,193.03906,0.12544203,0.69713145,193.03906,1045,FC128,versus,2,5045,0.10546875,2.703125,0.89453125,0.7578125
0.0,0.94140625,0.14453125,0.7245366,0.002974126,0.62855136,0.046095114,-0.014184994,4.142906,194.4414,0.12486994,0.69779855,194.4414,1046,FC128,versus,2,5046,0.109375,2.6445312,0.8984375,0.69921875
0.0,0.953125,0.15234375,0.7129997,0.0029686647,0.63535714,0.04396894,-0.014943054,4.0748286,192.6875,0.1220573,0.69846565,192.6875,1047,FC128,versus,2,5047,0.109375,2.5,0.91015625,0.671875
0.0,0.91796875,0.171875,0.71740514,0.002963203,0.6573659,0.046689436,-0.009996489,4.0548615,195.15234,0.117623486,0.6991328,195.15234,1048,FC128,versus,2,5048,0.10546875,2.7382812,0.85546875,0.75
0.0,0.94921875,0.21484375,0.6937991,0.0029577413,0.6303938,0.051760625,-0.010536806,3.8740828,191.40625,0.12869902,0.6997999,191.40625,1049,FC128,versus,2,5049,0.125,2.7382812,0.859375,0.70703125
0.0,0.9921875,0.15625,0.72497344,0.0029522795,0.63851726,0.051244173,-0.0072658784,4.15854,193.94531,0.12130075,0.700467,193.94531,1050,FC128,versus,2,5050,0.12109375,2.7070312,0.88671875,0.76171875
0.0,0.92578125,0.171875,0.71942866,0.0029468178,0.64024204,0.057435643,0.00027017356,4.006513,193.0625,0.11857099,0.7011341,193.0625,1051,FC128,versus,2,5051,0.109375,2.6796875,0.8671875,0.74609375
0.0,1.0078125,0.16796875,0.72514284,0.0029413565,0.6151066,0.059128907,-0.00071840634,4.0487704,192.1914,0.123960435,0.70180124,192.1914,1052,FC128,versus,2,5052,0.1484375,2.6523438,0.87109375,0.7109375
0.0,1.0859375,0.1796875,0.73769146,0.0029358948,0.63371944,0.062820345,0.0027100751,4.403412,193.20312,0.12455211,0.70246834,193.20312,1053,FC128,versus,2,5053,0.13671875,2.7304688,0.85546875,0.74609375
0.0,1.0898438,0.12890625,0.752969,0.002930433,0.64991343,0.05820513,0.0011086821,4.5460677,194.11719,0.11860595,0.70313543,194.11719,1054,FC128,versus,2,5054,0.1484375,2.6054688,0.921875,0.7265625
0.00390625,0.96875,0.16015625,0.7348913,0.0029249713,0.62072015,0.05333565,-0.0063242377,4.09155,195.30078,0.123618856,0.7038025,195.30078,1055,FC128,versus,2,5055,0.1171875,2.6601562,0.8359375,0.734375
0.0,1.0429688,0.1328125,0.73809814,0.0029195095,0.64258754,0.053436495,-0.009322914,4.399814,194.3164,0.12982859,0.7044697,194.3164,1056,FC128,versus,2,5056,0.125,2.6132812,0.90625,0.6953125
0.0,0.9375,0.16015625,0.71270627,0.0029140483,0.6601317,0.050063286,-0.012061773,4.150383,193.83984,0.12840384,0.7051368,193.83984,1057,FC128,versus,2,5057,0.13671875,2.7929688,0.87890625,0.75
0.0,0.87109375,0.18359375,0.7285949,0.0029085865,0.6382444,0.04359699,-0.018332038,3.90045,193.0039,0.12809642,0.7058039,193.0039,1058,FC128,versus,2,5058,0.10546875,2.7734375,0.8671875,0.7734375
0.0,0.88671875,0.12890625,0.7347257,0.0029031248,0.66642225,0.042265836,-0.0139217535,4.2274847,194.83203,0.11664118,0.706471,194.83203,1059,FC128,versus,2,5059,0.12109375,2.7226562,0.875,0.76171875
0.00390625,0.94921875,0.1796875,0.73383397,0.002897663,0.6488706,0.0440429,-0.014562302,4.1807795,192.6875,0.12146321,0.7071381,192.6875,1060,FC128,versus,2,5060,0.11328125,2.625,0.921875,0.73828125
0.0,0.92578125,0.2265625,0.7172121,0.0028922013,0.6216973,0.048353545,-0.011964517,3.8864362,187.95703,0.124784775,0.7078052,187.95703,1061,FC128,versus,2,5061,0.125,2.6484375,0.89453125,0.75390625
0.0,1.0195312,0.1484375,0.744101,0.00288674,0.65261614,0.056264307,0.0007586551,4.31479,194.10938,0.11530735,0.7084723,194.10938,1062,FC128,versus,2,5062,0.1484375,2.6953125,0.8984375,0.7265625
0.0,1.0117188,0.13671875,0.7439702,0.0028812783,0.62698615,0.053891342,-0.0032289021,4.126457,194.45312,0.11852766,0.70913947,194.45312,1063,FC128,versus,2,5063,0.12109375,2.6171875,0.8671875,0.72265625
0.0,0.91796875,0.1171875,0.73557186,0.0028758165,0.6560542,0.059677597,0.0026587702,4.45224,195.63281,0.11826839,0.70980656,195.63281,1064,FC128,versus,2,5064,0.109375,2.6875,0.8984375,0.7578125
0.0,0.96484375,0.15234375,0.72920144,0.0028703548,0.6577203,0.053513385,-0.005854524,4.3159456,192.4414,0.12292195,0.71047366,192.4414,1065,FC128,versus,2,5065,0.11328125,2.5507812,0.90234375,0.73046875
0.0,0.9765625,0.15234375,0.7261238,0.002864893,0.67084694,0.05571842,-0.0036509896,4.2399483,191.98047,0.122899346,0.71114075,191.98047,1066,FC128,versus,2,5066,0.09765625,2.6367188,0.9296875,0.73046875
0.0,1.0195312,0.12890625,0.7390995,0.0028594318,0.6797433,0.054399278,-0.005158033,4.3252025,193.71875,0.12334143,0.7118079,193.71875,1067,FC128,versus,2,5067,0.1015625,2.6171875,0.88671875,0.73828125
0.0,1.0,0.15625,0.72251135,0.00285397,0.67134887,0.049204186,-0.012647081,4.149868,193.14062,0.12782659,0.712475,193.14062,1068,FC128,versus,2,5068,0.1328125,2.515625,0.8984375,0.7265625
0.0,0.9765625,0.15234375,0.7116189,0.0028485083,0.6514405,0.062093224,-0.0010601635,4.3173304,191.08984,0.13036089,0.7131421,191.08984,1069,FC128,versus,2,5069,0.12890625,2.6328125,0.91796875,0.7265625
0.0,0.9765625,0.16796875,0.72475904,0.0028430466,0.64609003,0.05009944,-0.011621045,4.0455112,191.98828,0.12756202,0.71380925,191.98828,1070,FC128,versus,2,5070,0.12890625,2.4882812,0.90234375,0.7265625
0.0,0.9453125,0.1953125,0.6895869,0.0028375848,0.6473541,0.053100117,-0.0062208893,4.025174,191.2461,0.12255553,0.71447635,191.2461,1071,FC128,versus,2,5071,0.12890625,2.6640625,0.859375,0.70703125
0.0,0.90234375,0.18359375,0.6961358,0.0028321235,0.6497574,0.05267746,-0.0059308917,4.0794744,193.54297,0.12115979,0.71514344,193.54297,1072,FC128,versus,2,5072,0.12109375,2.7734375,0.90625,0.74609375
0.00390625,0.96875,0.1640625,0.7102848,0.0028266618,0.6323373,0.044771396,-0.013366782,3.9775646,195.02344,0.12029182,0.71581054,195.02344,1073,FC128,versus,2,5073,0.14453125,2.5078125,0.9140625,0.66796875
0.0,0.96484375,0.1796875,0.7074853,0.0028212,0.6384133,0.053267203,-0.004855035,4.0544744,191.14844,0.12023639,0.7164777,191.14844,1074,FC128,versus,2,5074,0.15234375,2.546875,0.90625,0.71484375
0.0,0.98046875,0.23828125,0.67554253,0.0028157383,0.5777104,0.05806586,-0.0046661296,3.8291855,189.88281,0.12926829,0.7171448,189.88281,1075,FC128,versus,2,5075,0.12109375,2.7734375,0.859375,0.703125
0.00390625,0.87109375,0.15625,0.72245216,0.0028102766,0.6428084,0.051132593,-0.0053713745,4.0213876,191.74219,0.117068514,0.7178119,191.74219,1076,FC128,versus,2,5076,0.1484375,2.6484375,0.9140625,0.7265625
0.0,0.91796875,0.171875,0.7022873,0.0028048153,0.637285,0.052372232,-0.0067499,3.994959,193.6211,0.12218384,0.718479,193.6211,1077,FC128,versus,2,5077,0.14453125,2.5546875,0.89453125,0.73046875
0.00390625,1.0742188,0.19140625,0.7075345,0.0027993536,0.63048947,0.06078271,-0.00018564939,4.2657995,190.34766,0.12589799,0.71914613,190.34766,1078,FC128,versus,2,5078,0.14453125,2.515625,0.90625,0.69921875
0.0,1.0625,0.1484375,0.7048025,0.0027938918,0.6370959,0.056904063,-0.004199476,4.1577573,194.1211,0.12614536,0.7198132,194.1211,1079,FC128,versus,2,5079,0.16015625,2.4726562,0.89453125,0.6640625
0.0078125,1.0625,0.1953125,0.69379604,0.00278843,0.6247089,0.058421917,-0.0050676037,4.0861845,191.10547,0.13084824,0.7204803,191.10547,1080,FC128,versus,2,5080,0.14453125,2.5,0.8828125,0.70703125
0.0,1.0039062,0.19140625,0.6967662,0.0027829683,0.62517107,0.05533272,-0.00798889,4.011457,189.42188,0.13052137,0.7211475,189.42188,1081,FC128,versus,2,5081,0.109375,2.5390625,0.89453125,0.71875
0.0,0.9765625,0.16015625,0.70465267,0.002777507,0.643368,0.050899845,-0.008327484,4.1244946,191.20703,0.122369014,0.7218146,191.20703,1082,FC128,versus,2,5082,0.1328125,2.4609375,0.93359375,0.6875
0.0,0.98828125,0.20703125,0.6923614,0.0027720453,0.66549194,0.051870223,-0.006288362,4.169482,189.83594,0.120155685,0.72248167,189.83594,1083,FC128,versus,2,5083,0.1484375,2.6328125,0.890625,0.734375
0.0,1.09375,0.16015625,0.70738626,0.0027665836,0.62841886,0.05652961,-0.0028863123,4.280423,192.48438,0.12274594,0.72314876,192.48438,1084,FC128,versus,2,5084,0.1640625,2.4296875,0.8984375,0.66796875
0.00390625,0.99609375,0.1796875,0.69231164,0.0027611218,0.6217803,0.056366123,-0.0045994893,4.045275,193.1875,0.12575434,0.7238159,193.1875,1085,FC128,versus,2,5085,0.1328125,2.578125,0.92578125,0.70703125
0.0,1.0507812,0.1796875,0.7083611,0.00275566,0.6472959,0.050322168,-0.007264074,4.2803574,191.39062,0.11907649,0.724483,191.39062,1086,FC128,versus,2,5086,0.140625,2.5898438,0.87890625,0.74609375
0.00390625,1.0859375,0.15234375,0.7061446,0.0027501988,0.6429726,0.050499476,-0.007075099,4.173392,194.15625,0.119033225,0.7251501,194.15625,1087,FC128,versus,2,5087,0.18359375,2.5585938,0.875,0.64453125
0.0,1.0351562,0.18359375,0.6997267,0.002744737,0.6421807,0.05746412,-0.0038748127,4.05681,192.83984,0.126519,0.7258172,192.83984,1088,FC128,versus,2,5088,0.13671875,2.5234375,0.86328125,0.703125
0.00390625,0.89453125,0.1328125,0.73088616,0.0027392753,0.6583899,0.051589157,-0.006039496,4.122241,194.76562,0.1192615,0.72648436,194.76562,1089,FC128,versus,2,5089,0.09375,2.7382812,0.91015625,0.73828125
0.00390625,0.94921875,0.17578125,0.70484465,0.0027338136,0.6344405,0.054280747,-0.0070134816,4.1501217,191.8086,0.12644228,0.72715145,191.8086,1090,FC128,versus,2,5090,0.13671875,2.6054688,0.921875,0.71484375
0.0,0.9453125,0.19921875,0.7101447,0.0027283519,0.6256856,0.049810894,-0.012497314,3.9219613,192.13672,0.12849146,0.72781855,192.13672,1091,FC128,versus,2,5091,0.14453125,2.65625,0.8984375,0.69921875
0.0,0.984375,0.16796875,0.71469206,0.0027228906,0.65368676,0.04820136,-0.0101376595,3.8268392,193.60547,0.12057009,0.7284857,193.60547,1092,FC128,versus,2,5092,0.1796875,2.3710938,0.88671875,0.66015625
0.0,0.984375,0.14453125,0.7253266,0.0027174288,0.63617396,0.050457824,-0.009193925,4.0413227,193.23828,0.12324555,0.7291528,193.23828,1093,FC128,versus,2,5093,0.17578125,2.5,0.88671875,0.66796875
0.0,0.93359375,0.1953125,0.70455295,0.002711967,0.62806755,0.060389787,-0.0019350217,3.94633,189.83594,0.12847106,0.7298199,189.83594,1094,FC128,versus,2,5094,0.1015625,2.5429688,0.90234375,0.73046875
0.0,0.9765625,0.1953125,0.7084416,0.0027065054,0.6371574,0.06956013,0.0070778956,4.2945747,192.09375,0.12879927,0.730487,192.09375,1095,FC128,versus,2,5095,0.1640625,2.6992188,0.91015625,0.70703125
0.00390625,1.1210938,0.1640625,0.7079309,0.0027010436,0.63967234,0.05910951,-0.0018045801,4.499554,194.04297,0.12565248,0.73115414,194.04297,1096,FC128,versus,2,5096,0.16015625,2.6171875,0.90234375,0.6875
0.0,0.953125,0.1796875,0.7014439,0.0026955823,0.65299463,0.047339708,-0.013973953,3.9347994,194.41797,0.12640892,0.73182124,194.41797,1097,FC128,versus,2,5097,0.12890625,2.6523438,0.8828125,0.7109375
0.0,1.03125,0.15234375,0.7149983,0.0026901206,0.67660165,0.044987578,-0.012380156,4.27376,192.76953,0.11858233,0.73248833,192.76953,1098,FC128,versus,2,5098,0.14453125,2.5664062,0.8984375,0.67578125
0.0,0.890625,0.1796875,0.7073173,0.0026846589,0.662537,0.04655464,-0.011812052,4.179987,191.75,0.1205312,0.7331554,191.75,1099,FC128,versus,2,5099,0.09765625,2.7109375,0.88671875,0.7421875
0.0,0.90234375,0.17578125,0.6957663,0.0026791971,0.6491202,0.048375834,-0.009681793,3.9695113,192.1875,0.11984344,0.7338226,192.1875,1100,FC128,versus,2,5100,0.15625,2.6289062,0.875,0.70703125
0.0,1.03125,0.140625,0.7017976,0.0026737354,0.6563573,0.05064658,-0.007171571,4.3953266,194.08203,0.11938915,0.7344897,194.08203,1101,FC128,versus,2,5101,0.15234375,2.640625,0.8828125,0.6953125
0.0078125,1.0546875,0.17578125,0.7238228,0.002668274,0.64143825,0.05458506,-0.0051527563,4.256517,190.00781,0.12333834,0.7351568,190.00781,1102,FC128,versus,2,5102,0.15625,2.5195312,0.875,0.6640625
0.0,1.0273438,0.12109375,0.73250455,0.0026628124,0.6582018,0.053290028,-0.002172147,4.414134,194.23828,0.11482539,0.7358239,194.23828,1103,FC128,versus,2,5103,0.13671875,2.5195312,0.90234375,0.72265625
0.0,0.98046875,0.19140625,0.69657046,0.0026573506,0.62849724,0.055064544,-0.0037031153,4.010167,189.6289,0.12123738,0.736491,189.6289,1104,FC128,versus,2,5104,0.16015625,2.5546875,0.90625,0.6953125
0.00390625,1.0078125,0.19921875,0.6774609,0.0026518889,0.6246438,0.064260624,0.0027902958,4.000725,190.22656,0.12653376,0.7371581,190.22656,1105,FC128,versus,2,5105,0.16796875,2.6445312,0.890625,0.75390625
0.0,0.98046875,0.17578125,0.6901469,0.0026464271,0.64302236,0.05609491,-0.0056017274,4.013,190.47656,0.12704612,0.7378252,190.47656,1106,FC128,versus,2,5106,0.1484375,2.4570312,0.91015625,0.66015625
0.0,1.0,0.2109375,0.6840489,0.0026409659,0.6214642,0.054385636,-0.009549263,3.81982,190.44531,0.1314829,0.73849237,190.44531,1107,FC128,versus,2,5107,0.140625,2.4804688,0.89453125,0.69140625
0.0,0.9453125,0.23828125,0.63445926,0.0026355041,0.620134,0.06707845,0.000405557,3.858669,190.5586,0.13669002,0.73915946,190.5586,1108,FC128,versus,2,5108,0.13671875,2.7773438,0.8984375,0.74609375
0.0,1.0078125,0.19140625,0.6638898,0.0026300424,0.6454234,0.05546668,-0.0066077504,4.012773,193.1875,0.12764098,0.73982656,193.1875,1109,FC128,versus,2,5109,0.171875,2.515625,0.8828125,0.6640625
0.00390625,1.0820312,0.21875,0.6663253,0.0026245806,0.63794863,0.05783406,-0.005754658,4.1016874,188.4961,0.13067508,0.74049366,188.4961,1110,FC128,versus,2,5110,0.140625,2.546875,0.91015625,0.6953125
0.0,0.89453125,0.20703125,0.65277505,0.002619119,0.64048684,0.045454476,-0.01625028,3.6436872,193.10156,0.12682891,0.7411608,193.10156,1111,FC128,versus,2,5111,0.12890625,2.625,0.859375,0.73046875
0.00390625,1.015625,0.15234375,0.66714877,0.0026136576,0.67221797,0.046352953,-0.012175381,4.176982,194.83984,0.12054406,0.7418279,194.83984,1112,FC128,versus,2,5112,0.14453125,2.4921875,0.88671875,0.6953125
0.0,0.98046875,0.20703125,0.6358862,0.0026081959,0.6194802,0.04868575,-0.012187907,3.7839327,193.5,0.12506434,0.742495,193.5,1113,FC128,versus,2,5113,0.14453125,2.5859375,0.859375,0.71484375
0.0,0.953125,0.15234375,0.6523287,0.0026027341,0.66734946,0.05576234,-0.0018752157,4.1677437,191.29297,0.118670784,0.74316216,191.29297,1114,FC128,versus,2,5114,0.10546875,2.59375,0.89453125,0.76953125
0.0,0.921875,0.1796875,0.6550238,0.0025972724,0.6677066,0.050639953,-0.007883731,3.9923801,190.14062,0.12044992,0.74382925,190.14062,1115,FC128,versus,2,5115,0.1484375,2.4804688,0.90625,0.65234375
0.0,0.9609375,0.1875,0.65214705,0.0025918107,0.6337551,0.05627245,-0.0053277407,4.0229025,191.23828,0.12658086,0.74449635,191.23828,1116,FC128,versus,2,5116,0.1328125,2.5117188,0.8828125,0.69921875
0.0,1.015625,0.22265625,0.64392996,0.0025863494,0.6300193,0.064890966,4.6966252e-05,4.157697,191.30469,0.13301885,0.74516344,191.30469,1117,FC128,versus,2,5117,0.125,2.7773438,0.90234375,0.73828125
0.0,1.0078125,0.17578125,0.68016183,0.0025808876,0.6382532,0.05107863,-0.009469697,4.058137,191.35547,0.124607496,0.7458306,191.35547,1118,FC128,versus,2,5118,0.1640625,2.4648438,0.90625,0.6953125
0.0,0.9296875,0.1484375,0.6907888,0.002575426,0.6437024,0.046927076,-0.013206482,3.8565364,192.38672,0.12382527,0.7464977,192.38672,1119,FC128,versus,2,5119,0.12109375,2.4570312,0.89453125,0.6796875
0.00390625,1.0429688,0.19140625,0.66362154,0.0025699642,0.6291052,0.06021553,-0.0033335716,4.317225,191.09375,0.13050917,0.7471648,191.09375,1120,FC128,versus,2,5120,0.1328125,2.7109375,0.89453125,0.70703125
0.0,1.0078125,0.16796875,0.6887752,0.0025645024,0.60967696,0.051427018,-0.010907933,4.044707,194.33594,0.12820263,0.7478319,194.33594,1121,FC128,versus,2,5121,0.14453125,2.75,0.890625,0.74609375
0.0,1.0546875,0.15234375,0.6913544,0.0025590411,0.64389265,0.04276747,-0.015958259,4.237438,192.46094,0.12098987,0.74849904,192.46094,1122,FC128,versus,2,5122,0.16015625,2.6132812,0.93359375,0.69140625
0.00390625,1.0234375,0.18359375,0.694156,0.0025535794,0.64197993,0.04326545,-0.014497663,4.191274,191.30469,0.119071394,0.74916613,191.30469,1123,FC128,versus,2,5123,0.11328125,2.6132812,0.90625,0.7109375
0.0,1.109375,0.15234375,0.7049814,0.0025481177,0.648934,0.04859858,-0.009504888,4.4128275,192.47656,0.11979969,0.7498332,192.47656,1124,FC128,versus,2,5124,0.1796875,2.578125,0.90234375,0.703125
0.00390625,1.078125,0.1640625,0.7236427,0.002542656,0.64864314,0.043160252,-0.013005266,4.2608514,191.82422,0.11601098,0.7505004,191.82422,1125,FC128,versus,2,5125,0.14453125,2.625,0.8828125,0.68359375
0.0,0.890625,0.15234375,0.7157358,0.0025371942,0.6660161,0.037030518,-0.019447844,4.1797285,191.8711,0.116588645,0.7511675,191.8711,1126,FC128,versus,2,5126,0.10546875,2.59375,0.93359375,0.74609375
0.0,0.9375,0.16796875,0.6916292,0.002531733,0.64304954,0.047490917,-0.014257481,3.9126313,192.94922,0.12699884,0.7518346,192.94922,1127,FC128,versus,2,5127,0.12890625,2.4453125,0.88671875,0.6875
0.0,1.0273438,0.15625,0.71837074,0.0025262712,0.6785985,0.053959154,-0.00666902,4.199542,191.73438,0.12488594,0.75250167,191.73438,1128,FC128,versus,2,5128,0.14453125,2.5507812,0.91015625,0.69140625
0.0,1.0039062,0.171875,0.7021119,0.0025208094,0.6419304,0.055066552,-0.0066000144,4.1447496,192.65625,0.12687291,0.7531688,192.65625,1129,FC128,versus,2,5129,0.13671875,2.59375,0.91796875,0.69921875
0.00390625,0.82421875,0.171875,0.6888477,0.0025153477,0.6355382,0.050929323,-0.010386898,4.0741863,192.42188,0.12609783,0.7538359,192.42188,1130,FC128,versus,2,5130,0.1015625,2.8867188,0.90234375,0.7734375
0.0,1.0,0.13671875,0.70156324,0.002509886,0.6605895,0.04969423,-0.009537343,4.3402586,192.9961,0.12198483,0.754503,192.9961,1131,FC128,versus,2,5131,0.140625,2.6796875,0.88671875,0.73828125
0.0,0.88671875,0.19140625,0.7046275,0.0025044247,0.6408732,0.046396155,-0.014467326,4.0442076,191.17188,0.12525633,0.7551701,191.17188,1132,FC128,versus,2,5132,0.12109375,2.8242188,0.88671875,0.75390625
0.00390625,0.86328125,0.13671875,0.7303397,0.002498963,0.6472607,0.043669708,-0.013995082,3.8767624,194.35156,0.11897976,0.75583726,194.35156,1133,FC128,versus,2,5133,0.12109375,2.640625,0.87890625,0.73046875
0.0,1.0742188,0.1484375,0.7187998,0.0024935012,0.6384124,0.056887686,-0.0010874878,4.2381234,191.58203,0.119535,0.75650436,191.58203,1134,FC128,versus,2,5134,0.19140625,2.4257812,0.890625,0.671875
0.00390625,1.0429688,0.1171875,0.71301365,0.0024880394,0.64833647,0.059983782,0.0035894595,4.5598936,194.6875,0.11633666,0.75717145,194.6875,1135,FC128,versus,2,5135,0.12109375,2.6640625,0.90625,0.70703125
0.0,1.1601562,0.16015625,0.71155715,0.0024825777,0.618775,0.06429863,0.0023519346,4.5076766,191.74219,0.12742639,0.7578386,191.74219,1136,FC128,versus,2,5136,0.171875,2.5195312,0.91015625,0.6796875
0.0,0.953125,0.140625,0.71035933,0.0024771164,0.6442678,0.049420357,-0.009989192,4.104972,193.10156,0.122338384,0.7585057,193.10156,1137,FC128,versus,2,5137,0.12109375,2.5273438,0.9140625,0.69921875
0.0,1.0429688,0.19140625,0.69422936,0.0024716547,0.6281087,0.054525655,-0.009595699,4.0725946,192.25,0.1316745,0.7591728,192.25,1138,FC128,versus,2,5138,0.171875,2.6054688,0.890625,0.68359375
0.0,0.96484375,0.2109375,0.66088295,0.002466193,0.62674963,0.05166591,-0.013099387,3.901695,190.98828,0.13279033,0.7598399,190.98828,1139,FC128,versus,2,5139,0.16796875,2.5664062,0.88671875,0.70703125
0.0,1.0625,0.16015625,0.6828819,0.0024607312,0.6563445,0.04932851,-0.011941264,4.1424885,192.17969,0.12590033,0.76050705,192.17969,1140,FC128,versus,2,5140,0.1640625,2.3242188,0.9453125,0.63671875
0.0,0.89453125,0.18359375,0.65998876,0.0024552695,0.62059706,0.05116148,-0.012250957,3.8725657,192.58594,0.13006577,0.76117414,192.58594,1141,FC128,versus,2,5141,0.11328125,2.5234375,0.90625,0.734375
0.0,0.9453125,0.1640625,0.6813269,0.0024498082,0.647496,0.056048874,-0.003999628,4.104382,191.54297,0.123435244,0.76184124,191.54297,1142,FC128,versus,2,5142,0.11328125,2.5859375,0.90625,0.73828125
0.0,0.96875,0.20703125,0.66732717,0.0024443464,0.6251931,0.053703785,-0.0069369525,3.96342,189.41016,0.12454383,0.76250833,189.41016,1143,FC128,versus,2,5143,0.140625,2.6328125,0.87109375,0.703125
0.0,1.0585938,0.1796875,0.68585974,0.0024388847,0.6468089,0.058242857,-0.0013193232,4.0486383,191.6211,0.12246983,0.7631755,191.6211,1144,FC128,versus,2,5144,0.1796875,2.4921875,0.88671875,0.71484375
0.0,0.96875,0.18359375,0.6763341,0.002433423,0.6481612,0.060979325,0.0003152182,4.000566,189.82812,0.124619834,0.7638426,189.82812,1145,FC128,versus,2,5145,0.1328125,2.4140625,0.9140625,0.7109375
0.0,1.0039062,0.15625,0.6814408,0.0024279612,0.6543106,0.06397616,0.0035865642,4.155017,192.65234,0.12408821,0.7645097,192.65234,1146,FC128,versus,2,5146,0.13671875,2.59375,0.875,0.69921875
0.0,0.9375,0.15625,0.6959187,0.0024225,0.6597469,0.057070028,-0.002970118,3.8845954,193.78906,0.123452015,0.76517683,193.78906,1147,FC128,versus,2,5147,0.1171875,2.53125,0.90625,0.69921875
0.0,0.97265625,0.17578125,0.69419974,0.0024170382,0.6567253,0.06304253,0.00037284437,3.8899102,191.7461,0.12869519,0.7658439,191.7461,1148,FC128,versus,2,5148,0.1640625,2.3320312,0.921875,0.65625
0.0,0.9609375,0.17578125,0.7058618,0.0024115765,0.66084516,0.051004007,-0.0115002245,3.9068906,191.71094,0.12841295,0.766511,191.71094,1149,FC128,versus,2,5149,0.1796875,2.375,0.93359375,0.69140625
0.0,1.0273438,0.1171875,0.71792555,0.0024061147,0.66068494,0.057580657,-0.0038264024,4.2423124,193.79688,0.12626894,0.7671781,193.79688,1150,FC128,versus,2,5150,0.203125,2.4101562,0.921875,0.6640625
0.0,0.97265625,0.1875,0.7083238,0.002400653,0.6360699,0.056879148,-0.0074246386,3.9700668,190.38672,0.13200845,0.7678453,190.38672,1151,FC128,versus,2,5151,0.1796875,2.5546875,0.91796875,0.69921875
0.0,1.03125,0.16796875,0.725917,0.0023951917,0.65903264,0.05936622,-0.00054447696,4.332138,192.46875,0.12329882,0.76851237,192.46875,1152,FC128,versus,2,5152,0.1171875,2.453125,0.90234375,0.69921875
0.0,0.984375,0.1484375,0.733194,0.00238973,0.6592556,0.050256703,-0.007997022,4.1510983,194.08984,0.12001172,0.76917946,194.08984,1153,FC128,versus,2,5153,0.15234375,2.4296875,0.875,0.66796875
0.0,0.94921875,0.13671875,0.71331,0.0023842682,0.63730305,0.049619753,-0.010549934,4.0494723,194.53906,0.123740815,0.76984656,194.53906,1154,FC128,versus,2,5154,0.125,2.6445312,0.88671875,0.734375
0.0,1.0039062,0.16796875,0.71940774,0.0023788065,0.64622784,0.050250698,-0.009358642,4.2355194,192.54297,0.12264134,0.7705137,192.54297,1155,FC128,versus,2,5155,0.17578125,2.6132812,0.90234375,0.69140625
0.0,0.91796875,0.1171875,0.72653896,0.0023733447,0.6483421,0.042230513,-0.015753446,4.0469074,195.0625,0.11941657,0.7711808,195.0625,1156,FC128,versus,2,5156,0.13671875,2.5703125,0.890625,0.73828125
0.0,0.91015625,0.12109375,0.73413163,0.0023678835,0.6605649,0.04335061,-0.013112612,4.1067295,195.14453,0.116403125,0.7718479,195.14453,1157,FC128,versus,2,5157,0.12109375,2.6523438,0.88671875,0.70703125
0.0,1.0351562,0.1328125,0.7235587,0.0023624217,0.65576947,0.05465793,-0.0024325016,4.4459167,195.23828,0.11759956,0.77251506,195.23828,1158,FC128,versus,2,5158,0.14453125,2.703125,0.8828125,0.72265625
0.0,0.98828125,0.12890625,0.75273013,0.00235696,0.649042,0.05123981,-0.006699143,4.3049164,194.19922,0.11942621,0.77318215,194.19922,1159,FC128,versus,2,5159,0.125,2.5507812,0.90234375,0.7109375
0.0,0.98046875,0.15234375,0.7418425,0.0023514982,0.6562511,0.0539712,-0.004640107,4.245063,192.9336,0.1207115,0.77384925,192.9336,1160,FC128,versus,2,5160,0.13671875,2.7734375,0.890625,0.75
0.00390625,0.90625,0.15234375,0.73944366,0.0023460365,0.6461886,0.04616361,-0.013006413,3.9976683,193.09766,0.12180958,0.77451634,193.09766,1161,FC128,versus,2,5161,0.13671875,2.5039062,0.890625,0.67578125
0.0,0.94921875,0.1328125,0.7427102,0.0023405752,0.6668209,0.052211422,-0.0058118114,4.3650255,194.22656,0.119523205,0.7751835,194.22656,1162,FC128,versus,2,5162,0.1328125,2.7851562,0.91015625,0.71875
0.0,1.0546875,0.1640625,0.7339461,0.0023351135,0.62941265,0.05532076,-0.0070197224,4.140219,193.1211,0.12810865,0.7758506,193.1211,1163,FC128,versus,2,5163,0.15234375,2.609375,0.87890625,0.71484375
0.0,0.98046875,0.203125,0.6970196,0.0023296517,0.6262386,0.05794033,-0.006282649,3.9872859,192.60156,0.13169359,0.7765177,192.60156,1164,FC128,versus,2,5164,0.109375,2.6210938,0.859375,0.73046875
0.0,0.96484375,0.16015625,0.7472564,0.00232419,0.639742,0.041868925,-0.019561177,3.903188,192.42578,0.12633374,0.7771848,192.42578,1165,FC128,versus,2,5165,0.15234375,2.390625,0.9140625,0.6875
0.0,0.8984375,0.1640625,0.7093924,0.0023187282,0.63042927,0.05271344,-0.008077577,4.0211897,194.41016,0.124871805,0.77785194,194.41016,1166,FC128,versus,2,5166,0.140625,2.6875,0.90234375,0.74609375
0.0,1.0195312,0.16015625,0.71569836,0.002313267,0.6474862,0.050914563,-0.008262442,4.161446,194.52734,0.12166522,0.77851903,194.52734,1167,FC128,versus,2,5167,0.1328125,2.6328125,0.8828125,0.703125
0.0,1.0039062,0.1640625,0.70658153,0.0023078052,0.6055347,0.061489392,-0.0012175064,4.3799543,194.22266,0.1286751,0.7791861,194.22266,1168,FC128,versus,2,5168,0.14453125,2.8359375,0.8984375,0.75
0.0,0.96484375,0.171875,0.7316323,0.0023023435,0.61950517,0.055210996,-0.0066963364,4.164504,193.57031,0.1271836,0.7798533,193.57031,1169,FC128,versus,2,5169,0.140625,2.6445312,0.875,0.71484375
0.0,1.0703125,0.14453125,0.7255325,0.0022968818,0.66597134,0.05650733,-0.0034946087,4.554842,193.5664,0.12333681,0.7805204,193.5664,1170,FC128,versus,2,5170,0.16015625,2.53125,0.91796875,0.6953125
0.0,1.0234375,0.16796875,0.727286,0.00229142,0.66608304,0.05357731,-0.008146076,4.171152,191.59375,0.12677981,0.7811875,191.59375,1171,FC128,versus,2,5171,0.140625,2.5234375,0.8984375,0.7109375
0.0,1.0703125,0.1171875,0.71054167,0.0022859587,0.6701143,0.053145137,-0.0054933676,4.50327,195.95703,0.12052555,0.78185457,195.95703,1172,FC128,versus,2,5172,0.17578125,2.546875,0.875,0.6796875
0.0,0.94921875,0.1484375,0.7179672,0.002280497,0.65932035,0.052237965,-0.00888637,4.175187,193.60938,0.12552331,0.7825217,193.60938,1173,FC128,versus,2,5173,0.125,2.6679688,0.90625,0.7421875
0.0,1.0546875,0.140625,0.71293205,0.0022750353,0.64764965,0.051953703,-0.011432953,4.172736,195.09766,0.1300172,0.7831888,195.09766,1174,FC128,versus,2,5174,0.1953125,2.421875,0.90625,0.65234375
0.0,0.984375,0.15625,0.7154998,0.0022695735,0.658267,0.055021916,-0.0063563134,4.1295834,192.46875,0.12600422,0.7838559,192.46875,1175,FC128,versus,2,5175,0.1328125,2.546875,0.8984375,0.69921875
0.0,0.9765625,0.16015625,0.7154667,0.0022641118,0.6538682,0.05315647,-0.00693229,4.103171,192.32422,0.12341731,0.784523,192.32422,1176,FC128,versus,2,5176,0.11328125,2.5625,0.89453125,0.72265625
0.0,1.0039062,0.203125,0.7052604,0.0022586505,0.6315838,0.05335849,-0.010169192,4.1314974,189.53516,0.13024125,0.78519017,189.53516,1177,FC128,versus,2,5177,0.13671875,2.578125,0.8984375,0.7109375
0.00390625,1.0351562,0.1328125,0.7196898,0.0022531888,0.66290355,0.055145845,-0.005045821,4.21951,194.3125,0.12362652,0.78585726,194.3125,1178,FC128,versus,2,5178,0.16796875,2.4140625,0.91796875,0.66796875
0.0,1.1445312,0.14453125,0.70785785,0.002247727,0.6658087,0.060264673,0.0020676109,4.399238,193.60938,0.11957627,0.78652436,193.60938,1179,FC128,versus,2,5179,0.15234375,2.4179688,0.90234375,0.6640625
0.0,0.96875,0.17578125,0.68608254,0.0022422653,0.6447946,0.056309585,-0.004989104,4.03903,192.1836,0.12567413,0.7871915,192.1836,1180,FC128,versus,2,5180,0.15234375,2.5703125,0.921875,0.68359375
0.0,1.078125,0.15234375,0.7052035,0.0022368035,0.6726943,0.048859168,-0.00969325,4.016262,194.20312,0.12025964,0.7878586,194.20312,1181,FC128,versus,2,5181,0.140625,2.53125,0.91015625,0.66796875
0.0,1.0820312,0.1796875,0.6843595,0.0022313423,0.6469675,0.05462058,-0.009230501,4.298652,191.83203,0.13075624,0.7885257,191.83203,1182,FC128,versus,2,5182,0.16796875,2.5351562,0.9140625,0.68359375
0.0078125,1.0625,0.13671875,0.7056661,0.0022258805,0.6539373,0.049530152,-0.010577437,4.254919,193.11328,0.12335663,0.7891928,193.11328,1183,FC128,versus,2,5183,0.13671875,2.5351562,0.91015625,0.6953125
0.0,1.0351562,0.23046875,0.667261,0.0022204188,0.65642905,0.05202324,-0.010794156,4.074648,187.42188,0.12859799,0.78985995,187.42188,1184,FC128,versus,2,5184,0.12890625,2.4414062,0.92578125,0.6953125
0.0,1.0429688,0.16015625,0.69040406,0.002214957,0.6422521,0.053535946,-0.008692331,4.227911,191.96094,0.12751499,0.79052705,191.96094,1185,FC128,versus,2,5185,0.15625,2.5195312,0.890625,0.65625
0.00390625,1.0078125,0.15234375,0.6729162,0.0022094953,0.663363,0.04783529,-0.011166415,4.2590075,192.95703,0.12097702,0.79119414,192.95703,1186,FC128,versus,2,5186,0.15234375,2.5234375,0.92578125,0.66796875
0.0,1.0117188,0.14453125,0.68839335,0.002204034,0.6522294,0.054263555,-0.004012624,4.165317,193.34766,0.11958685,0.79186124,193.34766,1187,FC128,versus,2,5187,0.125,2.4804688,0.90625,0.6875
0.0,0.921875,0.16015625,0.687144,0.0021985723,0.66485715,0.05057191,-0.009074866,3.931694,192.1914,0.12231503,0.7925284,192.1914,1188,FC128,versus,2,5188,0.11328125,2.5390625,0.93359375,0.70703125
0.0,1.0,0.18359375,0.6704696,0.0021931105,0.62677443,0.06284149,0.0012153039,4.2033515,191.86719,0.12619321,0.7931955,191.86719,1189,FC128,versus,2,5189,0.14453125,2.7460938,0.89453125,0.75
0.0,0.92578125,0.17578125,0.6853167,0.0021876488,0.6238867,0.051725596,-0.008341436,3.7673957,191.91406,0.12313253,0.7938626,191.91406,1190,FC128,versus,2,5190,0.125,2.5859375,0.8828125,0.72265625
0.00390625,0.9453125,0.2109375,0.64941776,0.002182187,0.64179134,0.06700617,0.0058912104,3.9154599,190.1875,0.12506422,0.79452974,190.1875,1191,FC128,versus,2,5191,0.109375,2.8125,0.87890625,0.7734375
0.00390625,1.0195312,0.1640625,0.683707,0.0021767258,0.6359904,0.05917711,-0.0008788587,4.1547346,193.5,0.12308843,0.79519683,193.5,1192,FC128,versus,2,5192,0.1484375,2.671875,0.890625,0.70703125
0.0,1.0273438,0.19140625,0.6791024,0.002171264,0.62358165,0.056739807,-0.005075869,4.067725,191.88672,0.12658037,0.7958639,191.88672,1193,FC128,versus,2,5193,0.15625,2.5820312,0.890625,0.7109375
0.0,1.0664062,0.11328125,0.70703065,0.0021658023,0.6542937,0.048770905,-0.010148353,4.2242126,196.01953,0.12090109,0.796531,196.01953,1194,FC128,versus,2,5194,0.12109375,2.5234375,0.90234375,0.66015625
0.0,1.0,0.14453125,0.6886706,0.0021603405,0.6372485,0.052254125,-0.009917818,4.213028,193.21875,0.12731941,0.7971982,193.21875,1195,FC128,versus,2,5195,0.15625,2.4101562,0.91015625,0.67578125
0.00390625,0.96484375,0.21875,0.6653593,0.0021548788,0.62264395,0.062079363,-0.003909518,4.023182,186.42188,0.1348453,0.7978653,186.42188,1196,FC128,versus,2,5196,0.11328125,2.46875,0.91015625,0.70703125
0.0,1.0546875,0.1484375,0.68988997,0.0021494175,0.64765954,0.054290235,-0.007976693,4.153143,193.21875,0.12749958,0.79853237,193.21875,1197,FC128,versus,2,5197,0.14453125,2.40625,0.890625,0.66015625
0.0,1.1015625,0.15625,0.6834813,0.0021439558,0.656777,0.046989214,-0.016056433,4.1854124,192.67188,0.129022,0.79919946,192.67188,1198,FC128,versus,2,5198,0.171875,2.484375,0.9140625,0.640625
0.0,1.1015625,0.14453125,0.68765205,0.002138494,0.63776803,0.05017142,-0.011727971,4.2768674,194.4961,0.12673986,0.7998666,194.4961,1199,FC128,versus,2,5199,0.18359375,2.5820312,0.89453125,0.66015625
0.0,1.0507812,0.1171875,0.7038692,0.0021330323,0.6647756,0.041473493,-0.017061565,4.335931,194.96875,0.12007287,0.8005337,194.96875,1200,FC128,versus,2,5200,0.18359375,2.3125,0.9375,0.6328125
0.0,0.96484375,0.1328125,0.7033764,0.0021275706,0.63677,0.045544423,-0.01631112,4.0730195,193.98047,0.12670405,0.8012008,193.98047,1201,FC128,versus,2,5201,0.140625,2.5273438,0.90234375,0.703125
0.0,1.0546875,0.15234375,0.68345517,0.0021221093,0.6672313,0.054276958,-0.0068632276,4.261136,195.32422,0.12518111,0.8018679,195.32422,1202,FC128,versus,2,5202,0.17578125,2.5507812,0.91015625,0.66796875
0.0,1.0351562,0.15234375,0.6962086,0.0021166475,0.6626637,0.05763239,-0.0017571008,4.361374,191.47656,0.12172624,0.80253506,191.47656,1203,FC128,versus,2,5203,0.12890625,2.6328125,0.90234375,0.73046875
0.00390625,1.0507812,0.16796875,0.7013408,0.0021111858,0.6547735,0.059956,-0.0015594873,4.309526,190.375,0.1259923,0.80320215,190.375,1204,FC128,versus,2,5204,0.13671875,2.4765625,0.890625,0.68359375
0.0,0.9765625,0.140625,0.70290864,0.002105724,0.66743755,0.054968253,-0.0044721165,4.150814,193.16797,0.121841006,0.80386925,193.16797,1205,FC128,versus,2,5205,0.140625,2.5351562,0.90625,0.71484375
0.00390625,0.88671875,0.11328125,0.718965,0.0021002623,0.67537224,0.052552164,-0.0065778866,4.1315355,194.0586,0.12128013,0.8045364,194.0586,1206,FC128,versus,2,5206,0.09765625,2.5429688,0.92578125,0.78125
0.0,1.0859375,0.1640625,0.6821971,0.002094801,0.6486543,0.063154414,-0.0017472167,4.399493,193.8711,0.13266139,0.8052035,193.8711,1207,FC128,versus,2,5207,0.171875,2.6054688,0.89453125,0.6953125
0.0,1.109375,0.15625,0.6859205,0.0020893393,0.64973336,0.058176164,-0.00592209,4.184785,192.875,0.13106275,0.8058706,192.875,1208,FC128,versus,2,5208,0.14453125,2.5625,0.890625,0.6875
0.0,1.1484375,0.12890625,0.68883765,0.0020838776,0.6687804,0.060241304,-0.0031021268,4.500797,194.9961,0.12955777,0.8065377,194.9961,1209,FC128,versus,2,5209,0.18359375,2.46875,0.8828125,0.6484375
0.0,0.9765625,0.16796875,0.649336,0.0020784158,0.6427376,0.058281668,-0.007669919,4.093968,192.4375,0.13460235,0.80720484,192.4375,1210,FC128,versus,2,5210,0.10546875,2.6601562,0.9140625,0.72265625
0.0,1.0273438,0.171875,0.6971245,0.002072954,0.64620316,0.05810447,-0.00415886,4.365575,191.53906,0.12741688,0.80787194,191.53906,1211,FC128,versus,2,5211,0.140625,2.6445312,0.8828125,0.703125
0.0078125,0.97265625,0.203125,0.667232,0.0020674928,0.64571744,0.057824947,-0.004094554,4.075882,191.75,0.126598,0.80853903,191.75,1212,FC128,versus,2,5212,0.11328125,2.6054688,0.89453125,0.73828125
0.0,0.96484375,0.15625,0.68341106,0.002062031,0.6394429,0.05697564,-0.0018352689,4.1490984,191.26953,0.120440245,0.8092061,191.26953,1213,FC128,versus,2,5213,0.11328125,2.7109375,0.87890625,0.7578125
0.0,0.99609375,0.12890625,0.6905292,0.0020565693,0.62979555,0.054736245,-0.001195024,4.1447372,192.9336,0.11470278,0.8098733,192.9336,1214,FC128,versus,2,5214,0.1484375,2.4335938,0.89453125,0.67578125
0.01171875,1.0,0.1640625,0.6576829,0.0020511076,0.61375797,0.057593957,-0.0022185051,4.2839146,192.82031,0.12232288,0.8105404,192.82031,1215,FC128,versus,2,5215,0.16015625,2.5625,0.890625,0.65625
0.0,0.94140625,0.171875,0.65876514,0.0020456458,0.6329206,0.055512898,-0.0052717365,3.7196772,193.7461,0.12426447,0.8112075,193.7461,1216,FC128,versus,2,5216,0.16015625,2.4140625,0.8828125,0.66015625
0.0,1.0234375,0.140625,0.6774995,0.0020401846,0.62452424,0.058649186,-0.00034959882,4.1660995,193.01562,0.12076202,0.8118746,193.01562,1217,FC128,versus,2,5217,0.14453125,2.4296875,0.90234375,0.67578125
0.0,1.03125,0.14453125,0.6725151,0.0020347228,0.6499968,0.06118574,-0.00095181743,4.186384,195.24219,0.12701188,0.8125417,195.24219,1218,FC128,versus,2,5218,0.14453125,2.5039062,0.921875,0.68359375
0.0,0.91015625,0.13671875,0.67129135,0.002029261,0.6207839,0.057323575,-0.0071899947,4.0400143,193.03906,0.1317516,0.8132088,193.03906,1219,FC128,versus,2,5219,0.12890625,2.4765625,0.91015625,0.71875
0.0,1.0078125,0.15234375,0.67748684,0.0020237993,0.64549065,0.0479043,-0.015068821,3.949359,194.48828,0.12868844,0.8138759,194.48828,1220,FC128,versus,2,5220,0.19140625,2.3945312,0.89453125,0.6640625
0.00390625,1.1015625,0.14453125,0.66729474,0.0020183376,0.67639303,0.056883622,-0.005121995,4.3296847,192.78906,0.12670489,0.81454307,192.78906,1221,FC128,versus,2,5221,0.17578125,2.3828125,0.94140625,0.65234375
0.0078125,0.984375,0.21875,0.62934655,0.0020128763,0.64032036,0.056748852,-0.009348857,4.019804,193.58203,0.13472901,0.81521016,193.58203,1222,FC128,versus,2,5222,0.1328125,2.6132812,0.85546875,0.6796875
0.0,1.0117188,0.1953125,0.6577235,0.0020074146,0.65381396,0.04986841,-0.012974578,3.9979045,189.5586,0.12832662,0.81587726,189.5586,1223,FC128,versus,2,5223,0.18359375,2.4179688,0.921875,0.66015625
0.0,1.0,0.15234375,0.64979625,0.0020019528,0.67631423,0.04809036,-0.010421465,4.1811347,192.83594,0.119625375,0.81654435,192.83594,1224,FC128,versus,2,5224,0.16015625,2.421875,0.9296875,0.6875
0.00390625,1.0859375,0.1640625,0.657026,0.001996491,0.64648664,0.05685098,-0.005902305,4.1507664,190.96875,0.12813006,0.8172115,190.96875,1225,FC128,versus,2,5225,0.16796875,2.4335938,0.9296875,0.66015625
0.0,1.1757812,0.12109375,0.67220473,0.0019910294,0.6538484,0.057088334,-0.0033051558,4.3156185,194.46094,0.123463735,0.8178786,194.46094,1226,FC128,versus,2,5226,0.22265625,2.1445312,0.9375,0.61328125
0.0,1.0195312,0.16796875,0.6537998,0.001985568,0.66391456,0.06248184,0.0013229919,4.194621,192.10938,0.12491402,0.8185457,192.10938,1227,FC128,versus,2,5227,0.15234375,2.5117188,0.90625,0.69921875
0.0,1.0117188,0.16796875,0.648211,0.0019801063,0.6377523,0.06322605,-0.0019620822,4.0814705,191.88281,0.13294332,0.81921285,191.88281,1228,FC128,versus,2,5228,0.16796875,2.4179688,0.9296875,0.69921875
0.0,1.09375,0.16796875,0.63769263,0.0019746446,0.6420613,0.060197484,-0.006310527,3.9450097,192.51953,0.13553445,0.81987995,192.51953,1229,FC128,versus,2,5229,0.16796875,2.3632812,0.91796875,0.66015625
0.0,1.03125,0.1328125,0.6769472,0.0019691829,0.673548,0.04726879,-0.014125952,3.7519758,194.20703,0.12545554,0.82054704,194.20703,1230,FC128,versus,2,5230,0.1875,2.2773438,0.921875,0.6640625
0.0,0.96484375,0.17578125,0.6405127,0.0019637211,0.65293705,0.060777687,-0.004350666,4.1320734,193.76172,0.13277228,0.82121414,193.76172,1231,FC128,versus,2,5231,0.14453125,2.65625,0.90234375,0.7265625
0.0,1.1289062,0.15234375,0.671014,0.0019582598,0.662558,0.05354324,-0.0082972925,4.1127768,192.41406,0.12630911,0.8218813,192.41406,1232,FC128,versus,2,5232,0.16796875,2.3945312,0.8984375,0.6484375
0.0,1.1328125,0.125,0.6788538,0.0019527981,0.6614822,0.054719508,-0.0047564995,4.345291,194.09766,0.12160334,0.8225484,194.09766,1233,FC128,versus,2,5233,0.19140625,2.3867188,0.91796875,0.6328125
0.0,1.0898438,0.171875,0.67416215,0.0019473364,0.63038146,0.047524728,-0.013934909,4.245367,191.55469,0.12554492,0.8232155,191.55469,1234,FC128,versus,2,5234,0.17578125,2.2890625,0.9453125,0.66796875
0.0,1.078125,0.140625,0.68360895,0.0019418746,0.6431874,0.051904436,-0.00944315,4.2388086,192.42578,0.12535013,0.8238826,192.42578,1235,FC128,versus,2,5235,0.1328125,2.4023438,0.9296875,0.69140625
0.0,1.0664062,0.125,0.6833223,0.0019364129,0.6571622,0.05411285,-0.0066863466,4.481314,194.53125,0.12424478,0.82454973,194.53125,1236,FC128,versus,2,5236,0.18359375,2.5,0.90234375,0.65234375
0.0,0.91015625,0.140625,0.6851289,0.0019309516,0.65508837,0.053669173,-0.008858671,3.9746249,193.64453,0.1277016,0.8252168,193.64453,1237,FC128,versus,2,5237,0.1328125,2.6054688,0.921875,0.6875
0.0,1.09375,0.140625,0.6884164,0.0019254899,0.6494779,0.056254443,-0.007535199,4.29253,192.97656,0.13023037,0.8258839,192.97656,1238,FC128,versus,2,5238,0.1640625,2.5195312,0.90625,0.66796875
0.0,0.94921875,0.1328125,0.6911,0.0019200281,0.6727578,0.052741345,-0.009275464,4.1297703,194.5039,0.12668748,0.8265511,194.5039,1239,FC128,versus,2,5239,0.1171875,2.6992188,0.921875,0.75
0.0,1.0820312,0.125,0.6945405,0.0019145664,0.6804259,0.055119406,-0.005316707,4.3860006,195.0,0.123531714,0.8272182,195.0,1240,FC128,versus,2,5240,0.1875,2.3945312,0.91015625,0.65234375
0.0,0.9921875,0.109375,0.68514913,0.0019091046,0.6739643,0.058889683,-0.0014558655,4.4998555,196.59375,0.12330714,0.82788527,196.59375,1241,FC128,versus,2,5241,0.109375,2.8007812,0.875,0.76171875
0.0,0.953125,0.09375,0.7074393,0.0019036434,0.66833293,0.048216935,-0.010224458,4.335865,197.4414,0.11957621,0.82855237,197.4414,1242,FC128,versus,2,5242,0.109375,2.5234375,0.91015625,0.7265625
0.0,1.0507812,0.1171875,0.70378727,0.0018981816,0.67904985,0.060145583,-0.00041607567,4.5595417,192.92578,0.123795144,0.8292195,192.92578,1243,FC128,versus,2,5243,0.16015625,2.5351562,0.93359375,0.69921875
0.0,0.9609375,0.1796875,0.67959946,0.0018927199,0.64128137,0.050261654,-0.013178304,4.0296383,192.4336,0.1294525,0.8298866,192.4336,1244,FC128,versus,2,5244,0.1484375,2.5,0.88671875,0.72265625
0.0,0.99609375,0.140625,0.7037953,0.0018872581,0.6622914,0.057153814,-0.006293975,4.248054,193.13672,0.12955207,0.8305537,193.13672,1245,FC128,versus,2,5245,0.1171875,2.578125,0.88671875,0.71484375
0.0,1.046875,0.12890625,0.70855016,0.0018817964,0.6694062,0.059172615,-0.002857575,4.46218,192.90625,0.12672707,0.8312208,192.90625,1246,FC128,versus,2,5246,0.11328125,2.609375,0.91796875,0.67578125
0.0,0.953125,0.125,0.7210866,0.0018763351,0.6817616,0.046271425,-0.013272703,4.2216973,193.66797,0.12179425,0.83188796,193.66797,1247,FC128,versus,2,5247,0.14453125,2.5742188,0.91015625,0.71484375
0.0,0.95703125,0.1640625,0.69604725,0.0018708734,0.66961634,0.05017942,-0.01189824,3.8858576,193.2539,0.12675975,0.83255506,193.2539,1248,FC128,versus,2,5248,0.109375,2.609375,0.91796875,0.6953125
0.0,1.0273438,0.08203125,0.729983,0.0018654116,0.6831686,0.05448086,-0.0023444076,4.5959945,196.98047,0.11637397,0.83322215,196.98047,1249,FC128,versus,2,5249,0.13671875,2.6835938,0.890625,0.71484375
0.0,1.0546875,0.14453125,0.7087412,0.0018599499,0.6617851,0.052931745,-0.009217259,4.3528013,193.83594,0.12693445,0.8338893,193.83594,1250,FC128,versus,2,5250,0.1796875,2.5625,0.9296875,0.6796875
0.00390625,0.98046875,0.140625,0.7012415,0.0018544882,0.66378486,0.055627756,-0.005193313,4.264896,192.98828,0.12424302,0.8345564,192.98828,1251,FC128,versus,2,5251,0.15234375,2.5859375,0.9140625,0.7109375
0.0,1.0390625,0.11328125,0.71995115,0.0018490269,0.69647986,0.053544797,-0.0034494293,4.397369,193.8086,0.11665087,0.8352235,193.8086,1252,FC128,versus,2,5252,0.15234375,2.421875,0.91015625,0.6796875
0.0,0.99609375,0.12890625,0.69571626,0.0018435651,0.6623926,0.05676184,-0.0038538887,4.3708477,192.73047,0.12379665,0.8358906,192.73047,1253,FC128,versus,2,5253,0.16015625,2.4804688,0.921875,0.6953125
0.0,1.0273438,0.09765625,0.72195846,0.0018381034,0.67027664,0.047546644,-0.011425637,4.126545,193.7539,0.12059863,0.83655775,193.7539,1254,FC128,versus,2,5254,0.19921875,2.28125,0.9296875,0.640625
0.0,0.8984375,0.13671875,0.71954304,0.0018326417,0.67893517,0.050706353,-0.010335878,4.0504856,192.98828,0.12472179,0.83722484,192.98828,1255,FC128,versus,2,5255,0.109375,2.5078125,0.91015625,0.73046875
0.00390625,0.98046875,0.15625,0.6653357,0.0018271799,0.6624031,0.064857535,0.0008047298,4.3546185,192.82422,0.13053699,0.83789194,192.82422,1256,FC128,versus,2,5256,0.1328125,2.765625,0.8828125,0.734375
0.0,0.9140625,0.15234375,0.66748714,0.0018217186,0.6668663,0.05981315,-0.001030116,4.2344775,194.7461,0.12411848,0.83855903,194.7461,1257,FC128,versus,2,5257,0.1015625,2.7421875,0.89453125,0.734375
0.00390625,0.921875,0.16015625,0.6728998,0.0018162569,0.6526894,0.05093059,-0.009112204,3.9524436,193.98828,0.12252991,0.8392262,193.98828,1258,FC128,versus,2,5258,0.13671875,2.609375,0.89453125,0.7265625
0.0,0.96484375,0.15234375,0.68889904,0.0018107952,0.6423141,0.04299849,-0.015860008,4.0753403,192.24219,0.1202119,0.8398933,192.24219,1259,FC128,versus,2,5259,0.11328125,2.5195312,0.91796875,0.71875
0.0,0.94921875,0.15625,0.6870125,0.0018053334,0.646788,0.04651865,-0.0130942855,4.0435724,194.94531,0.12170644,0.8405604,194.94531,1260,FC128,versus,2,5260,0.140625,2.4726562,0.89453125,0.66796875
0.0,1.0546875,0.125,0.70817506,0.0017998717,0.6358808,0.05040618,-0.0079304,4.313756,194.17578,0.1192224,0.84122753,194.17578,1261,FC128,versus,2,5261,0.15625,2.4140625,0.91796875,0.6796875
0.0,1.15625,0.171875,0.68290854,0.0017944104,0.6300237,0.056827087,-0.0032002751,4.3302536,192.8164,0.12250556,0.8418946,192.8164,1262,FC128,versus,2,5262,0.13671875,2.6171875,0.87109375,0.69921875
0.0,0.96875,0.14453125,0.69647264,0.0017889487,0.6603406,0.05317592,-0.0049848873,4.0158443,194.01562,0.118813515,0.8425617,194.01562,1263,FC128,versus,2,5263,0.1484375,2.5703125,0.89453125,0.73046875
0.00390625,0.96484375,0.12890625,0.6905465,0.0017834869,0.63935363,0.051593035,-0.006601584,4.039421,195.83984,0.1188524,0.8432288,195.83984,1264,FC128,versus,2,5264,0.1484375,2.4921875,0.875,0.65234375
0.00390625,0.95703125,0.10546875,0.6811499,0.0017780252,0.6525489,0.05673257,-0.0030329493,4.316868,195.80469,0.12195324,0.843896,195.80469,1265,FC128,versus,2,5265,0.13671875,2.5195312,0.90625,0.69140625
0.00390625,1.03125,0.140625,0.68325216,0.0017725634,0.6682452,0.06037143,0.001563337,4.2411456,192.71094,0.1200384,0.84456307,192.71094,1266,FC128,versus,2,5266,0.15234375,2.5234375,0.890625,0.69140625
0.0,1.0507812,0.140625,0.68493,0.0017671022,0.6407707,0.057730567,-0.004414842,4.063072,193.14062,0.1267115,0.84523016,193.14062,1267,FC128,versus,2,5267,0.16796875,2.3320312,0.88671875,0.63671875
0.0,1.0742188,0.14453125,0.6885896,0.0017616404,0.64519536,0.06280411,0.0010901373,4.3267403,193.51953,0.12585403,0.84589726,193.51953,1268,FC128,versus,2,5268,0.14453125,2.6054688,0.89453125,0.7265625
0.0,1.03125,0.12890625,0.6760149,0.0017561787,0.66723317,0.048279423,-0.009339811,4.064907,195.20312,0.117612876,0.8465644,195.20312,1269,FC128,versus,2,5269,0.140625,2.5078125,0.90234375,0.6953125
0.0,0.953125,0.1640625,0.656262,0.0017507169,0.63028014,0.045433592,-0.016946433,3.826223,191.64453,0.12705791,0.8472315,191.64453,1270,FC128,versus,2,5270,0.15625,2.4257812,0.9140625,0.68359375
0.0,1.0390625,0.14453125,0.6628337,0.0017452552,0.65327895,0.0521395,-0.0067024324,4.3136616,192.51172,0.119997494,0.8478986,192.51172,1271,FC128,versus,2,5271,0.14453125,2.5273438,0.91015625,0.68359375
0.0,1.0507812,0.15234375,0.65321505,0.0017397939,0.6517896,0.054714017,-0.006505748,4.1949105,193.51953,0.124712445,0.84856576,193.51953,1272,FC128,versus,2,5272,0.16796875,2.484375,0.890625,0.65625
0.0,1.0898438,0.15234375,0.6490019,0.0017343322,0.63919306,0.051106658,-0.010752208,4.2371397,194.4375,0.1259689,0.84923285,194.4375,1273,FC128,versus,2,5273,0.15234375,2.40625,0.91015625,0.703125
0.0,1.1015625,0.171875,0.6420944,0.0017288704,0.653558,0.05310686,-0.0100061,4.072214,190.60938,0.12844612,0.84989995,190.60938,1274,FC128,versus,2,5274,0.17578125,2.3632812,0.93359375,0.625
0.00390625,1.09375,0.1328125,0.6402954,0.0017234087,0.67228866,0.053176064,-0.008536731,4.287794,194.58984,0.12563257,0.85056704,194.58984,1275,FC128,versus,2,5275,0.19140625,2.484375,0.92578125,0.65234375
0.0,1.140625,0.1484375,0.65074533,0.001717947,0.6715516,0.057149854,-0.006766153,4.250266,193.4961,0.1300679,0.8512342,193.4961,1276,FC128,versus,2,5276,0.23046875,2.2929688,0.921875,0.62890625
0.0,1.0351562,0.09765625,0.66965467,0.0017124857,0.687441,0.056648973,-0.0046145367,4.3654733,194.59766,0.12482057,0.8519013,194.59766,1277,FC128,versus,2,5277,0.16796875,2.5,0.91796875,0.6796875
0.00390625,1.0859375,0.125,0.6492654,0.0017070239,0.677595,0.067697,0.0028470505,4.5011396,192.61328,0.13191652,0.8525684,192.61328,1278,FC128,versus,2,5278,0.1640625,2.5,0.9140625,0.69921875
0.00390625,1.0429688,0.14453125,0.6543465,0.0017015622,0.67653185,0.055530366,-0.011833822,4.0469666,193.7461,0.1369552,0.8532355,193.7461,1279,FC128,versus,2,5279,0.1796875,2.296875,0.9296875,0.59765625
0.0,1.015625,0.1171875,0.6568292,0.0016961005,0.68225485,0.060774166,-0.0034928443,4.1871433,195.00781,0.13076212,0.85390264,195.00781,1280,FC128,versus,2,5280,0.15625,2.5664062,0.90625,0.69140625
0.0,1.03125,0.125,0.6658185,0.0016906387,0.6761708,0.053838786,-0.007988913,4.1826143,193.74219,0.12590672,0.85456973,193.74219,1281,FC128,versus,2,5281,0.1484375,2.3320312,0.9296875,0.6640625
0.0,1.0507812,0.12109375,0.67223185,0.0016851774,0.6901059,0.053778555,-0.007518832,4.1764574,194.53906,0.124860436,0.8552368,194.53906,1282,FC128,versus,2,5282,0.1484375,2.265625,0.921875,0.6953125
0.0,1.0507812,0.11328125,0.6821916,0.0016797157,0.68142843,0.054006964,-0.004960801,4.347225,193.28516,0.12022731,0.855904,193.28516,1283,FC128,versus,2,5283,0.1796875,2.3710938,0.92578125,0.6640625
0.0,1.0546875,0.15625,0.6875311,0.001674254,0.6883332,0.05198656,-0.0072052046,4.3448925,190.26172,0.120685734,0.8565711,190.26172,1284,FC128,versus,2,5284,0.1796875,2.3242188,0.9609375,0.67578125
0.0,0.90234375,0.171875,0.6676426,0.0016687922,0.6621928,0.05496071,-0.00529007,4.0246367,193.65234,0.12272987,0.8572382,193.65234,1285,FC128,versus,2,5285,0.1484375,2.5429688,0.8828125,0.6953125
0.0,0.98046875,0.13671875,0.66923434,0.0016633305,0.650867,0.05958089,-0.0028804112,4.1133385,192.84766,0.12714891,0.85790527,192.84766,1286,FC128,versus,2,5286,0.1015625,2.5585938,0.89453125,0.70703125
0.0,1.0078125,0.1875,0.6638563,0.0016578692,0.6550962,0.058198255,-0.0048458586,4.2121897,192.0586,0.1282894,0.8585724,192.0586,1287,FC128,versus,2,5287,0.1328125,2.6132812,0.88671875,0.71484375
0.0,1.046875,0.16015625,0.66411495,0.0016524075,0.66358984,0.056460556,-0.005099307,4.1963854,194.82031,0.1253145,0.8592395,194.82031,1288,FC128,versus,2,5288,0.1484375,2.4726562,0.89453125,0.6796875
0.0,1.1679688,0.1171875,0.67769265,0.0016469457,0.6879681,0.05399228,-0.0043948493,4.6143036,195.01953,0.1190065,0.8599066,195.01953,1289,FC128,versus,2,5289,0.16796875,2.5,0.91796875,0.6875
0.0,1.0703125,0.1328125,0.6876802,0.001641484,0.67965496,0.047462214,-0.011403593,4.371314,194.5625,0.119989246,0.8605737,194.5625,1290,FC128,versus,2,5290,0.15625,2.546875,0.9140625,0.6796875
0.0,1.046875,0.109375,0.70577896,0.0016360222,0.681724,0.033692904,-0.023909247,4.0735035,195.36719,0.117513634,0.86124086,195.36719,1291,FC128,versus,2,5291,0.1640625,2.3554688,0.91015625,0.64453125
0.0,1.0078125,0.109375,0.6984018,0.001630561,0.6930678,0.045761775,-0.011520494,4.118244,195.08203,0.11684211,0.86190796,195.08203,1292,FC128,versus,2,5292,0.16015625,2.4492188,0.921875,0.6953125
0.0,1.0546875,0.13671875,0.6784705,0.0016250992,0.6632079,0.0520698,-0.007897177,4.3933225,194.23438,0.12213912,0.86257505,194.23438,1293,FC128,versus,2,5293,0.15234375,2.6289062,0.9375,0.7265625
0.0,0.9921875,0.109375,0.69601935,0.0016196375,0.6754732,0.048674487,-0.007825781,4.104432,195.14844,0.11525513,0.8632422,195.14844,1294,FC128,versus,2,5294,0.1640625,2.4140625,0.8984375,0.67578125
0.0,0.984375,0.140625,0.6630765,0.0016141757,0.6666243,0.055822287,-0.0044782134,4.21873,192.23047,0.12274164,0.8639093,192.23047,1295,FC128,versus,2,5295,0.125,2.6328125,0.91015625,0.7421875
0.0,0.85546875,0.15234375,0.65159047,0.001608714,0.647223,0.052247304,-0.0054042605,4.043415,191.51562,0.11739957,0.8645764,191.51562,1296,FC128,versus,2,5296,0.109375,2.6132812,0.90625,0.72265625
0.0,1.0039062,0.13671875,0.656029,0.0016032527,0.6561762,0.053308293,-0.0052776067,4.0633116,194.59375,0.11927536,0.8652435,194.59375,1297,FC128,versus,2,5297,0.16015625,2.5351562,0.90625,0.73046875
0.0,1.0234375,0.15234375,0.6475474,0.001597791,0.65421736,0.052613553,-0.007482037,4.1799774,191.88281,0.12226047,0.86591065,191.88281,1298,FC128,versus,2,5298,0.140625,2.34375,0.9296875,0.64453125
0.0,1.0742188,0.1484375,0.64460814,0.0015923292,0.6582705,0.054727376,-0.005345521,4.1026964,193.44922,0.12219865,0.86657774,193.44922,1299,FC128,versus,2,5299,0.16015625,2.4492188,0.9140625,0.6796875
0.00390625,0.97265625,0.16796875,0.64211303,0.0015868675,0.63436043,0.049693782,-0.013151209,4.004476,191.63281,0.12772788,0.86724484,191.63281,1300,FC128,versus,2,5300,0.15234375,2.4179688,0.9375,0.6875
0.0,0.9609375,0.14453125,0.6395114,0.0015814058,0.6424084,0.054145988,-0.007889431,3.9673572,192.64062,0.12609349,0.86791193,192.64062,1301,FC128,versus,2,5301,0.15625,2.4375,0.91015625,0.6875
0.0,0.9765625,0.13671875,0.63646203,0.0015759445,0.6473203,0.060282335,-0.0010437894,4.3253536,193.76953,0.1246583,0.8685791,193.76953,1302,FC128,versus,2,5302,0.11328125,2.6757812,0.93359375,0.72265625
0.0,0.9140625,0.1640625,0.6129457,0.0015704827,0.62364393,0.0578679,-0.006137896,3.9449766,193.66016,0.12993683,0.8692462,193.66016,1303,FC128,versus,2,5303,0.12109375,2.5976562,0.8828125,0.73046875
0.0,0.9453125,0.18359375,0.62456083,0.001565021,0.65177375,0.057795987,-0.0024293845,4.0336385,190.8164,0.12240564,0.8699133,190.8164,1304,FC128,versus,2,5304,0.16015625,2.6210938,0.90234375,0.69140625
0.00390625,0.98046875,0.1484375,0.6271332,0.0015595593,0.66806793,0.05428336,-0.0060955375,4.194714,193.34766,0.12271389,0.87058043,193.34766,1305,FC128,versus,2,5305,0.1484375,2.4882812,0.90234375,0.69921875
0.00390625,0.98828125,0.12890625,0.6321749,0.0015540975,0.6632869,0.055716313,-0.0037279655,4.202935,194.54688,0.12085348,0.87124753,194.54688,1306,FC128,versus,2,5306,0.1328125,2.6640625,0.88671875,0.73046875
0.00390625,0.90234375,0.15234375,0.6271599,0.0015486362,0.66590655,0.05463064,-0.0050177802,3.9575348,194.17578,0.12123933,0.8719146,194.17578,1307,FC128,versus,2,5307,0.1484375,2.5742188,0.8828125,0.70703125
0.00390625,0.9296875,0.125,0.6138397,0.0015431745,0.68499386,0.061060973,0.0028437257,4.455803,193.52344,0.11832902,0.8725817,193.52344,1308,FC128,versus,2,5308,0.12109375,2.7421875,0.890625,0.734375
0.0,0.9765625,0.171875,0.63293964,0.0015377128,0.655509,0.058058947,-0.0044150013,3.8721895,192.76172,0.12689446,0.8732489,192.76172,1309,FC128,versus,2,5309,0.14453125,2.546875,0.90625,0.6953125
0.0,1.1132812,0.1640625,0.6388267,0.001532251,0.6670555,0.051081136,-0.013259075,4.0190268,191.73828,0.13063811,0.873916,191.73828,1310,FC128,versus,2,5310,0.22265625,2.2929688,0.91796875,0.62109375
0.0,1.0351562,0.1484375,0.6285295,0.0015267893,0.67275023,0.05306958,-0.009495201,3.9873655,194.34375,0.12704882,0.87458307,194.34375,1311,FC128,versus,2,5311,0.1640625,2.25,0.9140625,0.625
0.0,0.984375,0.1796875,0.59476316,0.001521328,0.6600816,0.05796626,-0.006143104,3.945682,191.60547,0.13002838,0.87525016,191.60547,1312,FC128,versus,2,5312,0.14453125,2.3789062,0.89453125,0.6875
0.0,1.0351562,0.171875,0.60997444,0.0015158663,0.6541055,0.057466224,-0.00843218,4.043009,193.34375,0.13364609,0.8759173,193.34375,1313,FC128,versus,2,5313,0.1953125,2.359375,0.90625,0.66015625
0.0,0.84765625,0.1796875,0.5999003,0.0015104045,0.6446525,0.047007743,-0.014315741,3.7720368,192.6836,0.12445915,0.8765844,192.6836,1314,FC128,versus,2,5314,0.12890625,2.5742188,0.8984375,0.72265625
0.0,0.99609375,0.18359375,0.6027325,0.0015049428,0.63542736,0.05125884,-0.0109865,3.8320515,190.97266,0.12630484,0.8772515,190.97266,1315,FC128,versus,2,5315,0.13671875,2.484375,0.8984375,0.703125
0.00390625,1.0703125,0.16796875,0.61566836,0.001499481,0.63061285,0.056096006,-0.0063238298,4.12503,191.01172,0.12668604,0.87791866,191.01172,1316,FC128,versus,2,5316,0.16015625,2.34375,0.93359375,0.6796875
0.0,1.1171875,0.1484375,0.6231407,0.0014940198,0.67499626,0.053251687,-0.006870022,4.2448106,190.0,0.12210539,0.87858576,190.0,1317,FC128,versus,2,5317,0.16796875,2.3554688,0.93359375,0.65625
0.00390625,1.1171875,0.12890625,0.6246977,0.001488558,0.6877429,0.047137193,-0.010452818,3.9759982,194.66797,0.11703982,0.87925285,194.66797,1318,FC128,versus,2,5318,0.22265625,2.1171875,0.90234375,0.57421875
0.0,0.94921875,0.2109375,0.6081029,0.0014830963,0.6406146,0.052831504,-0.011063165,3.6740754,188.88672,0.12959309,0.87991995,188.88672,1319,FC128,versus,2,5319,0.1796875,2.296875,0.89453125,0.65625
0.0,1.0234375,0.12890625,0.64090294,0.0014776345,0.66079307,0.054814447,-0.0066251173,4.062829,193.94922,0.12477317,0.8805871,193.94922,1320,FC128,versus,2,5320,0.1875,2.3007812,0.9453125,0.6640625
0.0,0.953125,0.16015625,0.63297766,0.0014721728,0.6335709,0.05540694,-0.009518956,3.7054317,193.08984,0.13171549,0.8812542,193.08984,1321,FC128,versus,2,5321,0.15625,2.3789062,0.91015625,0.66796875
0.0,0.87890625,0.16015625,0.6389748,0.0014667115,0.6334369,0.05866793,-0.0042051915,3.5683074,191.85547,0.12762062,0.8819213,191.85547,1322,FC128,versus,2,5322,0.12109375,2.3554688,0.921875,0.6953125
0.0,0.890625,0.15234375,0.6375193,0.0014612498,0.63695085,0.06879529,0.0066350335,3.9886374,192.45312,0.12618367,0.8825884,192.45312,1323,FC128,versus,2,5323,0.109375,2.5625,0.90234375,0.70703125
0.00390625,0.95703125,0.1171875,0.6472476,0.001455788,0.65805644,0.063222915,0.0047197626,4.1794944,193.34375,0.11889081,0.88325554,193.34375,1324,FC128,versus,2,5324,0.125,2.4921875,0.92578125,0.734375
0.0,1.0976562,0.1484375,0.6360866,0.0014503263,0.6270955,0.068018295,0.0052019646,4.137351,193.08594,0.12747772,0.88392264,193.08594,1325,FC128,versus,2,5325,0.16796875,2.3398438,0.921875,0.60546875
0.0,1.0195312,0.11328125,0.64320654,0.0014448646,0.65044004,0.05659827,-0.003922189,4.075842,195.85938,0.122899614,0.88458973,195.85938,1326,FC128,versus,2,5326,0.19921875,2.390625,0.92578125,0.64453125
0.0,1.0273438,0.14453125,0.6299413,0.0014394033,0.6379109,0.053577177,-0.008661841,3.994576,194.63672,0.12629151,0.8852569,194.63672,1327,FC128,versus,2,5327,0.1640625,2.4335938,0.91015625,0.68359375
0.0,1.0,0.1171875,0.6314618,0.0014339415,0.657506,0.050667178,-0.010093996,4.337538,194.88281,0.123333305,0.885924,194.88281,1328,FC128,versus,2,5328,0.16015625,2.40625,0.90625,0.65625
0.0,1.046875,0.16796875,0.62974936,0.0014284798,0.63047636,0.050861906,-0.01320285,3.9917011,192.48438,0.12992868,0.8865911,192.48438,1329,FC128,versus,2,5329,0.15625,2.296875,0.91796875,0.65625
0.0,1.0117188,0.14453125,0.63488847,0.001423018,0.63339186,0.0420876,-0.021097267,3.9757526,193.10938,0.12817664,0.8872582,193.10938,1330,FC128,versus,2,5330,0.16015625,2.359375,0.90625,0.640625
0.00390625,1.09375,0.15625,0.6088139,0.0014175563,0.6329656,0.05016257,-0.012922037,4.339308,191.71094,0.12789527,0.8879253,191.71094,1331,FC128,versus,2,5331,0.17578125,2.5,0.9453125,0.69140625
0.0,0.9609375,0.15625,0.6240252,0.001412095,0.64651847,0.0425905,-0.01735013,3.8952208,192.29297,0.121643625,0.8885924,192.29297,1332,FC128,versus,2,5332,0.1640625,2.390625,0.90234375,0.66796875
0.0,1.0585938,0.1328125,0.634257,0.0014066333,0.6296755,0.04867512,-0.013604579,4.055494,193.80078,0.12634373,0.8892595,193.80078,1333,FC128,versus,2,5333,0.18359375,2.25,0.90234375,0.609375
0.0,1.0078125,0.18359375,0.6306152,0.0014011716,0.62252676,0.05017522,-0.01324649,3.6927962,192.03516,0.12861063,0.8899266,192.03516,1334,FC128,versus,2,5334,0.14453125,2.3789062,0.9140625,0.6796875
0.0,0.984375,0.15625,0.6271176,0.0013957098,0.6338093,0.059183713,-0.0037728772,3.9495287,194.22266,0.12766373,0.89059377,194.22266,1335,FC128,versus,2,5335,0.1640625,2.3554688,0.88671875,0.7109375
0.00390625,1.015625,0.15234375,0.65170014,0.0013902481,0.6256871,0.056299713,-0.008693076,3.8565292,191.00781,0.13179763,0.89126086,191.00781,1336,FC128,versus,2,5336,0.19140625,2.2226562,0.921875,0.6171875
0.0,1.0703125,0.1796875,0.6333206,0.0013847868,0.65698314,0.06894938,0.0043080435,4.003523,190.39453,0.1310367,0.89192796,190.39453,1337,FC128,versus,2,5337,0.14453125,2.4375,0.9140625,0.6640625
0.0,0.91796875,0.140625,0.6296505,0.001379325,0.6430563,0.06464877,0.004169675,4.083006,194.10156,0.12269518,0.8925951,194.10156,1338,FC128,versus,2,5338,0.1171875,2.4882812,0.87890625,0.70703125
0.00390625,0.90625,0.16796875,0.63070387,0.0013738633,0.6587996,0.058669224,-0.0035915372,4.013188,190.89453,0.12625453,0.8932622,190.89453,1339,FC128,versus,2,5339,0.12109375,2.53125,0.87109375,0.73046875
0.0,0.9375,0.13671875,0.64551294,0.0013684016,0.6796405,0.050700467,-0.008157924,4.0948887,192.36719,0.119483426,0.8939293,192.36719,1340,FC128,versus,2,5340,0.140625,2.515625,0.9140625,0.69921875
0.0,1.0429688,0.16015625,0.64153033,0.0013629398,0.6661593,0.05416635,-0.0072455294,4.0054526,193.67578,0.12457249,0.8945964,193.67578,1341,FC128,versus,2,5341,0.1796875,2.375,0.90625,0.625
0.00390625,1.0117188,0.1328125,0.6485978,0.0013574786,0.67764145,0.057482783,-0.001819751,4.271252,195.66016,0.120365985,0.89526355,195.66016,1342,FC128,versus,2,5342,0.13671875,2.484375,0.91796875,0.71484375
0.0,1.0742188,0.12890625,0.6516099,0.0013520168,0.64557666,0.053977787,-0.0053235125,4.266257,194.1914,0.12036457,0.89593065,194.1914,1343,FC128,versus,2,5343,0.13671875,2.484375,0.8984375,0.67578125
0.00390625,1.0429688,0.125,0.6466077,0.0013465551,0.64743257,0.056677617,-0.0012590515,4.34232,194.42188,0.117614724,0.89659774,194.42188,1344,FC128,versus,2,5344,0.15234375,2.5390625,0.90234375,0.68359375
0.0,1.1054688,0.1328125,0.65040076,0.0013410933,0.65039563,0.059055235,-0.0006256742,4.2462645,194.26562,0.12110631,0.89726484,194.26562,1345,FC128,versus,2,5345,0.1796875,2.3945312,0.88671875,0.65234375
0.0,1.0117188,0.1953125,0.6072462,0.0013356316,0.62302005,0.06536475,0.00041226184,3.8901827,191.71875,0.13152708,0.897932,191.71875,1346,FC128,versus,2,5346,0.203125,2.3789062,0.921875,0.65234375
0.00390625,0.94140625,0.19140625,0.62226975,0.0013301703,0.6175051,0.05720162,-0.0061046723,3.981014,191.0625,0.12826803,0.8985991,191.0625,1347,FC128,versus,2,5347,0.13671875,2.6992188,0.90234375,0.71875
0.00390625,0.97265625,0.140625,0.6276945,0.0013247086,0.62344545,0.057038665,-0.0045878375,3.9997532,193.10547,0.124916025,0.8992662,193.10547,1348,FC128,versus,2,5348,0.125,2.4960938,0.91796875,0.66796875
0.00390625,1.140625,0.13671875,0.64930034,0.0013192468,0.66120255,0.058409054,-0.0022720208,4.5987606,194.21094,0.12307532,0.89993334,194.21094,1349,FC128,versus,2,5349,0.1640625,2.4921875,0.93359375,0.66015625
0.0,0.94921875,0.15625,0.6537699,0.0013137851,0.62727183,0.050465986,-0.010237495,3.9308298,192.79297,0.12312479,0.90060043,192.79297,1350,FC128,versus,2,5350,0.13671875,2.4492188,0.90625,0.68359375
0.0,0.921875,0.109375,0.6715077,0.0013083233,0.65231913,0.0438146,-0.015080908,4.020992,194.60156,0.11954812,0.9012675,194.60156,1351,FC128,versus,2,5351,0.12109375,2.421875,0.91796875,0.70703125
0.0,1.1445312,0.11328125,0.6631053,0.0013028621,0.676612,0.0500436,-0.007723281,4.428759,194.73438,0.11726164,0.9019346,194.73438,1352,FC128,versus,2,5352,0.20703125,2.2070312,0.93359375,0.57421875
0.0,1.078125,0.1015625,0.69047326,0.0012974003,0.6911479,0.050401207,-0.008472328,4.394663,195.50781,0.11953871,0.9026018,195.50781,1353,FC128,versus,2,5353,0.1328125,2.4960938,0.9453125,0.6875
0.0,1.0390625,0.12109375,0.67399484,0.0012919386,0.66755855,0.053347543,-0.00798662,4.221438,194.63672,0.12440985,0.9032689,194.63672,1354,FC128,versus,2,5354,0.171875,2.4804688,0.90234375,0.6875
0.0,0.99609375,0.11328125,0.662614,0.0012864769,0.66601866,0.062303953,-0.0006297755,4.29452,195.21484,0.12757233,0.90393597,195.21484,1355,FC128,versus,2,5355,0.16015625,2.4492188,0.92578125,0.6875
0.0,1.0898438,0.1328125,0.6532484,0.0012810151,0.6657914,0.058386844,-0.007079955,4.2342577,195.32422,0.13260724,0.90460306,195.32422,1356,FC128,versus,2,5356,0.17578125,2.5820312,0.8984375,0.66796875
0.0,0.9609375,0.171875,0.65699106,0.0012755538,0.6685899,0.058093835,-0.006153914,3.963984,192.16797,0.13017155,0.9052702,192.16797,1357,FC128,versus,2,5357,0.1171875,2.6210938,0.91796875,0.7109375
0.00390625,0.9140625,0.08984375,0.67885065,0.0012700921,0.69694877,0.049201034,-0.008626995,4.078607,195.79688,0.11738046,0.9059373,195.79688,1358,FC128,versus,2,5358,0.13671875,2.4765625,0.91015625,0.671875
0.0,0.9609375,0.12109375,0.65661085,0.0012646304,0.67155063,0.051749874,-0.009239287,3.972889,193.13672,0.12363906,0.9066044,193.13672,1359,FC128,versus,2,5359,0.14453125,2.3046875,0.92578125,0.6953125
0.0,1.2304688,0.12890625,0.6761081,0.0012591686,0.6653095,0.06363999,0.0015173155,4.5009956,193.20312,0.12594801,0.90727156,193.20312,1360,FC128,versus,2,5360,0.18359375,2.421875,0.92578125,0.65234375
0.0,0.953125,0.17578125,0.6573939,0.0012537069,0.6424096,0.05561426,-0.008084708,3.884355,192.125,0.12904629,0.90793866,192.125,1361,FC128,versus,2,5361,0.12890625,2.53125,0.91015625,0.734375
0.0,0.95703125,0.14453125,0.6477661,0.0012482456,0.66555715,0.06022908,-0.0017427282,4.174732,192.33984,0.12556076,0.90860575,192.33984,1362,FC128,versus,2,5362,0.10546875,2.46875,0.9375,0.68359375
0.00390625,1.1796875,0.15625,0.65591097,0.0012427839,0.6751822,0.065337256,0.001483549,4.4412975,192.39453,0.12933771,0.90927285,192.39453,1363,FC128,versus,2,5363,0.1796875,2.3554688,0.93359375,0.6328125
0.00390625,1.0546875,0.1328125,0.6547084,0.0012373221,0.66275215,0.057588797,-0.0052099773,4.202661,193.28906,0.12721772,0.90994,193.28906,1364,FC128,versus,2,5364,0.1640625,2.3828125,0.93359375,0.64453125
0.0,1.0742188,0.140625,0.64705074,0.0012318604,0.6741668,0.056458183,-0.0039900965,4.4141903,192.5664,0.12249071,0.9106071,192.5664,1365,FC128,versus,2,5365,0.18359375,2.3710938,0.92578125,0.6640625
0.0,1.015625,0.1640625,0.63275033,0.0012263986,0.65905535,0.05228316,-0.012454074,4.067944,194.0664,0.13102648,0.9112742,194.0664,1366,FC128,versus,2,5366,0.171875,2.421875,0.90234375,0.6875
0.0,1.0546875,0.13671875,0.65938365,0.0012209374,0.65815085,0.049620528,-0.0121183945,4.438426,193.9961,0.12508798,0.9119413,193.9961,1367,FC128,versus,2,5367,0.16015625,2.5351562,0.91015625,0.66796875
0.0,1.0703125,0.140625,0.643865,0.0012154756,0.66541195,0.047983654,-0.012485243,4.1694775,195.14844,0.122503,0.91260844,195.14844,1368,FC128,versus,2,5368,0.17578125,2.484375,0.890625,0.65625
0.0,1.0234375,0.14453125,0.653926,0.0012100139,0.654533,0.045040272,-0.015564196,3.910317,192.14453,0.122791454,0.91327554,192.14453,1369,FC128,versus,2,5369,0.140625,2.3984375,0.91015625,0.671875
0.0,0.95703125,0.16015625,0.6508227,0.0012045521,0.66876256,0.053339537,-0.004999976,4.1078014,192.32422,0.11824693,0.91394264,192.32422,1370,FC128,versus,2,5370,0.14453125,2.5078125,0.91015625,0.69140625
0.00390625,1.0273438,0.12890625,0.6415295,0.0011990904,0.63083684,0.058828313,3.0537125e-05,4.2326746,195.16016,0.11913405,0.9146098,195.16016,1371,FC128,versus,2,5371,0.1328125,2.3867188,0.89453125,0.671875
0.0,0.98046875,0.140625,0.6472959,0.0011936291,0.6474604,0.05126865,-0.01000094,3.8357358,195.53906,0.12408444,0.9152769,195.53906,1372,FC128,versus,2,5372,0.14453125,2.3867188,0.91796875,0.66015625
0.0,1.0820312,0.16015625,0.63890696,0.0011881674,0.62981075,0.06832774,0.005305456,4.273632,192.64062,0.12756282,0.915944,192.64062,1373,FC128,versus,2,5373,0.1328125,2.5625,0.91796875,0.68359375
0.0,1.0820312,0.12890625,0.658384,0.0011827056,0.64499193,0.06007538,-0.0031050462,4.133248,194.14844,0.1279182,0.9166111,194.14844,1374,FC128,versus,2,5374,0.16015625,2.3515625,0.89453125,0.62890625
0.0,1.0546875,0.140625,0.6478466,0.0011772439,0.65569985,0.061751198,-0.0021594611,4.142376,194.33984,0.12934667,0.91727823,194.33984,1375,FC128,versus,2,5375,0.1796875,2.2539062,0.9375,0.59765625
0.0,1.0273438,0.16015625,0.6111768,0.0011717821,0.63956374,0.05941639,-0.0070185596,3.862042,192.80469,0.13430223,0.9179453,192.80469,1376,FC128,versus,2,5376,0.1953125,2.359375,0.92578125,0.66796875
0.00390625,1.0820312,0.16015625,0.63074857,0.0011663209,0.6342057,0.058958154,-0.008410807,4.0710983,191.7539,0.13620923,0.9186124,191.7539,1377,FC128,versus,2,5377,0.16796875,2.4140625,0.91015625,0.66796875
0.00390625,1.1328125,0.13671875,0.64281523,0.0011608591,0.67115104,0.05134703,-0.012247234,4.287696,192.8164,0.12868096,0.9192795,192.8164,1378,FC128,versus,2,5378,0.19140625,2.2773438,0.94140625,0.64453125
0.0,1.0039062,0.13671875,0.6462513,0.0011553974,0.646736,0.04156837,-0.021806005,4.0147104,194.10938,0.1282421,0.9199467,194.10938,1379,FC128,versus,2,5379,0.14453125,2.296875,0.93359375,0.640625
0.0,1.0898438,0.16796875,0.62395203,0.0011499356,0.6314183,0.050113436,-0.01516406,4.0685387,192.76953,0.13199,0.92061377,192.76953,1380,FC128,versus,2,5380,0.15234375,2.3203125,0.91015625,0.66796875
0.0,1.0390625,0.125,0.6765321,0.0011444739,0.6509295,0.041113935,-0.01929185,4.1287265,192.66797,0.12236011,0.92128086,192.66797,1381,FC128,versus,2,5381,0.1640625,2.2617188,0.921875,0.66796875
0.0,0.98828125,0.125,0.66915464,0.0011390126,0.6728966,0.04174598,-0.017284526,3.9297872,195.21875,0.119585365,0.921948,195.21875,1382,FC128,versus,2,5382,0.18359375,2.2421875,0.90625,0.64453125
0.0,1.09375,0.19921875,0.6331622,0.0011335509,0.6386033,0.06365159,-0.0033049744,4.1297398,191.3164,0.13534857,0.9226151,191.3164,1383,FC128,versus,2,5383,0.18359375,2.578125,0.90625,0.6953125
0.0,1.0078125,0.15625,0.6703454,0.0011280891,0.657445,0.054073263,-0.010531136,4.0068574,192.53516,0.13072121,0.9232822,192.53516,1384,FC128,versus,2,5384,0.1796875,2.2460938,0.94140625,0.63671875
0.0,0.96484375,0.1015625,0.6897608,0.0011226274,0.68959427,0.052443337,-0.007688459,4.1980352,193.3086,0.12181228,0.9239493,193.3086,1385,FC128,versus,2,5385,0.13671875,2.4101562,0.95703125,0.69921875
0.0,0.97265625,0.1328125,0.68678206,0.0011171657,0.6822943,0.060195748,-0.002927347,4.1252694,192.84375,0.12778069,0.92461646,192.84375,1386,FC128,versus,2,5386,0.15234375,2.3554688,0.9375,0.63671875
0.0,1.0859375,0.15625,0.64950395,0.0011117044,0.6452569,0.0700213,0.0019914617,4.1721005,192.29688,0.1375038,0.92528355,192.29688,1387,FC128,versus,2,5387,0.1796875,2.4414062,0.89453125,0.66015625
0.0,1.0976562,0.11328125,0.6758031,0.0011062426,0.6938357,0.061067,-0.0026857287,4.3459315,194.47266,0.12900066,0.92595065,194.47266,1388,FC128,versus,2,5388,0.1953125,2.1679688,0.91796875,0.640625
0.0,0.97265625,0.10546875,0.67667335,0.0011007809,0.68531436,0.0445472,-0.015742145,4.0433836,195.79688,0.12206843,0.92661774,195.79688,1389,FC128,versus,2,5389,0.13671875,2.484375,0.9140625,0.7109375
0.0,0.93359375,0.1328125,0.66287804,0.0010953192,0.6863171,0.04679081,-0.015109051,4.051203,194.54297,0.12525184,0.9272849,194.54297,1390,FC128,versus,2,5390,0.125,2.46875,0.89453125,0.71875
0.00390625,1.0859375,0.13671875,0.6491756,0.0010898574,0.68988276,0.05031356,-0.0102964835,4.4474287,195.35938,0.1226351,0.927952,195.35938,1391,FC128,versus,2,5391,0.12890625,2.6054688,0.9140625,0.69921875
0.0,1.1171875,0.13671875,0.6778419,0.0010843961,0.66974807,0.04813227,-0.012515434,4.3578525,192.11328,0.122765504,0.9286191,192.11328,1392,FC128,versus,2,5392,0.17578125,2.4414062,0.93359375,0.66796875
0.0,1.0117188,0.15625,0.64902353,0.0010789344,0.6573668,0.04310764,-0.016975457,3.95968,193.39453,0.121566705,0.92928624,193.39453,1393,FC128,versus,2,5393,0.16796875,2.3789062,0.8984375,0.6640625
0.00390625,0.96875,0.125,0.6546124,0.0010734727,0.6609333,0.052330445,-0.005682825,4.0385313,193.1914,0.11743196,0.92995334,193.1914,1394,FC128,versus,2,5394,0.12109375,2.4023438,0.91015625,0.68359375
0.0,1.0273438,0.13671875,0.66506225,0.0010680109,0.6652365,0.053462356,-0.005635597,4.059767,195.94531,0.11961649,0.93062043,195.94531,1395,FC128,versus,2,5395,0.1953125,2.4453125,0.890625,0.6640625
0.0,0.9453125,0.140625,0.64426386,0.0010625492,0.64410967,0.06154913,5.3622534e-05,4.0883355,194.26172,0.124360144,0.9312875,194.26172,1396,FC128,versus,2,5396,0.15625,2.5195312,0.89453125,0.69921875
0.0,0.96875,0.14453125,0.64742154,0.0010570879,0.6407777,0.06347163,0.0013612853,3.8780928,194.26172,0.12558945,0.9319547,194.26172,1397,FC128,versus,2,5397,0.16015625,2.4726562,0.9140625,0.69140625
0.0,1.0820312,0.15625,0.6312194,0.0010516262,0.656857,0.058882445,-0.005338738,3.9044158,193.3086,0.12976998,0.9326218,193.3086,1398,FC128,versus,2,5398,0.171875,2.2304688,0.91015625,0.66015625
0.0,1.0039062,0.13671875,0.618059,0.0010461644,0.6472575,0.062176347,9.615559e-05,3.9630327,193.8086,0.12545356,0.9332889,193.8086,1399,FC128,versus,2,5399,0.1953125,2.3710938,0.8984375,0.6484375
0.00390625,1.0507812,0.140625,0.6335722,0.0010407027,0.6356139,0.068049386,0.0036232204,4.2113204,193.3711,0.13017106,0.93395597,193.3711,1400,FC128,versus,2,5400,0.1796875,2.421875,0.9296875,0.6796875
0.0,0.96484375,0.20703125,0.60500896,0.001035241,0.63184714,0.06648523,0.00037627155,3.8747447,191.54688,0.1334706,0.9346231,191.54688,1401,FC128,versus,2,5401,0.109375,2.6054688,0.89453125,0.7265625
0.0,1.0703125,0.15234375,0.6457111,0.0010297797,0.68160915,0.053905576,-0.008075333,4.1465855,190.5586,0.1252917,0.9352902,190.5586,1402,FC128,versus,2,5402,0.13671875,2.2460938,0.9609375,0.68359375
0.00390625,1.0195312,0.140625,0.6406559,0.0010243179,0.6717346,0.053194705,-0.007522946,4.056719,193.02734,0.12274777,0.9359573,193.02734,1403,FC128,versus,2,5403,0.171875,2.3398438,0.92578125,0.6640625
0.0,1.03125,0.1953125,0.5998086,0.0010188562,0.6512203,0.054856613,-0.00889481,3.8403609,191.57812,0.12872508,0.93662447,191.57812,1404,FC128,versus,2,5404,0.16796875,2.4648438,0.87109375,0.65234375
0.0,1.03125,0.1796875,0.6229583,0.0010133944,0.6688975,0.04703141,-0.014455623,3.8249142,191.96484,0.12423667,0.93729156,191.96484,1405,FC128,versus,2,5405,0.1953125,2.21875,0.91015625,0.62890625
0.0,1.0429688,0.1328125,0.6344289,0.0010079327,0.67573065,0.05770036,-0.0026576493,4.3243713,193.23047,0.121994935,0.93795866,193.23047,1406,FC128,versus,2,5406,0.19140625,2.4023438,0.94140625,0.6484375
0.0,1.109375,0.13671875,0.62325704,0.0010024714,0.6671532,0.05400592,-0.0064153983,4.415763,192.61328,0.12209223,0.93862575,192.61328,1407,FC128,versus,2,5407,0.1953125,2.2734375,0.93359375,0.66015625
0.0,1.0898438,0.16015625,0.6326974,0.0009970097,0.66126823,0.054402698,-0.008701994,4.283691,191.65234,0.127471,0.9392929,191.65234,1408,FC128,versus,2,5408,0.140625,2.3945312,0.921875,0.67578125
0.0,1.1367188,0.13671875,0.6399368,0.000991548,0.66439223,0.052529052,-0.011101865,4.2323947,195.59375,0.12853089,0.93996,195.59375,1409,FC128,versus,2,5409,0.171875,2.3828125,0.90234375,0.62890625
0.0,0.96484375,0.16015625,0.6174884,0.0009860862,0.6726074,0.055914428,-0.0076274197,3.974687,192.03516,0.12830149,0.9406271,192.03516,1410,FC128,versus,2,5410,0.18359375,2.3671875,0.9296875,0.6484375
0.00390625,1.1484375,0.140625,0.63433605,0.0009806245,0.67279327,0.051616915,-0.013333303,4.1533384,191.64453,0.13114452,0.9412942,191.64453,1411,FC128,versus,2,5411,0.19921875,2.3554688,0.93359375,0.625
0.00390625,0.8984375,0.125,0.61978924,0.0009751632,0.6830648,0.055249747,-0.004856463,4.11124,194.84766,0.12142121,0.94196135,194.84766,1412,FC128,versus,2,5412,0.12890625,2.59375,0.91015625,0.703125
0.00390625,0.92578125,0.1328125,0.6285225,0.00096970145,0.6843732,0.05480183,-0.004733304,4.2990074,195.22266,0.12028923,0.94262844,195.22266,1413,FC128,versus,2,5413,0.1484375,2.546875,0.8984375,0.73046875
0.00390625,0.94140625,0.16015625,0.59934926,0.0009642397,0.64053845,0.066243015,0.0051689316,4.371661,192.47656,0.123304,0.94329554,192.47656,1414,FC128,versus,2,5414,0.1328125,2.7929688,0.890625,0.75
0.00390625,1.1210938,0.14453125,0.6326123,0.00095877796,0.6765729,0.055420198,-0.003885425,4.349974,193.46875,0.11982431,0.9439627,193.46875,1415,FC128,versus,2,5415,0.1796875,2.4804688,0.89453125,0.69140625
0.0,1.1015625,0.11328125,0.6187078,0.0009533162,0.6735059,0.055424094,-0.001847664,4.2965674,194.63672,0.11572317,0.9446298,194.63672,1416,FC128,versus,2,5416,0.16796875,2.328125,0.9296875,0.62109375
0.00390625,1.15625,0.15625,0.6120257,0.00094785495,0.6551876,0.061076686,-0.0018309909,4.2635603,194.03125,0.12697558,0.9452969,194.03125,1417,FC128,versus,2,5417,0.1796875,2.3242188,0.88671875,0.63671875
0.00390625,1.046875,0.14453125,0.6195504,0.0009423932,0.65696716,0.055628918,-0.0071910205,3.9577756,195.19922,0.1268076,0.945964,195.19922,1418,FC128,versus,2,5418,0.17578125,2.3554688,0.88671875,0.68359375
0.00390625,0.9765625,0.15234375,0.61409986,0.00093693146,0.63511837,0.055347838,-0.010128728,3.9280744,192.63672,0.13210388,0.94663113,192.63672,1419,FC128,versus,2,5419,0.1171875,2.3789062,0.9140625,0.6796875
0.0,1.046875,0.140625,0.6131181,0.0009314697,0.6419194,0.055976965,-0.007037357,4.21453,192.91797,0.12717085,0.9472982,192.91797,1420,FC128,versus,2,5420,0.1875,2.34375,0.9296875,0.61328125
0.0,1.0234375,0.140625,0.631495,0.000926008,0.639838,0.054724824,-0.008146054,4.0749106,193.60547,0.1269113,0.9479653,193.60547,1421,FC128,versus,2,5421,0.16015625,2.4101562,0.91015625,0.671875
0.0,1.0625,0.13671875,0.61661834,0.0009205467,0.64969414,0.05447013,-0.0076096547,4.096456,192.83594,0.12529482,0.9486324,192.83594,1422,FC128,versus,2,5422,0.16796875,2.4296875,0.91796875,0.66796875
0.0,1.0195312,0.1640625,0.616359,0.00091508497,0.6536603,0.051359486,-0.0109111145,3.9759626,191.48047,0.12566924,0.9492996,191.48047,1423,FC128,versus,2,5423,0.14453125,2.4609375,0.921875,0.703125
0.0,1.1171875,0.13671875,0.61918956,0.0009096232,0.63789177,0.054222863,-0.009958126,4.1209993,195.00781,0.12948844,0.94996667,195.00781,1424,FC128,versus,2,5424,0.20703125,2.234375,0.90625,0.60546875
0.0,0.984375,0.16015625,0.6231044,0.0009041615,0.64047176,0.052325174,-0.011007403,4.0691524,192.02734,0.12779193,0.95063376,192.02734,1425,FC128,versus,2,5425,0.18359375,2.4570312,0.8984375,0.62890625
0.0,1.0546875,0.11328125,0.64042884,0.00089869974,0.6628611,0.05372344,-0.0071820887,4.1080427,196.03906,0.12296216,0.9513009,196.03906,1426,FC128,versus,2,5426,0.18359375,2.28125,0.90625,0.59375
0.0,1.0039062,0.1484375,0.6237397,0.00089323847,0.6590166,0.053945784,-0.0074813343,4.1417828,192.07031,0.12396853,0.951968,192.07031,1427,FC128,versus,2,5427,0.13671875,2.4804688,0.9296875,0.71875
0.0,1.0859375,0.13671875,0.62374103,0.0008877767,0.64849865,0.06369332,-9.706617e-05,4.251264,193.76172,0.12868826,0.9526351,193.76172,1428,FC128,versus,2,5428,0.19140625,2.3671875,0.9140625,0.64453125
0.0,0.97265625,0.12890625,0.6210071,0.000882315,0.65594614,0.061743654,-0.0014362714,4.158963,194.32812,0.1274557,0.9533022,194.32812,1429,FC128,versus,2,5429,0.15234375,2.4492188,0.9140625,0.6953125
0.0,1.1796875,0.1640625,0.6095528,0.00087685324,0.6560115,0.059093256,-0.0048678396,4.42618,189.67578,0.12899117,0.95396936,189.67578,1430,FC128,versus,2,5430,0.18359375,2.328125,0.9453125,0.6484375
0.0,1.0664062,0.1328125,0.62955695,0.00087139197,0.6563896,0.05166448,-0.01226959,4.208354,193.3711,0.12896532,0.95463645,193.3711,1431,FC128,versus,2,5431,0.1875,2.3398438,0.9140625,0.63671875
0.0,1.0078125,0.1328125,0.61279726,0.00086592976,0.66418874,0.04847441,-0.013681426,4.2037983,194.61719,0.12537295,0.95530355,194.61719,1432,FC128,versus,2,5432,0.14453125,2.5703125,0.92578125,0.6796875
0.0,1.0390625,0.08203125,0.6440016,0.0008604685,0.67893076,0.046503637,-0.01131751,4.328864,196.375,0.11675058,0.95597064,196.375,1433,FC128,versus,2,5433,0.15234375,2.3671875,0.9375,0.66015625
0.0,1.0351562,0.09765625,0.63365126,0.0008550072,0.6615318,0.054914918,-0.0052264137,4.380906,195.84375,0.12136622,0.9566378,195.84375,1434,FC128,versus,2,5434,0.15234375,2.5117188,0.9296875,0.6796875
0.0,1.0039062,0.1640625,0.6150703,0.000849545,0.6413903,0.054495156,-0.009240338,3.9820454,194.3086,0.12851605,0.9573049,194.3086,1435,FC128,versus,2,5435,0.18359375,2.578125,0.8984375,0.6953125
0.0,0.984375,0.14453125,0.6186801,0.0008440837,0.6644424,0.05761531,-0.0048355605,4.0156198,194.1289,0.12594618,0.957972,194.1289,1436,FC128,versus,2,5436,0.15625,2.6210938,0.8828125,0.69140625
0.0,1.0859375,0.1171875,0.6459218,0.0008386215,0.67448294,0.050335586,-0.008832439,4.290605,194.47656,0.11941942,0.95863914,194.47656,1437,FC128,versus,2,5437,0.16015625,2.40625,0.92578125,0.69140625
0.00390625,1.0390625,0.14453125,0.6318572,0.00083316024,0.65814084,0.056629725,-0.005371828,4.1960616,190.83203,0.12505598,0.95930624,190.83203,1438,FC128,versus,2,5438,0.125,2.4648438,0.94921875,0.69921875
0.0,1.0585938,0.1484375,0.61549073,0.00082769897,0.671123,0.05678878,-0.006066086,4.209531,193.51562,0.12672861,0.95997334,193.51562,1439,FC128,versus,2,5439,0.16015625,2.4101562,0.91015625,0.6484375
0.0,0.96484375,0.13671875,0.62115437,0.00082223676,0.6645913,0.05510571,-0.006541861,4.08019,193.14062,0.12431661,0.96064043,193.14062,1440,FC128,versus,2,5440,0.14453125,2.390625,0.91015625,0.6796875
0.0,1.0234375,0.1328125,0.60519594,0.0008167755,0.68279994,0.056649353,-0.0057449224,4.260832,194.07422,0.12577717,0.9613076,194.07422,1441,FC128,versus,2,5441,0.14453125,2.5234375,0.92578125,0.70703125
0.0,1.1015625,0.13671875,0.6127126,0.0008113133,0.6762793,0.051557142,-0.008670248,4.2017074,194.42188,0.121448986,0.9619747,194.42188,1442,FC128,versus,2,5442,0.171875,2.3085938,0.91796875,0.63671875
0.00390625,1.1328125,0.16015625,0.59367317,0.000805852,0.66855615,0.055960603,-0.006965641,4.291236,192.79688,0.12680931,0.9626418,192.79688,1443,FC128,versus,2,5443,0.16796875,2.3945312,0.9296875,0.62109375
0.0078125,1.0039062,0.15625,0.5810984,0.0008003907,0.66398287,0.053358722,-0.008412774,4.0355663,192.76562,0.12447321,0.9633089,192.76562,1444,FC128,versus,2,5444,0.14453125,2.5078125,0.8984375,0.69140625
0.0,0.99609375,0.1328125,0.6025728,0.0007949285,0.68843144,0.052969236,-0.0051156553,4.0968513,193.48438,0.11712778,0.963976,193.48438,1445,FC128,versus,2,5445,0.16015625,2.4179688,0.91015625,0.68359375
0.01171875,1.0273438,0.15234375,0.6055126,0.00078946725,0.66577244,0.06038061,-0.0017576067,4.177582,191.27344,0.1252325,0.9646431,191.27344,1446,FC128,versus,2,5446,0.1484375,2.4257812,0.94140625,0.6875
0.0,1.1289062,0.1171875,0.58178383,0.00078400504,0.67719257,0.056761026,-0.004212219,4.257159,195.33203,0.12285873,0.9653102,195.33203,1447,FC128,versus,2,5447,0.22265625,2.1601562,0.92578125,0.6015625
0.0,1.0703125,0.1484375,0.5835867,0.00077854376,0.66535056,0.059319545,-0.0028629145,4.0936093,191.39453,0.12527362,0.9659774,191.39453,1448,FC128,versus,2,5448,0.16015625,2.34375,0.921875,0.6875
0.0,0.99609375,0.15625,0.57891387,0.0007730825,0.6440208,0.065164134,0.0005839828,4.137842,190.83984,0.1300554,0.96664447,190.83984,1449,FC128,versus,2,5449,0.1484375,2.3554688,0.91796875,0.6875
0.00390625,1.015625,0.16015625,0.5828926,0.0007676203,0.65811056,0.055258445,-0.0069522313,3.8867857,191.80078,0.12531623,0.96731156,191.80078,1450,FC128,versus,2,5450,0.14453125,2.484375,0.8984375,0.6796875
0.0,1.015625,0.17578125,0.5702951,0.000762159,0.6462344,0.059444763,-0.0033774874,4.0990143,190.65625,0.12651381,0.96797866,190.65625,1451,FC128,versus,2,5451,0.140625,2.5234375,0.90625,0.71484375
0.0,1.1289062,0.15234375,0.5643476,0.0007566968,0.6351307,0.06356237,0.0011763455,4.422269,191.64062,0.12562613,0.9686458,191.64062,1452,FC128,versus,2,5452,0.1640625,2.5546875,0.88671875,0.68359375
0.00390625,0.98046875,0.15625,0.56971544,0.0007512355,0.66481566,0.0563498,-0.0041344147,4.1644845,191.98438,0.12182441,0.9693129,191.98438,1453,FC128,versus,2,5453,0.125,2.6875,0.91796875,0.7421875
0.00390625,0.93359375,0.125,0.57207876,0.00074577425,0.6514218,0.056562375,-0.002033656,4.183238,194.23047,0.118045345,0.96998,194.23047,1454,FC128,versus,2,5454,0.15625,2.6289062,0.87890625,0.69140625
0.0,1.0273438,0.140625,0.57127196,0.00074031204,0.6404474,0.0491032,-0.012191806,4.0174923,193.7539,0.123435855,0.9706471,193.7539,1455,FC128,versus,2,5455,0.171875,2.4140625,0.8984375,0.6796875
0.0,0.9609375,0.12109375,0.58048,0.00073485076,0.6531466,0.04828666,-0.010262605,4.0639668,194.35547,0.11795166,0.97131425,194.35547,1456,FC128,versus,2,5456,0.13671875,2.5742188,0.90234375,0.71484375
0.00390625,0.99609375,0.14453125,0.57836837,0.00072938856,0.6381442,0.050666083,-0.008139195,3.9823565,192.46875,0.11845427,0.97198135,192.46875,1457,FC128,versus,2,5457,0.16015625,2.2851562,0.90234375,0.671875
0.0,1.046875,0.12890625,0.5838423,0.0007239273,0.65808946,0.056938644,-0.0019137715,4.413232,193.97266,0.11855015,0.97264844,193.97266,1458,FC128,versus,2,5458,0.15234375,2.6015625,0.90234375,0.703125
0.0,1.0195312,0.15234375,0.58809507,0.000718466,0.6636858,0.055783175,-0.0042287097,4.0402646,192.67188,0.120868824,0.9733156,192.67188,1459,FC128,versus,2,5459,0.15625,2.453125,0.9140625,0.66796875
0.0078125,1.03125,0.11328125,0.5889045,0.0007130038,0.6433854,0.053355236,-0.008744758,4.063745,195.08984,0.12503977,0.9739827,195.08984,1460,FC128,versus,2,5460,0.171875,2.4453125,0.9296875,0.6796875
0.00390625,0.94921875,0.1328125,0.59208053,0.0007075425,0.6606427,0.06488602,0.0029051409,4.140366,194.44922,0.12479961,0.9746498,194.44922,1461,FC128,versus,2,5461,0.140625,2.5898438,0.91796875,0.7109375
0.0,1.046875,0.1328125,0.59692734,0.0007020803,0.67896426,0.061312,-0.00080411136,4.2313156,193.96094,0.12507041,0.9753169,193.96094,1462,FC128,versus,2,5462,0.1640625,2.46875,0.90625,0.67578125
0.0,1.1757812,0.09375,0.59318835,0.00069661904,0.6728114,0.062338304,-0.0009095188,4.3424873,194.99219,0.12732211,0.97598404,194.99219,1463,FC128,versus,2,5463,0.18359375,2.2265625,0.9375,0.6171875
0.0,0.97265625,0.15234375,0.5853812,0.00069115777,0.64522034,0.059150603,-0.007938115,3.892557,192.0,0.13498662,0.97665113,192.0,1464,FC128,versus,2,5464,0.15625,2.28125,0.91796875,0.67578125
0.00390625,1.109375,0.13671875,0.5747834,0.00068569556,0.685346,0.05937726,-0.0049624383,4.1844635,193.40234,0.12946765,0.9773182,193.40234,1465,FC128,versus,2,5465,0.16015625,2.3125,0.91796875,0.6484375
0.00390625,1.0429688,0.09765625,0.5856756,0.0006802343,0.70365566,0.052371424,-0.007939648,4.263015,193.73438,0.12141894,0.9779853,193.73438,1466,FC128,versus,2,5466,0.15625,2.3554688,0.9453125,0.69140625
0.0,1.0195312,0.140625,0.5619517,0.0006747721,0.66855913,0.049685255,-0.015688198,3.903955,194.6289,0.13150528,0.9786525,194.6289,1467,FC128,versus,2,5467,0.140625,2.3203125,0.90625,0.6875
0.00390625,0.953125,0.09375,0.5847374,0.0006693108,0.6924391,0.049823105,-0.010718121,3.949908,195.96875,0.1218652,0.9793196,195.96875,1468,FC128,versus,2,5468,0.16796875,2.2695312,0.9296875,0.62890625
0.0,0.9296875,0.15234375,0.55974865,0.0006638495,0.6793295,0.058767904,-0.0035393492,3.7404375,193.17969,0.12535769,0.97998667,193.17969,1469,FC128,versus,2,5469,0.1484375,2.375,0.88671875,0.69921875
0.01171875,1.0898438,0.13671875,0.5641626,0.0006583873,0.6848558,0.06225301,-0.00014128466,4.04097,193.48047,0.12553146,0.9806538,193.48047,1470,FC128,versus,2,5470,0.2265625,2.1757812,0.921875,0.5859375
0.0,1.0390625,0.12109375,0.5535599,0.00065292604,0.6786878,0.07021895,0.009263736,4.4016666,193.08984,0.1226333,0.9813209,193.08984,1471,FC128,versus,2,5471,0.140625,2.4882812,0.9375,0.671875
0.00390625,0.96875,0.171875,0.5498355,0.00064746384,0.6494204,0.06461973,0.00333379,3.8945382,192.51953,0.12328387,0.981988,192.51953,1472,FC128,versus,2,5472,0.1484375,2.5117188,0.89453125,0.6953125
0.01171875,1.0703125,0.15234375,0.54752547,0.00064200256,0.65898013,0.06935487,0.0047209407,4.0250096,194.21094,0.12997088,0.9826551,194.21094,1473,FC128,versus,2,5473,0.18359375,2.4726562,0.89453125,0.66796875
0.0,1.0429688,0.13671875,0.5605562,0.0006365413,0.66545624,0.06908142,0.0065083634,4.1283655,194.78516,0.12585974,0.98332226,194.78516,1474,FC128,versus,2,5474,0.14453125,2.3632812,0.91015625,0.66015625
0.0,1.0742188,0.140625,0.58473724,0.0006310791,0.65868986,0.058763254,-0.0040905327,3.943966,193.125,0.1264456,0.98398936,193.125,1475,FC128,versus,2,5475,0.1875,2.3789062,0.91015625,0.63671875
0.00390625,1.0703125,0.1171875,0.5687636,0.0006256178,0.6561344,0.06270517,-0.00027456877,4.304837,196.88281,0.12667114,0.98465645,196.88281,1476,FC128,versus,2,5476,0.1796875,2.4570312,0.91015625,0.6484375
0.0,1.0351562,0.1015625,0.6073234,0.0006201556,0.6618862,0.047458403,-0.010508359,3.865279,196.35938,0.11668679,0.98532355,196.35938,1477,FC128,versus,2,5477,0.19140625,2.171875,0.92578125,0.61328125
0.0078125,1.1367188,0.14453125,0.5861371,0.0006146943,0.65684724,0.0510127,-0.00934549,4.25336,193.94922,0.12143697,0.9859907,193.94922,1478,FC128,versus,2,5478,0.203125,2.3007812,0.92578125,0.66015625
0.0,1.03125,0.16796875,0.5727865,0.00060923304,0.6742717,0.05198625,-0.0083581135,4.0715313,192.33594,0.12138665,0.9866578,192.33594,1479,FC128,versus,2,5479,0.16015625,2.4804688,0.94921875,0.73046875
0.0,1.1601562,0.1640625,0.5626122,0.00060377084,0.63352966,0.05222423,-0.011153415,4.0814342,193.45312,0.12743467,0.9873249,193.45312,1480,FC128,versus,2,5480,0.1953125,2.21875,0.8984375,0.61328125
0.0,1.1328125,0.1328125,0.5784783,0.00059830956,0.6699737,0.056963462,-0.0038002382,4.1785507,193.8711,0.12221962,0.98799205,193.8711,1481,FC128,versus,2,5481,0.16796875,2.2460938,0.921875,0.67578125
0.0,1.015625,0.15234375,0.5752153,0.00059284735,0.6552645,0.053074267,-0.00925381,3.7013278,193.17188,0.12533818,0.98865914,193.17188,1482,FC128,versus,2,5482,0.1640625,2.2226562,0.92578125,0.6484375
0.0,1.0507812,0.12890625,0.5955855,0.0005873861,0.6566738,0.056388706,-0.005706303,3.9560251,193.42578,0.124889694,0.98932624,193.42578,1483,FC128,versus,2,5483,0.19140625,2.3242188,0.9140625,0.66796875
0.00390625,1.1835938,0.1484375,0.5690076,0.0005819248,0.6592035,0.07132342,0.004573356,4.3462715,193.64844,0.13416237,0.98999333,193.64844,1484,FC128,versus,2,5484,0.1796875,2.484375,0.93359375,0.6484375
0.0,1.2382812,0.1171875,0.5655724,0.0005764626,0.65912175,0.06742398,1.2910735e-05,4.3596554,192.64453,0.13547419,0.9906605,192.64453,1485,FC128,versus,2,5485,0.2578125,2.0859375,0.9453125,0.578125
0.0,1.0234375,0.13671875,0.56025255,0.0005710013,0.6609751,0.06892336,0.00022455136,4.0036945,193.53516,0.13803743,0.9913276,193.53516,1486,FC128,versus,2,5486,0.19140625,2.2734375,0.9609375,0.62109375
0.0,1.1445312,0.140625,0.548697,0.0005655391,0.66801274,0.06514894,-0.0037869774,4.148796,193.4375,0.13849245,0.9919947,193.4375,1487,FC128,versus,2,5487,0.2421875,2.1523438,0.9296875,0.62109375
0.0,1.0976562,0.15234375,0.5426418,0.00056007784,0.64157367,0.06638917,-0.0056874617,4.004792,192.57031,0.14476112,0.9926618,192.57031,1488,FC128,versus,2,5488,0.203125,2.2226562,0.9375,0.62890625
0.0,1.0703125,0.15625,0.5417906,0.00055461656,0.6459375,0.059296664,-0.008955711,4.195655,191.30078,0.13710572,0.9933289,191.30078,1489,FC128,versus,2,5489,0.1875,2.3671875,0.921875,0.64453125
0.0,1.1328125,0.1875,0.5413601,0.00054915436,0.6212297,0.053423923,-0.015452085,4.0355816,192.51562,0.1383466,0.993996,192.51562,1490,FC128,versus,2,5490,0.19921875,2.4140625,0.87109375,0.60546875
0.0,0.94140625,0.19921875,0.5392411,0.0005436931,0.6269641,0.04313997,-0.022775812,3.558166,190.98047,0.13241793,0.9946631,190.98047,1491,FC128,versus,2,5491,0.171875,2.1953125,0.921875,0.66015625
0.0,1.1875,0.15234375,0.56108284,0.0005382309,0.6310961,0.046907734,-0.016346827,4.056821,193.1914,0.1271131,0.9953303,193.1914,1492,FC128,versus,2,5492,0.19921875,2.0859375,0.9140625,0.5625
0.0,1.0664062,0.14453125,0.56170374,0.0005327696,0.6438513,0.04927469,-0.01159031,3.8799152,192.42969,0.12232852,0.99599737,192.42969,1493,FC128,versus,2,5493,0.1796875,2.2578125,0.89453125,0.6484375
0.0,1.1054688,0.16015625,0.57108146,0.0005273083,0.63439906,0.05597353,-0.006579554,4.1044455,192.01953,0.12570845,0.99666446,192.01953,1494,FC128,versus,2,5494,0.1796875,2.3710938,0.9375,0.6640625
0.0,1.0742188,0.12109375,0.586761,0.0005218461,0.65140235,0.04948023,-0.011409582,3.8034432,194.36328,0.12239202,0.99733156,194.36328,1495,FC128,versus,2,5495,0.1953125,2.0742188,0.9296875,0.60546875
0.0,1.0898438,0.17578125,0.5662061,0.00051638484,0.6233834,0.07053391,0.0024887212,4.0269747,191.4961,0.13667515,0.9979987,191.4961,1496,FC128,versus,2,5496,0.1953125,2.3710938,0.9140625,0.64453125
0.0,1.0703125,0.11328125,0.60177934,0.00051092263,0.6404016,0.06406044,-0.0016780484,4.079915,194.83984,0.13209191,0.9986658,194.83984,1497,FC128,versus,2,5497,0.1875,2.3046875,0.953125,0.65625
0.0,1.1640625,0.19140625,0.580516,0.00050546136,0.5927889,0.07307011,-0.0030982469,4.015648,192.14844,0.15292357,0.9993329,192.14844,1498,FC128,versus,2,5498,0.1875,2.359375,0.90625,0.59765625
0.0,1.0351562,0.125,0.59585625,0.0005000001,0.6585226,0.060878858,-0.0033729512,4.154438,194.25,0.12909947,1.0,194.25,1499,FC128,versus,2,5499,0.16796875,2.2695312,0.9375,0.63671875
